n,n_dev,deviation_rate,spd,spd_se,spd_hr,abs_covariate_smd,prognostic_score_smd,rESS,rESS_percent,top1_weight_share,naive_outcome_loghr,naive_coefficient_gap,spd_ok,outcome_ok,scenario,gamma,alpha,rho,rep,interpretation
2000,980,0.49,1.0470977312702408,0.03920786054880042,2.849369470179628,0.8302386564278406,1.0340548109153085,1888.7827034215177,94.43913517107589,0.012407775357140192,-0.504107499232706,-0.0041074992327060356,True,True,A_positive_selection,1.0,0.0,1.0,1,High-risk patients deviate more; no treatment-related deviation
2000,947,0.4735,1.0577693680779223,0.04034173350164297,2.8799397335491674,0.7964415694858888,1.0222317918809118,1898.6735850589278,94.93367925294639,0.012272615086562048,-0.5686562452911352,-0.06865624529113523,True,True,A_positive_selection,1.0,0.0,1.0,2,High-risk patients deviate more; no treatment-related deviation
2000,1018,0.509,1.0307491337576977,0.0388423034902238,2.803164993850707,0.7861354998895452,1.014543453657552,1878.0619550076733,93.90309775038367,0.01255830459825383,-0.27080100402922325,0.22919899597077675,True,True,A_positive_selection,1.0,0.0,1.0,3,High-risk patients deviate more; no treatment-related deviation
2000,978,0.489,0.9562706631924641,0.037244087004745366,2.601974716754633,0.7529698844003715,1.0343507058115848,1890.2159490987751,94.51079745493875,0.0123605867683042,-0.4994072659138743,0.0005927340861257013,True,True,A_positive_selection,1.0,0.0,1.0,4,High-risk patients deviate more; no treatment-related deviation
2000,997,0.4985,0.9848146436247016,0.03853833014686534,2.677315580914353,0.7451562393210787,0.9781833479150588,1881.4346849523386,94.07173424761693,0.012515023705601005,-0.47980450352419296,0.02019549647580704,True,True,A_positive_selection,1.0,0.0,1.0,5,High-risk patients deviate more; no treatment-related deviation
2000,984,0.492,0.9991379325188925,0.03737906840824878,2.715939495859688,0.833657812376881,1.0355846971600835,1890.3489842403926,94.51744921201964,0.012345342975290587,-0.5517825846306976,-0.051782584630697626,True,True,A_positive_selection,1.0,0.0,1.0,6,High-risk patients deviate more; no treatment-related deviation
2000,986,0.493,0.9953547099128218,0.03833252818196088,2.7056839039878957,0.7659959060629417,0.9875078999105452,1886.736402725093,94.33682013625466,0.012439483050365643,-0.463908090057369,0.036091909942631006,True,True,A_positive_selection,1.0,0.0,1.0,7,High-risk patients deviate more; no treatment-related deviation
2000,975,0.4875,1.018729844281805,0.038574157382274876,2.7696746108217556,0.7497277777275264,0.9964637271324237,1889.9252787952769,94.49626393976384,0.012399159700990862,-0.6763616431311263,-0.17636164313112634,True,True,A_positive_selection,1.0,0.0,1.0,8,High-risk patients deviate more; no treatment-related deviation
2000,1024,0.512,1.054459549344122,0.037841350305676556,2.8704234124033805,0.8466678156874826,1.1380190235789824,1876.2635599274865,93.81317799637434,0.012617960894752072,-0.4468814188223446,0.05311858117765539,True,True,A_positive_selection,1.0,0.0,1.0,9,High-risk patients deviate more; no treatment-related deviation
2000,1010,0.505,0.9858654752303696,0.03844894448811391,2.680130467471978,0.792250652727723,0.9883995130303358,1873.375641332621,93.66878206663104,0.012690313791945374,-0.42230357098069005,0.07769642901930995,True,True,A_positive_selection,1.0,0.0,1.0,10,High-risk patients deviate more; no treatment-related deviation
2000,1002,0.501,0.9319467097597555,0.03715390407485165,2.539447936975942,0.7702776325684523,0.9524135518232419,1880.971674561802,94.04858372809011,0.01252549165438008,-0.5830677287302898,-0.08306772873028978,True,True,A_positive_selection,1.0,0.0,1.0,11,High-risk patients deviate more; no treatment-related deviation
2000,1037,0.5185,0.9838748113386226,0.03773274288594257,2.6748005353370297,0.8023584828276163,0.984320489674088,1867.8476668757617,93.39238334378808,0.012772603171942338,-0.6068507409036514,-0.10685074090365143,True,True,A_positive_selection,1.0,0.0,1.0,12,High-risk patients deviate more; no treatment-related deviation
2000,1009,0.5045,1.0733124371222125,0.03953353344192591,2.9250525230538607,0.7854443781135863,1.025029983146811,1873.4092762251191,93.67046381125596,0.012686897194399575,-0.4621930043280571,0.0378069956719429,True,True,A_positive_selection,1.0,0.0,1.0,13,High-risk patients deviate more; no treatment-related deviation
2000,1009,0.5045,0.9259979161482474,0.037249210281087845,2.524386129521112,0.7468206224669736,0.9679827008541272,1877.9067957614516,93.89533978807258,0.012573742436279418,-0.7307040423953584,-0.23070404239535836,True,True,A_positive_selection,1.0,0.0,1.0,14,High-risk patients deviate more; no treatment-related deviation
2000,987,0.4935,1.0657665941271313,0.03948985959275143,2.903063602769442,0.7923061411372695,1.0405067601234366,1882.3278916401491,94.11639458200746,0.012520476779378852,-0.6815392076160013,-0.18153920761600129,True,True,A_positive_selection,1.0,0.0,1.0,15,High-risk patients deviate more; no treatment-related deviation
2000,990,0.495,1.0258031857722925,0.03776101487897162,2.789334915214463,0.7830397732062904,1.040756920411438,1885.8470215836417,94.29235107918208,0.012438668961116612,-0.3406620336900544,0.15933796630994562,True,True,A_positive_selection,1.0,0.0,1.0,16,High-risk patients deviate more; no treatment-related deviation
2000,1003,0.5015,1.024233824207632,0.038074827909139096,2.784960873331901,0.7609250190327855,1.0106243766087466,1880.198449242733,94.00992246213664,0.01253799143469055,-0.5152359384428226,-0.01523593844282256,True,True,A_positive_selection,1.0,0.0,1.0,17,High-risk patients deviate more; no treatment-related deviation
2000,1014,0.507,1.046573512157651,0.0391824604113334,2.847876167687581,0.8715865197614685,1.0846113560396056,1879.3286531342087,93.96643265671042,0.012528300332304065,-0.46292206929161356,0.03707793070838644,True,True,A_positive_selection,1.0,0.0,1.0,18,High-risk patients deviate more; no treatment-related deviation
2000,1019,0.5095,0.9917793218726744,0.03774566712137973,2.6960273074440626,0.77548359598749,0.9995551003008348,1877.4734618122984,93.87367309061491,0.012554234059438651,-0.6076982705210222,-0.10769827052102221,True,True,A_positive_selection,1.0,0.0,1.0,19,High-risk patients deviate more; no treatment-related deviation
2000,986,0.493,1.0320706228346042,0.03773289959149901,2.806871794479675,0.76708459701238,1.0447122920041467,1883.1815176117182,94.1590758805859,0.0125490407029396,-0.5083701561521933,-0.008370156152193275,True,True,A_positive_selection,1.0,0.0,1.0,20,High-risk patients deviate more; no treatment-related deviation
2000,1006,0.503,0.9670128208313215,0.037991962536697746,2.6300762044115276,0.7186546418636327,0.9624665583686226,1873.7437084711692,93.68718542355846,0.01265534822957185,-0.18505765812459476,0.31494234187540526,True,True,A_positive_selection,1.0,0.0,1.0,21,High-risk patients deviate more; no treatment-related deviation
2000,1007,0.5035,1.102605701798429,0.0392884847624103,3.0120041922875926,0.819763085590424,1.0801917758405168,1880.7468195455642,94.03734097727822,0.012508601483080955,-0.3949646614863007,0.10503533851369928,True,True,A_positive_selection,1.0,0.0,1.0,22,High-risk patients deviate more; no treatment-related deviation
2000,959,0.4795,0.9998077602570453,0.038020199874327865,2.7177593168844183,0.7516769262007189,1.004912168743111,1893.9538343254528,94.69769171627264,0.012335916013450826,-0.3445071222151846,0.1554928777848154,True,True,A_positive_selection,1.0,0.0,1.0,23,High-risk patients deviate more; no treatment-related deviation
2000,978,0.489,1.0011528927118134,0.038239479500474155,2.72141752298009,0.8028998558638712,1.0130732064953958,1888.9795019552466,94.44897509776233,0.012395014504133823,-0.43699162846700745,0.06300837153299255,True,True,A_positive_selection,1.0,0.0,1.0,24,High-risk patients deviate more; no treatment-related deviation
2000,1012,0.506,0.966395826286215,0.037725754252219176,2.628453962248937,0.7537536874236105,0.9692127167864406,1878.4352238684419,93.92176119342209,0.012522998778127802,-0.54290742535841,-0.04290742535840997,True,True,A_positive_selection,1.0,0.0,1.0,25,High-risk patients deviate more; no treatment-related deviation
2000,970,0.485,0.9758983920646053,0.037570524896966856,2.653550068776893,0.7371943807416165,0.9745195463354356,1887.845003084197,94.39225015420985,0.012416621905197095,-0.38588720709443414,0.11411279290556586,True,True,A_positive_selection,1.0,0.0,1.0,26,High-risk patients deviate more; no treatment-related deviation
2000,982,0.491,1.0627039027761211,0.039013705700356296,2.8941860165744067,0.8135735815599313,1.082136051548647,1888.0736151164347,94.40368075582172,0.012398991291363692,-0.8014198328426828,-0.3014198328426828,True,True,A_positive_selection,1.0,0.0,1.0,27,High-risk patients deviate more; no treatment-related deviation
2000,1006,0.503,1.028486988592582,0.038057751315018526,2.796830994626787,0.8231392238302448,1.068487276016429,1881.5173347382306,94.07586673691152,0.01249577161877955,-0.5759103443803282,-0.07591034438032818,True,True,A_positive_selection,1.0,0.0,1.0,28,High-risk patients deviate more; no treatment-related deviation
2000,1007,0.5035,0.9461500033425718,0.037433409606564313,2.5757738245086004,0.7367376779508253,0.9955824041630214,1873.2407470074531,93.66203735037266,0.012692532644150697,-0.5246219488954099,-0.024621948895409917,True,True,A_positive_selection,1.0,0.0,1.0,29,High-risk patients deviate more; no treatment-related deviation
2000,1011,0.5055,1.0253432496176522,0.03779066020074746,2.7880522942240495,0.7509661805720035,1.0092032284889907,1875.0724177727363,93.75362088863682,0.012666778013378385,-0.3578379605693123,0.14216203943068773,True,True,A_positive_selection,1.0,0.0,1.0,30,High-risk patients deviate more; no treatment-related deviation
2000,975,0.4875,1.0818438883928152,0.03882909166356425,2.950114220432387,0.86636755542074,1.1207247866605468,1893.1441161869072,94.65720580934537,0.012302136402872976,-0.3055559269467009,0.19444407305329908,True,True,A_positive_selection,1.0,0.0,1.0,31,High-risk patients deviate more; no treatment-related deviation
2000,969,0.4845,1.0075042674576173,0.0384037496859004,2.738757272842658,0.8075529524407989,1.0411236212368944,1892.6132369565278,94.63066184782639,0.012329698480390736,-0.38399789703259,0.11600210296740998,True,True,A_positive_selection,1.0,0.0,1.0,32,High-risk patients deviate more; no treatment-related deviation
2000,1025,0.5125,0.9620089951188159,0.036616634287621436,2.6169486329049314,0.6794726781634297,0.9826740411056651,1869.9144673979376,93.49572336989688,0.012731240580673226,-0.3800642938566605,0.11993570614333948,True,True,A_positive_selection,1.0,0.0,1.0,33,High-risk patients deviate more; no treatment-related deviation
2000,1043,0.5215,0.8994856605481298,0.03711277061759502,2.458338365523109,0.7334856916692282,0.9470104418098527,1864.6188100042775,93.23094050021388,0.012841500899154337,-0.4941971194621118,0.005802880537888189,True,True,A_positive_selection,1.0,0.0,1.0,34,High-risk patients deviate more; no treatment-related deviation
2000,955,0.4775,1.1219185902978435,0.03954100009262295,3.070740047287859,0.7990570134416333,1.1307299488500138,1898.5378725845467,94.92689362922732,0.012217528823742238,-0.34126626321709524,0.15873373678290476,True,True,A_positive_selection,1.0,0.0,1.0,35,High-risk patients deviate more; no treatment-related deviation
2000,960,0.48,1.0230813391126516,0.038350933660623455,2.781753096247974,0.7950668195349442,1.0428267785659202,1893.31825516131,94.6659127580655,0.012343740788116713,-0.4116886280380762,0.08831137196192379,True,True,A_positive_selection,1.0,0.0,1.0,36,High-risk patients deviate more; no treatment-related deviation
2000,963,0.4815,1.0170421706844563,0.038416995717462495,2.765004246241848,0.7313289716495416,1.0073565052176445,1891.8286802955606,94.59143401477803,0.012376799968582394,-0.5223324465335114,-0.022332446533511408,True,True,A_positive_selection,1.0,0.0,1.0,37,High-risk patients deviate more; no treatment-related deviation
2000,959,0.4795,0.9687932813094077,0.0385008063099993,2.6347631223457673,0.7584505675447815,0.96334078151146,1893.729231706948,94.6864615853474,0.012338275353251691,-0.6668760753787163,-0.1668760753787163,True,True,A_positive_selection,1.0,0.0,1.0,38,High-risk patients deviate more; no treatment-related deviation
2000,996,0.498,0.9998319243878263,0.03775188525623293,2.717824989969446,0.7934761024328307,1.066609943020488,1880.2509575424033,94.01254787712016,0.012569066893385493,-0.2886072252327723,0.21139277476722768,True,True,A_positive_selection,1.0,0.0,1.0,39,High-risk patients deviate more; no treatment-related deviation
2000,1041,0.5205,0.9628702917456319,0.036766060019558296,2.6192035728817022,0.7252762041231348,1.005353787515192,1866.9497546038397,93.34748773019197,0.012750655182984705,-0.47927131046964394,0.02072868953035606,True,True,A_positive_selection,1.0,0.0,1.0,40,High-risk patients deviate more; no treatment-related deviation
2000,999,0.4995,0.955280831082933,0.03769425563768846,2.5994004728766056,0.7430860507997924,0.9742275329334538,1879.1578639761813,93.95789319880906,0.012554065702261129,-0.5873584365025766,-0.08735843650257658,True,True,A_positive_selection,1.0,0.0,1.0,41,High-risk patients deviate more; no treatment-related deviation
2000,970,0.485,1.0791091398048565,0.03944019565514921,2.94205742141491,0.8229625520136766,1.102254242453633,1891.444342915586,94.5722171457793,0.01234831239087329,-0.6452116605990049,-0.14521166059900492,True,True,A_positive_selection,1.0,0.0,1.0,42,High-risk patients deviate more; no treatment-related deviation
2000,976,0.488,1.0085090971693573,0.039025948576011424,2.741510640624863,0.7354427556803529,0.9917903420589631,1892.3148326684932,94.61574163342465,0.01233208300633202,-0.6727163085713486,-0.17271630857134856,True,True,A_positive_selection,1.0,0.0,1.0,43,High-risk patients deviate more; no treatment-related deviation
2000,944,0.472,1.043779954274796,0.03886530710520869,2.839931562793375,0.8234203908230764,1.0205279106231775,1897.0789792134108,94.85394896067054,0.012252845746967517,-0.5163511364122534,-0.016351136412253386,True,True,A_positive_selection,1.0,0.0,1.0,44,High-risk patients deviate more; no treatment-related deviation
2000,1009,0.5045,0.9949763570187974,0.038796357772423636,2.704660394288645,0.739564814152106,0.9614013942724289,1876.9178259472596,93.84589129736298,0.012623586147373375,-0.3873491972006929,0.11265080279930711,True,True,A_positive_selection,1.0,0.0,1.0,45,High-risk patients deviate more; no treatment-related deviation
2000,989,0.4945,0.9390601494129113,0.03716363358519436,2.557576548576465,0.8234940057098556,1.0478590782016368,1888.2724473604453,94.41362236802226,0.012388459467881547,-0.7324830098285395,-0.23248300982853953,True,True,A_positive_selection,1.0,0.0,1.0,46,High-risk patients deviate more; no treatment-related deviation
2000,1016,0.508,1.008578018324422,0.03741464436024264,2.741699595216246,0.802656247815862,1.0767779895098377,1878.2941465467388,93.91470732733694,0.012588821563654613,-0.4970274142402715,0.0029725857597284744,True,True,A_positive_selection,1.0,0.0,1.0,47,High-risk patients deviate more; no treatment-related deviation
2000,1015,0.5075,0.9387886639960666,0.03706209679910966,2.556882298084769,0.7554189623216518,0.967702091742711,1876.6947146578236,93.83473573289118,0.012578091930869513,-0.7241818967116395,-0.22418189671163946,True,True,A_positive_selection,1.0,0.0,1.0,48,High-risk patients deviate more; no treatment-related deviation
2000,998,0.499,0.9842920371500867,0.038314117064696174,2.6759167640044037,0.7440285350794977,0.9859073225233416,1884.9841028698754,94.24920514349377,0.012464468531736427,-0.4618319164952202,0.03816808350477979,True,True,A_positive_selection,1.0,0.0,1.0,49,High-risk patients deviate more; no treatment-related deviation
2000,956,0.478,1.00093651620374,0.03792711751533162,2.7208287358616055,0.7363057624675908,1.0155096417208183,1896.1165101448526,94.80582550724263,0.012253025263284565,-0.530768898544466,-0.03076889854446596,True,True,A_positive_selection,1.0,0.0,1.0,50,High-risk patients deviate more; no treatment-related deviation
2000,942,0.471,0.9764582606491412,0.03935451947784693,2.6550361240569105,0.7416978443384052,0.9798530803906822,1901.979420286724,95.0989710143362,0.012172715331316737,-0.3165098599484404,0.1834901400515596,True,True,A_positive_selection,1.0,0.0,1.0,51,High-risk patients deviate more; no treatment-related deviation
2000,1017,0.5085,0.9800112499147541,0.03833132405229547,2.664486217003613,0.7501080409285418,1.0029714095145896,1877.900516960655,93.89502584803274,0.012580151284904258,-0.6802612039246168,-0.18026120392461675,True,True,A_positive_selection,1.0,0.0,1.0,52,High-risk patients deviate more; no treatment-related deviation
2000,976,0.488,0.9891478682151886,0.038970773345277064,2.688942162728647,0.738497427164286,0.9734932001076747,1888.9054319222705,94.44527159611353,0.012393090687776907,-0.36124933642361357,0.13875066357638643,True,True,A_positive_selection,1.0,0.0,1.0,53,High-risk patients deviate more; no treatment-related deviation
2000,980,0.49,1.0580005973920907,0.03971461202039056,2.8806057370353995,0.8106655803160039,1.0295780137430015,1886.001954402686,94.30009772013429,0.012476195999820113,-0.525042968336938,-0.025042968336937976,True,True,A_positive_selection,1.0,0.0,1.0,54,High-risk patients deviate more; no treatment-related deviation
2000,994,0.497,1.000483648932312,0.038838056604490336,2.719596840539563,0.7163538169301505,0.9498702146879673,1878.6970358118037,93.93485179059019,0.012598522431969305,-0.2024144040775166,0.2975855959224834,True,True,A_positive_selection,1.0,0.0,1.0,55,High-risk patients deviate more; no treatment-related deviation
2000,976,0.488,0.9466105396633826,0.03782543351607179,2.5769603351036214,0.7223185290181239,0.9515456636361845,1892.0289149766204,94.60144574883101,0.012332274983190209,-0.3316154443309442,0.1683845556690558,True,True,A_positive_selection,1.0,0.0,1.0,56,High-risk patients deviate more; no treatment-related deviation
2000,975,0.4875,1.010916357770148,0.03798767585924351,2.7481181209494068,0.7552735323326379,1.0135022673886185,1888.3848316123178,94.4192415806159,0.01238858574538362,-0.6228502169844954,-0.12285021698449539,True,True,A_positive_selection,1.0,0.0,1.0,57,High-risk patients deviate more; no treatment-related deviation
2000,957,0.4785,1.0231562719569347,0.03908179759855824,2.78196154872944,0.7964437537199073,1.0374515429464046,1896.6104497897047,94.83052248948523,0.012271502483304712,-0.5696364426604775,-0.06963644266047753,True,True,A_positive_selection,1.0,0.0,1.0,58,High-risk patients deviate more; no treatment-related deviation
2000,983,0.4915,1.0145788151074455,0.03804828705391122,2.75820143991688,0.7988967448374604,1.0326121002187398,1887.4752480722427,94.37376240361215,0.012430342528488111,-0.8117713309770465,-0.31177133097704646,True,True,A_positive_selection,1.0,0.0,1.0,59,High-risk patients deviate more; no treatment-related deviation
2000,962,0.481,1.0600049826189244,0.03927939404974894,2.8863853709905016,0.8385774361910531,1.0940150752454805,1900.0517681501033,95.00258840750516,0.012182188689213572,-0.5410562978363932,-0.041056297836393196,True,True,A_positive_selection,1.0,0.0,1.0,60,High-risk patients deviate more; no treatment-related deviation
2000,995,0.4975,0.9870627332722671,0.03795585014179985,2.6833411968797667,0.7953279449437384,0.9673369505504096,1877.9587371065265,93.89793685532634,0.012586111124759625,-0.5663750006392937,-0.06637500063929369,True,True,A_positive_selection,1.0,0.0,1.0,61,High-risk patients deviate more; no treatment-related deviation
2000,974,0.487,1.027007811546751,0.038048867383007,2.792697044594209,0.8051084617209505,1.04771763355276,1890.2572564243605,94.51286282121804,0.012383343834933573,-0.5262582565409037,-0.026258256540903746,True,True,A_positive_selection,1.0,0.0,1.0,62,High-risk patients deviate more; no treatment-related deviation
2000,1024,0.512,1.0199615798677835,0.037182422072444925,2.7730882195015436,0.8625303265689577,1.0456853078861774,1873.1555643365589,93.65777821682794,0.012684047922060045,-0.5075986641639257,-0.007598664163925739,True,True,A_positive_selection,1.0,0.0,1.0,63,High-risk patients deviate more; no treatment-related deviation
2000,997,0.4985,1.0134269629874042,0.03847099583599637,2.755026228778714,0.7289280666326708,1.0098432936985404,1883.4672647295342,94.17336323647672,0.012483546155569344,-0.5566755164663981,-0.056675516466398124,True,True,A_positive_selection,1.0,0.0,1.0,64,High-risk patients deviate more; no treatment-related deviation
2000,994,0.497,0.987404084454963,0.038239693164404724,2.6842573149209907,0.8431921692873369,1.0470819059607313,1888.4422643919565,94.42211321959783,0.012389926538902467,-0.4042380958703948,0.09576190412960522,True,True,A_positive_selection,1.0,0.0,1.0,65,High-risk patients deviate more; no treatment-related deviation
2000,960,0.48,0.9658010843913755,0.038581422082412616,2.626891175332422,0.7430690397553565,0.9596577479465506,1893.691173013373,94.68455865066865,0.012316337606729864,-0.6764814089631978,-0.17648140896319775,True,True,A_positive_selection,1.0,0.0,1.0,66,High-risk patients deviate more; no treatment-related deviation
2000,994,0.497,0.8788343969648306,0.03672967193311004,2.408091191526639,0.7717865618880476,0.8752250076509188,1879.046340702506,93.9523170351253,0.012565628753759937,-0.2520196311964522,0.2479803688035478,True,True,A_positive_selection,1.0,0.0,1.0,67,High-risk patients deviate more; no treatment-related deviation
2000,986,0.493,1.0256492653957234,0.03749467011340245,2.7889056127739806,0.715681487221714,1.0206727723472135,1890.3177564303294,94.51588782151647,0.012339477897127579,-0.6269799679534548,-0.1269799679534548,True,True,A_positive_selection,1.0,0.0,1.0,68,High-risk patients deviate more; no treatment-related deviation
2000,995,0.4975,1.0406560188828609,0.038903067012665014,2.8310736430618464,0.7662828900251548,1.0095637991010873,1878.6555951616356,93.93277975808176,0.0125930322563668,-0.3372955428160801,0.1627044571839199,True,True,A_positive_selection,1.0,0.0,1.0,69,High-risk patients deviate more; no treatment-related deviation
2000,1026,0.513,1.00271258925711,0.037365300981183174,2.725665420343274,0.8311039057039672,1.0470069698120645,1873.0685777260364,93.65342888630181,0.012651390851868113,-0.8165828868876664,-0.31658288688766645,True,True,A_positive_selection,1.0,0.0,1.0,70,High-risk patients deviate more; no treatment-related deviation
2000,990,0.495,0.9395146837044828,0.03730849780832029,2.5587393190606225,0.7614108804898171,0.9696454544006231,1886.3149261502338,94.31574630751169,0.012424898287627316,-0.5339122221532036,-0.03391222215320355,True,True,A_positive_selection,1.0,0.0,1.0,71,High-risk patients deviate more; no treatment-related deviation
2000,1001,0.5005,0.9473861320827063,0.03773073204569438,2.578959781281845,0.7488814281162535,0.9470410511034445,1877.1397665977972,93.85698832988986,0.01261435756654307,-0.4234454467831536,0.0765545532168464,True,True,A_positive_selection,1.0,0.0,1.0,72,High-risk patients deviate more; no treatment-related deviation
2000,976,0.488,0.9994672183749685,0.03872758305503203,2.7168339635813354,0.7211188499963297,0.9855730487739354,1894.839907113449,94.74199535567244,0.01227794556846096,-0.5262633817744112,-0.026263381774411232,True,True,A_positive_selection,1.0,0.0,1.0,73,High-risk patients deviate more; no treatment-related deviation
2000,951,0.4755,1.0553567609818872,0.0389670508170736,2.8729999453691435,0.7806955057095436,1.0541342668923428,1896.7704025632927,94.83852012816463,0.012290292918267328,-0.3516435189113865,0.1483564810886135,True,True,A_positive_selection,1.0,0.0,1.0,74,High-risk patients deviate more; no treatment-related deviation
2000,985,0.4925,1.0431393185012052,0.038441036874999834,2.8381127836893834,0.8344165751424427,1.0668852646027995,1885.1149404962937,94.25574702481468,0.012463839967835491,-0.45280354857022165,0.04719645142977835,True,True,A_positive_selection,1.0,0.0,1.0,75,High-risk patients deviate more; no treatment-related deviation
2000,1011,0.5055,1.031876396251567,0.037358581799401415,2.8063266783017498,0.8006221647159294,1.0905530934076364,1876.7584765472266,93.83792382736134,0.012602982258043498,-0.5084498187679496,-0.00844981876794959,True,True,A_positive_selection,1.0,0.0,1.0,76,High-risk patients deviate more; no treatment-related deviation
2000,978,0.489,0.974746423122473,0.03830943247723516,2.6504950215088994,0.6814537423711244,0.9372587359151237,1886.836934656369,94.34184673281845,0.012421795702277137,-0.45574017887336377,0.044259821126636234,True,True,A_positive_selection,1.0,0.0,1.0,77,High-risk patients deviate more; no treatment-related deviation
2000,979,0.4895,0.9765570563205658,0.03769700651978387,2.655298443091222,0.7881417840426056,0.9734496494934789,1887.9974038583912,94.39987019291955,0.012399476781350628,-0.4298758893375361,0.07012411066246388,True,True,A_positive_selection,1.0,0.0,1.0,78,High-risk patients deviate more; no treatment-related deviation
2000,1021,0.5105,1.010890030917203,0.03741628399416323,2.748045772600117,0.8256731561172537,1.0576257494026569,1872.9038399491292,93.64519199745645,0.012696159265057402,-0.4047798489603309,0.09522015103966908,True,True,A_positive_selection,1.0,0.0,1.0,79,High-risk patients deviate more; no treatment-related deviation
2000,1003,0.5015,0.9715210004167046,0.03783985050286048,2.6419598268898112,0.7549292412773091,1.010395667798781,1881.142065929683,94.05710329648414,0.012516051295023652,-0.30848366777852393,0.19151633222147607,True,True,A_positive_selection,1.0,0.0,1.0,80,High-risk patients deviate more; no treatment-related deviation
2000,1035,0.5175,0.964104507963003,0.0374965487007948,2.622438232131791,0.7416074565059041,0.9714367561607656,1867.895902161137,93.39479510805684,0.012736656544297313,-0.790517065527469,-0.29051706552746903,True,True,A_positive_selection,1.0,0.0,1.0,81,High-risk patients deviate more; no treatment-related deviation
2000,1021,0.5105,1.0398717375859519,0.03779507514546178,2.8288541554185116,0.8062857230428099,1.0961308789123803,1872.7395716991412,93.63697858495706,0.012671182368125995,-0.5518988212194469,-0.05189882121944689,True,True,A_positive_selection,1.0,0.0,1.0,82,High-risk patients deviate more; no treatment-related deviation
2000,993,0.4965,1.0116782768647254,0.03826508401775463,2.750212762492274,0.8294549440875414,1.009814474764671,1881.3999650799803,94.06999825399902,0.012533418039952865,-0.3573459876832337,0.14265401231676628,True,True,A_positive_selection,1.0,0.0,1.0,83,High-risk patients deviate more; no treatment-related deviation
2000,996,0.498,1.0217621053695085,0.038543368954560744,2.7780857332846787,0.8785678766907384,1.0103111041219792,1882.6262616206934,94.13131308103468,0.012491378537801648,-0.5060706378519224,-0.006070637851922411,True,True,A_positive_selection,1.0,0.0,1.0,84,High-risk patients deviate more; no treatment-related deviation
2000,957,0.4785,1.015842490426249,0.03784584293009488,2.7616891141806197,0.8466336276819915,1.0655636279346774,1893.7639352295917,94.68819676147959,0.012319057149734695,-0.3797455276735258,0.12025447232647418,True,True,A_positive_selection,1.0,0.0,1.0,85,High-risk patients deviate more; no treatment-related deviation
2000,965,0.4825,1.0377693746166563,0.039003634045062054,2.822913124486582,0.7736046469278551,1.0525191686430238,1898.1862408175796,94.90931204087899,0.012216035832791008,-0.6390279428457671,-0.13902794284576714,True,True,A_positive_selection,1.0,0.0,1.0,86,High-risk patients deviate more; no treatment-related deviation
2000,984,0.492,0.9573516197142009,0.037601388117690655,2.604788859002792,0.7537587413691055,0.971491552457833,1885.7117588152714,94.28558794076356,0.012469440312683617,-0.6211675848561169,-0.1211675848561169,True,True,A_positive_selection,1.0,0.0,1.0,87,High-risk patients deviate more; no treatment-related deviation
2000,982,0.491,1.0222760435013247,0.03814186380518253,2.77951386443056,0.7432579452937158,1.068496847034793,1887.1761191846922,94.35880595923462,0.012434307042397915,-0.5059908004961189,-0.0059908004961188865,True,True,A_positive_selection,1.0,0.0,1.0,88,High-risk patients deviate more; no treatment-related deviation
2000,979,0.4895,0.9983057006128532,0.038928511983270915,2.7136801446388517,0.7933348141183527,0.9974350882308574,1886.052044189582,94.30260220947909,0.012445673141319318,-0.4642957558902262,0.0357042441097738,True,True,A_positive_selection,1.0,0.0,1.0,89,High-risk patients deviate more; no treatment-related deviation
2000,1015,0.5075,0.9726445353740218,0.037143453183798365,2.6449298292494596,0.7780756533467407,0.9799710935206655,1876.3510145280877,93.81755072640439,0.01260373996588192,-0.278095397272985,0.221904602727015,True,True,A_positive_selection,1.0,0.0,1.0,90,High-risk patients deviate more; no treatment-related deviation
2000,1002,0.501,0.990861375003341,0.03708597355671216,2.6935536331420464,0.8053514316113274,1.0463417177809475,1885.9231940004477,94.29615970002239,0.012412694114726407,-0.6575635939992681,-0.15756359399926811,True,True,A_positive_selection,1.0,0.0,1.0,91,High-risk patients deviate more; no treatment-related deviation
2000,1073,0.5365,0.9727977772027666,0.03663109672209943,2.6453351741905022,0.8111808506589859,1.0477398213870055,1849.919417664891,92.49597088324455,0.013100386275846003,-0.36265240166947593,0.13734759833052407,True,True,A_positive_selection,1.0,0.0,1.0,92,High-risk patients deviate more; no treatment-related deviation
2000,947,0.4735,1.0181526581907954,0.039272966364451635,2.7680764544209575,0.7633739811145512,1.002255368533579,1897.7032561003452,94.88516280501726,0.01224868499936139,-0.5896361857213989,-0.08963618572139886,True,True,A_positive_selection,1.0,0.0,1.0,93,High-risk patients deviate more; no treatment-related deviation
2000,1015,0.5075,0.9811348889382887,0.0373938894339363,2.6674818203679496,0.7835393160249113,0.9632915969849932,1871.7369356698043,93.58684678349022,0.012709596368728423,-0.3878962916251871,0.11210370837481293,True,True,A_positive_selection,1.0,0.0,1.0,94,High-risk patients deviate more; no treatment-related deviation
2000,987,0.4935,1.0105734016741252,0.03796090252818698,2.747175798684055,0.7689973115630863,1.052653978761695,1887.9951133635136,94.39975566817569,0.012395003396966774,-0.63124678000832,-0.13124678000832002,True,True,A_positive_selection,1.0,0.0,1.0,95,High-risk patients deviate more; no treatment-related deviation
2000,988,0.494,0.9950585648462658,0.038574758730671926,2.7048827476831687,0.7761361449175533,0.9869342510665281,1884.2017622153724,94.21008811076861,0.012472643304901655,-0.5757307455262751,-0.07573074552627512,True,True,A_positive_selection,1.0,0.0,1.0,96,High-risk patients deviate more; no treatment-related deviation
2000,1013,0.5065,0.9345476145330638,0.03732207502022311,2.5460613959971843,0.7122673599334289,0.9198848674865907,1868.0947101469465,93.40473550734733,0.012758308538837417,-0.566437916091843,-0.06643791609184302,True,True,A_positive_selection,1.0,0.0,1.0,97,High-risk patients deviate more; no treatment-related deviation
2000,956,0.478,1.0170609644225646,0.038598820631212984,2.7650562114958293,0.7769759753103093,1.0328567441191694,1896.7543322248432,94.83771661124216,0.012240868348217296,-0.3646837040134582,0.13531629598654182,True,True,A_positive_selection,1.0,0.0,1.0,98,High-risk patients deviate more; no treatment-related deviation
2000,962,0.481,1.0869761338603636,0.039672500140122545,2.9652938502428974,0.860642381788326,1.0850728248804768,1897.96427521458,94.898213760729,0.012221459356857107,-0.44735668941546514,0.052643310584534864,True,True,A_positive_selection,1.0,0.0,1.0,99,High-risk patients deviate more; no treatment-related deviation
2000,1008,0.504,1.0100480357846353,0.03865219086685707,2.745732905283669,0.815472865419208,1.0431288904532174,1881.063483048081,94.05317415240405,0.012510194772657815,-0.4888362733672738,0.01116372663272619,True,True,A_positive_selection,1.0,0.0,1.0,100,High-risk patients deviate more; no treatment-related deviation
2000,1004,0.502,1.0159559208824067,0.037983153020735266,2.7620023916038714,0.7991834813242689,1.0826678394892668,1880.8108223830593,94.04054111915298,0.012524364442427313,-0.5551814054231023,-0.05518140542310235,True,True,A_positive_selection,1.0,0.0,1.0,101,High-risk patients deviate more; no treatment-related deviation
2000,988,0.494,1.0199544079384733,0.03953261445410214,2.773068331180181,0.7561416013897742,0.9885616287886334,1886.878359981691,94.34391799908454,0.012421329514376304,-0.5339801711027026,-0.03398017110270257,True,True,A_positive_selection,1.0,0.0,1.0,102,High-risk patients deviate more; no treatment-related deviation
2000,985,0.4925,1.0353133030769635,0.03848035480026869,2.8159883552478444,0.841513883287489,1.0290868353307636,1891.76884632653,94.5884423163265,0.012324767587584913,-0.33660824996684147,0.16339175003315853,True,True,A_positive_selection,1.0,0.0,1.0,103,High-risk patients deviate more; no treatment-related deviation
2000,1032,0.516,0.9817881000184255,0.035850508478793335,2.6692248182598695,0.8739574984695332,1.0850918397834382,1875.1678119302921,93.75839059651462,0.012604658324652573,-0.5032157932969082,-0.0032157932969082426,True,True,A_positive_selection,1.0,0.0,1.0,104,High-risk patients deviate more; no treatment-related deviation
2000,954,0.477,1.0496080866558406,0.03821539488859169,2.8565313858903654,0.8293993194401046,1.1212354344365303,1900.9082783480278,95.04541391740139,0.012176752854717312,-0.47881415907625346,0.021185840923746535,True,True,A_positive_selection,1.0,0.0,1.0,105,High-risk patients deviate more; no treatment-related deviation
2000,1043,0.5215,0.9989618397082688,0.037835756708966946,2.715461280546753,0.8288203004108996,1.0186933247466512,1869.675277599659,93.48376387998294,0.012697292562213474,-0.5722583978509048,-0.07225839785090482,True,True,A_positive_selection,1.0,0.0,1.0,106,High-risk patients deviate more; no treatment-related deviation
2000,962,0.481,0.9780567577558881,0.0384419158370179,2.659283585492508,0.7432418922125126,0.9991269648760085,1896.0686907846457,94.80343453923228,0.012256169040910604,-0.16208241345056817,0.3379175865494318,True,True,A_positive_selection,1.0,0.0,1.0,107,High-risk patients deviate more; no treatment-related deviation
2000,996,0.498,0.9332684658827147,0.03672407345073394,2.5428066870708395,0.7550831528666114,0.9911811262315151,1886.0587380304141,94.30293690152071,0.012427211402153552,-0.5326405692298941,-0.03264056922989411,True,True,A_positive_selection,1.0,0.0,1.0,108,High-risk patients deviate more; no treatment-related deviation
2000,999,0.4995,1.0121980647282407,0.03783946333641408,2.751642661298131,0.7463885026375681,1.020740303702469,1882.2375369633157,94.11187684816579,0.012510208692672768,-0.6120856586377184,-0.11208565863771836,True,True,A_positive_selection,1.0,0.0,1.0,109,High-risk patients deviate more; no treatment-related deviation
2000,972,0.486,1.0310496973762198,0.03906077252618163,2.804007649894104,0.7461010724472665,1.0243147591375672,1896.7597024956508,94.83798512478255,0.012239800477094989,-0.5995134011550872,-0.09951340115508722,True,True,A_positive_selection,1.0,0.0,1.0,110,High-risk patients deviate more; no treatment-related deviation
2000,995,0.4975,1.0221558447002377,0.03839435132082003,2.7791797902745095,0.8479576190895742,1.0434765635412349,1885.021511501942,94.2510755750971,0.012445956835943094,-0.4737946943198831,0.02620530568011692,True,True,A_positive_selection,1.0,0.0,1.0,111,High-risk patients deviate more; no treatment-related deviation
2000,1015,0.5075,1.020022989946047,0.038442148589329664,2.7732585202951734,0.7906033985352424,1.06232279848752,1879.112419222196,93.9556209611098,0.012545961449565603,-0.6734487627724505,-0.17344876277245047,True,True,A_positive_selection,1.0,0.0,1.0,112,High-risk patients deviate more; no treatment-related deviation
2000,970,0.485,1.0117351968501986,0.038493240579788854,2.750369309018034,0.762158877145423,1.03060867902053,1887.2116002963874,94.36058001481936,0.012433080037432208,-0.34974958435691655,0.15025041564308345,True,True,A_positive_selection,1.0,0.0,1.0,113,High-risk patients deviate more; no treatment-related deviation
2000,1024,0.512,1.0474917327413167,0.03771532495287694,2.850492347135578,0.8432765329480185,1.129530428631201,1878.4333309962335,93.92166654981168,0.012551020198509615,-0.4980332449316574,0.001966755068342596,True,True,A_positive_selection,1.0,0.0,1.0,114,High-risk patients deviate more; no treatment-related deviation
2000,987,0.4935,0.9633885979796137,0.03793614353461482,2.620561474295579,0.7552246174837711,1.0001399632876802,1886.33276160627,94.3166380803135,0.01242778177147116,-0.7226011978783596,-0.22260119787835964,True,True,A_positive_selection,1.0,0.0,1.0,115,High-risk patients deviate more; no treatment-related deviation
2000,941,0.4705,1.0205394028376895,0.03848769029841361,2.7746910366000197,0.8689266480916865,1.1008413358322822,1903.485513859727,95.17427569298636,0.012122264172276827,-0.45088634153520235,0.04911365846479765,True,True,A_positive_selection,1.0,0.0,1.0,116,High-risk patients deviate more; no treatment-related deviation
2000,1001,0.5005,0.9517226399454489,0.037429670040420304,2.5901677447979394,0.6936317679292545,0.9756302910990982,1873.4456273032183,93.67228136516091,0.012682099155483314,-0.396079714374196,0.10392028562580402,True,True,A_positive_selection,1.0,0.0,1.0,117,High-risk patients deviate more; no treatment-related deviation
2000,964,0.482,1.0667598647735328,0.03817744188145537,2.9059485631667603,0.7631383057647375,1.0251012294726993,1889.0046801433355,94.45023400716677,0.012419201284972292,-0.5786295525687938,-0.07862955256879378,True,True,A_positive_selection,1.0,0.0,1.0,118,High-risk patients deviate more; no treatment-related deviation
2000,984,0.492,0.9380453637166838,0.03831623661727839,2.5549824729160133,0.7749840461445102,0.9814089142139836,1890.4584846567957,94.52292423283978,0.01235350851853943,-0.5430482182963721,-0.043048218296372065,True,True,A_positive_selection,1.0,0.0,1.0,119,High-risk patients deviate more; no treatment-related deviation
2000,975,0.4875,1.0055258898455333,0.03825206358076056,2.7333443329541898,0.7652151473859045,1.0103421329747995,1889.9094576477353,94.49547288238676,0.012408909008640995,-0.632093528996142,-0.13209352899614202,True,True,A_positive_selection,1.0,0.0,1.0,120,High-risk patients deviate more; no treatment-related deviation
2000,1003,0.5015,0.9584989780729797,0.037065905783324506,2.6077792004415974,0.772869865244396,0.9982762009429897,1878.2114567849574,93.91057283924786,0.012598536660401484,-0.6769534017435995,-0.17695340174359953,True,True,A_positive_selection,1.0,0.0,1.0,121,High-risk patients deviate more; no treatment-related deviation
2000,990,0.495,1.0563860678261745,0.03799068955747927,2.8759586663311936,0.8179494017727654,1.1005030166655285,1885.08881276238,94.25444063811901,0.012454184605996834,-0.5599099887207682,-0.05990998872076825,True,True,A_positive_selection,1.0,0.0,1.0,122,High-risk patients deviate more; no treatment-related deviation
2000,1016,0.508,0.9670488531826947,0.036820289861334704,2.6301709739488377,0.7737821511281642,1.0157593224789825,1872.2545527948603,93.61272763974301,0.012716894484001645,-0.23937894813134214,0.26062105186865786,True,True,A_positive_selection,1.0,0.0,1.0,123,High-risk patients deviate more; no treatment-related deviation
2000,986,0.493,0.9986164475091336,0.038794100486322806,2.714523543356276,0.815006083541242,1.029625037939857,1889.9767232549689,94.49883616274845,0.012353239276749327,-0.38624774188481803,0.11375225811518197,True,True,A_positive_selection,1.0,0.0,1.0,124,High-risk patients deviate more; no treatment-related deviation
2000,996,0.498,0.9940648154390981,0.038109811589227896,2.70219610720099,0.769596716134883,0.9870321748073475,1883.3713247415988,94.16856623707994,0.012459484039244425,-0.5653340026189947,-0.06533400261899469,True,True,A_positive_selection,1.0,0.0,1.0,125,High-risk patients deviate more; no treatment-related deviation
2000,957,0.4785,1.0198736075820856,0.03793862562660412,2.7728442753227527,0.818291845206103,1.0612977871329023,1897.631091677908,94.8815545838954,0.0122158047907837,-0.6413468224147725,-0.14134682241477248,True,True,A_positive_selection,1.0,0.0,1.0,126,High-risk patients deviate more; no treatment-related deviation
2000,1032,0.516,0.8963459915006511,0.03646630935663779,2.450632100539855,0.7615932675412798,0.9854375227876588,1869.5409641350186,93.47704820675094,0.012721830936513759,-0.3109347507459296,0.18906524925407042,True,True,A_positive_selection,1.0,0.0,1.0,127,High-risk patients deviate more; no treatment-related deviation
2000,950,0.475,0.9747586500554815,0.03848793229548826,2.6505274291320893,0.7126208683840383,0.9761845527534126,1899.0852705153513,94.95426352576757,0.01221725206280476,-0.24646928098172124,0.2535307190182787,True,True,A_positive_selection,1.0,0.0,1.0,128,High-risk patients deviate more; no treatment-related deviation
2000,975,0.4875,0.9830651463360531,0.03793690540638393,2.6726357194608026,0.7253569540122619,1.0066395482395942,1891.8026872918736,94.59013436459367,0.01233365280624631,-0.6141998797739155,-0.11419987977391555,True,True,A_positive_selection,1.0,0.0,1.0,129,High-risk patients deviate more; no treatment-related deviation
2000,983,0.4915,0.9906496094718938,0.03809049801793993,2.6929832917169017,0.7312112768435458,0.9860851014642424,1889.9996205964867,94.49998102982434,0.012346620948733972,-0.6442999743328308,-0.14429997433283082,True,True,A_positive_selection,1.0,0.0,1.0,130,High-risk patients deviate more; no treatment-related deviation
2000,978,0.489,0.9717435521642257,0.03755880333013267,2.6425478650982046,0.7545602017276785,1.0221784725764096,1890.8145409745127,94.54072704872563,0.012357914101007785,-0.5226999791664168,-0.02269997916641675,True,True,A_positive_selection,1.0,0.0,1.0,131,High-risk patients deviate more; no treatment-related deviation
2000,990,0.495,1.008032144486544,0.03764559381233896,2.740203381545,0.7727665277825337,0.9756234009045098,1879.830083841946,93.9915041920973,0.01255933974358139,-0.5218506812688154,-0.021850681268815397,True,True,A_positive_selection,1.0,0.0,1.0,132,High-risk patients deviate more; no treatment-related deviation
2000,985,0.4925,0.996350262303918,0.03812581632459619,2.7083788953480186,0.7556970468242563,1.0271034816053122,1889.3794417231368,94.46897208615684,0.012369719489697572,-0.5308333479254167,-0.0308333479254167,True,True,A_positive_selection,1.0,0.0,1.0,133,High-risk patients deviate more; no treatment-related deviation
2000,1015,0.5075,1.0705133319774809,0.03974373809540466,2.9168764416819783,0.8128707557587538,1.0634064337968108,1874.1796970364344,93.70898485182173,0.012674718206944284,-0.400258106321192,0.09974189367880798,True,True,A_positive_selection,1.0,0.0,1.0,134,High-risk patients deviate more; no treatment-related deviation
2000,1008,0.504,0.9957088624021176,0.03758944477306464,2.706642298376603,0.8044957238038659,1.025722559331808,1880.9799262919553,94.04899631459777,0.012529260492831937,-0.5523240728286639,-0.052324072828663915,True,True,A_positive_selection,1.0,0.0,1.0,135,High-risk patients deviate more; no treatment-related deviation
2000,999,0.4995,1.0124882373355633,0.03905265946818956,2.752441228479137,0.762979428719429,0.9848598196805065,1882.4634360999721,94.1231718049986,0.012497589184923502,-0.4851472542048377,0.014852745795162325,True,True,A_positive_selection,1.0,0.0,1.0,136,High-risk patients deviate more; no treatment-related deviation
2000,980,0.49,0.9442752606740338,0.0381808514067394,2.5709494350726607,0.7149047512855644,0.9742301793587185,1887.8102931218075,94.39051465609037,0.012447573901140782,-0.6297065029820521,-0.1297065029820521,True,True,A_positive_selection,1.0,0.0,1.0,137,High-risk patients deviate more; no treatment-related deviation
2000,980,0.49,0.9635000863534426,0.03710528652460711,2.620853652719813,0.7202197498156226,0.9964760781050299,1888.5088147996871,94.42544073998437,0.012399367739564078,-0.61013407267392,-0.11013407267391995,True,True,A_positive_selection,1.0,0.0,1.0,138,High-risk patients deviate more; no treatment-related deviation
2000,1021,0.5105,0.9593338928630614,0.037862239306053924,2.609957383037215,0.7557686237908376,0.9758444492073476,1872.4395268395078,93.62197634197538,0.012695991660603185,-0.3452594467990786,0.1547405532009214,True,True,A_positive_selection,1.0,0.0,1.0,139,High-risk patients deviate more; no treatment-related deviation
2000,1019,0.5095,0.9667097219973675,0.03670003393307675,2.6292791521796635,0.7851616327916241,0.9848339988611002,1869.3753149003971,93.46876574501987,0.01275688206885374,-0.5526869518376201,-0.052686951837620066,True,True,A_positive_selection,1.0,0.0,1.0,140,High-risk patients deviate more; no treatment-related deviation
2000,978,0.489,1.0096344462985194,0.03835009904680066,2.7445975338273945,0.8272813960603913,1.0081555589098463,1891.2802824590601,94.56401412295301,0.01233183785007751,-0.5997605111096269,-0.09976051110962691,True,True,A_positive_selection,1.0,0.0,1.0,141,High-risk patients deviate more; no treatment-related deviation
2000,973,0.4865,1.0492361655557538,0.03846611108424511,2.855469179135689,0.8590880310347911,1.0608719198699998,1892.349879623891,94.61749398119456,0.012348891668410219,-0.16553000427415593,0.33446999572584407,True,True,A_positive_selection,1.0,0.0,1.0,142,High-risk patients deviate more; no treatment-related deviation
2000,1027,0.5135,0.9721045029215107,0.03766841740227792,2.6435018669147547,0.7312749631348315,0.9715611003058252,1869.9315436817576,93.49657718408787,0.012724315162928821,-0.34240377234369646,0.15759622765630354,True,True,A_positive_selection,1.0,0.0,1.0,143,High-risk patients deviate more; no treatment-related deviation
2000,980,0.49,0.9491289261100212,0.037687724869326825,2.5834582958388763,0.7434560001509378,1.0018119810766997,1886.6637354425172,94.33318677212586,0.012435753718432025,-0.4110843367146336,0.08891566328536638,True,True,A_positive_selection,1.0,0.0,1.0,144,High-risk patients deviate more; no treatment-related deviation
2000,978,0.489,1.0489842056855068,0.039143335772560905,2.8547498061221908,0.8558269757167197,1.1321622745900004,1896.6518290566078,94.83259145283039,0.012227424230287432,-0.41815459606933303,0.08184540393066697,True,True,A_positive_selection,1.0,0.0,1.0,145,High-risk patients deviate more; no treatment-related deviation
2000,945,0.4725,1.0205397318656364,0.03871613207655554,2.774691949551065,0.8129615680974981,1.031809622236445,1899.7695316648135,94.98847658324067,0.012217140932301881,-0.5412347786997751,-0.0412347786997751,True,True,A_positive_selection,1.0,0.0,1.0,146,High-risk patients deviate more; no treatment-related deviation
2000,999,0.4995,0.9772938482592454,0.037507019428705574,2.6572555664867132,0.8084935079276315,1.0073392069720761,1883.43630131768,94.171815065884,0.01246895273253543,-0.3690612309521168,0.1309387690478832,True,True,A_positive_selection,1.0,0.0,1.0,147,High-risk patients deviate more; no treatment-related deviation
2000,964,0.482,1.033051415542268,0.03841557609968287,2.8096261043497726,0.834380892360017,1.0321106497576258,1890.639722117242,94.5319861058621,0.012375424350487387,-0.7437861293255454,-0.24378612932554544,True,True,A_positive_selection,1.0,0.0,1.0,148,High-risk patients deviate more; no treatment-related deviation
2000,1018,0.509,0.995520744190996,0.03673427783261649,2.7061331775582365,0.7981321439273696,1.0539399162606777,1876.7980838804563,93.83990419402282,0.012596549005138036,-0.31624053376134825,0.18375946623865175,True,True,A_positive_selection,1.0,0.0,1.0,149,High-risk patients deviate more; no treatment-related deviation
2000,950,0.475,1.0068876961818647,0.03875110252383538,2.7370691542531604,0.7657808874354615,0.9988205614964428,1898.6430980229868,94.93215490114933,0.01220442656256202,-0.5717376550277373,-0.07173765502773732,True,True,A_positive_selection,1.0,0.0,1.0,150,High-risk patients deviate more; no treatment-related deviation
2000,963,0.4815,1.0585938007941704,0.03935485768881457,2.882315029087466,0.8200392677776404,1.074408519709962,1896.9816722085834,94.84908361042916,0.012252267779050268,-0.8695006613471652,-0.3695006613471652,True,True,A_positive_selection,1.0,0.0,1.0,151,High-risk patients deviate more; no treatment-related deviation
2000,967,0.4835,0.9784569313427929,0.03864223191336243,2.6603479734992908,0.8072272586306003,1.023340598963048,1897.308624611928,94.8654312305964,0.012229898618882538,-0.5478291998920285,-0.047829199892028496,True,True,A_positive_selection,1.0,0.0,1.0,152,High-risk patients deviate more; no treatment-related deviation
2000,1005,0.5025,0.9682433542458685,0.036561731949239146,2.6333145931279893,0.7980756672169844,0.9927342984502135,1877.4133617448858,93.8706680872443,0.012623628912160671,-0.1591210830947608,0.3408789169052392,True,True,A_positive_selection,1.0,0.0,1.0,153,High-risk patients deviate more; no treatment-related deviation
2000,987,0.4935,0.9356969122983434,0.03730173942472968,2.548989260841849,0.8009778648548864,0.9478356045867976,1883.1737295670578,94.15868647835289,0.01249093560923005,-0.262878561759958,0.237121438240042,True,True,A_positive_selection,1.0,0.0,1.0,154,High-risk patients deviate more; no treatment-related deviation
2000,984,0.492,0.9931695737853705,0.03833352433847661,2.6997780712140473,0.7914922812309735,1.0482792374164986,1886.6527606320815,94.33263803160408,0.012414761599104387,-0.4819565040543311,0.018043495945668897,True,True,A_positive_selection,1.0,0.0,1.0,155,High-risk patients deviate more; no treatment-related deviation
2000,1008,0.504,0.9767516850630115,0.03752196807352058,2.6558152907830954,0.7778833466899004,0.9713279735758215,1874.9029408259635,93.74514704129817,0.012659299003285244,-0.4531852315525267,0.04681476844747329,True,True,A_positive_selection,1.0,0.0,1.0,156,High-risk patients deviate more; no treatment-related deviation
2000,1007,0.5035,0.9661707067257831,0.0380195851710205,2.6278623124468106,0.7678961491683598,1.0088277728034232,1880.6426622220417,94.03213311110208,0.012534666342838733,-0.7727675746601254,-0.27276757466012536,True,True,A_positive_selection,1.0,0.0,1.0,157,High-risk patients deviate more; no treatment-related deviation
2000,1001,0.5005,1.0188445597405495,0.038383348727123796,2.7699923535399615,0.7753821826629558,1.0436496913347066,1877.6449764814872,93.88224882407435,0.012600424795345986,-0.42569841472487235,0.07430158527512765,True,True,A_positive_selection,1.0,0.0,1.0,158,High-risk patients deviate more; no treatment-related deviation
2000,1024,0.512,1.0348751216309497,0.0378993140585236,2.81475471169798,0.8250841261177851,1.0905111370313465,1867.931687668403,93.39658438342015,0.012764052530616897,-0.08235284214801715,0.41764715785198286,True,True,A_positive_selection,1.0,0.0,1.0,159,High-risk patients deviate more; no treatment-related deviation
2000,952,0.476,0.9701482561691602,0.03816187268666125,2.638335579886453,0.7224922292524099,0.9879428752974645,1892.7952239479184,94.63976119739593,0.012342303669160117,-0.48809289239290427,0.011907107607095735,True,True,A_positive_selection,1.0,0.0,1.0,160,High-risk patients deviate more; no treatment-related deviation
2000,944,0.472,1.0041211355283481,0.039806075966664876,2.7295073513413324,0.8079059005410297,0.9976880423301878,1897.1881821191962,94.85940910595981,0.012248572163056396,-0.39374569762469264,0.10625430237530736,True,True,A_positive_selection,1.0,0.0,1.0,161,High-risk patients deviate more; no treatment-related deviation
2000,1014,0.507,0.9871915747085278,0.03783072366197707,2.683686944686394,0.7886414037644358,1.0667227018967838,1876.44164711246,93.822082355623,0.012620363584538408,-0.49616499377457746,0.0038350062254225437,True,True,A_positive_selection,1.0,0.0,1.0,162,High-risk patients deviate more; no treatment-related deviation
2000,983,0.4915,1.005623958174205,0.03819211668740117,2.7336124006088656,0.7886641701965736,1.0597626752106712,1891.815476551048,94.5907738275524,0.012342203357043367,-0.43068175583049945,0.06931824416950055,True,True,A_positive_selection,1.0,0.0,1.0,163,High-risk patients deviate more; no treatment-related deviation
2000,976,0.488,1.0340513707636567,0.03816172399379928,2.812437009798536,0.7861848277784569,1.0032985917422215,1890.636644769045,94.53183223845225,0.012357940316996661,-0.2522190608394676,0.2477809391605324,True,True,A_positive_selection,1.0,0.0,1.0,164,High-risk patients deviate more; no treatment-related deviation
2000,915,0.4575,1.0412523696873317,0.03940336006076118,2.832762459619909,0.8278304441430646,1.0639184695711583,1914.6366787390364,95.73183393695182,0.011907422298587609,-0.4340733084223592,0.0659266915776408,True,True,A_positive_selection,1.0,0.0,1.0,165,High-risk patients deviate more; no treatment-related deviation
2000,999,0.4995,1.0390558182691536,0.037030609299580415,2.826546980031179,0.8676940957461088,1.142171609347886,1883.906676373874,94.1953338186937,0.01245566155327616,-0.7313337158822864,-0.23133371588228635,True,True,A_positive_selection,1.0,0.0,1.0,166,High-risk patients deviate more; no treatment-related deviation
2000,974,0.487,1.025632658197952,0.03814256483419932,2.78885929725149,0.7835693560910892,1.0607576395113854,1888.2916039272027,94.41458019636013,0.0123969476383182,-0.33183828324368486,0.16816171675631514,True,True,A_positive_selection,1.0,0.0,1.0,167,High-risk patients deviate more; no treatment-related deviation
2000,979,0.4895,0.9892922840064348,0.03805630712958979,2.689330516480225,0.7677101190770451,0.9951622016317201,1886.4608870640777,94.3230443532039,0.01244218988852864,-0.6165967900259622,-0.11659679002596224,True,True,A_positive_selection,1.0,0.0,1.0,168,High-risk patients deviate more; no treatment-related deviation
2000,982,0.491,1.010269171167689,0.037869732548181226,2.746340151120738,0.8004203447968241,1.0582663221859052,1890.2600560488215,94.51300280244106,0.012365312119855768,-0.607917308170311,-0.10791730817031098,True,True,A_positive_selection,1.0,0.0,1.0,169,High-risk patients deviate more; no treatment-related deviation
2000,989,0.4945,0.9466087980336099,0.03712992193614421,2.576955846996687,0.7285363177773059,0.9961361515074778,1889.056483540288,94.45282417701439,0.012398567866159772,-0.7587577333016237,-0.25875773330162366,True,True,A_positive_selection,1.0,0.0,1.0,170,High-risk patients deviate more; no treatment-related deviation
2000,972,0.486,0.9368413423894361,0.03704142123276049,2.551908070722188,0.758509475084994,1.0244813802917003,1893.768292589978,94.68841462949891,0.012300664150097626,-0.6040637512416867,-0.10406375124168665,True,True,A_positive_selection,1.0,0.0,1.0,171,High-risk patients deviate more; no treatment-related deviation
2000,1011,0.5055,0.9555453886738812,0.03733032423576387,2.600088254978596,0.757217470433537,1.0176862219156089,1877.7941133368495,93.88970566684247,0.012587810297456885,-0.8034092002436523,-0.30340920024365226,True,True,A_positive_selection,1.0,0.0,1.0,172,High-risk patients deviate more; no treatment-related deviation
2000,1022,0.511,1.024433106535545,0.03858094612943119,2.785515922121755,0.839333161540658,1.063640862472772,1872.4785441166762,93.62392720583381,0.012674647841150995,-0.47772118285595583,0.022278817144044172,True,True,A_positive_selection,1.0,0.0,1.0,173,High-risk patients deviate more; no treatment-related deviation
2000,981,0.4905,1.0604909352428231,0.03958556162375291,2.887788358400214,0.8200714225885497,0.9953284496212004,1887.7157295668799,94.38578647834399,0.012401954309847777,-0.44245077328934646,0.057549226710653545,True,True,A_positive_selection,1.0,0.0,1.0,174,High-risk patients deviate more; no treatment-related deviation
2000,968,0.484,1.0523489655707974,0.03880478958457927,2.8643715320733425,0.8037753996304984,1.0295761029234574,1894.2441619282113,94.71220809641056,0.012307771323025768,-0.4637872784624283,0.03621272153757171,True,True,A_positive_selection,1.0,0.0,1.0,175,High-risk patients deviate more; no treatment-related deviation
2000,985,0.4925,1.0499189733946743,0.03931214743526137,2.8574195816742924,0.7583667736736732,1.0483434538660141,1885.1073531430707,94.25536765715353,0.012458867781270533,-0.2818927058925417,0.21810729410745833,True,True,A_positive_selection,1.0,0.0,1.0,176,High-risk patients deviate more; no treatment-related deviation
2000,1016,0.508,1.020092816079637,0.03809048312523046,2.7734521729760218,0.7371933263366011,1.013077503593343,1877.8577698993663,93.89288849496832,0.012570376495969518,-0.30392835882960956,0.19607164117039044,True,True,A_positive_selection,1.0,0.0,1.0,177,High-risk patients deviate more; no treatment-related deviation
2000,1000,0.5,0.9911471315416954,0.03704451159870172,2.694323443688085,0.7661441759746181,0.993834795136983,1875.0497470441942,93.7524873522097,0.012665726503059544,-0.5480821964526658,-0.04808219645266576,True,True,A_positive_selection,1.0,0.0,1.0,178,High-risk patients deviate more; no treatment-related deviation
2000,991,0.4955,0.9632566167653512,0.03651091844886449,2.620215632232982,0.7831274051580432,1.0370464095697287,1887.4385868565212,94.37192934282606,0.012404882866584794,-0.3893773507032039,0.1106226492967961,True,True,A_positive_selection,1.0,0.0,1.0,179,High-risk patients deviate more; no treatment-related deviation
2000,1013,0.5065,1.029196547746303,0.03798062691796337,2.798816215893104,0.786539390821154,1.062944578873454,1876.8763098571346,93.84381549285673,0.0125950379994747,-0.520828341483849,-0.020828341483849044,True,True,A_positive_selection,1.0,0.0,1.0,180,High-risk patients deviate more; no treatment-related deviation
2000,1023,0.5115,1.0062193923007148,0.038023829127433705,2.7352405714069623,0.8234153822849861,1.0197686362412475,1873.2152997980659,93.6607649899033,0.012670153041631734,-0.4502204900980366,0.04977950990196339,True,True,A_positive_selection,1.0,0.0,1.0,181,High-risk patients deviate more; no treatment-related deviation
2000,949,0.4745,0.9818548975143798,0.03913691369303554,2.669403121748915,0.7073367653355725,0.9672723649750234,1896.80614296214,94.840307148107,0.012248924026425969,-0.6084957667643466,-0.10849576676434658,True,True,A_positive_selection,1.0,0.0,1.0,182,High-risk patients deviate more; no treatment-related deviation
2000,995,0.4975,1.0607338724645734,0.039446975974972064,2.888489994904367,0.8515246157520787,1.054462011514619,1889.1372234436085,94.45686117218042,0.012354206716758692,-0.5818585943904402,-0.08185859439044019,True,True,A_positive_selection,1.0,0.0,1.0,183,High-risk patients deviate more; no treatment-related deviation
2000,993,0.4965,0.9600427249581346,0.03720433974892672,2.611808060429363,0.7519832840604693,0.9871604120220171,1882.288302223336,94.11441511116679,0.012511675971118097,-0.5757566485764266,-0.07575664857642661,True,True,A_positive_selection,1.0,0.0,1.0,184,High-risk patients deviate more; no treatment-related deviation
2000,1022,0.511,0.9454124174731802,0.03696907851849786,2.5738746706135327,0.7432118791635941,0.9767230938422363,1874.2871124764426,93.71435562382213,0.012632343944638472,-0.5867727082659566,-0.08677270826595662,True,True,A_positive_selection,1.0,0.0,1.0,185,High-risk patients deviate more; no treatment-related deviation
2000,998,0.499,1.0357809566782723,0.038365765174236496,2.8173055703195997,0.8249733966095105,1.0921988602444783,1882.4109853566563,94.12054926783281,0.012488240628723803,-0.33628484305273365,0.16371515694726635,True,True,A_positive_selection,1.0,0.0,1.0,186,High-risk patients deviate more; no treatment-related deviation
2000,1018,0.509,0.962264984566514,0.03662042742985962,2.6176186298925437,0.7540676882588468,1.0159552489300048,1872.1488552122871,93.60744276061436,0.012690357922828409,-0.23184336286132168,0.2681566371386783,True,True,A_positive_selection,1.0,0.0,1.0,187,High-risk patients deviate more; no treatment-related deviation
2000,1002,0.501,0.9566682481699181,0.037095275747911265,2.6030094284930216,0.7292477785481066,0.9894524012024073,1882.711040636459,94.13555203182295,0.01247648874275405,-0.6732018917934345,-0.17320189179343448,True,True,A_positive_selection,1.0,0.0,1.0,188,High-risk patients deviate more; no treatment-related deviation
2000,1009,0.5045,1.0119131910179608,0.03797385200501602,2.750858902285312,0.7847507337118547,1.0203702005811712,1879.8740309051416,93.99370154525708,0.01254437686736786,-0.2685186059418789,0.23148139405812113,True,True,A_positive_selection,1.0,0.0,1.0,189,High-risk patients deviate more; no treatment-related deviation
2000,975,0.4875,1.0485982546704826,0.03967530782715951,2.8536482251287034,0.753011583945163,1.00620342422914,1888.0531698539955,94.40265849269977,0.012398257431641599,-0.5397277683287671,-0.03972776832876712,True,True,A_positive_selection,1.0,0.0,1.0,190,High-risk patients deviate more; no treatment-related deviation
2000,1012,0.506,1.0149829523515899,0.03762562810993671,2.7593163571202113,0.7978032695465483,1.0563312093344701,1878.7224285371544,93.93612142685771,0.012560107529447471,-0.45399879812736943,0.04600120187263057,True,True,A_positive_selection,1.0,0.0,1.0,191,High-risk patients deviate more; no treatment-related deviation
2000,1009,0.5045,0.9509522254334181,0.03646846131842599,2.588173010463555,0.7720483275195051,0.9796325293118132,1877.79631705934,93.889815852967,0.012582111490241153,-0.7009485733435309,-0.2009485733435309,True,True,A_positive_selection,1.0,0.0,1.0,192,High-risk patients deviate more; no treatment-related deviation
2000,1011,0.5055,1.010388502843895,0.037821410733597675,2.74666789604919,0.8166126593280602,1.0526039982983302,1879.1856257990148,93.95928128995074,0.01256485661289369,-0.457456691004767,0.04254330899523301,True,True,A_positive_selection,1.0,0.0,1.0,193,High-risk patients deviate more; no treatment-related deviation
2000,988,0.494,0.9865985945910541,0.03844669317303316,2.682096043419698,0.7167034883698963,0.9800808751161316,1882.3797661668016,94.11898830834008,0.012487609985917927,-0.6331762579950784,-0.13317625799507837,True,True,A_positive_selection,1.0,0.0,1.0,194,High-risk patients deviate more; no treatment-related deviation
2000,1017,0.5085,1.0183223822498442,0.03855954967251306,2.7685463034637747,0.7870774383728935,1.0690718085383284,1880.4868070103087,94.02434035051543,0.012533467828029292,-0.792808209738579,-0.292808209738579,True,True,A_positive_selection,1.0,0.0,1.0,195,High-risk patients deviate more; no treatment-related deviation
2000,970,0.485,0.9908188928025472,0.03893397371698485,2.6934392074862985,0.7795110113382033,0.9901136560802948,1891.2069744261871,94.56034872130937,0.012348739306923297,-0.37366676664496484,0.12633323335503516,True,True,A_positive_selection,1.0,0.0,1.0,196,High-risk patients deviate more; no treatment-related deviation
2000,1001,0.5005,0.9770222332462404,0.03776741410223011,2.656533913991727,0.9115408614599959,1.0352328086072513,1882.2841934170754,94.11420967085377,0.012490734957784473,-0.39670490943261105,0.10329509056738895,True,True,A_positive_selection,1.0,0.0,1.0,197,High-risk patients deviate more; no treatment-related deviation
2000,1010,0.505,0.9934342227254309,0.03797299034614512,2.7004926591722946,0.8413339172302063,1.0603876925950133,1879.4499697562328,93.97249848781163,0.012561311519479984,-0.4100946308592273,0.08990536914077268,True,True,A_positive_selection,1.0,0.0,1.0,198,High-risk patients deviate more; no treatment-related deviation
2000,967,0.4835,1.0511225389773033,0.03894258631063609,2.8608607439547713,0.8165074149590817,1.0262399320886142,1890.4868551141008,94.52434275570504,0.012379771116194415,-0.6731525821054918,-0.17315258210549178,True,True,A_positive_selection,1.0,0.0,1.0,199,High-risk patients deviate more; no treatment-related deviation
2000,1030,0.515,1.0449701477117892,0.039245672183000714,2.8433136429664905,0.7930863483430677,1.0356469823649055,1868.0245653698748,93.40122826849374,0.01275693309398797,-0.6267754039107343,-0.12677540391073427,True,True,A_positive_selection,1.0,0.0,1.0,200,High-risk patients deviate more; no treatment-related deviation
2000,1025,0.5125,1.0258470054067017,0.03861303869207574,2.789457145528717,0.8164559920433336,1.0406503941373035,1873.6610807410605,93.68305403705303,0.01264305545538799,-0.695936673111038,-0.19593667311103802,True,True,A_positive_selection,1.0,0.0,1.0,201,High-risk patients deviate more; no treatment-related deviation
2000,985,0.4925,1.0057151365294168,0.03847740306146494,2.733861658254618,0.7559210318073682,1.014893650937032,1881.9139704914,94.09569852457001,0.012547399300693006,-0.6964683398987508,-0.1964683398987508,True,True,A_positive_selection,1.0,0.0,1.0,202,High-risk patients deviate more; no treatment-related deviation
2000,1016,0.508,1.0489518358691294,0.03820097297197137,2.854657399890758,0.8428717081391602,0.9938327500067756,1876.0209363284432,93.80104681642217,0.012598333035857452,-0.6562900448164736,-0.15629004481647357,True,True,A_positive_selection,1.0,0.0,1.0,203,High-risk patients deviate more; no treatment-related deviation
2000,963,0.4815,1.0174803778248585,0.03791156307140398,2.7662161563602337,0.9483193966950068,1.0755408684846284,1893.1513054638856,94.65756527319428,0.012359950945432798,-0.19535923205508143,0.30464076794491857,True,True,A_positive_selection,1.0,0.0,1.0,204,High-risk patients deviate more; no treatment-related deviation
2000,1014,0.507,1.0246114759466738,0.038370261446896106,2.786012817270604,0.76748730165471,1.0168423431550266,1876.1485290459811,93.80742645229905,0.012610137333837597,-0.34813345957357855,0.15186654042642145,True,True,A_positive_selection,1.0,0.0,1.0,205,High-risk patients deviate more; no treatment-related deviation
2000,1016,0.508,1.0399412622061386,0.03865351241643474,2.8290508372662666,0.8403211087750396,1.0356597243303458,1878.0308999901558,93.90154499950779,0.01257996186684289,-0.4813993470973017,0.0186006529026983,True,True,A_positive_selection,1.0,0.0,1.0,206,High-risk patients deviate more; no treatment-related deviation
2000,1020,0.51,1.0535543933506977,0.038073719348617745,2.867826406972805,0.8381694825046064,1.1044796188387282,1879.72245364797,93.9861226823985,0.012523448732775517,-0.44714973116837425,0.052850268831625746,True,True,A_positive_selection,1.0,0.0,1.0,207,High-risk patients deviate more; no treatment-related deviation
2000,1002,0.501,1.0121479591600582,0.03816366981865728,2.7515047921331863,0.8107099462061524,1.065026789158556,1881.8194862036169,94.09097431018084,0.012528216376613778,-0.4212333871770689,0.07876661282293113,True,True,A_positive_selection,1.0,0.0,1.0,208,High-risk patients deviate more; no treatment-related deviation
2000,980,0.49,0.9487245174269626,0.03792357071922188,2.582413734100874,0.8184797812358429,0.980932063400682,1886.5791751802117,94.32895875901058,0.01243358934019854,-0.5456003085079282,-0.04560030850792818,True,True,A_positive_selection,1.0,0.0,1.0,209,High-risk patients deviate more; no treatment-related deviation
2000,1021,0.5105,0.9944275165194307,0.037349032715433314,2.7031763744095842,0.788553431714601,1.0607726369424018,1877.1686987752787,93.85843493876393,0.01258645469725147,-0.36431864703836164,0.13568135296163836,True,True,A_positive_selection,1.0,0.0,1.0,210,High-risk patients deviate more; no treatment-related deviation
2000,936,0.468,1.0486468398307203,0.03937655229136821,2.8537868734530814,0.7568047183995824,1.0079453200017998,1901.5794486845064,95.07897243422532,0.012196089200094297,-0.754448825848328,-0.25444882584832795,True,True,A_positive_selection,1.0,0.0,1.0,211,High-risk patients deviate more; no treatment-related deviation
2000,1049,0.5245,0.9752886520380479,0.03735031786787514,2.651932586259515,0.7306421204625733,0.9878500812709485,1862.7481469599013,93.13740734799507,0.012829515936827978,-0.688398560759153,-0.18839856075915296,True,True,A_positive_selection,1.0,0.0,1.0,212,High-risk patients deviate more; no treatment-related deviation
2000,971,0.4855,1.014281444607851,0.03821936245401022,2.7573813541174146,0.8077265239581273,1.0352298912498958,1892.453895235788,94.6226947617894,0.012322501707034663,-0.5508893802016724,-0.05088938020167244,True,True,A_positive_selection,1.0,0.0,1.0,213,High-risk patients deviate more; no treatment-related deviation
2000,1007,0.5035,1.0053414852506197,0.03763814686140799,2.7328403381706172,0.7854234955025484,1.042923850275758,1881.7916992323335,94.08958496161667,0.012507755889319948,-0.4388250810296396,0.061174918970360426,True,True,A_positive_selection,1.0,0.0,1.0,214,High-risk patients deviate more; no treatment-related deviation
2000,967,0.4835,0.9746078693391251,0.038218509493926064,2.6501278108357265,0.7296551729613472,0.9542751273583474,1887.0607366950815,94.35303683475408,0.012432966935500993,-0.5270536183908694,-0.027053618390869394,True,True,A_positive_selection,1.0,0.0,1.0,215,High-risk patients deviate more; no treatment-related deviation
2000,1030,0.515,1.0292007510192118,0.037467007951609545,2.798827980106205,0.8356772386622404,1.097143034653749,1874.815846569423,93.74079232847114,0.012635836840085214,-0.6473920861505781,-0.14739208615057808,True,True,A_positive_selection,1.0,0.0,1.0,216,High-risk patients deviate more; no treatment-related deviation
2000,1019,0.5095,1.0225546352819934,0.03759247170443253,2.7802883220211956,0.7467330152078724,1.0458440200606711,1871.4438218458063,93.57219109229032,0.012682646218974363,-0.6850872865194,-0.18508728651939998,True,True,A_positive_selection,1.0,0.0,1.0,217,High-risk patients deviate more; no treatment-related deviation
2000,1003,0.5015,0.9593061766448726,0.037003118850556425,2.609885045891384,0.7560421712970862,0.9982277579783163,1879.140622500241,93.95703112501205,0.012560307510849921,-0.3483845784662357,0.15161542153376428,True,True,A_positive_selection,1.0,0.0,1.0,218,High-risk patients deviate more; no treatment-related deviation
2000,996,0.498,1.0529846293580232,0.038269328394142946,2.866192888153164,0.8496114573299037,1.0688624684105996,1881.518138764115,94.07590693820575,0.012517727434661235,-0.7504256005495051,-0.25042560054950513,True,True,A_positive_selection,1.0,0.0,1.0,219,High-risk patients deviate more; no treatment-related deviation
2000,969,0.4845,1.0046153303708731,0.03742740004536209,2.730856593163714,0.8271868486288554,1.0640549687469067,1894.5999909404882,94.7299995470244,0.012296117825446588,-0.5951481698392995,-0.09514816983929952,True,True,A_positive_selection,1.0,0.0,1.0,220,High-risk patients deviate more; no treatment-related deviation
2000,968,0.484,0.9636660030392628,0.03883794942754404,2.621288532147771,0.7147837925308929,0.9797192482429735,1893.0174039034448,94.65087019517225,0.012317053158670084,-0.29486065987806054,0.20513934012193946,True,True,A_positive_selection,1.0,0.0,1.0,221,High-risk patients deviate more; no treatment-related deviation
2000,1013,0.5065,0.9995363222167812,0.037903906497718645,2.71702171373284,0.7844926752934682,1.0151707902373268,1881.5903713575674,94.07951856787838,0.012493349131212264,-0.26569708250634705,0.23430291749365295,True,True,A_positive_selection,1.0,0.0,1.0,222,High-risk patients deviate more; no treatment-related deviation
2000,977,0.4885,1.0737634474594278,0.03896720314088469,2.926372049516326,0.8019648359774957,1.0662990154441012,1889.720610213945,94.48603051069725,0.012387053944301599,-0.511507829767361,-0.011507829767360978,True,True,A_positive_selection,1.0,0.0,1.0,223,High-risk patients deviate more; no treatment-related deviation
2000,1000,0.5,0.9745738628778878,0.03782061557587932,2.650037690899392,0.7352921317119044,0.9167118575225958,1876.0087470072435,93.80043735036217,0.012642335037108442,-0.48612354685049713,0.013876453149502865,True,True,A_positive_selection,1.0,0.0,1.0,224,High-risk patients deviate more; no treatment-related deviation
2000,1027,0.5135,0.9239242978499395,0.037121961492832665,2.5191569397964373,0.7203402401903003,0.9627702558216468,1871.5597226952407,93.57798613476203,0.012712193224702597,-0.6045561010632774,-0.1045561010632774,True,True,A_positive_selection,1.0,0.0,1.0,225,High-risk patients deviate more; no treatment-related deviation
2000,992,0.496,1.0122137196517078,0.03830527982327335,2.7516857383905857,0.7940110283150328,1.0228738396719068,1886.605685533057,94.33028427665285,0.012422695510787968,-0.19959126428769128,0.30040873571230875,True,True,A_positive_selection,1.0,0.0,1.0,226,High-risk patients deviate more; no treatment-related deviation
2000,1016,0.508,0.9788585418499514,0.03764394949821961,2.6614166117719615,0.6672331316020624,0.9347349106812378,1873.5946759381595,93.67973379690798,0.012638080371989734,-0.5221831042346884,-0.02218310423468839,True,True,A_positive_selection,1.0,0.0,1.0,227,High-risk patients deviate more; no treatment-related deviation
2000,982,0.491,0.992235885314059,0.039004816263729,2.6972584959860684,0.7450852379281924,0.9777287923016077,1886.4234200526405,94.32117100263203,0.012443035006073305,-0.7624969590269468,-0.2624969590269468,True,True,A_positive_selection,1.0,0.0,1.0,228,High-risk patients deviate more; no treatment-related deviation
2000,997,0.4985,1.0215482785099168,0.037856780699848575,2.7774917674418425,0.7850959460685761,1.028879386014956,1881.7557920411095,94.08778960205548,0.012507205740475539,-0.6494420642178215,-0.14944206421782147,True,True,A_positive_selection,1.0,0.0,1.0,229,High-risk patients deviate more; no treatment-related deviation
2000,1017,0.5085,0.991176743830642,0.036857681985355155,2.6944032299537364,0.8264041812626227,1.0842321991069273,1873.9728485390012,93.69864242695006,0.012687991139196718,-0.7213662589890475,-0.2213662589890475,True,True,A_positive_selection,1.0,0.0,1.0,230,High-risk patients deviate more; no treatment-related deviation
2000,971,0.4855,1.0208368945110067,0.03892236384263054,2.7755166068734884,0.8236031845335668,1.0547838547090886,1892.2303140489926,94.61151570244962,0.012367878261746162,-0.6115102556522349,-0.11151025565223494,True,True,A_positive_selection,1.0,0.0,1.0,231,High-risk patients deviate more; no treatment-related deviation
2000,992,0.496,0.973512419191802,0.03706873910973922,2.647226317445754,0.7710599600934692,1.0528135642837941,1884.6557634172682,94.23278817086342,0.01244510863340504,-0.5974311291340539,-0.09743112913405394,True,True,A_positive_selection,1.0,0.0,1.0,232,High-risk patients deviate more; no treatment-related deviation
2000,1008,0.504,1.0524078617801222,0.038197138800369186,2.8645402376666906,0.7986674802072563,1.0782909270570071,1878.7986556153069,93.93993278076535,0.012579070229828739,-0.3472878252954705,0.15271217470452952,True,True,A_positive_selection,1.0,0.0,1.0,233,High-risk patients deviate more; no treatment-related deviation
2000,1006,0.503,0.9704055960456741,0.03817534453299774,2.6390146162065977,0.6741210681536993,0.9657971060428163,1880.02708358249,94.00135417912449,0.012572254549858337,-0.5927310657488306,-0.09273106574883061,True,True,A_positive_selection,1.0,0.0,1.0,234,High-risk patients deviate more; no treatment-related deviation
2000,985,0.4925,0.9409323596350803,0.03745080082479802,2.5623693547050364,0.648768962298007,0.9604271662817274,1886.0223521298803,94.30111760649402,0.012458900236326235,-0.6467858223149112,-0.14678582231491122,True,True,A_positive_selection,1.0,0.0,1.0,235,High-risk patients deviate more; no treatment-related deviation
2000,1019,0.5095,0.9905795373191932,0.03850275700815479,2.692794595191727,0.7921631139146323,0.9593192107822998,1873.9842294101152,93.69921147050576,0.012663081712172619,-0.7399917320004012,-0.23999173200040125,True,True,A_positive_selection,1.0,0.0,1.0,236,High-risk patients deviate more; no treatment-related deviation
2000,1026,0.513,0.981555853348802,0.037970745174907644,2.6686049716667917,0.7439352817611905,0.9740172171654579,1874.4827791322664,93.72413895661332,0.0126036963809684,-0.6032300371104232,-0.10323003711042322,True,True,A_positive_selection,1.0,0.0,1.0,237,High-risk patients deviate more; no treatment-related deviation
2000,1034,0.517,0.9777689291754772,0.037642590762935725,2.6585182778171803,0.7536240040958719,1.0072443103619826,1863.0009545652733,93.15004772826367,0.01285287349103292,-0.5294846666018204,-0.029484666601820364,True,True,A_positive_selection,1.0,0.0,1.0,238,High-risk patients deviate more; no treatment-related deviation
2000,1036,0.518,0.9138449842386085,0.03675153722776443,2.4938931019210284,0.7716651540706753,0.9473875979425921,1868.7387838710479,93.43693919355239,0.01274014141127027,-0.41129566482642244,0.08870433517357756,True,True,A_positive_selection,1.0,0.0,1.0,239,High-risk patients deviate more; no treatment-related deviation
2000,1024,0.512,0.9897239756057635,0.038117976289256374,2.6904917284967107,0.7533773035498509,1.0270546994216299,1874.1612640943122,93.70806320471561,0.01261239361835243,-0.5247711314286253,-0.024771131428625304,True,True,A_positive_selection,1.0,0.0,1.0,240,High-risk patients deviate more; no treatment-related deviation
2000,1012,0.506,0.962355193137722,0.03743136335282403,2.617854772179983,0.7473038139668232,1.0129818441496883,1878.045962568935,93.90229812844676,0.012594822846616163,-0.5012134076891799,-0.0012134076891798795,True,True,A_positive_selection,1.0,0.0,1.0,241,High-risk patients deviate more; no treatment-related deviation
2000,995,0.4975,0.9517572449896128,0.03680698952586409,2.590257379218033,0.7985016531572893,1.0371482929920361,1887.0209742370532,94.35104871185267,0.012411234381634745,-0.7547347055978761,-0.25473470559787614,True,True,A_positive_selection,1.0,0.0,1.0,242,High-risk patients deviate more; no treatment-related deviation
2000,998,0.499,1.0071175160087975,0.03834503610319393,2.7376982593001316,0.8112525866304904,0.9645205787371373,1876.208743359777,93.81043716798884,0.01263362250589412,-0.5817496263339849,-0.08174962633398486,True,True,A_positive_selection,1.0,0.0,1.0,243,High-risk patients deviate more; no treatment-related deviation
2000,1014,0.507,1.0124099171174266,0.03803815022620476,2.7522256651233086,0.8078174246693688,1.0439822423243197,1877.3925916207845,93.86962958103922,0.01260143965009828,-0.6353779969167647,-0.13537799691676466,True,True,A_positive_selection,1.0,0.0,1.0,244,High-risk patients deviate more; no treatment-related deviation
2000,974,0.487,1.0564941922934816,0.03910052840624639,2.8762696446418667,0.783140651046415,1.0900182376388525,1886.484900918281,94.32424504591405,0.012447385538157824,-0.5871224675956934,-0.08712246759569342,True,True,A_positive_selection,1.0,0.0,1.0,245,High-risk patients deviate more; no treatment-related deviation
2000,953,0.4765,1.089494110497043,0.0395455633284942,2.9727697990610076,0.8138483786731174,1.0866533885161624,1899.636490487818,94.9818245243909,0.012182180989130808,-0.4335802880658755,0.06641971193412449,True,True,A_positive_selection,1.0,0.0,1.0,246,High-risk patients deviate more; no treatment-related deviation
2000,983,0.4915,1.0075266462902661,0.03828513379707911,2.738818563719139,0.8234786374395316,1.0195747014632432,1887.3389196215826,94.36694598107913,0.012428594808421397,-0.30983041464063465,0.19016958535936535,True,True,A_positive_selection,1.0,0.0,1.0,247,High-risk patients deviate more; no treatment-related deviation
2000,1009,0.5045,0.9811856996822295,0.03740966578073684,2.6676173605471103,0.7664949121220318,1.0591893775594392,1879.4368263738218,93.97184131869109,0.012561681721702087,-0.2998308437202379,0.20016915627976212,True,True,A_positive_selection,1.0,0.0,1.0,248,High-risk patients deviate more; no treatment-related deviation
2000,994,0.497,0.956392112829076,0.03844515141778907,2.6022907448288155,0.7215066571746351,0.9621266673372026,1884.395296261832,94.2197648130916,0.01246746730991936,-0.39490404810204427,0.10509595189795573,True,True,A_positive_selection,1.0,0.0,1.0,249,High-risk patients deviate more; no treatment-related deviation
2000,1003,0.5015,1.019835217458247,0.03755740147294324,2.772737827530923,0.8012008522199486,1.0345757665315682,1879.386734207234,93.9693367103617,0.012579978898165227,-0.5485579006466629,-0.04855790064666288,True,True,A_positive_selection,1.0,0.0,1.0,250,High-risk patients deviate more; no treatment-related deviation
2000,991,0.4955,1.0309427914391913,0.038479674689804025,2.803707900851619,0.7848598004854821,1.0672672150089926,1879.6639696317507,93.98319848158754,0.01260084948707983,-0.5549122332227593,-0.05491223322275929,True,True,A_positive_selection,1.0,0.0,1.0,251,High-risk patients deviate more; no treatment-related deviation
2000,970,0.485,0.9902227814655625,0.037588916122935544,2.6918340962992557,0.7874066249247034,1.0315826270807384,1888.8680792300358,94.4434039615018,0.01240850300372098,-0.4187962315150181,0.0812037684849819,True,True,A_positive_selection,1.0,0.0,1.0,252,High-risk patients deviate more; no treatment-related deviation
2000,1018,0.509,1.008848723875037,0.03817752798935787,2.7424418889817783,0.7950240896558178,1.067909543030231,1875.8012529502819,93.79006264751409,0.01261975311919159,-0.5660707974056075,-0.0660707974056075,True,True,A_positive_selection,1.0,0.0,1.0,253,High-risk patients deviate more; no treatment-related deviation
2000,990,0.495,0.9704724728992433,0.03720796441604584,2.6391911111022983,0.7733080931844486,1.0159591031427424,1884.17806479108,94.208903239554,0.01249521859516225,-0.5000113871492953,-1.1387149295272181e-05,True,True,A_positive_selection,1.0,0.0,1.0,254,High-risk patients deviate more; no treatment-related deviation
2000,1000,0.5,0.9457602194814456,0.03802295254325802,2.574770025087012,0.7717265356388187,0.9512324487227051,1886.4776417266933,94.32388208633466,0.012412763371693378,-0.317869488804188,0.18213051119581197,True,True,A_positive_selection,1.0,0.0,1.0,255,High-risk patients deviate more; no treatment-related deviation
2000,985,0.4925,0.993858251248633,0.03873826074037257,2.701637987895344,0.764345501356433,0.9757933794878255,1885.6648603481037,94.28324301740518,0.012470489009959593,-0.5243123905043187,-0.02431239050431866,True,True,A_positive_selection,1.0,0.0,1.0,256,High-risk patients deviate more; no treatment-related deviation
2000,999,0.4995,1.0295696575312516,0.03832079230014825,2.799860676446636,0.7623614751126504,1.030469159157685,1884.3635874530462,94.2181793726523,0.01246478784607545,-0.48679538600497185,0.013204613995028147,True,True,A_positive_selection,1.0,0.0,1.0,257,High-risk patients deviate more; no treatment-related deviation
2000,1021,0.5105,1.0201011610187039,0.03742964863150784,2.7734753173619793,0.8009952520382312,1.0188041475638248,1875.6844006971346,93.78422003485673,0.012614185042195043,-0.6560674919362854,-0.15606749193628544,True,True,A_positive_selection,1.0,0.0,1.0,258,High-risk patients deviate more; no treatment-related deviation
2000,1017,0.5085,0.9795510324136582,0.0377330398702801,2.663260255941126,0.767749467622411,0.9873194587428272,1872.0898310053285,93.60449155026642,0.01271698733426438,-0.26925644923382136,0.23074355076617864,True,True,A_positive_selection,1.0,0.0,1.0,259,High-risk patients deviate more; no treatment-related deviation
2000,1005,0.5025,1.001846285638309,0.038987627618544594,2.723305189012071,0.7578593731580525,0.9830627087259064,1881.0267696384112,94.05133848192057,0.012538677234051672,-0.40668848938863117,0.09331151061136883,True,True,A_positive_selection,1.0,0.0,1.0,260,High-risk patients deviate more; no treatment-related deviation
2000,968,0.484,1.0661161428403125,0.03963843263974565,2.904078542291141,0.7226322802492227,1.012171651463826,1889.0524282799238,94.4526214139962,0.012400479174803188,-0.5587848591150271,-0.058784859115027066,True,True,A_positive_selection,1.0,0.0,1.0,261,High-risk patients deviate more; no treatment-related deviation
2000,937,0.4685,1.051454563754037,0.03901464737366218,2.861810778313294,0.7431567722090708,1.0062114637456656,1901.8856278773899,95.0942813938695,0.012148035819991512,-0.5210543150311941,-0.02105431503119415,True,True,A_positive_selection,1.0,0.0,1.0,262,High-risk patients deviate more; no treatment-related deviation
2000,1002,0.501,1.0422899464411863,0.03941908038350989,2.83570319345191,0.8273675902741092,1.01651994409737,1879.4328848840403,93.97164424420203,0.012559720352025813,-0.5156588751814623,-0.01565887518146225,True,True,A_positive_selection,1.0,0.0,1.0,263,High-risk patients deviate more; no treatment-related deviation
2000,947,0.4735,1.0933617551489625,0.039807218852446195,2.98428967931719,0.8191786891295163,1.0399745017090978,1896.9407988913783,94.8470399445689,0.01226479186859125,-0.5663766049392001,-0.06637660493920006,True,True,A_positive_selection,1.0,0.0,1.0,264,High-risk patients deviate more; no treatment-related deviation
2000,953,0.4765,0.9658663496027023,0.03819288831319899,2.627062625534919,0.79778306736577,0.9923868207295441,1897.635872680335,94.88179363401674,0.012239611333136854,-0.6222106084899487,-0.12221060848994869,True,True,A_positive_selection,1.0,0.0,1.0,265,High-risk patients deviate more; no treatment-related deviation
2000,1026,0.513,0.9511129487641404,0.03659264497759817,2.588589023680902,0.7681712802084653,1.0010298178261334,1873.0928638545342,93.65464319272671,0.012652878483764047,-0.5084338423963258,-0.00843384239632583,True,True,A_positive_selection,1.0,0.0,1.0,266,High-risk patients deviate more; no treatment-related deviation
2000,978,0.489,1.006993682507949,0.038975177104915146,2.7373592615304894,0.7641671601289591,0.990737110599837,1890.0881560887997,94.50440780443998,0.012354511374496774,-0.5475541358965682,-0.047554135896568206,True,True,A_positive_selection,1.0,0.0,1.0,267,High-risk patients deviate more; no treatment-related deviation
2000,980,0.49,1.029533212608157,0.03928626400222668,2.799758637599017,0.7568620299311266,1.0511771153877358,1890.7564222041935,94.53782111020968,0.012364324368176095,-0.6281213881923311,-0.1281213881923311,True,True,A_positive_selection,1.0,0.0,1.0,268,High-risk patients deviate more; no treatment-related deviation
2000,980,0.49,1.0364043970839483,0.039729989298686444,2.819062540073333,0.7678053363393637,1.0123907368118503,1890.3316797617404,94.51658398808702,0.012379354730020697,-0.4673997838814895,0.032600216118510494,True,True,A_positive_selection,1.0,0.0,1.0,269,High-risk patients deviate more; no treatment-related deviation
2000,994,0.497,1.0415007095235496,0.03835303085309158,2.8334660347444247,0.7962793703986839,1.019574553124356,1882.6853792594889,94.13426896297445,0.01251228395197951,-0.38586879792910816,0.11413120207089184,True,True,A_positive_selection,1.0,0.0,1.0,270,High-risk patients deviate more; no treatment-related deviation
2000,964,0.482,0.9476592557865351,0.03869618964218929,2.5796642525288536,0.7066828249901699,0.9079119511235499,1891.2116185337902,94.56058092668951,0.012379722255527078,-0.6862240916628141,-0.18622409166281406,True,True,A_positive_selection,1.0,0.0,1.0,271,High-risk patients deviate more; no treatment-related deviation
2000,992,0.496,1.0567395288371535,0.037608352132893916,2.876975385263594,0.799009974011343,1.1246647864747723,1883.4633407611661,94.17316703805831,0.012515891598011869,-0.4061057284674313,0.09389427153256868,True,True,A_positive_selection,1.0,0.0,1.0,272,High-risk patients deviate more; no treatment-related deviation
2000,1019,0.5095,1.0412484835340832,0.038281099223622904,2.832751451092265,0.842379081593475,1.084484055352122,1875.4556689640663,93.77278344820331,0.012614460584256366,-0.5848205649123428,-0.0848205649123428,True,True,A_positive_selection,1.0,0.0,1.0,273,High-risk patients deviate more; no treatment-related deviation
2000,1002,0.501,1.0623604550577486,0.039409050519290285,2.8931921856647165,0.8437368918367376,1.0784176405151569,1885.0425996536028,94.25212998268015,0.01242292247406853,-0.40093124167416355,0.09906875832583645,True,True,A_positive_selection,1.0,0.0,1.0,274,High-risk patients deviate more; no treatment-related deviation
2000,996,0.498,0.9074864945523542,0.036895482741651386,2.4780860162067704,0.6686864831048329,0.908907321977399,1876.2091352203786,93.81045676101893,0.01265751075626517,-0.4593741283217515,0.04062587167824849,True,True,A_positive_selection,1.0,0.0,1.0,275,High-risk patients deviate more; no treatment-related deviation
2000,1002,0.501,0.9735061831415864,0.03779778128993721,2.6472098092609793,0.6891174743909134,0.9212076356437238,1881.656610329457,94.08283051647285,0.012519305779759073,-0.6277905073252198,-0.1277905073252198,True,True,A_positive_selection,1.0,0.0,1.0,276,High-risk patients deviate more; no treatment-related deviation
2000,965,0.4825,0.935110859969066,0.03835162666217081,2.5474958573972564,0.6677043105172602,0.9137421008785462,1888.5292642985453,94.42646321492727,0.012402507338306076,-0.7664968126392644,-0.2664968126392644,True,True,A_positive_selection,1.0,0.0,1.0,277,High-risk patients deviate more; no treatment-related deviation
2000,1041,0.5205,0.9269870772417123,0.03648120435949578,2.526884389452379,0.7889693611416464,1.0325402964885968,1868.540458137982,93.42702290689908,0.012719067352130098,-0.5396293572926705,-0.039629357292670475,True,True,A_positive_selection,1.0,0.0,1.0,278,High-risk patients deviate more; no treatment-related deviation
2000,982,0.491,1.0025539319578587,0.038579237015587915,2.7252330079326197,0.8164056635151231,1.0117883470144473,1884.2771806581918,94.2138590329096,0.012484551531754299,-0.4211269139325509,0.07887308606744908,True,True,A_positive_selection,1.0,0.0,1.0,279,High-risk patients deviate more; no treatment-related deviation
2000,974,0.487,1.0229475204874716,0.03924202074478411,2.7813808707789494,0.8150008971138841,1.018789687511171,1890.834034994855,94.54170174974276,0.01236967636711618,-0.342215126239996,0.157784873760004,True,True,A_positive_selection,1.0,0.0,1.0,280,High-risk patients deviate more; no treatment-related deviation
2000,952,0.476,1.0277645360327639,0.039034347074020065,2.794811146625373,0.7403044178830019,0.9720250382291283,1895.7558088605788,94.78779044302894,0.012290265780659799,-0.6028827030110885,-0.10288270301108848,True,True,A_positive_selection,1.0,0.0,1.0,281,High-risk patients deviate more; no treatment-related deviation
2000,982,0.491,1.0133392151577487,0.037748064721399445,2.7547844918125968,0.7978964528613394,1.04663351077976,1885.9795438452952,94.29897719226476,0.012431801429439407,-0.6349983892553185,-0.13499838925531848,True,True,A_positive_selection,1.0,0.0,1.0,282,High-risk patients deviate more; no treatment-related deviation
2000,1001,0.5005,1.0038566289786088,0.03834758996914429,2.7287854742441597,0.7376303371734041,0.980355851690443,1878.2035405504992,93.91017702752495,0.012615291037901124,-0.19244867802544016,0.3075513219745598,True,True,A_positive_selection,1.0,0.0,1.0,283,High-risk patients deviate more; no treatment-related deviation
2000,955,0.4775,1.0106287347417957,0.03863728706093817,2.7473278125540843,0.7679176272473948,1.0353035672269655,1896.975312458251,94.84876562291254,0.012259106970176525,-0.27409462392289147,0.22590537607710853,True,True,A_positive_selection,1.0,0.0,1.0,284,High-risk patients deviate more; no treatment-related deviation
2000,981,0.4905,0.9786260968704976,0.03807220322050863,2.660798050735809,0.77678464364053,1.004160694051504,1889.2475985005133,94.46237992502567,0.012387121613666395,-0.7284548758822109,-0.22845487588221092,True,True,A_positive_selection,1.0,0.0,1.0,285,High-risk patients deviate more; no treatment-related deviation
2000,980,0.49,1.0034116125040455,0.03805104802629814,2.7275713899163723,0.7786308730189104,1.002336233860753,1886.3917644320125,94.31958822160063,0.012447472387041664,-0.5286835649189205,-0.028683564918920545,True,True,A_positive_selection,1.0,0.0,1.0,286,High-risk patients deviate more; no treatment-related deviation
2000,1001,0.5005,1.0515738851069536,0.038065134690842675,2.8621522738206018,0.8925763293299235,1.1021437166155958,1881.1517794333129,94.05758897166564,0.012523321707413406,-0.41890775361162624,0.08109224638837376,True,True,A_positive_selection,1.0,0.0,1.0,287,High-risk patients deviate more; no treatment-related deviation
2000,1027,0.5135,0.9588502100860645,0.03634471093971729,2.6086952968516246,0.7444764297262827,0.9977487636457596,1870.9587489720964,93.54793744860481,0.012716783842726672,-0.544151992406173,-0.04415199240617296,True,True,A_positive_selection,1.0,0.0,1.0,288,High-risk patients deviate more; no treatment-related deviation
2000,974,0.487,0.947387805591687,0.037858056030170215,2.5789640971978116,0.7041987304671881,0.9823327421816314,1894.7901761340745,94.73950880670372,0.012260823455699626,-0.49130095297634946,0.008699047023650541,True,True,A_positive_selection,1.0,0.0,1.0,289,High-risk patients deviate more; no treatment-related deviation
2000,986,0.493,1.0047762480344613,0.03789220550826108,2.7312960715852523,0.7849821822733578,1.0332530895825487,1889.0769500165777,94.45384750082889,0.012375217226458119,-0.35942794053998417,0.14057205946001583,True,True,A_positive_selection,1.0,0.0,1.0,290,High-risk patients deviate more; no treatment-related deviation
2000,979,0.4895,1.0058845535338974,0.03815882311602305,2.734324860143454,0.7246762329378993,1.0377170909509543,1885.496092864033,94.27480464320166,0.012476956861966893,-0.5880968571556359,-0.08809685715563587,True,True,A_positive_selection,1.0,0.0,1.0,291,High-risk patients deviate more; no treatment-related deviation
2000,994,0.497,0.9672558085866251,0.03710267842580901,2.6307153583748635,0.8412632229587226,1.008596485866845,1887.3405036721192,94.36702518360596,0.012424059917752927,-0.57825837288672,-0.07825837288672,True,True,A_positive_selection,1.0,0.0,1.0,292,High-risk patients deviate more; no treatment-related deviation
2000,978,0.489,1.017399905338261,0.03821409024387788,2.7659935610241857,0.7585381375048419,1.0415667015510648,1884.495968653671,94.22479843268356,0.012488492134710422,-0.44661820480729186,0.05338179519270814,True,True,A_positive_selection,1.0,0.0,1.0,293,High-risk patients deviate more; no treatment-related deviation
2000,1025,0.5125,0.9548514803073325,0.03703450677604913,2.59828465782265,0.77290699952932,1.0127270998267697,1872.6334871598494,93.63167435799247,0.01265927742742765,-0.6155785288643868,-0.1155785288643868,True,True,A_positive_selection,1.0,0.0,1.0,294,High-risk patients deviate more; no treatment-related deviation
2000,1007,0.5035,1.0847784604430857,0.03823606560782748,2.958784258372291,0.814627434865579,1.0669903990445735,1876.5327703821786,93.82663851910894,0.012597599874953819,-0.3743468008275668,0.12565319917243323,True,True,A_positive_selection,1.0,0.0,1.0,295,High-risk patients deviate more; no treatment-related deviation
2000,1008,0.504,0.9861736907156258,0.03828289366153212,2.680956652499529,0.7947919843366453,1.0138912198430288,1880.1042968571705,94.00521484285852,0.012528504459416135,-0.7329063284494733,-0.23290632844947334,True,True,A_positive_selection,1.0,0.0,1.0,296,High-risk patients deviate more; no treatment-related deviation
2000,983,0.4915,1.0017774483370707,0.03831109252106984,2.723117730484555,0.7673351232776163,0.9849429534921811,1890.7017015515096,94.53508507757547,0.012351612293654415,-0.5320265809749506,-0.03202658097495059,True,True,A_positive_selection,1.0,0.0,1.0,297,High-risk patients deviate more; no treatment-related deviation
2000,1015,0.5075,1.0379589973558165,0.03841399419652961,2.8234484637603043,0.7905769535296863,1.0368089130394658,1870.7412051874899,93.5370602593745,0.012702286741117376,-0.30746964879315547,0.19253035120684453,True,True,A_positive_selection,1.0,0.0,1.0,298,High-risk patients deviate more; no treatment-related deviation
2000,1030,0.515,1.0076488836937334,0.03801148974407435,2.73915337025146,0.7357608162983695,1.0209925733591165,1869.5351542647172,93.47675771323586,0.012695076160731034,-0.42727674533917503,0.07272325466082497,True,True,A_positive_selection,1.0,0.0,1.0,299,High-risk patients deviate more; no treatment-related deviation
2000,978,0.489,1.018908221751038,0.03775843583051136,2.7701687024355284,0.8113664245313074,1.0562530977159355,1886.5400637153664,94.32700318576832,0.012426834567802024,-0.5110106807186845,-0.011010680718684496,True,True,A_positive_selection,1.0,0.0,1.0,300,High-risk patients deviate more; no treatment-related deviation
2000,1007,0.5035,0.898935013061544,0.036591806286803294,2.4569850603122076,0.6606693371123341,0.8952024563591628,1875.8977636760308,93.79488818380153,0.012625031200661472,-0.4393117055271353,0.06068829447286472,True,True,A_positive_selection,1.0,0.0,1.0,301,High-risk patients deviate more; no treatment-related deviation
2000,996,0.498,0.9135740006308837,0.037761536213209095,2.4932173893286427,0.6870802208010783,0.9309287704737794,1881.9160001383455,94.09580000691727,0.012515599459487584,-0.5721686801776862,-0.07216868017768618,True,True,A_positive_selection,1.0,0.0,1.0,302,High-risk patients deviate more; no treatment-related deviation
2000,995,0.4975,1.0509182296087585,0.039254584035944326,2.8602763030080927,0.78137167945927,0.9867302450630588,1884.2294419401287,94.21147209700644,0.012469430243548112,-0.48383622853282066,0.016163771467179344,True,True,A_positive_selection,1.0,0.0,1.0,303,High-risk patients deviate more; no treatment-related deviation
2000,959,0.4795,0.9966888371301033,0.038400170239165796,2.7092960395139567,0.7998937805258034,1.048242891064348,1896.3797482666919,94.81898741333458,0.012275046771333465,-0.4182420896306191,0.0817579103693809,True,True,A_positive_selection,1.0,0.0,1.0,304,High-risk patients deviate more; no treatment-related deviation
2000,975,0.4875,1.0498363592628541,0.0378687527752705,2.8571835281871176,0.862627613449365,1.1161685904403917,1891.434051838352,94.5717025919176,0.012345098384365085,-0.4315631249279448,0.0684368750720552,True,True,A_positive_selection,1.0,0.0,1.0,305,High-risk patients deviate more; no treatment-related deviation
2000,983,0.4915,0.9994054843578484,0.03811570217340686,2.716666247683856,0.7243856882288118,0.9707365180660096,1885.9691596131252,94.29845798065625,0.012448233821096293,-0.5774447755914636,-0.07744477559146357,True,True,A_positive_selection,1.0,0.0,1.0,306,High-risk patients deviate more; no treatment-related deviation
2000,1035,0.5175,1.0176600177604114,0.038083647749710604,2.7667131238885587,0.7607840064582122,1.0549617855836562,1871.6995449990848,93.58497724995425,0.012671747125241604,-0.5214315917910206,-0.02143159179102061,True,True,A_positive_selection,1.0,0.0,1.0,307,High-risk patients deviate more; no treatment-related deviation
2000,972,0.486,0.9922564975212905,0.038526529237541324,2.697314093010131,0.7797650929830675,1.0070091928924385,1888.7729438151744,94.43864719075872,0.012404542024092358,-0.40110240654679064,0.09889759345320936,True,True,A_positive_selection,1.0,0.0,1.0,308,High-risk patients deviate more; no treatment-related deviation
2000,1001,0.5005,1.0653521872285845,0.03875023129488144,2.9018608024271275,0.7950496820242707,1.093233157230701,1882.1504929696575,94.10752464848288,0.012476670365736402,-0.39393176119462464,0.10606823880537536,True,True,A_positive_selection,1.0,0.0,1.0,309,High-risk patients deviate more; no treatment-related deviation
2000,972,0.486,1.050674265818424,0.03841839484195171,2.859578584272321,0.7952097003343016,1.0916509281044806,1890.3230413826175,94.51615206913087,0.01237843259629389,-0.35939145595907107,0.14060854404092893,True,True,A_positive_selection,1.0,0.0,1.0,310,High-risk patients deviate more; no treatment-related deviation
2000,987,0.4935,1.0326344277776378,0.03738480904485432,2.808454768874326,0.8321968408969043,1.06314893050917,1889.604006806594,94.4802003403297,0.012359333689342425,-0.39337068247716606,0.10662931752283394,True,True,A_positive_selection,1.0,0.0,1.0,311,High-risk patients deviate more; no treatment-related deviation
2000,995,0.4975,1.0041180919151869,0.03727394988707599,2.7294990437894766,0.8370954192983797,1.0961552564231396,1884.3463766124314,94.21731883062158,0.012470134770325124,-0.5284514796139178,-0.028451479613917807,True,True,A_positive_selection,1.0,0.0,1.0,312,High-risk patients deviate more; no treatment-related deviation
2000,991,0.4955,0.946741782213898,0.037985784620586986,2.577298564145113,0.7228112304526703,0.9326167808043254,1883.3243924823455,94.16621962411728,0.01250982155638907,-0.6957637468091824,-0.1957637468091824,True,True,A_positive_selection,1.0,0.0,1.0,313,High-risk patients deviate more; no treatment-related deviation
2000,1032,0.516,1.0270948377627502,0.03694453982448556,2.792940093026072,0.8418684142448647,1.1115909143505964,1874.9128766825743,93.74564383412871,0.012612858444285393,-0.6278074409957433,-0.12780744099574326,True,True,A_positive_selection,1.0,0.0,1.0,314,High-risk patients deviate more; no treatment-related deviation
2000,973,0.4865,1.0032726529226381,0.03810435562023472,2.7271923940709324,0.7839176010436156,0.9828875108884066,1890.3579611404175,94.51789805702089,0.012370899758073645,-0.34784114615867734,0.15215885384132266,True,True,A_positive_selection,1.0,0.0,1.0,315,High-risk patients deviate more; no treatment-related deviation
2000,1005,0.5025,1.016526676356731,0.03848507052648929,2.76357926955203,0.7761231694696822,1.0291582172061466,1880.840182985227,94.04200914926136,0.01252942571470989,-0.29863728218979907,0.20136271781020093,True,True,A_positive_selection,1.0,0.0,1.0,316,High-risk patients deviate more; no treatment-related deviation
2000,983,0.4915,0.962780975256947,0.037607745461255955,2.6189696452623736,0.8047769811541511,0.9988825923508764,1884.9773360067354,94.24886680033677,0.012500802613768168,-0.4100523587557909,0.08994764124420912,True,True,A_positive_selection,1.0,0.0,1.0,317,High-risk patients deviate more; no treatment-related deviation
2000,980,0.49,0.9516406024371625,0.03810311727032377,2.5899552626059865,0.7998409172065698,1.003407993727691,1882.9924343268465,94.14962171634232,0.01253696310465056,-0.8074704366251808,-0.3074704366251808,True,True,A_positive_selection,1.0,0.0,1.0,318,High-risk patients deviate more; no treatment-related deviation
2000,988,0.494,0.9812913267111745,0.03715912591419033,2.667899147925187,0.783490686217582,1.0269172363287709,1884.6621518176612,94.23310759088305,0.012461752975593675,-0.6195465826115927,-0.11954658261159268,True,True,A_positive_selection,1.0,0.0,1.0,319,High-risk patients deviate more; no treatment-related deviation
2000,1036,0.518,0.9100632640625517,0.036417534130066466,2.4844797066926256,0.737587598360994,0.9551674952843181,1868.7480479091284,93.43740239545642,0.012732627010928319,-0.5849898682111144,-0.08498986821111443,True,True,A_positive_selection,1.0,0.0,1.0,320,High-risk patients deviate more; no treatment-related deviation
2000,972,0.486,0.9584695170119094,0.037392284514002304,2.6077023736310205,0.7341725857907268,0.9999246593139175,1892.1427536900603,94.60713768450302,0.012336303988176455,-0.6783115862986583,-0.1783115862986583,True,True,A_positive_selection,1.0,0.0,1.0,321,High-risk patients deviate more; no treatment-related deviation
2000,1013,0.5065,1.0227953248961896,0.03750209385004124,2.780957589084362,0.8030224612730024,1.0608512666514498,1875.1089074082631,93.75544537041316,0.01263770408287263,-0.6460405081244087,-0.14604050812440872,True,True,A_positive_selection,1.0,0.0,1.0,322,High-risk patients deviate more; no treatment-related deviation
2000,972,0.486,1.017383602384838,0.037960323940629245,2.7659484675275716,0.8433613947150972,1.0450926238242277,1889.2536590077552,94.46268295038777,0.012389987399145702,-0.28732124776827556,0.21267875223172444,True,True,A_positive_selection,1.0,0.0,1.0,323,High-risk patients deviate more; no treatment-related deviation
2000,946,0.473,1.0177978994722578,0.039676255636022235,2.767094629330976,0.7578516473080107,1.0149316650996616,1894.6767364258717,94.7338368212936,0.012299151058060865,-0.28635199696058283,0.21364800303941717,True,True,A_positive_selection,1.0,0.0,1.0,324,High-risk patients deviate more; no treatment-related deviation
2000,994,0.497,1.0918251986312228,0.03939474538209113,2.9797076707187125,0.7566066940090947,1.0667749095690713,1883.9641649016692,94.19820824508346,0.01248335243365104,-0.5665692105024309,-0.06656921050243092,True,True,A_positive_selection,1.0,0.0,1.0,325,High-risk patients deviate more; no treatment-related deviation
2000,966,0.483,1.0334402338786066,0.03848745291601038,2.8107187509041416,0.7645307746715427,1.0043834636376405,1887.782578038258,94.3891289019129,0.012420642376007795,-0.4798575231905549,0.020142476809445087,True,True,A_positive_selection,1.0,0.0,1.0,326,High-risk patients deviate more; no treatment-related deviation
2000,1000,0.5,1.021685307090888,0.03908675318443801,2.777872389274833,0.7513302698310643,0.9994082446331914,1881.3046108927965,94.06523054463982,0.012515336870110721,-0.7090509596546434,-0.20905095965464338,True,True,A_positive_selection,1.0,0.0,1.0,327,High-risk patients deviate more; no treatment-related deviation
2000,971,0.4855,0.9605204540024513,0.03961369425643835,2.6130560950854766,0.6759425233547467,0.8866722610625113,1887.78457462757,94.38922873137851,0.012422482792424945,-0.6866158311257576,-0.18661583112575764,True,True,A_positive_selection,1.0,0.0,1.0,328,High-risk patients deviate more; no treatment-related deviation
2000,1021,0.5105,1.0144326069891287,0.03822880144895889,2.7577981979537536,0.8134417954497755,1.0179374046660492,1872.9574269511686,93.64787134755842,0.012680906657025233,-0.6697548483834689,-0.16975484838346888,True,True,A_positive_selection,1.0,0.0,1.0,329,High-risk patients deviate more; no treatment-related deviation
2000,993,0.4965,0.9510670936681022,0.03758810181904416,2.588470326404076,0.7499639467273567,0.994286045117402,1879.9177202044366,93.99588601022184,0.012555571235477583,-0.5673879750169921,-0.06738797501699212,True,True,A_positive_selection,1.0,0.0,1.0,330,High-risk patients deviate more; no treatment-related deviation
2000,994,0.497,1.0142175489565646,0.03749884986279581,2.757205175068546,0.8172876677772816,1.0649340421531188,1884.9656509922243,94.2482825496112,0.012439787682992587,-0.5978696652232104,-0.09786966522321039,True,True,A_positive_selection,1.0,0.0,1.0,331,High-risk patients deviate more; no treatment-related deviation
2000,1016,0.508,0.9472338311869138,0.03718368328269781,2.578567033305637,0.7709464990606587,0.9642383126630605,1876.2201407985558,93.81100703992779,0.01257116640351919,-0.5641109335937579,-0.06411093359375786,True,True,A_positive_selection,1.0,0.0,1.0,332,High-risk patients deviate more; no treatment-related deviation
2000,963,0.4815,1.034051950394047,0.03935521873327317,2.8124386399729704,0.7856154733264932,1.0314519911842874,1894.0151868128737,94.70075934064369,0.012320330043504796,-0.4393113742003873,0.060688625799612705,True,True,A_positive_selection,1.0,0.0,1.0,333,High-risk patients deviate more; no treatment-related deviation
2000,978,0.489,1.0600951032684809,0.038208873829286824,2.886645505636581,0.8048366439407217,1.1028518883107612,1890.3139674315298,94.51569837157649,0.012387396518256485,-0.5908482257458273,-0.0908482257458273,True,True,A_positive_selection,1.0,0.0,1.0,334,High-risk patients deviate more; no treatment-related deviation
2000,956,0.478,1.098075162109083,0.039344721631365716,2.998389053002859,0.8227410670502104,1.0869970097652932,1899.8281741402877,94.99140870701439,0.01219697079159684,-0.25860858635879463,0.24139141364120537,True,True,A_positive_selection,1.0,0.0,1.0,335,High-risk patients deviate more; no treatment-related deviation
2000,979,0.4895,1.0713546075813405,0.03907506754222124,2.9193313711631905,0.7813855442134972,1.0872405765494202,1888.005102091952,94.4002551045976,0.012401922171145585,-0.5301032692711142,-0.030103269271114175,True,True,A_positive_selection,1.0,0.0,1.0,336,High-risk patients deviate more; no treatment-related deviation
2000,1013,0.5065,0.9380996703993293,0.03744452446017559,2.555121229306,0.7551731630581454,0.9952322185326985,1876.6505840399625,93.83252920199813,0.012597372319764877,-0.445468342206698,0.05453165779330199,True,True,A_positive_selection,1.0,0.0,1.0,337,High-risk patients deviate more; no treatment-related deviation
2000,976,0.488,1.0672996873848541,0.0389832173447649,2.9075176833936793,0.7879084299461084,1.0442802725064697,1883.4888169821152,94.17444084910575,0.012495808130934856,-0.6065672188527421,-0.10656721885274212,True,True,A_positive_selection,1.0,0.0,1.0,338,High-risk patients deviate more; no treatment-related deviation
2000,970,0.485,1.0829601460941807,0.04041396922908296,2.953409146802189,0.8163133585779306,1.0862759308401695,1891.0009003316236,94.55004501658118,0.012342834196235018,-0.6095437833609204,-0.10954378336092041,True,True,A_positive_selection,1.0,0.0,1.0,339,High-risk patients deviate more; no treatment-related deviation
2000,972,0.486,1.0066697865810494,0.038050010590433475,2.7364727855859425,0.816727411376699,1.0436414998168453,1893.024094282819,94.65120471414096,0.012284501384564099,-0.47051420892919504,0.029485791070804956,True,True,A_positive_selection,1.0,0.0,1.0,340,High-risk patients deviate more; no treatment-related deviation
2000,962,0.481,1.0698614820424583,0.03974823652740609,2.9149756955309303,0.8392875702827461,1.066309480535433,1895.7311358529605,94.78655679264803,0.012257187497470368,-0.39937039164772975,0.10062960835227025,True,True,A_positive_selection,1.0,0.0,1.0,341,High-risk patients deviate more; no treatment-related deviation
2000,989,0.4945,1.0073136609261246,0.03929994102989266,2.7382352975658097,0.7615651585190432,0.9578828222402258,1883.9773871561313,94.19886935780656,0.012485303162181053,-0.32895031877492364,0.17104968122507636,True,True,A_positive_selection,1.0,0.0,1.0,342,High-risk patients deviate more; no treatment-related deviation
2000,991,0.4955,0.9715989740458498,0.037230290312732325,2.6421658381171866,0.7579238564179042,1.0180688790965426,1885.6962178133488,94.28481089066743,0.012438262723153204,-0.5134339960734887,-0.013433996073488719,True,True,A_positive_selection,1.0,0.0,1.0,343,High-risk patients deviate more; no treatment-related deviation
2000,998,0.499,0.9923517855288606,0.03721124006186905,2.697571126941776,0.7380648976347234,1.0221341952116738,1884.9464593255548,94.24732296627775,0.012482238812953348,-0.4039177336711883,0.09608226632881173,True,True,A_positive_selection,1.0,0.0,1.0,344,High-risk patients deviate more; no treatment-related deviation
2000,977,0.4885,0.9960868090757258,0.03729194917532326,2.707665458167662,0.7343004203672517,1.011496233560395,1887.9923366188918,94.3996168309446,0.012414617332655758,-0.4745517076486508,0.02544829235134921,True,True,A_positive_selection,1.0,0.0,1.0,345,High-risk patients deviate more; no treatment-related deviation
2000,996,0.498,1.0289420951328814,0.03827778956166342,2.798104140391061,0.7625781026996423,1.0598052249192706,1879.9434027273114,93.99717013636557,0.012571051422080834,-0.5920053843277878,-0.09200538432778782,True,True,A_positive_selection,1.0,0.0,1.0,346,High-risk patients deviate more; no treatment-related deviation
2000,1001,0.5005,1.0160614514109232,0.03774630592760613,2.7622938825563477,0.7653681928080345,1.0074859238598246,1881.5609300889867,94.07804650444933,0.012511785588687757,-0.41272359225206795,0.08727640774793205,True,True,A_positive_selection,1.0,0.0,1.0,347,High-risk patients deviate more; no treatment-related deviation
2000,979,0.4895,0.9917556646756522,0.03746905727022605,2.6959635277493006,0.8188392554778599,1.0300685836900807,1889.2674304968764,94.46337152484382,0.01238607650626339,-0.4680869273220615,0.031913072677938525,True,True,A_positive_selection,1.0,0.0,1.0,348,High-risk patients deviate more; no treatment-related deviation
2000,974,0.487,0.9667248308765789,0.038010836840919576,2.6293188779408916,0.77483107030543,0.9932485335171449,1889.496625941921,94.47483129709605,0.012378581554499743,-0.378997322856095,0.121002677143905,True,True,A_positive_selection,1.0,0.0,1.0,349,High-risk patients deviate more; no treatment-related deviation
2000,1008,0.504,0.9968014309764468,0.03793597491825129,2.7096011067499535,0.7656709368493537,0.999090051816086,1878.0660966707856,93.90330483353928,0.012584101233366852,-0.2289475766629558,0.2710524233370442,True,True,A_positive_selection,1.0,0.0,1.0,350,High-risk patients deviate more; no treatment-related deviation
2000,956,0.478,1.0146498604099314,0.03841329796744862,2.758397404133582,0.8100823632788646,1.0380406366789663,1894.461450181413,94.72307250907066,0.012297085708438314,-0.43993314068211226,0.060066859317887744,True,True,A_positive_selection,1.0,0.0,1.0,351,High-risk patients deviate more; no treatment-related deviation
2000,986,0.493,1.0314035508343364,0.03889115325326522,2.805000033266394,0.7033104280710013,1.000610408756175,1880.961639783602,94.0480819891801,0.012546253392241821,-0.2601500811885235,0.2398499188114765,True,True,A_positive_selection,1.0,0.0,1.0,352,High-risk patients deviate more; no treatment-related deviation
2000,982,0.491,0.9914733425576783,0.03780842075631873,2.695202505047991,0.7911045067245468,1.0012754499145484,1883.1944147076583,94.15972073538292,0.012529876468855916,-0.55035156788165,-0.05035156788164996,True,True,A_positive_selection,1.0,0.0,1.0,353,High-risk patients deviate more; no treatment-related deviation
2000,1008,0.504,1.0329197057741066,0.03780153403269193,2.809256073515821,0.8304918263578247,1.056152685320118,1880.0389641150714,94.00194820575356,0.012568093139685103,-0.22058655765720644,0.2794134423427935,True,True,A_positive_selection,1.0,0.0,1.0,354,High-risk patients deviate more; no treatment-related deviation
2000,960,0.48,0.9615866697521991,0.037755864817908096,2.61584366245907,0.7801719550582185,0.9813128679571825,1898.3441219530816,94.91720609765409,0.012213681265787061,-0.649197109167513,-0.14919710916751305,True,True,A_positive_selection,1.0,0.0,1.0,355,High-risk patients deviate more; no treatment-related deviation
2000,998,0.499,1.0300738930928883,0.038606936361493635,2.801272821764352,0.8460111173979636,1.0582731806513521,1881.5834226787135,94.07917113393567,0.012538686570667921,-0.4320962093965163,0.06790379060348373,True,True,A_positive_selection,1.0,0.0,1.0,356,High-risk patients deviate more; no treatment-related deviation
2000,1036,0.518,0.9755970517959606,0.03770908773637919,2.6527505677532823,0.7242120733870154,0.9705219138938475,1865.7167273092148,93.28583636546074,0.012802782609603635,-0.3986083078169602,0.10139169218303978,True,True,A_positive_selection,1.0,0.0,1.0,357,High-risk patients deviate more; no treatment-related deviation
2000,1011,0.5055,1.0158726401449545,0.03785778978306512,2.7617723795857723,0.7776821205489057,0.9550604201565839,1877.501193489514,93.87505967447571,0.012599871086542412,-0.37676701421938624,0.12323298578061376,True,True,A_positive_selection,1.0,0.0,1.0,358,High-risk patients deviate more; no treatment-related deviation
2000,969,0.4845,1.0507614976592214,0.03941624123976442,2.8598280414562787,0.8165191098498917,0.9992372918461732,1893.1572226465146,94.65786113232573,0.01232351560292079,-0.3696390968209061,0.13036090317909388,True,True,A_positive_selection,1.0,0.0,1.0,359,High-risk patients deviate more; no treatment-related deviation
2000,1000,0.5,1.0176655736704843,0.03745399677019294,2.7667284955405744,0.7932036924392325,1.0519123181570833,1884.590806166598,94.2295403083299,0.012457507784923133,-0.6088008532297277,-0.10880085322972766,True,True,A_positive_selection,1.0,0.0,1.0,360,High-risk patients deviate more; no treatment-related deviation
2000,972,0.486,1.0050049435027157,0.038288609959217415,2.731920778050331,0.7535185907795294,1.005910074260357,1893.1580781886125,94.65790390943062,0.01232889697798555,-0.3924896143211187,0.10751038567888133,True,True,A_positive_selection,1.0,0.0,1.0,361,High-risk patients deviate more; no treatment-related deviation
2000,989,0.4945,0.9520305455638891,0.037809102694166666,2.5909653947934213,0.7287363574108313,0.9582916165134504,1880.5634065639276,94.02817032819638,0.012560518275858077,-0.5885936174496172,-0.08859361744961725,True,True,A_positive_selection,1.0,0.0,1.0,362,High-risk patients deviate more; no treatment-related deviation
2000,977,0.4885,1.0769968418548692,0.038740033827628424,2.935849478375806,0.8621944802332842,1.114715476128676,1889.1051984558403,94.45525992279201,0.012391996174650408,-0.5233646689575573,-0.02336466895755729,True,True,A_positive_selection,1.0,0.0,1.0,363,High-risk patients deviate more; no treatment-related deviation
2000,1016,0.508,0.9913853425751041,0.03765225556821811,2.694965337710027,0.8253461422428126,0.9989023879628783,1867.8761216565213,93.39380608282606,0.01275975831142811,-0.5338742283349291,-0.033874228334929146,True,True,A_positive_selection,1.0,0.0,1.0,364,High-risk patients deviate more; no treatment-related deviation
2000,978,0.489,1.020464378610315,0.03958508541784959,2.7744828753574615,0.729683582582444,1.0315522247205597,1889.4890809402523,94.47445404701261,0.01237402323093589,-0.5265609695427196,-0.02656096954271958,True,True,A_positive_selection,1.0,0.0,1.0,365,High-risk patients deviate more; no treatment-related deviation
2000,1012,0.506,1.0267744331727167,0.038475790722089696,2.792045365545628,0.8112063094385115,1.0225533410240577,1878.8381882236934,93.94190941118467,0.012548307719946274,-0.7138339204470033,-0.21383392044700333,True,True,A_positive_selection,1.0,0.0,1.0,366,High-risk patients deviate more; no treatment-related deviation
2000,973,0.4865,1.0006719963537063,0.03777710880601382,2.72010911783325,0.774375006934394,1.0016439923885212,1890.646786928453,94.53233934642265,0.012353051092359728,-0.5331652052038224,-0.03316520520382238,True,True,A_positive_selection,1.0,0.0,1.0,367,High-risk patients deviate more; no treatment-related deviation
2000,1017,0.5085,0.988767566140512,0.03770681199607121,2.687919746871234,0.7392252322941729,0.9753265038833253,1876.5588980162015,93.82794490081008,0.012594286244402281,-0.23755238517269156,0.26244761482730844,True,True,A_positive_selection,1.0,0.0,1.0,368,High-risk patients deviate more; no treatment-related deviation
2000,958,0.479,0.9729740891206432,0.03844814464088595,2.645801619427209,0.8022745112998739,1.0125707960210286,1901.0356746509224,95.05178373254611,0.012160494270893487,-0.3329386058196933,0.1670613941803067,True,True,A_positive_selection,1.0,0.0,1.0,369,High-risk patients deviate more; no treatment-related deviation
2000,967,0.4835,1.0120878158544853,0.0386743230802902,2.7513393125159835,0.8114417518725651,1.0407053997716296,1891.708560135863,94.58542800679315,0.012368963851701956,-0.4996806019624442,0.0003193980375558181,True,True,A_positive_selection,1.0,0.0,1.0,370,High-risk patients deviate more; no treatment-related deviation
2000,1005,0.5025,1.0202916695914424,0.0374083263564939,2.7740037385189975,0.8048214802020217,1.0408933234410562,1880.7175027129156,94.03587513564578,0.012559016341234316,-0.4575135537073158,0.04248644629268422,True,True,A_positive_selection,1.0,0.0,1.0,371,High-risk patients deviate more; no treatment-related deviation
2000,1033,0.5165,0.9991245505205043,0.03717704409141685,2.715903151404913,0.7619004512841105,1.0137675404604445,1869.0570630260102,93.45285315130052,0.012710224199198322,-0.540316113729216,-0.04031611372921595,True,True,A_positive_selection,1.0,0.0,1.0,372,High-risk patients deviate more; no treatment-related deviation
2000,979,0.4895,0.9812245072844252,0.038408692384804786,2.667720886389231,0.6853134719621748,0.9432734018352436,1890.5398153946467,94.52699076973234,0.012361759174229941,-0.7893339527982747,-0.2893339527982747,True,True,A_positive_selection,1.0,0.0,1.0,373,High-risk patients deviate more; no treatment-related deviation
2000,981,0.4905,1.0051806296619403,0.03886084170627269,2.732400780882825,0.8065936474082358,1.0228126588462587,1885.1926740001961,94.2596337000098,0.012477791429996088,-0.8573661590638616,-0.3573661590638616,True,True,A_positive_selection,1.0,0.0,1.0,374,High-risk patients deviate more; no treatment-related deviation
2000,1014,0.507,0.9713536361380966,0.03669121488890576,2.6415176941889147,0.7984599108460582,1.02916456944814,1878.571436457291,93.92857182286454,0.012578222094341993,-0.4556282727714035,0.0443717272285965,True,True,A_positive_selection,1.0,0.0,1.0,375,High-risk patients deviate more; no treatment-related deviation
2000,1029,0.5145,1.0075969775720877,0.03610540338451667,2.739011195113329,0.731359020161832,1.0612712525042192,1873.5512016009502,93.67756008004751,0.012651288082853158,-0.48109674248684914,0.018903257513150862,True,True,A_positive_selection,1.0,0.0,1.0,376,High-risk patients deviate more; no treatment-related deviation
2000,1002,0.501,1.0042765150236184,0.037986715662166055,2.7299314937665846,0.8194472828034809,1.0056127880049415,1879.6341345354672,93.98170672677337,0.012604201978432778,-0.337027123773931,0.16297287622606899,True,True,A_positive_selection,1.0,0.0,1.0,377,High-risk patients deviate more; no treatment-related deviation
2000,1005,0.5025,0.945458027996344,0.03690466693636011,2.5739920690610996,0.6857305910233606,0.9910433412669691,1880.1891614635717,94.00945807317858,0.012556017588371392,-0.2074480799462036,0.2925519200537964,True,True,A_positive_selection,1.0,0.0,1.0,378,High-risk patients deviate more; no treatment-related deviation
2000,992,0.496,1.008473135145549,0.038277093487194755,2.741412052126665,0.7194136679686899,1.0300608045712254,1884.1406117728134,94.20703058864068,0.012466035601536559,-0.5375204094678296,-0.03752040946782964,True,True,A_positive_selection,1.0,0.0,1.0,379,High-risk patients deviate more; no treatment-related deviation
2000,985,0.4925,1.0007341813788282,0.03787345307040033,2.7202782731464863,0.7569612853073964,1.0020858723928316,1886.9044645800823,94.34522322900412,0.012429242006707333,-0.5913446904876158,-0.09134469048761584,True,True,A_positive_selection,1.0,0.0,1.0,380,High-risk patients deviate more; no treatment-related deviation
2000,995,0.4975,0.9860421774338951,0.03831802734252343,2.680604094275534,0.7303286155196385,0.9641305758739291,1885.4092424716616,94.27046212358309,0.012433169271722189,-0.4794209421872071,0.0205790578127929,True,True,A_positive_selection,1.0,0.0,1.0,381,High-risk patients deviate more; no treatment-related deviation
2000,1027,0.5135,0.9545012337668738,0.03748240119876548,2.5973747769607343,0.7770910384850624,1.0173453045830825,1870.475464147745,93.52377320738725,0.012704264717694947,-0.4510021890054403,0.04899781099455969,True,True,A_positive_selection,1.0,0.0,1.0,382,High-risk patients deviate more; no treatment-related deviation
2000,997,0.4985,0.9437525016321364,0.03832277771254842,2.5696057992387047,0.6401786548934381,0.9046747748176326,1879.7150947043315,93.98575473521657,0.012553719016887751,-0.32128775021921485,0.17871224978078515,True,True,A_positive_selection,1.0,0.0,1.0,383,High-risk patients deviate more; no treatment-related deviation
2000,995,0.4975,1.0435165622092657,0.038141967511797346,2.8391836458551034,0.8087464541489039,1.1026163911301292,1884.4505825943074,94.22252912971537,0.012439196262793271,-0.0560266027235551,0.4439733972764449,True,True,A_positive_selection,1.0,0.0,1.0,384,High-risk patients deviate more; no treatment-related deviation
2000,961,0.4805,1.037217213668728,0.03953563013526939,2.821354852347948,0.7687802792332994,1.0617318451621476,1889.4403258823247,94.47201629411624,0.012404386634959727,-0.5098544383025412,-0.00985443830254118,True,True,A_positive_selection,1.0,0.0,1.0,385,High-risk patients deviate more; no treatment-related deviation
2000,1029,0.5145,1.0292402404721115,0.037302749417806334,2.798938506474198,0.7996497865297655,1.0580086004126765,1872.9542485478116,93.64771242739057,0.012654303478749174,-0.5648763947571481,-0.06487639475714813,True,True,A_positive_selection,1.0,0.0,1.0,386,High-risk patients deviate more; no treatment-related deviation
2000,959,0.4795,0.9392741616229948,0.03771919875035448,2.558123959760333,0.6813989826547506,0.9378205204723029,1889.102941263696,94.45514706318481,0.012423258062685027,-0.5908296284669128,-0.09082962846691278,True,True,A_positive_selection,1.0,0.0,1.0,387,High-risk patients deviate more; no treatment-related deviation
2000,984,0.492,1.0880835344424185,0.03903084845348339,2.968579437273345,0.779152687345333,1.073008827335106,1884.2022402516247,94.21011201258123,0.012487382409356285,-0.3611869680457441,0.13881303195425593,True,True,A_positive_selection,1.0,0.0,1.0,388,High-risk patients deviate more; no treatment-related deviation
2000,990,0.495,1.0504628057837904,0.03918186659958649,2.85897396161487,0.8277551241346984,1.085829724931616,1888.4470309584367,94.42235154792183,0.012407721744895087,-0.3984766593778689,0.10152334062213109,True,True,A_positive_selection,1.0,0.0,1.0,389,High-risk patients deviate more; no treatment-related deviation
2000,1006,0.503,0.9094979677045798,0.03721958717905854,2.4830756362583193,0.7575116596451461,0.9506959042317791,1878.806797283957,93.94033986419784,0.01257182076792926,-0.4681343914364094,0.03186560856359061,True,True,A_positive_selection,1.0,0.0,1.0,390,High-risk patients deviate more; no treatment-related deviation
2000,998,0.499,1.0594326328976849,0.039498634030127,2.8847338218049683,0.7575567125461291,1.0547151720222823,1882.050589410123,94.10252947050616,0.012532149640489196,-0.6247214769279755,-0.12472147692797553,True,True,A_positive_selection,1.0,0.0,1.0,391,High-risk patients deviate more; no treatment-related deviation
2000,992,0.496,0.9911607040912004,0.03844196203737117,2.6943600127745744,0.7854860518323279,1.0186883972128842,1885.9960478906655,94.29980239453329,0.012446612612875116,-0.4314870848742974,0.06851291512570262,True,True,A_positive_selection,1.0,0.0,1.0,392,High-risk patients deviate more; no treatment-related deviation
2000,1002,0.501,1.0302969577752588,0.03737503777094482,2.801897756494414,0.8420072502806178,1.1128279115033686,1885.4385937248476,94.27192968624237,0.012468327036083209,-0.5068418801343288,-0.006841880134328848,True,True,A_positive_selection,1.0,0.0,1.0,393,High-risk patients deviate more; no treatment-related deviation
2000,964,0.482,1.0185434730929672,0.04036180380424584,2.7691584713700985,0.7507651674265646,0.962995187850426,1895.622221811788,94.7811110905894,0.012267947513091659,-0.33635071116042925,0.16364928883957075,True,True,A_positive_selection,1.0,0.0,1.0,394,High-risk patients deviate more; no treatment-related deviation
2000,1052,0.526,0.9523718330049998,0.03589102405755237,2.5918498096542746,0.7883053234148635,1.0355761513851565,1862.5012317549008,93.12506158774504,0.012818135050806973,-0.371846714487809,0.12815328551219102,True,True,A_positive_selection,1.0,0.0,1.0,395,High-risk patients deviate more; no treatment-related deviation
2000,978,0.489,1.0403875233840223,0.038728142132038464,2.8303136145684844,0.8657267570818505,1.0777972210378743,1889.2230048156712,94.46115024078357,0.012355375340482033,-0.5195095845270656,-0.019509584527065638,True,True,A_positive_selection,1.0,0.0,1.0,396,High-risk patients deviate more; no treatment-related deviation
2000,982,0.491,1.0673296924008697,0.0389438768328415,2.9076049248171687,0.8367382709216798,1.0808973217000586,1886.3883498158025,94.31941749079012,0.012436198195090302,-0.7460100466587936,-0.24601004665879356,True,True,A_positive_selection,1.0,0.0,1.0,397,High-risk patients deviate more; no treatment-related deviation
2000,993,0.4965,1.0332126217167092,0.03826352038216052,2.8100790699351084,0.8609582955413774,1.0734425786906063,1882.9803989960255,94.14901994980129,0.0125020744184497,-0.36501151468759535,0.13498848531240465,True,True,A_positive_selection,1.0,0.0,1.0,398,High-risk patients deviate more; no treatment-related deviation
2000,982,0.491,1.019721177095664,0.03841504054853978,2.7724216415330494,0.7982093069007129,1.0510241699181284,1887.1092274967039,94.3554613748352,0.012433181873110577,-0.5628191128604491,-0.06281911286044906,True,True,A_positive_selection,1.0,0.0,1.0,399,High-risk patients deviate more; no treatment-related deviation
2000,986,0.493,0.9430700428415452,0.037967573955603885,2.5678527474335078,0.7238569883526346,0.949429628369847,1884.5302187593302,94.22651093796651,0.012473073302928073,-0.42907818117028357,0.07092181882971643,True,True,A_positive_selection,1.0,0.0,1.0,400,High-risk patients deviate more; no treatment-related deviation
2000,928,0.464,1.0531625496708164,0.03979156068617941,2.8667028874566225,0.7913231802772418,1.052367807180982,1906.1025411405549,95.30512705702775,0.012090882461583099,-0.5597052986767966,-0.059705298676796636,True,True,A_positive_selection,1.0,0.0,1.0,401,High-risk patients deviate more; no treatment-related deviation
2000,990,0.495,1.0288045000046298,0.038549209223286036,2.797719161379228,0.8239816956902803,1.0252024935925423,1884.735658579421,94.23678292897105,0.01247729072383402,-0.6790039800431068,-0.1790039800431068,True,True,A_positive_selection,1.0,0.0,1.0,402,High-risk patients deviate more; no treatment-related deviation
2000,972,0.486,0.961453853850422,0.037938896360603276,2.615496259894936,0.7485741729297528,0.9746928744778178,1892.3953213399236,94.61976606699618,0.012330519556551742,-0.35421891738733235,0.14578108261266765,True,True,A_positive_selection,1.0,0.0,1.0,403,High-risk patients deviate more; no treatment-related deviation
2000,1019,0.5095,0.9597379108579245,0.03689242693375508,2.6110120658268543,0.7665060595501079,1.0062400684242028,1881.474683730868,94.0737341865434,0.012498008625968029,-0.24289613901619728,0.2571038609838027,True,True,A_positive_selection,1.0,0.0,1.0,404,High-risk patients deviate more; no treatment-related deviation
2000,1026,0.513,0.9766763719089002,0.03795420961325229,2.6556152804886075,0.7307588717377854,0.9813128944735249,1874.5054582423932,93.72527291211966,0.012626911106460921,-0.47278765721381727,0.02721234278618273,True,True,A_positive_selection,1.0,0.0,1.0,405,High-risk patients deviate more; no treatment-related deviation
2000,1000,0.5,0.9711138729988089,0.03789763737676488,2.640884431533627,0.8059612107517232,0.9898012165008468,1881.4626287691824,94.07313143845913,0.012548974985291072,-0.5164816053010429,-0.016481605301042923,True,True,A_positive_selection,1.0,0.0,1.0,406,High-risk patients deviate more; no treatment-related deviation
2000,1017,0.5085,1.044900955103871,0.036974098464212256,2.843116913486596,0.9002568951696938,1.0991535219632167,1876.6357932522324,93.83178966261161,0.01260158331971724,-0.5713324803304056,-0.07133248033040562,True,True,A_positive_selection,1.0,0.0,1.0,407,High-risk patients deviate more; no treatment-related deviation
2000,1008,0.504,0.9695846568202093,0.03706430659278935,2.636849034618637,0.7203581375975231,1.0101732703367294,1882.6656295608939,94.1332814780447,0.01247838498673523,-0.48206655742203774,0.017933442577962255,True,True,A_positive_selection,1.0,0.0,1.0,408,High-risk patients deviate more; no treatment-related deviation
2000,994,0.497,1.0840620827682677,0.03981383170886813,2.9566654104232892,0.8367991335802468,1.139101564114065,1885.783595386771,94.28917976933855,0.012423614145705886,-0.39548586301593347,0.10451413698406653,True,True,A_positive_selection,1.0,0.0,1.0,409,High-risk patients deviate more; no treatment-related deviation
2000,1044,0.522,0.9021699997746975,0.03426281455408653,2.4649462445564527,0.81108392120022,1.0027079122037021,1863.6319408046818,93.1815970402341,0.012843867977772237,-0.5356733940970878,-0.03567339409708781,True,True,A_positive_selection,1.0,0.0,1.0,410,High-risk patients deviate more; no treatment-related deviation
2000,989,0.4945,1.0164327239466697,0.038589907456113834,2.7633196368160116,0.7485185268953787,1.0377561992325763,1882.4685104927298,94.12342552463649,0.012503796196100501,-0.6101976265413152,-0.11019762654131515,True,True,A_positive_selection,1.0,0.0,1.0,411,High-risk patients deviate more; no treatment-related deviation
2000,1003,0.5015,1.0323730297396663,0.038680809890678215,2.8077207402490116,0.7772518649152494,1.0158541483769759,1884.9708410400115,94.24854205200057,0.012438995702817212,-0.33383878667595857,0.16616121332404143,True,True,A_positive_selection,1.0,0.0,1.0,412,High-risk patients deviate more; no treatment-related deviation
2000,993,0.4965,0.9934756184717135,0.0384885978644191,2.700604450395076,0.7894044436162038,1.0076939116031451,1885.707911040698,94.2853955520349,0.012432133254249349,-0.3257921364369744,0.1742078635630256,True,True,A_positive_selection,1.0,0.0,1.0,413,High-risk patients deviate more; no treatment-related deviation
2000,991,0.4955,1.000552488912945,0.0379714249915737,2.7197840639775506,0.7900925079923438,1.006541517265764,1882.9783220323052,94.14891610161527,0.012509550278925178,-0.5981985311950689,-0.09819853119506894,True,True,A_positive_selection,1.0,0.0,1.0,414,High-risk patients deviate more; no treatment-related deviation
2000,957,0.4785,1.0003217626940064,0.0385603383731301,2.7191566108718646,0.8220157149369041,0.9772074360815219,1895.6474168837992,94.78237084418997,0.012273072707923096,-0.590335755338369,-0.09033575533836902,True,True,A_positive_selection,1.0,0.0,1.0,415,High-risk patients deviate more; no treatment-related deviation
2000,998,0.499,1.0205204782109312,0.03916147680796807,2.774638527104645,0.7718020605275083,1.007537720937607,1882.4095877508428,94.12047938754215,0.01249703331655983,-0.3787786405347891,0.1212213594652109,True,True,A_positive_selection,1.0,0.0,1.0,416,High-risk patients deviate more; no treatment-related deviation
2000,1024,0.512,0.9488627722748846,0.03627268173938528,2.5827707900007395,0.7988256847019909,1.0103650896658296,1871.6176512900543,93.58088256450272,0.012694128360764823,-0.5677251792388747,-0.06772517923887467,True,True,A_positive_selection,1.0,0.0,1.0,417,High-risk patients deviate more; no treatment-related deviation
2000,969,0.4845,1.0720051760776832,0.03964402964435132,2.92123121410563,0.7934039454148436,1.0137879445407134,1885.7063465565675,94.28531732782838,0.01246469192730615,-0.6761170405885437,-0.17611704058854372,True,True,A_positive_selection,1.0,0.0,1.0,418,High-risk patients deviate more; no treatment-related deviation
2000,1016,0.508,0.9179483921831012,0.036872044046322175,2.5041475874681858,0.7550605361572924,0.9669184837750066,1874.676061288736,93.7338030644368,0.012645896446973084,-0.3339902867324824,0.16600971326751762,True,True,A_positive_selection,1.0,0.0,1.0,419,High-risk patients deviate more; no treatment-related deviation
2000,999,0.4995,1.0393107714739265,0.03805630883703867,2.8272677091143694,0.8646848156077241,1.0984880692739865,1880.2637384849588,94.01318692424795,0.012541271328896625,-0.5291951623131289,-0.02919516231312891,True,True,A_positive_selection,1.0,0.0,1.0,420,High-risk patients deviate more; no treatment-related deviation
2000,981,0.4905,1.0676512264384352,0.03921794706315115,2.908539969084514,0.7830485348196543,1.0349804639592812,1887.4082768204655,94.37041384102326,0.012438826412903342,-0.4510713944600536,0.04892860553994638,True,True,A_positive_selection,1.0,0.0,1.0,421,High-risk patients deviate more; no treatment-related deviation
2000,958,0.479,1.0606099728854743,0.03935818837387951,2.888132134379609,0.8000056873552615,1.0428891495385548,1893.816759071227,94.69083795356136,0.012302567092165779,-0.36560834691826066,0.13439165308173934,True,True,A_positive_selection,1.0,0.0,1.0,422,High-risk patients deviate more; no treatment-related deviation
2000,1036,0.518,0.9634306955726752,0.037067310559959384,2.6206717959482386,0.8206073445246956,1.0191821103712506,1869.770183688979,93.48850918444894,0.012694960395824035,-0.22565016841312852,0.2743498315868715,True,True,A_positive_selection,1.0,0.0,1.0,423,High-risk patients deviate more; no treatment-related deviation
2000,981,0.4905,0.9969392324389768,0.037696985683103264,2.709974519473155,0.7386414902039555,0.9948170946031611,1886.261282829541,94.31306414147706,0.012451848750987034,-0.46479810138629507,0.03520189861370493,True,True,A_positive_selection,1.0,0.0,1.0,424,High-risk patients deviate more; no treatment-related deviation
2000,929,0.4645,0.9680522462538486,0.038126135992797634,2.632811393747983,0.7529423922894463,1.0088519609350668,1904.7445583857257,95.23722791928628,0.012116443401325653,-0.607415150071906,-0.10741515007190605,True,True,A_positive_selection,1.0,0.0,1.0,425,High-risk patients deviate more; no treatment-related deviation
2000,997,0.4985,1.0476096443111327,0.0387442659272893,2.8508284729791504,0.8612508100210611,1.0825300240382005,1883.0275722648528,94.15137861324263,0.012490444496075859,-0.8663293846865021,-0.3663293846865021,True,True,A_positive_selection,1.0,0.0,1.0,426,High-risk patients deviate more; no treatment-related deviation
2000,1008,0.504,1.0256250970877756,0.03818584695631381,2.7888382104587968,0.8149565959019401,1.065221114118979,1879.9025030436626,93.99512515218314,0.012552248649213088,-0.5402070815064931,-0.0402070815064931,True,True,A_positive_selection,1.0,0.0,1.0,427,High-risk patients deviate more; no treatment-related deviation
2000,994,0.497,0.9810665169225056,0.03832324522365253,2.667299445493566,0.780947121686883,0.9478646412135403,1883.7760135522803,94.18880067761403,0.012496036209007664,-0.5112298740734019,-0.011229874073401924,True,True,A_positive_selection,1.0,0.0,1.0,428,High-risk patients deviate more; no treatment-related deviation
2000,998,0.499,0.8940988512885271,0.03713241428973632,2.4451313693734353,0.7153487451626249,0.9135441788947823,1882.5634829414312,94.12817414707156,0.012501079059526613,-0.5551528718061857,-0.055152871806185666,True,True,A_positive_selection,1.0,0.0,1.0,429,High-risk patients deviate more; no treatment-related deviation
2000,958,0.479,1.0868529265898137,0.04049922057790218,2.964928526986933,0.8076452335757638,1.052559867878328,1894.8406846479793,94.74203423239896,0.012290156428916788,-0.5701098613105486,-0.07010986131054864,True,True,A_positive_selection,1.0,0.0,1.0,430,High-risk patients deviate more; no treatment-related deviation
2000,974,0.487,0.9806945281501777,0.03842791212600198,2.666307424569168,0.7609888500096875,0.989970632075956,1888.032393611607,94.40161968058035,0.012407602925230665,-0.308770600214121,0.191229399785879,True,True,A_positive_selection,1.0,0.0,1.0,431,High-risk patients deviate more; no treatment-related deviation
2000,959,0.4795,1.005619483243314,0.038340476552190146,2.7336001679096604,0.7787699902179279,1.0091819620932811,1893.0940394115994,94.65470197057998,0.012315150169961762,-0.590243776449592,-0.09024377644959203,True,True,A_positive_selection,1.0,0.0,1.0,432,High-risk patients deviate more; no treatment-related deviation
2000,997,0.4985,0.9615944749274323,0.037001151843263566,2.6158640796569186,0.7392568390529176,0.9798547294970658,1884.8377448588917,94.24188724294459,0.012453307438367282,-0.4370769705161489,0.06292302948385109,True,True,A_positive_selection,1.0,0.0,1.0,433,High-risk patients deviate more; no treatment-related deviation
2000,1008,0.504,0.933817619643688,0.03773520535809481,2.5442034624135865,0.7430218492790508,0.9458666241135968,1879.9740416083634,93.99870208041817,0.012543243472223159,-0.2523216170375019,0.2476783829624981,True,True,A_positive_selection,1.0,0.0,1.0,434,High-risk patients deviate more; no treatment-related deviation
2000,984,0.492,1.010021137882075,0.037841764389639536,2.745659051820782,0.8571631769371965,1.0725123916509791,1890.7697236380843,94.53848618190422,0.012350984897287249,-0.7226239082621216,-0.22262390826212164,True,True,A_positive_selection,1.0,0.0,1.0,435,High-risk patients deviate more; no treatment-related deviation
2000,999,0.4995,0.9866998877118841,0.038417263859084755,2.682367735058316,0.7651606124553539,1.0143025080667993,1883.5396802576147,94.17698401288074,0.012497651400681157,-0.26596907088764593,0.23403092911235407,True,True,A_positive_selection,1.0,0.0,1.0,436,High-risk patients deviate more; no treatment-related deviation
2000,994,0.497,0.937209284735521,0.03731455175314856,2.552847198526572,0.738007300329477,0.9805224740288129,1880.9298283676385,94.04649141838192,0.012544902729448188,-0.33635805793514695,0.16364194206485305,True,True,A_positive_selection,1.0,0.0,1.0,437,High-risk patients deviate more; no treatment-related deviation
2000,1001,0.5005,0.9459816497145455,0.03640485672045801,2.575340220140727,0.756478850216362,1.02920448948011,1882.2516365401245,94.11258182700622,0.012496575256932353,-0.4182063574948147,0.08179364250518528,True,True,A_positive_selection,1.0,0.0,1.0,438,High-risk patients deviate more; no treatment-related deviation
2000,967,0.4835,0.9676532811902108,0.038248641397899415,2.6317612034912714,0.7509094830050475,0.9367204275350837,1890.2472961161411,94.51236480580705,0.0123892002810685,-0.565937565855821,-0.065937565855821,True,True,A_positive_selection,1.0,0.0,1.0,439,High-risk patients deviate more; no treatment-related deviation
2000,985,0.4925,0.9805150668391005,0.038110988393013606,2.6658289684764833,0.7281708823512597,0.9521707467885258,1887.0947829811175,94.35473914905587,0.012436334538963525,-0.5606758277764059,-0.0606758277764059,True,True,A_positive_selection,1.0,0.0,1.0,440,High-risk patients deviate more; no treatment-related deviation
2000,1010,0.505,0.983856745083718,0.0381008087538451,2.67475221214525,0.7027090374422889,0.9242656684889367,1879.3577052922014,93.96788526461008,0.012548103630840319,-0.28336913620191245,0.21663086379808755,True,True,A_positive_selection,1.0,0.0,1.0,441,High-risk patients deviate more; no treatment-related deviation
2000,1048,0.524,0.9496797642064069,0.037441713936665774,2.584881755100451,0.7665704266417683,0.9535293443099638,1860.8030374811226,93.04015187405614,0.012882643367977025,-0.6112673403437286,-0.11126734034372865,True,True,A_positive_selection,1.0,0.0,1.0,442,High-risk patients deviate more; no treatment-related deviation
2000,991,0.4955,0.9913255930001839,0.038506382000439786,2.694804319487107,0.7362078420241774,0.9535689957490379,1883.2452685849944,94.16226342924972,0.012494361702530179,-0.49376182864475937,0.006238171355240629,True,True,A_positive_selection,1.0,0.0,1.0,443,High-risk patients deviate more; no treatment-related deviation
2000,999,0.4995,1.0356763189816187,0.038398459461952604,2.8170107893768206,0.8111247473099417,1.048883296125519,1887.6508662351962,94.38254331175982,0.012372579166607878,-0.35807620270654794,0.14192379729345206,True,True,A_positive_selection,1.0,0.0,1.0,444,High-risk patients deviate more; no treatment-related deviation
2000,1015,0.5075,0.9736668241039104,0.0370228041730244,2.6476350937503526,0.7997454959509971,1.020901520940344,1879.468885320124,93.9734442660062,0.012567834006910144,-0.5972799683872223,-0.0972799683872223,True,True,A_positive_selection,1.0,0.0,1.0,445,High-risk patients deviate more; no treatment-related deviation
2000,1011,0.5055,1.0422392661929354,0.03783113466729905,2.8355594829517727,0.8578923597925764,1.0777670393340149,1877.3502636235846,93.86751318117923,0.012598664299783319,-0.5962836233124678,-0.09628362331246776,True,True,A_positive_selection,1.0,0.0,1.0,446,High-risk patients deviate more; no treatment-related deviation
2000,1000,0.5,1.1228880099446743,0.03849455682148275,3.0737183263879047,0.8520101858731255,1.150517177618723,1883.8313268621926,94.19156634310963,0.012462205501487888,-0.2308270366474252,0.2691729633525748,True,True,A_positive_selection,1.0,0.0,1.0,447,High-risk patients deviate more; no treatment-related deviation
2000,983,0.4915,0.9846904176492417,0.03853247511234602,2.676983009432136,0.7822685333768106,0.9901063436413438,1890.5381349541658,94.52690674770828,0.012332893132839768,-0.8192804549025142,-0.3192804549025142,True,True,A_positive_selection,1.0,0.0,1.0,448,High-risk patients deviate more; no treatment-related deviation
2000,976,0.488,0.9759155108673495,0.037581963604376635,2.6535954947659106,0.6784095415592892,0.9217906695332264,1883.7864691424095,94.18932345712048,0.012490738497303488,-0.40811705634095335,0.09188294365904665,True,True,A_positive_selection,1.0,0.0,1.0,449,High-risk patients deviate more; no treatment-related deviation
2000,976,0.488,1.0403975528458964,0.03793845636993613,2.830342001233325,0.7332007668704644,1.0935041368854075,1894.2526817623339,94.7126340881167,0.012303711564999298,-0.4924229189255275,0.007577081074472525,True,True,A_positive_selection,1.0,0.0,1.0,450,High-risk patients deviate more; no treatment-related deviation
2000,997,0.4985,0.9664615440654749,0.036700778895107256,2.6286267040822655,0.7572262143928444,0.9933613996170302,1876.5830669807192,93.82915334903596,0.012626759896920291,-0.4957627862495175,0.004237213750482527,True,True,A_positive_selection,1.0,0.0,1.0,451,High-risk patients deviate more; no treatment-related deviation
2000,1039,0.5195,0.997589402637237,0.037505207657977,2.7117370370498746,0.7575773569729174,1.0396319980314008,1870.7153504718372,93.53576752359186,0.012703285041740633,-0.6156693034493562,-0.11566930344935622,True,True,A_positive_selection,1.0,0.0,1.0,452,High-risk patients deviate more; no treatment-related deviation
2000,1030,0.515,1.0450262584432306,0.038419990186581016,2.843473187850763,0.7872738934560141,1.0733237775921587,1871.7530882507745,93.58765441253871,0.0126821394732612,-0.7634042242567591,-0.26340422425675913,True,True,A_positive_selection,1.0,0.0,1.0,453,High-risk patients deviate more; no treatment-related deviation
2000,1003,0.5015,0.9678319095375678,0.038053457145275534,2.6322313526354213,0.7281534436609407,0.9607347723893435,1877.882185299656,93.89410926498279,0.01261678204640078,-0.36981933543914935,0.13018066456085065,True,True,A_positive_selection,1.0,0.0,1.0,454,High-risk patients deviate more; no treatment-related deviation
2000,971,0.4855,1.0213879985408316,0.03889871980817949,2.777046626821738,0.7452486251456181,1.0512176897632048,1891.1797738969071,94.55898869484535,0.012354571106565937,-0.4114651884634591,0.08853481153654091,True,True,A_positive_selection,1.0,0.0,1.0,455,High-risk patients deviate more; no treatment-related deviation
2000,995,0.4975,1.0466123247135646,0.0385344830248954,2.847986703185643,0.7965529532386173,1.0972511895308428,1887.2242816774883,94.36121408387442,0.012418366204467658,-0.3037720281467423,0.1962279718532577,True,True,A_positive_selection,1.0,0.0,1.0,456,High-risk patients deviate more; no treatment-related deviation
2000,990,0.495,0.9855475402399284,0.038027359291005,2.679278495660423,0.7208041414209199,0.9575123812104721,1885.5843205297056,94.27921602648527,0.012447164164453888,-0.49175943506732916,0.008240564932670835,True,True,A_positive_selection,1.0,0.0,1.0,457,High-risk patients deviate more; no treatment-related deviation
2000,1009,0.5045,1.0333239230576456,0.038979252551699206,2.810391852909989,0.7382744278658042,0.9883683527198222,1878.0386957894461,93.9019347894723,0.012582629228564698,-0.6465282150869504,-0.14652821508695035,True,True,A_positive_selection,1.0,0.0,1.0,458,High-risk patients deviate more; no treatment-related deviation
2000,982,0.491,1.0464553321574994,0.03843393256860814,2.8475396255683174,0.8345869913977548,1.053313877737766,1886.4789144673805,94.32394572336902,0.012437113163094055,-0.670022106837698,-0.17002210683769803,True,True,A_positive_selection,1.0,0.0,1.0,459,High-risk patients deviate more; no treatment-related deviation
2000,1011,0.5055,1.003308155333346,0.03716586356036351,2.7272892176941124,0.7927685825200254,1.007760591262732,1878.2240762191577,93.91120381095789,0.012574313876686796,-0.26652451227499585,0.23347548772500415,True,True,A_positive_selection,1.0,0.0,1.0,460,High-risk patients deviate more; no treatment-related deviation
2000,1008,0.504,0.938762942302358,0.03784792548678436,2.5568165315872653,0.7070937120581314,0.9615804128051665,1879.9407269723085,93.99703634861542,0.012538301195856789,-0.563458886210667,-0.06345888621066698,True,True,A_positive_selection,1.0,0.0,1.0,461,High-risk patients deviate more; no treatment-related deviation
2000,986,0.493,1.023293695260474,0.03872440971437456,2.78234388134589,0.8213661159773721,1.060376570840603,1881.7496984019147,94.08748492009573,0.012553559244459285,-0.22328995486814743,0.2767100451318526,True,True,A_positive_selection,1.0,0.0,1.0,462,High-risk patients deviate more; no treatment-related deviation
2000,972,0.486,1.0707378541775405,0.03827446705799764,2.9175314187236587,0.8508443411032038,1.1400448642192196,1893.3840092277742,94.66920046138871,0.01231778368079453,-0.6107442432352664,-0.11074424323526644,True,True,A_positive_selection,1.0,0.0,1.0,463,High-risk patients deviate more; no treatment-related deviation
2000,1033,0.5165,0.9285829920179823,0.035671165993174256,2.530920301216439,0.7594264994124648,1.025514376142323,1870.5194990616892,93.52597495308446,0.012696123936526294,-0.37965936034946385,0.12034063965053615,True,True,A_positive_selection,1.0,0.0,1.0,464,High-risk patients deviate more; no treatment-related deviation
2000,985,0.4925,1.0281063707605942,0.03990002979634096,2.7957666734398363,0.781569022459822,1.0153801559841473,1884.321991230025,94.21609956150125,0.012481635263832839,-0.4459943217805635,0.054005678219436526,True,True,A_positive_selection,1.0,0.0,1.0,465,High-risk patients deviate more; no treatment-related deviation
2000,973,0.4865,0.9832705470206607,0.037853790792290426,2.6731847370496506,0.7293254798162018,0.9531617333328605,1887.973197830426,94.39865989152129,0.012432284276293394,-0.4413194126718783,0.0586805873281217,True,True,A_positive_selection,1.0,0.0,1.0,466,High-risk patients deviate more; no treatment-related deviation
2000,969,0.4845,0.9949061301981549,0.03871839855235665,2.7044704612575106,0.7686468067988264,1.0178767912482853,1890.9521752029661,94.54760876014831,0.012364968800286336,-0.17030956235231362,0.32969043764768635,True,True,A_positive_selection,1.0,0.0,1.0,467,High-risk patients deviate more; no treatment-related deviation
2000,990,0.495,1.0024209198488594,0.037054113118259194,2.724870543049364,0.7413240449510605,1.0148242698229237,1887.498217661534,94.3749108830767,0.012398989411250389,-0.44921560803378724,0.05078439196621276,True,True,A_positive_selection,1.0,0.0,1.0,468,High-risk patients deviate more; no treatment-related deviation
2000,987,0.4935,0.9514353052774592,0.038634532112224666,2.5894236067224035,0.7652189780861859,0.9557645394891211,1888.802363912293,94.44011819561464,0.012398612263367295,-0.554801105497021,-0.054801105497021,True,True,A_positive_selection,1.0,0.0,1.0,469,High-risk patients deviate more; no treatment-related deviation
2000,1007,0.5035,1.0021720281272808,0.03773802040952901,2.724192429720723,0.8229887119579001,1.054855160129748,1879.420097143611,93.97100485718055,0.012554663073698387,-0.17660022374436776,0.3233997762556322,True,True,A_positive_selection,1.0,0.0,1.0,470,High-risk patients deviate more; no treatment-related deviation
2000,1025,0.5125,0.972556384956206,0.03729806197023835,2.6446966878558245,0.8361837593469507,1.0917935189526076,1880.2509186616733,94.01254593308366,0.012524628096648388,-0.3957027432169504,0.10429725678304957,True,True,A_positive_selection,1.0,0.0,1.0,471,High-risk patients deviate more; no treatment-related deviation
2000,1008,0.504,1.0934126088041904,0.039237982850226255,2.984441445214535,0.892644316370676,1.1318637102409665,1872.9690256352326,93.64845128176164,0.012669208908270994,-0.5752072132932577,-0.07520721329325775,True,True,A_positive_selection,1.0,0.0,1.0,472,High-risk patients deviate more; no treatment-related deviation
2000,1023,0.5115,1.0540205741649666,0.03795294585680921,2.869163644295364,0.8230670127783364,1.096073713376816,1870.0428802807667,93.50214401403834,0.012735990008528278,-0.423059739388879,0.07694026061112103,True,True,A_positive_selection,1.0,0.0,1.0,473,High-risk patients deviate more; no treatment-related deviation
2000,988,0.494,0.9544436175153831,0.036274500425548195,2.5972251302734515,0.7453928067428115,0.9879201803149705,1881.9520328296694,94.09760164148348,0.012539203894888037,-0.5642637638891944,-0.06426376388919441,True,True,A_positive_selection,1.0,0.0,1.0,474,High-risk patients deviate more; no treatment-related deviation
2000,1021,0.5105,0.9842511395500282,0.036175621849046526,2.6758073276686565,0.7899206228780667,1.0708494362758711,1873.3998750689077,93.66999375344538,0.012634202880124516,-0.27953575421515314,0.22046424578484686,True,True,A_positive_selection,1.0,0.0,1.0,475,High-risk patients deviate more; no treatment-related deviation
2000,979,0.4895,0.9799417728419771,0.038586329644068655,2.6643011027314745,0.7310415326556179,0.9539893476058882,1888.1489031929223,94.40744515964612,0.012409666589540099,-0.45365394864313785,0.04634605135686215,True,True,A_positive_selection,1.0,0.0,1.0,476,High-risk patients deviate more; no treatment-related deviation
2000,1021,0.5105,0.9909919727396076,0.036857317057017155,2.6939054281203614,0.829766744192228,1.0460727762421649,1875.6912462031655,93.78456231015828,0.012616639836465713,-0.8420130608827626,-0.3420130608827626,True,True,A_positive_selection,1.0,0.0,1.0,477,High-risk patients deviate more; no treatment-related deviation
2000,989,0.4945,1.0159073796022242,0.03691074824472061,2.7618683237258557,0.9132581286460407,1.1112079940179767,1887.254917534232,94.36274587671159,0.012418503218640953,-0.5354200572403853,-0.03542005724038533,True,True,A_positive_selection,1.0,0.0,1.0,478,High-risk patients deviate more; no treatment-related deviation
2000,990,0.495,0.9970324980584878,0.03887191762689518,2.710227278712263,0.8359117718718673,1.017477461949637,1887.4104735359376,94.37052367679688,0.012409043309372458,-0.46204608697404803,0.03795391302595197,True,True,A_positive_selection,1.0,0.0,1.0,479,High-risk patients deviate more; no treatment-related deviation
2000,1000,0.5,0.9558852706604053,0.03734457718747418,2.600972128337644,0.728932903487623,0.9319049488495311,1884.2181158711167,94.21090579355584,0.01248036335068605,-0.37544440816972124,0.12455559183027876,True,True,A_positive_selection,1.0,0.0,1.0,480,High-risk patients deviate more; no treatment-related deviation
2000,985,0.4925,0.9671588528863949,0.037580264061857695,2.630460307889685,0.788766681957446,1.0527587695545622,1891.5719798859893,94.57859899429947,0.012355887796196272,-0.6037342453609913,-0.1037342453609913,True,True,A_positive_selection,1.0,0.0,1.0,481,High-risk patients deviate more; no treatment-related deviation
2000,1013,0.5065,1.0387951265191377,0.037264026588228104,2.8258102185904397,0.8301753046139699,1.085269148327656,1876.6361976246187,93.83180988123094,0.012582451961213652,-0.7943612882127264,-0.29436128821272645,True,True,A_positive_selection,1.0,0.0,1.0,482,High-risk patients deviate more; no treatment-related deviation
2000,995,0.4975,0.9997445630835576,0.03871259463115094,2.7175875676044634,0.7758914220383072,1.0013960978720398,1882.0461947087333,94.10230973543666,0.012542371653289008,-0.6094590528650448,-0.10945905286504476,True,True,A_positive_selection,1.0,0.0,1.0,483,High-risk patients deviate more; no treatment-related deviation
2000,992,0.496,0.9974421793080394,0.03822548836225782,2.7113378354819844,0.7352862604028064,0.9947735237495446,1883.7515311510049,94.18757655755024,0.012494636535293535,-0.3390898806427867,0.16091011935721328,True,True,A_positive_selection,1.0,0.0,1.0,484,High-risk patients deviate more; no treatment-related deviation
2000,966,0.483,0.9344306680698928,0.03802559522555672,2.5457636605318004,0.7275770091576178,0.9547395887914407,1888.166406738837,94.40832033694184,0.01243194141773936,-0.4673471978780643,0.03265280212193572,True,True,A_positive_selection,1.0,0.0,1.0,485,High-risk patients deviate more; no treatment-related deviation
2000,1015,0.5075,1.0434424419685944,0.03789831170823955,2.8389732126787375,0.7958825824184926,1.055107849379507,1872.5798375602715,93.62899187801358,0.012692585418178864,-0.41530706248111515,0.08469293751888485,True,True,A_positive_selection,1.0,0.0,1.0,486,High-risk patients deviate more; no treatment-related deviation
2000,998,0.499,0.976416151596563,0.03793729693858763,2.6549243253550507,0.8330135151809723,1.030475565618317,1877.3762695014968,93.86881347507484,0.012600011892390864,-0.5013838358844849,-0.0013838358844848742,True,True,A_positive_selection,1.0,0.0,1.0,487,High-risk patients deviate more; no treatment-related deviation
2000,967,0.4835,0.9862281557744056,0.03778571053684912,2.681102674937718,0.7698020238601991,0.9941951635017345,1892.961311959883,94.64806559799415,0.012320465503766292,-0.4969296122152607,0.0030703877847392813,True,True,A_positive_selection,1.0,0.0,1.0,488,High-risk patients deviate more; no treatment-related deviation
2000,1024,0.512,1.040138588629638,0.03880340741785271,2.8296091388318962,0.7752352119176757,1.0173278553514147,1873.148244833507,93.65741224167536,0.012676757234095889,-0.32265829701396853,0.17734170298603147,True,True,A_positive_selection,1.0,0.0,1.0,489,High-risk patients deviate more; no treatment-related deviation
2000,980,0.49,1.007433838441217,0.03911839028355168,2.738564391654068,0.7661568601072186,1.0056326713549972,1891.2742727399789,94.56371363699894,0.012366884524053929,-0.6533861833559852,-0.1533861833559852,True,True,A_positive_selection,1.0,0.0,1.0,490,High-risk patients deviate more; no treatment-related deviation
2000,946,0.473,1.0097464890754753,0.03939718644432228,2.7449050633846217,0.7591523622449131,1.0341585735773617,1895.0344817093992,94.75172408546996,0.012305087311099317,-0.49316384909035876,0.0068361509096412365,True,True,A_positive_selection,1.0,0.0,1.0,491,High-risk patients deviate more; no treatment-related deviation
2000,987,0.4935,0.9873793536538126,0.039326800865027677,2.684190931907955,0.7536900580925757,0.9960890354896474,1889.0740255860364,94.45370127930182,0.012376252041924343,-0.4847533276204178,0.015246672379582216,True,True,A_positive_selection,1.0,0.0,1.0,492,High-risk patients deviate more; no treatment-related deviation
2000,976,0.488,1.0144348627281679,0.03812336075915067,2.7578044188338273,0.767189959481461,1.006481980208888,1890.2227486009035,94.51113743004517,0.012359766444230794,-0.34399905155960137,0.15600094844039863,True,True,A_positive_selection,1.0,0.0,1.0,493,High-risk patients deviate more; no treatment-related deviation
2000,984,0.492,1.0198281700384542,0.03791996233768055,2.7727182869523324,0.8636761062454448,1.1011153512325307,1892.3374010945586,94.61687005472793,0.012322267526156144,-0.37758175133032185,0.12241824866967815,True,True,A_positive_selection,1.0,0.0,1.0,494,High-risk patients deviate more; no treatment-related deviation
2000,1001,0.5005,0.9999134955613788,0.03719340289899744,2.7180466951856426,0.7593150089431104,1.0351689198727547,1880.479116042589,94.02395580212945,0.012546384883871768,-0.4412345885608298,0.05876541143917019,True,True,A_positive_selection,1.0,0.0,1.0,495,High-risk patients deviate more; no treatment-related deviation
2000,973,0.4865,0.9566517617366623,0.03840241281564674,2.6029665145055647,0.8072572661963218,0.9372671280843151,1889.50254457615,94.4751272288075,0.012399287271494476,-0.5504640117299946,-0.050464011729994596,True,True,A_positive_selection,1.0,0.0,1.0,496,High-risk patients deviate more; no treatment-related deviation
2000,1017,0.5085,0.9722231572772997,0.03701333391557122,2.6438155485352777,0.786710339225082,1.0203173330491904,1878.762852657743,93.93814263288715,0.012530909256299717,-0.5583590482485715,-0.05835904824857152,True,True,A_positive_selection,1.0,0.0,1.0,497,High-risk patients deviate more; no treatment-related deviation
2000,965,0.4825,1.0183606347941274,0.039461197981664385,2.7686522094294217,0.7547379416784653,0.9933999370639952,1891.0828716567676,94.55414358283838,0.012345092920052354,-0.3992343361739313,0.10076566382606872,True,True,A_positive_selection,1.0,0.0,1.0,498,High-risk patients deviate more; no treatment-related deviation
2000,990,0.495,0.9992473669245393,0.03779221541613977,2.7162367293476786,0.7125935797498754,0.9924636291278093,1882.287076364274,94.1143538182137,0.012492147050480447,-0.3886950658111336,0.11130493418886639,True,True,A_positive_selection,1.0,0.0,1.0,499,High-risk patients deviate more; no treatment-related deviation
2000,987,0.4935,1.0132383617487388,0.03768869086085446,2.7545066764150605,0.7705585276347665,1.0342225020555174,1885.1042176106125,94.25521088053063,0.012468854255769792,-0.24688084524839504,0.25311915475160496,True,True,A_positive_selection,1.0,0.0,1.0,500,High-risk patients deviate more; no treatment-related deviation
2000,1087,0.5435,-1.0010802989595182,0.037343510853116706,0.36748223598272245,0.9683937315715639,-1.2764906997430892,1832.4334249119686,91.62167124559842,0.013495599448416858,-0.26913308035901023,0.23086691964098977,True,True,A_negative_selection,-1.0,0.0,1.0,1,Low-risk patients deviate more; no treatment-related deviation
2000,1058,0.529,-0.9797557274844158,0.03596239336690614,0.37540278823578505,0.9280142672382785,-1.280891274219603,1849.0609245868932,92.45304622934466,0.013219167184103478,-0.5114811198786224,-0.011481119878622437,True,True,A_negative_selection,-1.0,0.0,1.0,2,Low-risk patients deviate more; no treatment-related deviation
2000,1026,0.513,-1.0170115756605937,0.03694843652415129,0.36167416265313934,0.9882313657405807,-1.337725228739394,1855.9872514814722,92.7993625740736,0.01313356074218468,-0.49435994842939696,0.005640051570603044,True,True,A_negative_selection,-1.0,0.0,1.0,3,Low-risk patients deviate more; no treatment-related deviation
2000,1026,0.513,-0.9489861372314202,0.036905414912721625,0.38713332461543026,0.9131780325316224,-1.2707396830503581,1860.4798825699884,93.02399412849941,0.013045659146710447,-0.46794149552604086,0.03205850447395914,True,True,A_negative_selection,-1.0,0.0,1.0,4,Low-risk patients deviate more; no treatment-related deviation
2000,1019,0.5095,-1.0065154710031126,0.038791135286093306,0.36549032490050576,0.9341271935685875,-1.2449180068927486,1859.3073699422825,92.96536849711413,0.013096074651777331,-0.42175312348036464,0.07824687651963536,True,True,A_negative_selection,-1.0,0.0,1.0,5,Low-risk patients deviate more; no treatment-related deviation
2000,1029,0.5145,-1.0100501692839412,0.03807484416849909,0.3642007074244745,0.9993654744376588,-1.2767772556994474,1857.3762953985483,92.86881476992741,0.013065168848766252,-0.3457029385991535,0.15429706140084648,True,True,A_negative_selection,-1.0,0.0,1.0,6,Low-risk patients deviate more; no treatment-related deviation
2000,1048,0.524,-0.988392873825423,0.037198736369107005,0.3721743417694926,1.008701359017674,-1.300508862520513,1850.7087352766112,92.53543676383056,0.013252017450612311,-0.5380074471203941,-0.038007447120394056,True,True,A_negative_selection,-1.0,0.0,1.0,7,Low-risk patients deviate more; no treatment-related deviation
2000,1054,0.527,-0.9665156341528293,0.036624455318295696,0.38040620595635316,0.8902601959899512,-1.236279511423044,1845.6323719034147,92.28161859517073,0.013296502100390111,-0.6753858647355507,-0.17538586473555073,True,True,A_negative_selection,-1.0,0.0,1.0,8,Low-risk patients deviate more; no treatment-related deviation
2000,1020,0.51,-0.9723838691316357,0.03813334534956906,0.3781804300277497,0.8792240434677715,-1.206324288643581,1862.0024217518073,93.10012108759037,0.01302257049615756,-0.4466899987147543,0.05331000128524571,True,True,A_negative_selection,-1.0,0.0,1.0,9,Low-risk patients deviate more; no treatment-related deviation
2000,1048,0.524,-1.0027768201129583,0.03807912402915028,0.3668593231376783,0.8756264299988996,-1.2701870274388503,1851.028791526221,92.55143957631105,0.01320809603487743,-0.4049253347689997,0.09507466523100028,True,True,A_negative_selection,-1.0,0.0,1.0,10,Low-risk patients deviate more; no treatment-related deviation
2000,1024,0.512,-1.0060158324468194,0.03867128120170911,0.3656729835866394,1.0048226190490523,-1.284250075357263,1866.4549973420378,93.32274986710189,0.01288615674081789,-0.44627829673024005,0.053721703269759946,True,True,A_negative_selection,-1.0,0.0,1.0,11,Low-risk patients deviate more; no treatment-related deviation
2000,1024,0.512,-0.978719966487024,0.03800868155100687,0.37579181723790617,0.8998351054109616,-1.2551995807509566,1865.8587077549141,93.2929353877457,0.012912105871524566,-0.500939851535363,-0.0009398515353630232,True,True,A_negative_selection,-1.0,0.0,1.0,12,Low-risk patients deviate more; no treatment-related deviation
2000,1018,0.509,-0.9881497989284754,0.037469837856705455,0.37226481900519165,0.9806190928328999,-1.2396931024796838,1864.4338125431705,93.22169062715852,0.012977699723968087,-0.33448858759859335,0.16551141240140665,True,True,A_negative_selection,-1.0,0.0,1.0,13,Low-risk patients deviate more; no treatment-related deviation
2000,1005,0.5025,-0.9725094474174778,0.03795526318069235,0.3781329417594178,0.9254365588863185,-1.2662011564144244,1860.900993622003,93.04504968110015,0.013048233197527034,-0.4286528973716821,0.0713471026283179,True,True,A_negative_selection,-1.0,0.0,1.0,14,Low-risk patients deviate more; no treatment-related deviation
2000,1048,0.524,-1.0549968317860339,0.038293240326383086,0.34819353045605617,0.9729521370018918,-1.3436684925043336,1856.919605465418,92.84598027327091,0.013091438110365575,-0.4666467807123666,0.03335321928763341,True,True,A_negative_selection,-1.0,0.0,1.0,15,Low-risk patients deviate more; no treatment-related deviation
2000,1051,0.5255,-0.9718967117681321,0.037857682755532356,0.3783647082915828,0.9465162710656946,-1.2090304362052615,1846.6499062455293,92.33249531227646,0.013286193020612277,-0.5421557058757237,-0.042155705875723704,True,True,A_negative_selection,-1.0,0.0,1.0,16,Low-risk patients deviate more; no treatment-related deviation
2000,1017,0.5085,-0.9599926176786243,0.036688070153131615,0.38289571262388233,0.8949174695137124,-1.2160281651722995,1865.3428168047278,93.2671408402364,0.012988934221490063,-0.6786514802927259,-0.17865148029272593,True,True,A_negative_selection,-1.0,0.0,1.0,17,Low-risk patients deviate more; no treatment-related deviation
2000,1034,0.517,-1.0749362249858572,0.038167243504761916,0.3413195222642517,1.0251395629019393,-1.378079927662565,1858.218695019247,92.91093475096235,0.013094597813059935,-0.4156738811258056,0.08432611887419439,True,True,A_negative_selection,-1.0,0.0,1.0,18,Low-risk patients deviate more; no treatment-related deviation
2000,1037,0.5185,-1.0440749716158966,0.03704131760375088,0.3520172948072452,0.9845366972081123,-1.3689533304967383,1847.5203626603638,92.37601813301819,0.013341135609571196,-0.5531616796279076,-0.05316167962790763,True,True,A_negative_selection,-1.0,0.0,1.0,19,Low-risk patients deviate more; no treatment-related deviation
2000,1046,0.523,-0.9219201826671424,0.035975510209240065,0.3977545459493489,0.8554488945595681,-1.250615875351305,1854.4235261347142,92.72117630673571,0.013128163758039876,-0.4801545984451315,0.019845401554868525,True,True,A_negative_selection,-1.0,0.0,1.0,20,Low-risk patients deviate more; no treatment-related deviation
2000,1015,0.5075,-0.9449705851560793,0.03796494262763064,0.38869100401881707,0.9020929234895746,-1.143649955413479,1867.0152401280486,93.35076200640243,0.012900885474893814,-0.7329742487984915,-0.2329742487984915,True,True,A_negative_selection,-1.0,0.0,1.0,21,Low-risk patients deviate more; no treatment-related deviation
2000,1045,0.5225,-0.9384156565662983,0.03634037152513285,0.3912472145295929,0.9266634063240531,-1.2439905029480356,1848.8886028018828,92.44443014009414,0.013302773195080796,-0.3552589638027802,0.14474103619721979,True,True,A_negative_selection,-1.0,0.0,1.0,22,Low-risk patients deviate more; no treatment-related deviation
2000,1039,0.5195,-0.9094440354134967,0.03664690535815873,0.4027480754683776,0.886956771353524,-1.1368412415611298,1856.9765911726781,92.84882955863391,0.013103916973220721,-0.5900127689788656,-0.09001276897886556,True,True,A_negative_selection,-1.0,0.0,1.0,23,Low-risk patients deviate more; no treatment-related deviation
2000,1034,0.517,-1.006573760522794,0.03735748149654871,0.36546902126591446,0.9758135157097694,-1.2986194516852347,1861.5758799700577,93.07879399850287,0.012996930195061996,-0.4431890095250727,0.056810990474927325,True,True,A_negative_selection,-1.0,0.0,1.0,24,Low-risk patients deviate more; no treatment-related deviation
2000,997,0.4985,-0.9527069174050105,0.038134003706617015,0.38569556307270814,0.9109944089454657,-1.2335003908817979,1865.71526676146,93.285763338073,0.01297005399726581,-0.4647568092002449,0.035243190799755075,True,True,A_negative_selection,-1.0,0.0,1.0,25,Low-risk patients deviate more; no treatment-related deviation
2000,1011,0.5055,-0.9561070991841784,0.03767698967434061,0.3843863550807604,0.9387719266453757,-1.2482864858427833,1863.571968847723,93.17859844238615,0.012984190985813422,-0.4963458100368029,0.0036541899631971075,True,True,A_negative_selection,-1.0,0.0,1.0,26,Low-risk patients deviate more; no treatment-related deviation
2000,1035,0.5175,-0.9923224433641551,0.03744204775398003,0.3707147265210092,0.9608621378609307,-1.2677629469289757,1855.4732073198631,92.77366036599315,0.013146182304729975,-0.48213423140572825,0.017865768594271747,True,True,A_negative_selection,-1.0,0.0,1.0,27,Low-risk patients deviate more; no treatment-related deviation
2000,1034,0.517,-0.9729909332370957,0.03746615012344789,0.37795091993401064,0.9431140425369976,-1.2621465167535717,1854.4523620351583,92.72261810175792,0.013145267688874791,-0.5992005122945795,-0.09920051229457949,True,True,A_negative_selection,-1.0,0.0,1.0,28,Low-risk patients deviate more; no treatment-related deviation
2000,1031,0.5155,-1.0087925415349903,0.037654068049739704,0.36465902447603277,0.9385749888667496,-1.257794449661011,1857.7982945925455,92.88991472962726,0.013084270133292122,-0.4660562110672184,0.033943788932781604,True,True,A_negative_selection,-1.0,0.0,1.0,29,Low-risk patients deviate more; no treatment-related deviation
2000,1028,0.514,-0.9895053309340632,0.037372469908291836,0.37176054398615543,0.9614801503006675,-1.3070433766198286,1858.0102002922192,92.90051001461096,0.013086068994433188,-0.4302919847311187,0.06970801526888132,True,True,A_negative_selection,-1.0,0.0,1.0,30,Low-risk patients deviate more; no treatment-related deviation
2000,1010,0.505,-1.0357986995853925,0.03774872123328309,0.3549427750348162,0.9718179907584532,-1.3305197328178775,1866.125271885427,93.30626359427136,0.0129741493258059,-0.5352388887844871,-0.03523888878448711,True,True,A_negative_selection,-1.0,0.0,1.0,31,Low-risk patients deviate more; no treatment-related deviation
2000,1070,0.535,-0.9738276078859373,0.035500490159278864,0.37763483023135525,0.9157337857938833,-1.3107023366088928,1843.6006923837626,92.18003461918812,0.013329520474620653,-0.6575337649613199,-0.15753376496131988,True,True,A_negative_selection,-1.0,0.0,1.0,32,Low-risk patients deviate more; no treatment-related deviation
2000,1002,0.501,-1.030880913672548,0.03809552885116358,0.35669260673601044,0.995619726437189,-1.3140603035861491,1870.4859586357827,93.52429793178914,0.012850785707086516,-0.5806082631561853,-0.0806082631561853,True,True,A_negative_selection,-1.0,0.0,1.0,33,Low-risk patients deviate more; no treatment-related deviation
2000,1016,0.508,-1.0144442377727183,0.038612678018252994,0.3626038953923549,0.9774610156184905,-1.2926058383012988,1861.9621951430863,93.09810975715432,0.013001782039724016,-0.155519146383621,0.34448085361637903,True,True,A_negative_selection,-1.0,0.0,1.0,34,Low-risk patients deviate more; no treatment-related deviation
2000,993,0.4965,-0.9848201844451813,0.03816814806153254,0.3735063831561291,0.927985990596669,-1.2479511323114618,1868.8097917316297,93.44048958658149,0.012898336154796672,-0.34961976904040926,0.15038023095959074,True,True,A_negative_selection,-1.0,0.0,1.0,35,Low-risk patients deviate more; no treatment-related deviation
2000,1040,0.52,-1.0989579948008068,0.03822868516800314,0.33321811787226085,1.0013588260734123,-1.40447435903054,1856.7388551433255,92.83694275716628,0.013108425398734644,-0.5003532262147931,-0.0003532262147930565,True,True,A_negative_selection,-1.0,0.0,1.0,36,Low-risk patients deviate more; no treatment-related deviation
2000,1017,0.5085,-0.9870537434889933,0.03791714931681055,0.37267306557455643,0.9681550212089225,-1.2846526423401405,1866.6559544109757,93.33279772054878,0.01291164818945599,-0.503240584563005,-0.0032405845630050223,True,True,A_negative_selection,-1.0,0.0,1.0,37,Low-risk patients deviate more; no treatment-related deviation
2000,1038,0.519,-0.9696393816120407,0.03689918790414948,0.3792197670695103,0.9692188163198636,-1.2596935504564057,1850.8189472603501,92.54094736301751,0.013236264545905383,-0.4513104457698859,0.04868955423011412,True,True,A_negative_selection,-1.0,0.0,1.0,38,Low-risk patients deviate more; no treatment-related deviation
2000,997,0.4985,-1.0400606378450554,0.03915834655915443,0.35343324987834557,0.9569691930416473,-1.3201659096891436,1858.117581655242,92.9058790827621,0.013127086866414037,-0.48853619535154674,0.011463804648453257,True,True,A_negative_selection,-1.0,0.0,1.0,39,Low-risk patients deviate more; no treatment-related deviation
2000,1015,0.5075,-0.9745718609694433,0.03778670308967262,0.37735387890692956,0.9179307350500268,-1.2684853837256234,1861.6440136709398,93.082200683547,0.012996030372265495,-0.455143676458375,0.044856323541625,True,True,A_negative_selection,-1.0,0.0,1.0,40,Low-risk patients deviate more; no treatment-related deviation
2000,1031,0.5155,-1.0426526425114426,0.03805599285802196,0.3525183354888247,0.9827115496951626,-1.2807810799591466,1861.198873964621,93.05994369823105,0.013048324409964857,-0.23318427236331296,0.26681572763668704,True,True,A_negative_selection,-1.0,0.0,1.0,41,Low-risk patients deviate more; no treatment-related deviation
2000,1020,0.51,-1.0333918445567885,0.038141151294860356,0.3557980997461622,0.9433196754710391,-1.2888076076200206,1847.4418388421925,92.37209194210962,0.013324097186011906,-0.5669050899054446,-0.06690508990544464,True,True,A_negative_selection,-1.0,0.0,1.0,42,Low-risk patients deviate more; no treatment-related deviation
2000,1062,0.531,-0.9235758009201958,0.03587968133076578,0.39709656109900304,0.926471270226514,-1.238478788371732,1847.53009827309,92.3765049136545,0.013241337926199971,-0.5644797203863107,-0.06447972038631067,True,True,A_negative_selection,-1.0,0.0,1.0,43,Low-risk patients deviate more; no treatment-related deviation
2000,1065,0.5325,-0.9833467734198577,0.036965707708132095,0.3740571172082781,0.9791536085232407,-1.290873986839517,1840.6946468779397,92.03473234389699,0.01340854778811293,-0.45152138819521703,0.04847861180478297,True,True,A_negative_selection,-1.0,0.0,1.0,44,Low-risk patients deviate more; no treatment-related deviation
2000,1014,0.507,-1.032892202665066,0.038127560662817354,0.35597591580026633,0.9765685101939618,-1.2723657321760315,1865.6019770394184,93.28009885197092,0.012938517755966196,-0.7235780133170759,-0.22357801331707594,True,True,A_negative_selection,-1.0,0.0,1.0,45,Low-risk patients deviate more; no treatment-related deviation
2000,987,0.4935,-1.0326949695237115,0.03814702223172445,0.35604613297273524,1.0091204150302269,-1.277252774221577,1877.098280583586,93.8549140291793,0.01271648610163336,-0.4862119197670712,0.013788080232928823,True,True,A_negative_selection,-1.0,0.0,1.0,46,Low-risk patients deviate more; no treatment-related deviation
2000,974,0.487,-1.007140531033385,0.038447717824695686,0.36526194289062797,0.9234890384139567,-1.268337390318657,1879.161238999047,93.95806194995237,0.01273636500191125,-0.4602298464149659,0.03977015358503411,True,True,A_negative_selection,-1.0,0.0,1.0,47,Low-risk patients deviate more; no treatment-related deviation
2000,994,0.497,-1.0119136687008528,0.039125330472414746,0.3635226515930932,0.9692158526007194,-1.2856640069030965,1867.531736081238,93.3765868040619,0.012947022205096288,-0.6650365264450349,-0.16503652644503486,True,True,A_negative_selection,-1.0,0.0,1.0,48,Low-risk patients deviate more; no treatment-related deviation
2000,1029,0.5145,-1.008689612238151,0.03638488844548774,0.3646965605047536,0.9976492501989612,-1.3058204909553317,1856.9712794705345,92.84856397352672,0.013132271566191817,-0.4490667515326404,0.05093324846735958,True,True,A_negative_selection,-1.0,0.0,1.0,49,Low-risk patients deviate more; no treatment-related deviation
2000,1050,0.525,-1.0024426938956708,0.038548254662378156,0.36698192093602366,0.8765368105336255,-1.2248447093041617,1853.7942796377286,92.68971398188643,0.013151771940834136,-0.46868560473049564,0.03131439526950436,True,True,A_negative_selection,-1.0,0.0,1.0,50,Low-risk patients deviate more; no treatment-related deviation
2000,1015,0.5075,-1.0265080387044483,0.038017532099960206,0.3582557942280968,0.9704786125104042,-1.3256711548031979,1861.914376589777,93.09571882948885,0.013052389084662396,-0.3272323397746476,0.1727676602253524,True,True,A_negative_selection,-1.0,0.0,1.0,51,Low-risk patients deviate more; no treatment-related deviation
2000,1018,0.509,-0.9632074172919286,0.03761654920710502,0.3816667561178855,0.9024321962406534,-1.2679859270464846,1858.6010496267163,92.93005248133582,0.013110547887551734,-0.5261828707319343,-0.02618287073193426,True,True,A_negative_selection,-1.0,0.0,1.0,52,Low-risk patients deviate more; no treatment-related deviation
2000,1068,0.534,-0.9551844706614991,0.03659614539124883,0.3847411645491854,0.9727211139696277,-1.2184407296645823,1849.6786641349127,92.48393320674563,0.013212004557479892,-0.28473336266682875,0.21526663733317125,True,True,A_negative_selection,-1.0,0.0,1.0,53,Low-risk patients deviate more; no treatment-related deviation
2000,990,0.495,-1.0793054484490707,0.039554322142042846,0.3398314741736876,1.0140834466383695,-1.3595922136574166,1870.477686445225,93.52388432226125,0.012920115281230923,-0.5934101040528119,-0.09341010405281192,True,True,A_negative_selection,-1.0,0.0,1.0,54,Low-risk patients deviate more; no treatment-related deviation
2000,1030,0.515,-0.9934677221680479,0.03823805874368022,0.37029039783613943,0.9826073528488591,-1.2705866913588817,1858.8539345361096,92.94269672680547,0.013069703454992277,-0.3314431659056337,0.16855683409436628,True,True,A_negative_selection,-1.0,0.0,1.0,55,Low-risk patients deviate more; no treatment-related deviation
2000,1038,0.519,-1.0354849616716746,0.03683365949115579,0.35505415151114295,1.016328369242523,-1.3712117141443934,1858.3478302364763,92.91739151182381,0.013061708063108106,-0.5242843695566435,-0.02428436955664348,True,True,A_negative_selection,-1.0,0.0,1.0,56,Low-risk patients deviate more; no treatment-related deviation
2000,1057,0.5285,-1.02936904425513,0.03780104229760628,0.35723228723998046,0.9857529985595987,-1.265126357993327,1847.0741288712406,92.35370644356203,0.01324498805643281,-0.556917302390199,-0.05691730239019899,True,True,A_negative_selection,-1.0,0.0,1.0,57,Low-risk patients deviate more; no treatment-related deviation
2000,1041,0.5205,-0.9549808935050772,0.03792217570000349,0.3848194970345045,0.9246262913070785,-1.2071362458890935,1851.309917844794,92.56549589223971,0.013186857648699165,-0.6234034491436339,-0.12340344914363388,True,True,A_negative_selection,-1.0,0.0,1.0,58,Low-risk patients deviate more; no treatment-related deviation
2000,1000,0.5,-0.9771374761902486,0.03929470857723207,0.37638697493372886,0.9689244455062881,-1.2205551562128156,1867.9403751626119,93.3970187581306,0.012934182366963566,-0.30883096220375744,0.19116903779624256,True,True,A_negative_selection,-1.0,0.0,1.0,59,Low-risk patients deviate more; no treatment-related deviation
2000,1045,0.5225,-0.9801088208703118,0.037546758314396605,0.37527025939311787,0.9337942516284601,-1.2313241786437827,1848.6951754507743,92.43475877253871,0.01327936709502867,-0.6286896895799919,-0.12868968957999194,True,True,A_negative_selection,-1.0,0.0,1.0,60,Low-risk patients deviate more; no treatment-related deviation
2000,1058,0.529,-0.9766554627820753,0.03717495558380452,0.3765684422336311,0.9977668999041028,-1.3063152543584315,1844.144445938095,92.20722229690476,0.013344558004183304,-0.6224481103797495,-0.12244811037974945,True,True,A_negative_selection,-1.0,0.0,1.0,61,Low-risk patients deviate more; no treatment-related deviation
2000,1015,0.5075,-0.9613110788098882,0.03762110822662936,0.38239121216466604,0.9451021804172263,-1.232648377436403,1857.6733056988048,92.88366528494025,0.013103041692426324,-0.4846666615378402,0.015333338462159785,True,True,A_negative_selection,-1.0,0.0,1.0,62,Low-risk patients deviate more; no treatment-related deviation
2000,1019,0.5095,-0.9938709098544908,0.03766985989869455,0.3701411314005404,0.8919929374750658,-1.253894992773766,1859.0959220501431,92.95479610250716,0.013113774124695398,-0.5812879290685903,-0.08128792906859028,True,True,A_negative_selection,-1.0,0.0,1.0,63,Low-risk patients deviate more; no treatment-related deviation
2000,1056,0.528,-1.0068623823033889,0.03775615442386656,0.3653635541670275,0.9486135519594332,-1.3234968916784957,1843.6998071146286,92.18499035573143,0.01336550637674171,-0.4805374361754383,0.019462563824561685,True,True,A_negative_selection,-1.0,0.0,1.0,64,Low-risk patients deviate more; no treatment-related deviation
2000,1025,0.5125,-1.0019837104984202,0.03793181914350548,0.3671503982060016,0.9493212014946288,-1.2776958810391346,1857.206148705213,92.86030743526065,0.013112451435543461,-0.45759407484080844,0.04240592515919156,True,True,A_negative_selection,-1.0,0.0,1.0,65,Low-risk patients deviate more; no treatment-related deviation
2000,1020,0.51,-1.0755804856063522,0.038995215956017855,0.34109969435788606,1.0557488705234919,-1.3628909691125828,1857.747106830766,92.8873553415383,0.013105474741037196,-0.5231417298065658,-0.023141729806565814,True,True,A_negative_selection,-1.0,0.0,1.0,66,Low-risk patients deviate more; no treatment-related deviation
2000,1046,0.523,-0.9755262918346442,0.03767187911796068,0.37699389253617627,1.0104835186352,-1.2969102176156173,1844.8127120260442,92.24063560130222,0.01336407151377994,-0.530844128759888,-0.030844128759887957,True,True,A_negative_selection,-1.0,0.0,1.0,67,Low-risk patients deviate more; no treatment-related deviation
2000,1060,0.53,-1.0210608837116864,0.037099854541482485,0.36021259372295283,1.033631076290432,-1.319624682260605,1847.2362189462995,92.36181094731496,0.013247665409985725,-0.3649841059492543,0.1350158940507457,True,True,A_negative_selection,-1.0,0.0,1.0,68,Low-risk patients deviate more; no treatment-related deviation
2000,1079,0.5395,-0.9522207681341242,0.0369469137236723,0.3858831142747262,0.9063278883553287,-1.2343096692531927,1835.989908072618,91.79949540363089,0.013459617895369843,-0.4556384700870624,0.044361529912937625,True,True,A_negative_selection,-1.0,0.0,1.0,69,Low-risk patients deviate more; no treatment-related deviation
2000,1023,0.5115,-1.0205240087469671,0.03692906815623244,0.3604060347686802,0.9835383443190059,-1.3112506872127179,1864.5455169003371,93.22727584501686,0.01291384576237553,-0.47461543303299075,0.025384566967009248,True,True,A_negative_selection,-1.0,0.0,1.0,70,Low-risk patients deviate more; no treatment-related deviation
2000,1064,0.532,-0.939276087905217,0.03722294803297474,0.3909107179518077,0.911857068977152,-1.2154502312697997,1847.9495054732374,92.39747527366187,0.013248111637136899,-0.2642100613675068,0.2357899386324932,True,True,A_negative_selection,-1.0,0.0,1.0,71,Low-risk patients deviate more; no treatment-related deviation
2000,1008,0.504,-1.0107991279566237,0.03813699644056484,0.3639280382677626,0.9868997901411101,-1.2740498025017677,1870.165319071952,93.5082659535976,0.012864002560930447,-0.3366700025241104,0.1633299974758896,True,True,A_negative_selection,-1.0,0.0,1.0,72,Low-risk patients deviate more; no treatment-related deviation
2000,1022,0.511,-1.0044435840531374,0.037820411724536485,0.3662483645500674,0.9674379138660866,-1.2646109194123791,1854.8511004762172,92.74255502381085,0.013190035161164118,-0.4968511090179079,0.0031488909820920896,True,True,A_negative_selection,-1.0,0.0,1.0,73,Low-risk patients deviate more; no treatment-related deviation
2000,1022,0.511,-1.0296447362279355,0.03885149266047388,0.35713381474062394,0.9116767145679574,-1.289407903842932,1859.3069365192102,92.96534682596051,0.01305517236922925,-0.4771101173087651,0.022889882691234875,True,True,A_negative_selection,-1.0,0.0,1.0,74,Low-risk patients deviate more; no treatment-related deviation
2000,1019,0.5095,-0.990120693579223,0.037444905818464935,0.3715318468075092,1.0007003818095532,-1.2978849998140136,1866.1232361554894,93.30616180777446,0.012947156114386163,-0.4208109106517572,0.07918908934824281,True,True,A_negative_selection,-1.0,0.0,1.0,75,Low-risk patients deviate more; no treatment-related deviation
2000,1017,0.5085,-1.059223915442592,0.03831800109786108,0.34672479369769693,0.9801447564735141,-1.3367858830077943,1858.4381655940406,92.92190827970202,0.013103636025706097,-0.3683895815108287,0.13161041848917132,True,True,A_negative_selection,-1.0,0.0,1.0,76,Low-risk patients deviate more; no treatment-related deviation
2000,1004,0.502,-1.019310891281257,0.03766134761718619,0.3608435149279649,0.9507869615204564,-1.293422311731219,1866.7137673913203,93.33568836956603,0.012974103404218876,-0.5843904551888197,-0.08439045518881971,True,True,A_negative_selection,-1.0,0.0,1.0,77,Low-risk patients deviate more; no treatment-related deviation
2000,992,0.496,-1.0394379928655177,0.03817377484358695,0.35365338184190315,0.9414913366940643,-1.2881160874638884,1875.6940301430825,93.78470150715413,0.01276684118925015,-0.39982370879865076,0.10017629120134924,True,True,A_negative_selection,-1.0,0.0,1.0,78,Low-risk patients deviate more; no treatment-related deviation
2000,1005,0.5025,-0.982647080231755,0.03747323432966592,0.374318934010185,0.8889194476572603,-1.265220068858947,1864.4613052857833,93.22306526428916,0.012988420641251216,-0.4508424505608033,0.0491575494391967,True,True,A_negative_selection,-1.0,0.0,1.0,79,Low-risk patients deviate more; no treatment-related deviation
2000,1072,0.536,-0.9123501595199218,0.03684875990425199,0.4015793386471205,0.8632545778053743,-1.1372540986301283,1842.0874476332647,92.10437238166324,0.013338921334239914,-0.5160699298883776,-0.016069929888377632,True,True,A_negative_selection,-1.0,0.0,1.0,80,Low-risk patients deviate more; no treatment-related deviation
2000,1030,0.515,-0.9478714947710023,0.03575611523100968,0.38756508043887394,0.9119256695782145,-1.2636581909206113,1852.4312429762874,92.62156214881436,0.013213946357613714,-0.3446247500439291,0.15537524995607088,True,True,A_negative_selection,-1.0,0.0,1.0,81,Low-risk patients deviate more; no treatment-related deviation
2000,1025,0.5125,-1.0895766966942475,0.03845102192151339,0.33635884538681066,1.0133587911810669,-1.354976993120859,1854.2593176094351,92.71296588047176,0.013162202801149568,-0.21489824927496945,0.2851017507250305,True,True,A_negative_selection,-1.0,0.0,1.0,82,Low-risk patients deviate more; no treatment-related deviation
2000,995,0.4975,-1.0475279982317076,0.03934282313653867,0.3508038659258441,0.9339654741448896,-1.300454995112262,1868.4367503431738,93.42183751715869,0.012921838419818903,-0.5696620981740028,-0.06966209817400282,True,True,A_negative_selection,-1.0,0.0,1.0,83,Low-risk patients deviate more; no treatment-related deviation
2000,1031,0.5155,-1.0219746172634048,0.03706407050480058,0.35988360571689587,0.9846059093561645,-1.3591860090903152,1856.522476526027,92.82612382630136,0.013131818336453728,-0.7338695947932,-0.23386959479320002,True,True,A_negative_selection,-1.0,0.0,1.0,84,Low-risk patients deviate more; no treatment-related deviation
2000,1002,0.501,-1.0476212966360992,0.038924749312663716,0.3507711380116537,1.006526880059467,-1.2997353830463159,1867.0989016847295,93.35494508423648,0.012925367172329132,-0.4631833332818306,0.03681666671816941,True,True,A_negative_selection,-1.0,0.0,1.0,85,Low-risk patients deviate more; no treatment-related deviation
2000,1020,0.51,-1.0296637541756757,0.039367686653858217,0.3571270228529831,0.9311084944271854,-1.2839315667624762,1854.141627706446,92.7070813853223,0.013201077743983608,-0.3435811582674757,0.1564188417325243,True,True,A_negative_selection,-1.0,0.0,1.0,86,Low-risk patients deviate more; no treatment-related deviation
2000,1034,0.517,-0.9781597552789199,0.03643536498975668,0.3760023990054625,0.9557169266199974,-1.291488813678713,1856.1643697754705,92.80821848877352,0.013093558355864262,-0.4841336349213111,0.015866365078688882,True,True,A_negative_selection,-1.0,0.0,1.0,87,Low-risk patients deviate more; no treatment-related deviation
2000,1006,0.503,-1.0265266227785772,0.03856480903622131,0.3582491364377244,0.9980702789445126,-1.33838751465711,1864.4326229657725,93.22163114828862,0.012995988467750496,-0.5645733236423861,-0.0645733236423861,True,True,A_negative_selection,-1.0,0.0,1.0,88,Low-risk patients deviate more; no treatment-related deviation
2000,1043,0.5215,-1.0381497487504998,0.037569172209724735,0.35410926731265663,0.9692268462117238,-1.2782035383817933,1852.7380540158847,92.63690270079424,0.01320716146821111,-0.5046646583084324,-0.0046646583084324345,True,True,A_negative_selection,-1.0,0.0,1.0,89,Low-risk patients deviate more; no treatment-related deviation
2000,1012,0.506,-1.0868101453591723,0.03813978418380257,0.33729068780017124,0.9900147849054413,-1.3393606944886998,1865.9539559556088,93.29769779778043,0.012952218452681482,-0.6086459421367434,-0.10864594213674339,True,True,A_negative_selection,-1.0,0.0,1.0,90,Low-risk patients deviate more; no treatment-related deviation
2000,1061,0.5305,-0.9829546394881222,0.03521540461523772,0.37420382645930034,1.0153812356252663,-1.3772103239314564,1846.6225606109679,92.3311280305484,0.013304237779677186,-0.35242424672952705,0.14757575327047295,True,True,A_negative_selection,-1.0,0.0,1.0,91,Low-risk patients deviate more; no treatment-related deviation
2000,994,0.497,-1.0216092519372473,0.038088660954802706,0.3600151187315621,1.0224457169470114,-1.3242294776616417,1868.1795598494339,93.4089779924717,0.012901958693199631,-0.4408151959132598,0.059184804086740206,True,True,A_negative_selection,-1.0,0.0,1.0,92,Low-risk patients deviate more; no treatment-related deviation
2000,1053,0.5265,-0.9967624998031234,0.037284939940157455,0.36907238096409467,0.9810902289006274,-1.2603165845601907,1839.9081081460552,91.99540540730275,0.013452864707518152,-0.3897817031256472,0.1102182968743528,True,True,A_negative_selection,-1.0,0.0,1.0,93,Low-risk patients deviate more; no treatment-related deviation
2000,1048,0.524,-1.0162143975182059,0.03705004441793698,0.361962596341514,1.004220371472597,-1.3458387831549323,1844.9732244569316,92.24866122284658,0.013355240978642522,-0.5237408996202028,-0.02374089962020276,True,True,A_negative_selection,-1.0,0.0,1.0,94,Low-risk patients deviate more; no treatment-related deviation
2000,1018,0.509,-0.9469875123332318,0.03644678537999158,0.38790783263461626,0.9807479902061585,-1.3249933486838246,1863.817973751276,93.19089868756379,0.012986589600021126,-0.46753353403361503,0.03246646596638497,True,True,A_negative_selection,-1.0,0.0,1.0,95,Low-risk patients deviate more; no treatment-related deviation
2000,1015,0.5075,-1.0060589742344443,0.03752962267990422,0.36565720814073427,0.8983827762073902,-1.2718007180454793,1867.1595125391802,93.35797562695902,0.012881830775738604,-0.512553436417584,-0.012553436417583996,True,True,A_negative_selection,-1.0,0.0,1.0,96,Low-risk patients deviate more; no treatment-related deviation
2000,1023,0.5115,-0.9226645002578605,0.03667458802298642,0.3974586003964142,0.9084332263917974,-1.2245530601610375,1856.2180747577456,92.81090373788727,0.013114261752086263,-0.5318056843757025,-0.031805684375702525,True,True,A_negative_selection,-1.0,0.0,1.0,97,Low-risk patients deviate more; no treatment-related deviation
2000,1034,0.517,-1.0405369792180341,0.037630732754957055,0.35326493508967355,0.9600784721032682,-1.2886113877102665,1854.9827699354162,92.74913849677081,0.013118450646786408,-0.44328150855616233,0.05671849144383767,True,True,A_negative_selection,-1.0,0.0,1.0,98,Low-risk patients deviate more; no treatment-related deviation
2000,1014,0.507,-0.9309783322918093,0.03679738464376165,0.39416789449473005,0.9505759442808901,-1.2185162757502497,1860.818550953991,93.04092754769955,0.013067229782778819,-0.5435664705080272,-0.0435664705080272,True,True,A_negative_selection,-1.0,0.0,1.0,99,Low-risk patients deviate more; no treatment-related deviation
2000,1029,0.5145,-1.0455470115808632,0.038551826587377706,0.35149949248728624,0.9107875481739705,-1.2742964026061114,1858.1400357261132,92.90700178630566,0.013062977236280573,-0.4459938858568894,0.05400611414311057,True,True,A_negative_selection,-1.0,0.0,1.0,100,Low-risk patients deviate more; no treatment-related deviation
2000,1004,0.502,-1.00763727096044,0.038208016109652534,0.36508054775659327,0.9719837958055888,-1.305112625386815,1868.6390058712334,93.43195029356167,0.012913924949168626,-0.42501170966248636,0.07498829033751364,True,True,A_negative_selection,-1.0,0.0,1.0,101,Low-risk patients deviate more; no treatment-related deviation
2000,1074,0.537,-1.024505045888918,0.03707119286829483,0.3589740971477,0.955655279780836,-1.3445642748384943,1838.6415871563672,91.93207935781837,0.01339243805700101,-0.6643082039690638,-0.16430820396906376,True,True,A_negative_selection,-1.0,0.0,1.0,102,Low-risk patients deviate more; no treatment-related deviation
2000,1042,0.521,-0.9982785972387688,0.03843812023483631,0.3685132552253951,1.037171097427482,-1.285248189059523,1850.7541808136214,92.53770904068108,0.013239776357906127,-0.3800586370017264,0.11994136299827363,True,True,A_negative_selection,-1.0,0.0,1.0,103,Low-risk patients deviate more; no treatment-related deviation
2000,1014,0.507,-0.9894415413300344,0.03766309607869144,0.3717842592004339,0.9150123628338559,-1.281248480823313,1861.410207409285,93.07051037046425,0.013048126067081651,-0.463754979412402,0.03624502058759799,True,True,A_negative_selection,-1.0,0.0,1.0,104,Low-risk patients deviate more; no treatment-related deviation
2000,1002,0.501,-1.0284004418680732,0.03813191905250228,0.3575784709162369,1.0172393024647013,-1.3330886447670671,1866.186888830567,93.30934444152835,0.012954982053433116,-0.5267475668440692,-0.026747566844069204,True,True,A_negative_selection,-1.0,0.0,1.0,105,Low-risk patients deviate more; no treatment-related deviation
2000,1012,0.506,-0.9881516310590795,0.03751433459750962,0.37226413696804866,0.8895164254559045,-1.2253134594377866,1862.250662176736,93.1125331088368,0.013029649943258585,-0.5350825297016476,-0.0350825297016476,True,True,A_negative_selection,-1.0,0.0,1.0,106,Low-risk patients deviate more; no treatment-related deviation
2000,1042,0.521,-0.9952617297913313,0.03684088346569732,0.36962668956645056,1.0243656952789806,-1.3097774035783847,1854.8878284258667,92.74439142129333,0.013173771288237327,-0.5214483834810247,-0.021448383481024735,True,True,A_negative_selection,-1.0,0.0,1.0,107,Low-risk patients deviate more; no treatment-related deviation
2000,1017,0.5085,-0.9504651440728745,0.03583397625493374,0.38656117499067005,0.901130083717843,-1.2052884917606586,1860.5684781781224,93.02842390890612,0.013067013253236214,-0.48148328324081113,0.018516716759188867,True,True,A_negative_selection,-1.0,0.0,1.0,108,Low-risk patients deviate more; no treatment-related deviation
2000,1032,0.516,-1.0529529468653613,0.03839676870991435,0.34890592574142115,0.9841613869631703,-1.3397490495177788,1858.9881693757604,92.94940846878802,0.013082868968696685,-0.4856781022082637,0.014321897791736315,True,True,A_negative_selection,-1.0,0.0,1.0,109,Low-risk patients deviate more; no treatment-related deviation
2000,1036,0.518,-1.029768098691378,0.03790050015062432,0.3570897605508315,0.9740037376677474,-1.3110044070772584,1855.3488833450845,92.76744416725421,0.013124163562685087,-0.6424658924908199,-0.14246589249081987,True,True,A_negative_selection,-1.0,0.0,1.0,110,Low-risk patients deviate more; no treatment-related deviation
2000,1038,0.519,-0.9816587112224563,0.03677040079056196,0.37468908213549,0.9677977496853306,-1.2676465088733053,1857.0423895167862,92.85211947583932,0.013108735838255078,-0.34232960167685517,0.15767039832314483,True,True,A_negative_selection,-1.0,0.0,1.0,111,Low-risk patients deviate more; no treatment-related deviation
2000,1000,0.5,-1.0146546982234799,0.03759149947689511,0.36252758964303555,0.9137662508730104,-1.3075516342166307,1875.7780675508363,93.78890337754181,0.01278012373094476,-0.5411382451967479,-0.04113824519674791,True,True,A_negative_selection,-1.0,0.0,1.0,112,Low-risk patients deviate more; no treatment-related deviation
2000,1002,0.501,-0.9996510591372619,0.038280739934471446,0.36800783174008345,0.9586293304102221,-1.3424986470810825,1862.3318019462536,93.11659009731268,0.013064227861514472,-0.42599559020014593,0.07400440979985407,True,True,A_negative_selection,-1.0,0.0,1.0,113,Low-risk patients deviate more; no treatment-related deviation
2000,1014,0.507,-0.9680034043516602,0.03713065116013249,0.37984066973796293,0.9129719351433468,-1.2428808765706523,1867.590528417324,93.3795264208662,0.012926111052282474,-0.3820207174352144,0.11797928256478563,True,True,A_negative_selection,-1.0,0.0,1.0,114,Low-risk patients deviate more; no treatment-related deviation
2000,1007,0.5035,-1.0460321927524612,0.03765964676476232,0.3513289929166405,0.9254724030638342,-1.3539899028447282,1868.4463159214333,93.42231579607166,0.012931819240960698,-0.5422566426265938,-0.04225664262659379,True,True,A_negative_selection,-1.0,0.0,1.0,115,Low-risk patients deviate more; no treatment-related deviation
2000,1054,0.527,-0.9736366768112122,0.0368016319841848,0.3777069393390605,0.9662032975674413,-1.2848443869703314,1844.9239148120992,92.24619574060496,0.013296088078077617,-0.45526314439452764,0.04473685560547236,True,True,A_negative_selection,-1.0,0.0,1.0,116,Low-risk patients deviate more; no treatment-related deviation
2000,1003,0.5015,-0.9827306724529744,0.037344302018724775,0.3742876451668168,0.9378937707750705,-1.2881571683965893,1871.3674417864345,93.56837208932173,0.012828707697765243,-0.415543063047789,0.08445693695221101,True,True,A_negative_selection,-1.0,0.0,1.0,117,Low-risk patients deviate more; no treatment-related deviation
2000,1022,0.511,-0.9888806780462472,0.03720720773397187,0.3719928378274886,0.957564230517897,-1.3054298830444415,1864.3627668843644,93.21813834421823,0.012941924956984877,-0.5257210681810036,-0.025721068181003615,True,True,A_negative_selection,-1.0,0.0,1.0,118,Low-risk patients deviate more; no treatment-related deviation
2000,999,0.4995,-1.0104059009381363,0.03782635062484473,0.3640711727455222,0.9852469941022232,-1.2888367730410246,1869.276929523715,93.46384647618575,0.012917747375684076,-0.32888488113832764,0.17111511886167236,True,True,A_negative_selection,-1.0,0.0,1.0,119,Low-risk patients deviate more; no treatment-related deviation
2000,1054,0.527,-0.9786665329433457,0.03745172926277519,0.3758118976628659,0.9752640400539468,-1.2696312780486367,1851.828495173663,92.59142475868315,0.013178356091764465,-0.34529509937126085,0.15470490062873915,True,True,A_negative_selection,-1.0,0.0,1.0,120,Low-risk patients deviate more; no treatment-related deviation
2000,1041,0.5205,-1.0336395336418265,0.03832941553525997,0.3557099833535627,0.9925001266026932,-1.3499460530145313,1854.2644103799173,92.71322051899587,0.013180389733798129,-0.34370036705919355,0.15629963294080645,True,True,A_negative_selection,-1.0,0.0,1.0,121,Low-risk patients deviate more; no treatment-related deviation
2000,982,0.491,-1.0419712640426093,0.039087702996164375,0.3527586157440956,1.0144543953435463,-1.3136284693397526,1879.7531239211673,93.98765619605837,0.012710171544301289,-0.6294374819088646,-0.12943748190886462,True,True,A_negative_selection,-1.0,0.0,1.0,122,Low-risk patients deviate more; no treatment-related deviation
2000,1024,0.512,-1.009817028332793,0.0378093158400997,0.36428562742259224,1.0046967347017406,-1.3107692508420168,1858.6353868626582,92.93176934313291,0.013083457345975767,-0.526168114886225,-0.026168114886224947,True,True,A_negative_selection,-1.0,0.0,1.0,123,Low-risk patients deviate more; no treatment-related deviation
2000,1025,0.5125,-1.0215949718578614,0.03888341172132415,0.36002025981274516,0.9965164155214651,-1.2952562970477806,1860.9609350313215,93.04804675156608,0.013055610523608412,-0.3341210535947058,0.16587894640529421,True,True,A_negative_selection,-1.0,0.0,1.0,124,Low-risk patients deviate more; no treatment-related deviation
2000,999,0.4995,-1.008417116502634,0.03844339015895749,0.36479595230355444,0.9717739361422755,-1.2771549586245743,1869.9497354992238,93.49748677496119,0.012881932923354131,-0.5996987317060515,-0.09969873170605148,True,True,A_negative_selection,-1.0,0.0,1.0,125,Low-risk patients deviate more; no treatment-related deviation
2000,1014,0.507,-0.9906610204925888,0.03958074590644842,0.37133115237669057,0.9808911167651966,-1.2235959317078353,1861.0110686433377,93.05055343216688,0.013033803429340506,-0.7789149521638778,-0.27891495216387785,True,True,A_negative_selection,-1.0,0.0,1.0,126,Low-risk patients deviate more; no treatment-related deviation
2000,1034,0.517,-1.052029301145002,0.03831089110437933,0.3492283400819316,0.9566832633549466,-1.2681626721708332,1861.6014936414442,93.08007468207221,0.013012382410032112,-0.5293133758705119,-0.02931337587051186,True,True,A_negative_selection,-1.0,0.0,1.0,127,Low-risk patients deviate more; no treatment-related deviation
2000,1005,0.5025,-1.032019029639812,0.038587025172475926,0.35628688011064963,0.9705770684255927,-1.3094428245891245,1868.1940182836984,93.40970091418491,0.012913638530020151,-0.5545505968252396,-0.05455059682523955,True,True,A_negative_selection,-1.0,0.0,1.0,128,Low-risk patients deviate more; no treatment-related deviation
2000,1035,0.5175,-1.021751839477645,0.03813432626512474,0.35996378872087315,0.9545730504343669,-1.289558162413561,1857.7702974946637,92.88851487473319,0.013063014614696613,-0.47071692700550666,0.029283072994493342,True,True,A_negative_selection,-1.0,0.0,1.0,129,Low-risk patients deviate more; no treatment-related deviation
2000,1017,0.5085,-0.9744815554662113,0.03665422880188078,0.37738795757758337,0.9714861272972545,-1.3033942738235733,1864.075140077274,93.2037570038637,0.012976317421610439,-0.46830530168099826,0.031694698319001735,True,True,A_negative_selection,-1.0,0.0,1.0,130,Low-risk patients deviate more; no treatment-related deviation
2000,1034,0.517,-0.9631804951672412,0.03723431582371382,0.38167703153620014,0.8891876703780862,-1.222156073872292,1859.2751013681896,92.96375506840947,0.013077122161923945,-0.5345186020448985,-0.03451860204489854,True,True,A_negative_selection,-1.0,0.0,1.0,131,Low-risk patients deviate more; no treatment-related deviation
2000,1003,0.5015,-0.9788616853777672,0.03629423277984381,0.37573856421198587,0.9072275189916036,-1.2511804698548592,1868.0285363802434,93.40142681901217,0.012924360848486445,-0.31568316573072275,0.18431683426927725,True,True,A_negative_selection,-1.0,0.0,1.0,132,Low-risk patients deviate more; no treatment-related deviation
2000,1061,0.5305,-0.9561401646512648,0.03635185535825254,0.3843736453765153,0.9304954431731997,-1.2345080618207085,1844.9356049891935,92.24678024945968,0.013322648528632892,-0.586309457714683,-0.08630945771468301,True,True,A_negative_selection,-1.0,0.0,1.0,133,Low-risk patients deviate more; no treatment-related deviation
2000,1037,0.5185,-1.029517240277127,0.037503539074783966,0.3571793507586674,1.0225054398086513,-1.3500166404720961,1854.8596187552769,92.74298093776385,0.013174789961431259,-0.42112606279976345,0.07887393720023655,True,True,A_negative_selection,-1.0,0.0,1.0,134,Low-risk patients deviate more; no treatment-related deviation
2000,1010,0.505,-1.0022627173791865,0.037924480252462714,0.367047975007679,1.012364443456392,-1.2859624624479582,1864.4484355683278,93.22242177841639,0.012966420411557758,-0.33553272694677294,0.16446727305322706,True,True,A_negative_selection,-1.0,0.0,1.0,135,Low-risk patients deviate more; no treatment-related deviation
2000,1036,0.518,-0.9801648577147493,0.03643022989135285,0.37524923102115754,0.9107612532807617,-1.261467364737341,1861.9730261878922,93.09865130939461,0.01299958732694857,-0.4704025106885398,0.029597489311460223,True,True,A_negative_selection,-1.0,0.0,1.0,136,Low-risk patients deviate more; no treatment-related deviation
2000,1040,0.52,-0.9174718551016724,0.037833496069364266,0.39952782960959266,0.8736007436694179,-1.1506978086578543,1853.6814851406295,92.68407425703148,0.01316649479659957,-0.3134865981497848,0.1865134018502152,True,True,A_negative_selection,-1.0,0.0,1.0,137,Low-risk patients deviate more; no treatment-related deviation
2000,977,0.4885,-1.0890138614672595,0.039235839576681614,0.336548213280365,1.0393849453512338,-1.350917873540474,1881.0350250094245,94.05175125047123,0.012679405037813589,-0.3623659408465807,0.1376340591534193,True,True,A_negative_selection,-1.0,0.0,1.0,138,Low-risk patients deviate more; no treatment-related deviation
2000,1032,0.516,-1.048181329075594,0.0386349054222907,0.35057474979254827,0.9225363387960648,-1.3023673166079586,1862.3620290376114,93.11810145188058,0.0129897687541935,-0.41027438969183644,0.08972561030816356,True,True,A_negative_selection,-1.0,0.0,1.0,139,Low-risk patients deviate more; no treatment-related deviation
2000,1017,0.5085,-0.9853399857559071,0.037366380613215,0.3733122844993385,0.9510487901749369,-1.2465936979665904,1861.9135058769455,93.09567529384728,0.01303761959469761,-0.34382233732594863,0.15617766267405137,True,True,A_negative_selection,-1.0,0.0,1.0,140,Low-risk patients deviate more; no treatment-related deviation
2000,1018,0.509,-0.9486453806563594,0.03677004242118374,0.38726526531977273,0.870844817801328,-1.2545459203841882,1864.0855777811992,93.20427888905996,0.012987565761878641,-0.4768352076984117,0.0231647923015883,True,True,A_negative_selection,-1.0,0.0,1.0,141,Low-risk patients deviate more; no treatment-related deviation
2000,998,0.499,-0.9924921315319154,0.03859691787767542,0.37065182595519586,0.934722671974553,-1.269411115702121,1868.2325831225535,93.41162915612767,0.012911406948667072,-0.49254829593711325,0.007451704062886755,True,True,A_negative_selection,-1.0,0.0,1.0,142,Low-risk patients deviate more; no treatment-related deviation
2000,1003,0.5015,-1.055868867137086,0.038545524624146725,0.34789002574114436,1.0012457400138854,-1.3642217833161578,1868.193785403389,93.40968927016945,0.012914623400241427,-0.371886101216692,0.12811389878330798,True,True,A_negative_selection,-1.0,0.0,1.0,143,Low-risk patients deviate more; no treatment-related deviation
2000,1032,0.516,-1.0358430560275302,0.037730465613297674,0.3549270313853219,0.9785032356414457,-1.2930731462821496,1861.0996939108945,93.05498469554473,0.01305706359638635,-0.4077209168481411,0.0922790831518589,True,True,A_negative_selection,-1.0,0.0,1.0,144,Low-risk patients deviate more; no treatment-related deviation
2000,1036,0.518,-0.9465928562461047,0.03625192953092666,0.38806095303497135,0.9519807882840613,-1.1936298077107574,1852.310562040088,92.61552810200439,0.013171474601194303,-0.4655148545334669,0.034485145466533085,True,True,A_negative_selection,-1.0,0.0,1.0,145,Low-risk patients deviate more; no treatment-related deviation
2000,1062,0.531,-0.9445088701670582,0.03674279958133554,0.3888705099185636,1.0075766835205555,-1.2509139816201897,1852.4392541446193,92.62196270723096,0.013137109582244552,-0.5704449185991031,-0.07044491859910307,True,True,A_negative_selection,-1.0,0.0,1.0,146,Low-risk patients deviate more; no treatment-related deviation
2000,1035,0.5175,-1.0520634910682771,0.038399996958134286,0.34921640019589173,0.967186512901013,-1.2944982982406026,1856.2124169426359,92.8106208471318,0.013117150564870924,-0.4741390023815667,0.0258609976184333,True,True,A_negative_selection,-1.0,0.0,1.0,147,Low-risk patients deviate more; no treatment-related deviation
2000,1013,0.5065,-1.004291186305921,0.03796324310105852,0.36630418422903516,0.9670613481561927,-1.3155734158363173,1855.4434672566479,92.7721733628324,0.013188075248091081,-0.42069777003889564,0.07930222996110436,True,True,A_negative_selection,-1.0,0.0,1.0,148,Low-risk patients deviate more; no treatment-related deviation
2000,1013,0.5065,-1.0071950766962363,0.03804515384806796,0.36524201997919775,0.9673635235302748,-1.3036650737857933,1864.114129740893,93.20570648704465,0.012951980154936467,-0.5049468843814641,-0.004946884381464067,True,True,A_negative_selection,-1.0,0.0,1.0,149,Low-risk patients deviate more; no treatment-related deviation
2000,998,0.499,-0.9968561644982812,0.03766277941225923,0.36903781353093984,1.0010452696026422,-1.282631842030164,1870.6887537323391,93.53443768661697,0.012838075610520245,-0.6112714162088662,-0.11127141620886616,True,True,A_negative_selection,-1.0,0.0,1.0,150,Low-risk patients deviate more; no treatment-related deviation
2000,993,0.4965,-1.0199764523974701,0.03930615098986825,0.3606034314193776,0.9445437552095969,-1.2527396372024653,1874.041677107702,93.70208385538511,0.012811177957952852,-0.30379397297997524,0.19620602702002476,True,True,A_negative_selection,-1.0,0.0,1.0,151,Low-risk patients deviate more; no treatment-related deviation
2000,1022,0.511,-1.0197370759887376,0.037652039557460625,0.3606897617060722,0.9287308634725815,-1.2814167174923317,1862.4469085385733,93.12234542692866,0.0130351453611822,-0.5267840084739069,-0.02678400847390694,True,True,A_negative_selection,-1.0,0.0,1.0,152,Low-risk patients deviate more; no treatment-related deviation
2000,1016,0.508,-1.0032837012604292,0.03677120908967553,0.3666734161833514,1.009739917630646,-1.2686768213763517,1865.1780197302294,93.25890098651146,0.012942734962164474,-0.41236071257391604,0.08763928742608396,True,True,A_negative_selection,-1.0,0.0,1.0,153,Low-risk patients deviate more; no treatment-related deviation
2000,1031,0.5155,-1.0227497745783303,0.03768947498597388,0.3596047474008975,0.9481280714370312,-1.2822268057990807,1858.3153745189693,92.91576872594847,0.01307464207361202,-0.38105257741599274,0.11894742258400726,True,True,A_negative_selection,-1.0,0.0,1.0,154,Low-risk patients deviate more; no treatment-related deviation
2000,1042,0.521,-0.9476331794879125,0.035421065920075,0.38765745412732816,0.9662514440730154,-1.2929159707673348,1855.775088482597,92.78875442412986,0.013133301319421748,-0.1658547082960501,0.3341452917039499,True,True,A_negative_selection,-1.0,0.0,1.0,155,Low-risk patients deviate more; no treatment-related deviation
2000,972,0.486,-1.0449845525827137,0.03865795319955661,0.351697252150318,0.9590897167547462,-1.3238879640483465,1879.9359106703337,93.99679553351667,0.012712490607364034,-0.6183664547048642,-0.11836645470486418,True,True,A_negative_selection,-1.0,0.0,1.0,156,Low-risk patients deviate more; no treatment-related deviation
2000,1011,0.5055,-0.9975514348887043,0.03703765502285515,0.36878132164218547,0.976040469447742,-1.2686985880882422,1869.3638165382683,93.46819082691341,0.012904303769025611,-0.4427815222385333,0.05721847776146671,True,True,A_negative_selection,-1.0,0.0,1.0,157,Low-risk patients deviate more; no treatment-related deviation
2000,998,0.499,-1.0136180163887942,0.03798619884824406,0.3629036102829983,0.9754996610050949,-1.2764499069466633,1872.6721537258124,93.63360768629062,0.012831476846899791,-0.47524059606505603,0.02475940393494397,True,True,A_negative_selection,-1.0,0.0,1.0,158,Low-risk patients deviate more; no treatment-related deviation
2000,1020,0.51,-1.0049972212845624,0.038392324719137304,0.3660456519393061,0.961498184310634,-1.2560002166928452,1856.7751624512848,92.83875812256423,0.013155837819332302,-0.40495942890998576,0.09504057109001424,True,True,A_negative_selection,-1.0,0.0,1.0,159,Low-risk patients deviate more; no treatment-related deviation
2000,996,0.498,-1.0303926232688925,0.03902332689704918,0.356866818842523,1.0625452212260138,-1.299987049030243,1869.7822934501667,93.48911467250834,0.012927627082086193,-0.33069559719208136,0.16930440280791864,True,True,A_negative_selection,-1.0,0.0,1.0,160,Low-risk patients deviate more; no treatment-related deviation
2000,1024,0.512,-0.9701876147656577,0.037025962660878896,0.37901192319935184,0.9654338128537578,-1.274017470094845,1861.0239221507213,93.05119610753606,0.01301139960077131,-0.39375762576939444,0.10624237423060556,True,True,A_negative_selection,-1.0,0.0,1.0,161,Low-risk patients deviate more; no treatment-related deviation
2000,1009,0.5045,-1.0713549199870798,0.03974380747654421,0.3425440830294868,0.943411551385644,-1.2932736166122483,1859.7255155092641,92.9862757754632,0.013111681678611715,-0.3538125050478664,0.14618749495213362,True,True,A_negative_selection,-1.0,0.0,1.0,162,Low-risk patients deviate more; no treatment-related deviation
2000,1057,0.5285,-0.9416246735440443,0.036736516192151,0.3899937079133736,0.9430365143077413,-1.196066525648625,1846.3702985418743,92.31851492709372,0.013294595259083039,-0.6040825317397083,-0.10408253173970827,True,True,A_negative_selection,-1.0,0.0,1.0,163,Low-risk patients deviate more; no treatment-related deviation
2000,1018,0.509,-1.0108268320494411,0.03771293634147458,0.3639179561112707,1.0311482158782024,-1.3154800043519805,1863.615741743423,93.18078708717115,0.012989815763346221,-0.5220938241047408,-0.02209382410474081,True,True,A_negative_selection,-1.0,0.0,1.0,164,Low-risk patients deviate more; no treatment-related deviation
2000,1020,0.51,-0.9999914823019141,0.03826129056957235,0.36788257467079927,0.9983602433129799,-1.2883236271681908,1862.4952516126295,93.12476258063147,0.01301809713464584,-0.40089257046061966,0.09910742953938034,True,True,A_negative_selection,-1.0,0.0,1.0,165,Low-risk patients deviate more; no treatment-related deviation
2000,1016,0.508,-1.0353994893024348,0.03778447989013402,0.35508450012764664,0.9761622901176232,-1.302367567922254,1861.7620930314613,93.08810465157308,0.013053475244027097,-0.44900150184647947,0.05099849815352053,True,True,A_negative_selection,-1.0,0.0,1.0,166,Low-risk patients deviate more; no treatment-related deviation
2000,974,0.487,-1.053609418937728,0.04074775605634735,0.3486769539103179,1.030022717890556,-1.2834606662929062,1875.8231179249133,93.79115589624566,0.012781845118531105,-0.3584349749259407,0.14156502507405933,True,True,A_negative_selection,-1.0,0.0,1.0,167,Low-risk patients deviate more; no treatment-related deviation
2000,1021,0.5105,-1.011611229272831,0.03901708463880028,0.3636326118032273,0.9285944261239121,-1.2444624342752213,1855.8362745834213,92.79181372917105,0.013138573514430622,-0.40741631052398286,0.09258368947601714,True,True,A_negative_selection,-1.0,0.0,1.0,168,Low-risk patients deviate more; no treatment-related deviation
2000,1002,0.501,-1.027423718646324,0.03885886248737092,0.35792789673075304,0.9629807035599022,-1.2733550365647632,1873.866308797864,93.6933154398932,0.012787238507421889,-0.44169363312989124,0.05830636687010876,True,True,A_negative_selection,-1.0,0.0,1.0,169,Low-risk patients deviate more; no treatment-related deviation
2000,1046,0.523,-0.9769735954272087,0.03794974485069348,0.3764486625729499,1.0050387165538703,-1.2633021190855076,1853.021348573449,92.65106742867243,0.013233275156815834,-0.577065483861079,-0.07706548386107903,True,True,A_negative_selection,-1.0,0.0,1.0,170,Low-risk patients deviate more; no treatment-related deviation
2000,1025,0.5125,-0.93984035619918,0.037040986320612465,0.39069020164892715,0.9363909675403904,-1.2193877018692738,1857.2964468469831,92.86482234234916,0.013118617250475223,-0.38322280653302365,0.11677719346697635,True,True,A_negative_selection,-1.0,0.0,1.0,171,Low-risk patients deviate more; no treatment-related deviation
2000,1082,0.541,-1.0201184357395923,0.03730145999071282,0.36055223537358283,0.9576202279365813,-1.2907204349493882,1832.615095256304,91.6307547628152,0.013557498714204938,-0.4097706832394564,0.09022931676054358,True,True,A_negative_selection,-1.0,0.0,1.0,172,Low-risk patients deviate more; no treatment-related deviation
2000,993,0.4965,-0.9889688562152933,0.03732927900009319,0.3719600376263028,0.9209773561815551,-1.2698146760486184,1872.3417333044222,93.61708666522111,0.012836579489200374,-0.49425074744996395,0.005749252550036055,True,True,A_negative_selection,-1.0,0.0,1.0,173,Low-risk patients deviate more; no treatment-related deviation
2000,1059,0.5295,-1.0373051269681894,0.037741617474935346,0.35440848205700426,0.9213866625240273,-1.261091049058347,1848.502000468018,92.4251000234009,0.013257423528898265,-0.26522184029767715,0.23477815970232285,True,True,A_negative_selection,-1.0,0.0,1.0,174,Low-risk patients deviate more; no treatment-related deviation
2000,1033,0.5165,-0.9567545625523238,0.038088023387597196,0.3841375595483188,0.8990718071045339,-1.2937815041361447,1852.170106505834,92.6085053252917,0.013233343449846495,-0.5031865709794492,-0.003186570979449188,True,True,A_negative_selection,-1.0,0.0,1.0,175,Low-risk patients deviate more; no treatment-related deviation
2000,1006,0.503,-0.990963799041473,0.03743624651862469,0.3712187382883645,1.0046406316408374,-1.3469177772354266,1868.272011301987,93.41360056509934,0.012912545468580968,-0.5861681537439544,-0.08616815374395437,True,True,A_negative_selection,-1.0,0.0,1.0,176,Low-risk patients deviate more; no treatment-related deviation
2000,978,0.489,-1.005611023529347,0.038972558506180484,0.3658210412367807,0.936474875355698,-1.2742918702745727,1869.116316101627,93.45581580508136,0.012990074496278146,-0.43248837004200574,0.06751162995799426,True,True,A_negative_selection,-1.0,0.0,1.0,177,Low-risk patients deviate more; no treatment-related deviation
2000,979,0.4895,-1.0231256635060262,0.03941762991131793,0.35946960135954414,0.9710585677181137,-1.2209621664175139,1873.4410213966792,93.67205106983397,0.012845187461167258,-0.3704461906540218,0.1295538093459782,True,True,A_negative_selection,-1.0,0.0,1.0,178,Low-risk patients deviate more; no treatment-related deviation
2000,1050,0.525,-0.9575881405629568,0.03702013880784022,0.38381748434797924,0.8597281599590278,-1.2269796027052642,1857.9419597404913,92.89709798702457,0.013066243474767446,-0.5715748595214515,-0.07157485952145148,True,True,A_negative_selection,-1.0,0.0,1.0,179,Low-risk patients deviate more; no treatment-related deviation
2000,1031,0.5155,-0.9169224996816919,0.03705091269021941,0.3997473726862899,0.9693974389771313,-1.264054547079792,1847.3775191212717,92.36887595606358,0.013329725666047483,-0.43201558591909583,0.06798441408090417,True,True,A_negative_selection,-1.0,0.0,1.0,180,Low-risk patients deviate more; no treatment-related deviation
2000,1036,0.518,-0.9715053298487807,0.03672830526669116,0.3785128223800262,0.9562529208265833,-1.269912999095681,1850.383389072339,92.51916945361695,0.013249425357694283,-0.6592474447852718,-0.15924744478527175,True,True,A_negative_selection,-1.0,0.0,1.0,181,Low-risk patients deviate more; no treatment-related deviation
2000,1047,0.5235,-0.9273365194452272,0.03692617775364361,0.3956059972577308,0.9581733835943589,-1.2383960118240926,1845.2657691791308,92.26328845895654,0.013359637748152022,-0.5328254573610804,-0.032825457361080446,True,True,A_negative_selection,-1.0,0.0,1.0,182,Low-risk patients deviate more; no treatment-related deviation
2000,1028,0.514,-1.0159212541359481,0.037210787214234535,0.36206871883504976,0.967709413769467,-1.2850638474680887,1863.5034376362587,93.17517188181293,0.012978759936674723,-0.7073657120572028,-0.20736571205720278,True,True,A_negative_selection,-1.0,0.0,1.0,183,Low-risk patients deviate more; no treatment-related deviation
2000,1020,0.51,-0.9943906068990711,0.0384402228523077,0.3699488201246031,0.964373232953201,-1.2535481828348538,1859.4930985869196,92.97465492934599,0.01304376312257261,-0.39391100613583324,0.10608899386416676,True,True,A_negative_selection,-1.0,0.0,1.0,184,Low-risk patients deviate more; no treatment-related deviation
2000,1068,0.534,-0.9948004520753309,0.03646265323610156,0.369797229451687,1.0389278961696173,-1.3673863903493235,1838.6260862997647,91.93130431498822,0.013421714963034554,-0.47815681115243347,0.02184318884756653,True,True,A_negative_selection,-1.0,0.0,1.0,185,Low-risk patients deviate more; no treatment-related deviation
2000,1033,0.5165,-0.9584180097774712,0.036452536105630984,0.383499098161446,0.9070099558903599,-1.2263122049175326,1853.3466955188528,92.66733477594263,0.01321892577177052,-0.48076547539561026,0.019234524604389736,True,True,A_negative_selection,-1.0,0.0,1.0,186,Low-risk patients deviate more; no treatment-related deviation
2000,1022,0.511,-1.028870171595208,0.03759725607848034,0.3574105451216207,0.9950061748040514,-1.2882141963836413,1860.9810344473265,93.04905172236631,0.013084861785867218,-0.36657314679365915,0.13342685320634085,True,True,A_negative_selection,-1.0,0.0,1.0,187,Low-risk patients deviate more; no treatment-related deviation
2000,1024,0.512,-1.0301280044206396,0.03792529163780264,0.3569612650246737,1.0195883142363895,-1.2998871481308112,1862.448835879795,93.12244179398975,0.01302014170432085,-0.34072872935074516,0.15927127064925484,True,True,A_negative_selection,-1.0,0.0,1.0,188,Low-risk patients deviate more; no treatment-related deviation
2000,1007,0.5035,-1.018356617703665,0.036937541506527345,0.36118802271109995,0.9593516807804795,-1.3421637630395375,1868.447385603732,93.4223692801866,0.012948201158487289,-0.4512315775013245,0.04876842249867552,True,True,A_negative_selection,-1.0,0.0,1.0,189,Low-risk patients deviate more; no treatment-related deviation
2000,1052,0.526,-1.043395020474513,0.03876445563758301,0.3522567307617865,0.9811792719169258,-1.3020145319074683,1850.703646591515,92.53518232957575,0.013208821377134814,-0.6530472160696064,-0.15304721606960636,True,True,A_negative_selection,-1.0,0.0,1.0,190,Low-risk patients deviate more; no treatment-related deviation
2000,982,0.491,-1.0595569463780135,0.03858184171209422,0.34660934284073847,1.0594402769233968,-1.3703698573297483,1878.1065422390377,93.90532711195189,0.012732184473812814,-0.39779982713492984,0.10220017286507016,True,True,A_negative_selection,-1.0,0.0,1.0,191,Low-risk patients deviate more; no treatment-related deviation
2000,1039,0.5195,-1.0069893030232853,0.038183463064920396,0.3653171849043811,0.9276264134756959,-1.2602690011636746,1858.447427660097,92.92237138300484,0.013048406767458456,-0.5630297983202472,-0.06302979832024724,True,True,A_negative_selection,-1.0,0.0,1.0,192,Low-risk patients deviate more; no treatment-related deviation
2000,1001,0.5005,-0.9864206376143715,0.038942803873262245,0.3729090817854264,0.9154184590256713,-1.2258123660394094,1873.6743678074758,93.68371839037378,0.012809898967718426,-0.4786488959607882,0.02135110403921181,True,True,A_negative_selection,-1.0,0.0,1.0,193,Low-risk patients deviate more; no treatment-related deviation
2000,1047,0.5235,-0.953196048984023,0.037528825271145205,0.3855069533241767,0.8804789349490206,-1.20968457873259,1848.8302779531782,92.44151389765891,0.013249106155315092,-0.6717718883691514,-0.17177188836915136,True,True,A_negative_selection,-1.0,0.0,1.0,194,Low-risk patients deviate more; no treatment-related deviation
2000,1045,0.5225,-1.0031728264222515,0.037665027498329444,0.3667140732929184,0.9042155096708018,-1.2179959955050537,1861.1663624705184,93.05831812352592,0.012990726210736343,-0.7411288567096257,-0.2411288567096257,True,True,A_negative_selection,-1.0,0.0,1.0,195,Low-risk patients deviate more; no treatment-related deviation
2000,996,0.498,-1.0052508501362012,0.03944570173435701,0.3659528239733802,0.958856522458869,-1.2714996427716385,1866.535209449302,93.3267604724651,0.012961374731430308,-0.5583931912386252,-0.058393191238625186,True,True,A_negative_selection,-1.0,0.0,1.0,196,Low-risk patients deviate more; no treatment-related deviation
2000,1016,0.508,-0.965445844376255,0.0365973211786813,0.38081337838204743,0.9921636899913345,-1.2906361522346277,1866.1775941192718,93.3088797059636,0.01292690148114676,-0.3577410073251028,0.14225899267489722,True,True,A_negative_selection,-1.0,0.0,1.0,197,Low-risk patients deviate more; no treatment-related deviation
2000,1037,0.5185,-1.0258701025050774,0.03804234648494167,0.358484411481727,0.926684019871631,-1.2515854713996377,1852.5487729212196,92.62743864606098,0.013217010266663248,-0.613724733168576,-0.11372473316857601,True,True,A_negative_selection,-1.0,0.0,1.0,198,Low-risk patients deviate more; no treatment-related deviation
2000,975,0.4875,-1.0432572738716561,0.03830354895406732,0.3523052562718178,0.929673726653303,-1.30313027524475,1884.7222397822447,94.23611198911223,0.012608627727845646,-0.5954869267433225,-0.09548692674332249,True,True,A_negative_selection,-1.0,0.0,1.0,199,Low-risk patients deviate more; no treatment-related deviation
2000,989,0.4945,-0.9775335342327628,0.03797773242447973,0.3762379333617137,0.9113857201537939,-1.2591248358313152,1874.4674613068785,93.72337306534392,0.012779948849694685,-0.5423153387282944,-0.042315338728294405,True,True,A_negative_selection,-1.0,0.0,1.0,200,Low-risk patients deviate more; no treatment-related deviation
2000,1027,0.5135,-1.0011390556149817,0.03848919451594665,0.36746064458991906,0.9113051889708353,-1.2407588441128838,1859.7795055433132,92.98897527716566,0.013014561070468033,-0.36955332761256615,0.13044667238743385,True,True,A_negative_selection,-1.0,0.0,1.0,201,Low-risk patients deviate more; no treatment-related deviation
2000,1041,0.5205,-0.9672426883472386,0.036618389294038524,0.3801297305472151,0.9009073141254166,-1.2306567739781904,1847.3371612262451,92.36685806131226,0.013304714337282244,-0.5531286259139557,-0.05312862591395573,True,True,A_negative_selection,-1.0,0.0,1.0,202,Low-risk patients deviate more; no treatment-related deviation
2000,1029,0.5145,-1.0363676673304183,0.03776454340178228,0.35474088148539673,1.0445308328812068,-1.358287383941141,1866.23745810147,93.31187290507351,0.01293374857440043,-0.5086557229656827,-0.008655722965682733,True,True,A_negative_selection,-1.0,0.0,1.0,203,Low-risk patients deviate more; no treatment-related deviation
2000,1046,0.523,-1.0043319965887045,0.03784978668891485,0.36628923555672377,0.9495530343280795,-1.283294029416577,1848.56153637136,92.428076818568,0.013297474755053251,-0.42976632709117646,0.07023367290882354,True,True,A_negative_selection,-1.0,0.0,1.0,204,Low-risk patients deviate more; no treatment-related deviation
2000,1040,0.52,-0.9897052847989091,0.0365483837074721,0.37168621645987393,0.9426025095250514,-1.2850882636101102,1854.2406515697471,92.71203257848735,0.013140770507560972,-0.4322545518254941,0.0677454481745059,True,True,A_negative_selection,-1.0,0.0,1.0,205,Low-risk patients deviate more; no treatment-related deviation
2000,1022,0.511,-0.9197070341976213,0.036265699594163946,0.3986358106390566,0.9967590865016537,-1.2374487925824496,1864.8420473974904,93.24210236987453,0.012957769373686956,-0.4094397665668412,0.09056023343315878,True,True,A_negative_selection,-1.0,0.0,1.0,206,Low-risk patients deviate more; no treatment-related deviation
2000,1063,0.5315,-1.017006053225795,0.03692779074950117,0.36167615998063607,1.0011950276197286,-1.3496708752717295,1845.1549109930077,92.25774554965038,0.013272783244064664,-0.304073011844664,0.195926988155336,True,True,A_negative_selection,-1.0,0.0,1.0,207,Low-risk patients deviate more; no treatment-related deviation
2000,1033,0.5165,-1.0257064425652493,0.03771052139445627,0.3585430858201278,0.9348758167560876,-1.3173074758918186,1861.364735873189,93.06823679365945,0.013000066398295478,-0.4196642116952383,0.08033578830476168,True,True,A_negative_selection,-1.0,0.0,1.0,208,Low-risk patients deviate more; no treatment-related deviation
2000,1044,0.522,-0.9478396151960958,0.037864260968454154,0.3875774360458316,0.8968999034414926,-1.211921154470527,1850.4494528337602,92.52247264168801,0.013245042315090922,-0.4906655972789444,0.009334402721055624,True,True,A_negative_selection,-1.0,0.0,1.0,209,Low-risk patients deviate more; no treatment-related deviation
2000,1022,0.511,-0.9567989350733184,0.03821730873727532,0.38412051477455555,0.8616717975588086,-1.1621318906094116,1860.5819052466034,93.02909526233017,0.012992501751040499,-0.2920365043899388,0.20796349561006122,True,True,A_negative_selection,-1.0,0.0,1.0,210,Low-risk patients deviate more; no treatment-related deviation
2000,1026,0.513,-1.0421135460679112,0.03729725116534791,0.35270842810428904,0.9852956943101557,-1.2942766489183992,1858.2715605397873,92.91357802698936,0.013075403883856961,-0.5307772941136379,-0.030777294113637943,True,True,A_negative_selection,-1.0,0.0,1.0,211,Low-risk patients deviate more; no treatment-related deviation
2000,1033,0.5165,-1.031517518957992,0.03840705950653095,0.3564656065996931,0.939625051745571,-1.292302112498508,1857.881980683559,92.89409903417796,0.01308056893869646,-0.5052173169732634,-0.005217316973263442,True,True,A_negative_selection,-1.0,0.0,1.0,212,Low-risk patients deviate more; no treatment-related deviation
2000,991,0.4955,-1.043538988983421,0.03798173706297759,0.3522060205359313,0.9530750387653427,-1.2976852133673586,1871.5694422500574,93.57847211250288,0.012856830140358629,-0.42420777650553665,0.07579222349446335,True,True,A_negative_selection,-1.0,0.0,1.0,213,Low-risk patients deviate more; no treatment-related deviation
2000,1005,0.5025,-0.9750449891388507,0.03757802980708273,0.37717538438570625,0.9630131021271233,-1.2834998688112114,1864.3306760912922,93.2165338045646,0.01300621262016734,-0.33980439769937715,0.16019560230062285,True,True,A_negative_selection,-1.0,0.0,1.0,214,Low-risk patients deviate more; no treatment-related deviation
2000,1031,0.5155,-0.9483966622774053,0.03687682328536211,0.3873615972880572,0.9434417862537807,-1.2215529420674378,1858.8354313344041,92.9417715667202,0.013073738434348812,-0.5593721250609062,-0.05937212506090617,True,True,A_negative_selection,-1.0,0.0,1.0,215,Low-risk patients deviate more; no treatment-related deviation
2000,1058,0.529,-0.9423987377170485,0.0375319943080251,0.38969194456354717,0.915207694875768,-1.2151562060131764,1846.3714994373602,92.318574971868,0.01331050011694935,-0.44891779253510244,0.051082207464897555,True,True,A_negative_selection,-1.0,0.0,1.0,216,Low-risk patients deviate more; no treatment-related deviation
2000,991,0.4955,-1.087602611560184,0.03911601066147619,0.33702350221193045,1.021561276789371,-1.326840411196568,1872.6467364062444,93.63233682031222,0.012816100203853311,-0.5099842466168538,-0.00998424661685382,True,True,A_negative_selection,-1.0,0.0,1.0,217,Low-risk patients deviate more; no treatment-related deviation
2000,1048,0.524,-0.985291322808192,0.0380915746673626,0.37333045141754484,0.9262926384502573,-1.24347994233964,1854.7608073209476,92.73804036604739,0.013111728742685593,-0.7208913943970316,-0.22089139439703165,True,True,A_negative_selection,-1.0,0.0,1.0,218,Low-risk patients deviate more; no treatment-related deviation
2000,1032,0.516,-1.0035458715505128,0.0375693310015919,0.36657729790769333,0.9378376215466583,-1.279921333217562,1850.4884167279613,92.52442083639806,0.013240243017595863,-0.3219786884654615,0.17802131153453848,True,True,A_negative_selection,-1.0,0.0,1.0,219,Low-risk patients deviate more; no treatment-related deviation
2000,1019,0.5095,-1.0508537094763954,0.03852373768948968,0.34963913142310227,0.9803246859658722,-1.316383353865963,1863.271377935188,93.1635688967594,0.013003803283875555,-0.4414383725873049,0.058561627412695105,True,True,A_negative_selection,-1.0,0.0,1.0,220,Low-risk patients deviate more; no treatment-related deviation
2000,991,0.4955,-1.0710057289559494,0.03923779753714853,0.3426637172374281,0.9855890605786667,-1.3289128555715362,1867.68676061513,93.3843380307565,0.012945574530936043,-0.4056702124373435,0.09432978756265648,True,True,A_negative_selection,-1.0,0.0,1.0,221,Low-risk patients deviate more; no treatment-related deviation
2000,1047,0.5235,-1.0081602890066952,0.03786369280373961,0.3648896539665799,1.0392498893309035,-1.3131971716053028,1850.176145539525,92.50880727697626,0.013270524588301549,-0.42789678199318776,0.07210321800681224,True,True,A_negative_selection,-1.0,0.0,1.0,222,Low-risk patients deviate more; no treatment-related deviation
2000,1044,0.522,-1.0376395141535841,0.03859168411147641,0.3542899922140558,0.9936447170092116,-1.3229314130925938,1846.450298149533,92.32251490747666,0.013293109492250639,-0.6495142724568342,-0.14951427245683424,True,True,A_negative_selection,-1.0,0.0,1.0,223,Low-risk patients deviate more; no treatment-related deviation
2000,1030,0.515,-0.9776109322620212,0.03765460664431032,0.3762088144140283,0.971666477083575,-1.2877182595798409,1858.367941141151,92.91839705705755,0.013073735324499628,-0.49892221573216095,0.0010777842678390548,True,True,A_negative_selection,-1.0,0.0,1.0,224,Low-risk patients deviate more; no treatment-related deviation
2000,1016,0.508,-1.0094702189420415,0.038193233269514994,0.3644119870091773,0.9716985210091386,-1.3136752057494965,1861.179511553175,93.05897557765874,0.013034800211820272,-0.4239536401773669,0.07604635982263308,True,True,A_negative_selection,-1.0,0.0,1.0,225,Low-risk patients deviate more; no treatment-related deviation
2000,1047,0.5235,-1.0293373406064128,0.03756019591569883,0.35724361298645835,0.9760684330812455,-1.3286151761150613,1847.8682118608997,92.39341059304499,0.013247792254064942,-0.6929225385185532,-0.19292253851855323,True,True,A_negative_selection,-1.0,0.0,1.0,226,Low-risk patients deviate more; no treatment-related deviation
2000,1025,0.5125,-1.0873189877979967,0.03810531255893332,0.33711910364235115,0.9915802532479151,-1.3754828572255093,1862.9305683667067,93.14652841833534,0.012961695851410058,-0.617523235828438,-0.11752323582843804,True,True,A_negative_selection,-1.0,0.0,1.0,227,Low-risk patients deviate more; no treatment-related deviation
2000,998,0.499,-0.9931897010037856,0.038804129894536306,0.37039336071592766,0.8799112035687765,-1.2741914166168091,1867.1196933382405,93.35598466691204,0.012923008655240764,-0.3889403254282177,0.11105967457178229,True,True,A_negative_selection,-1.0,0.0,1.0,228,Low-risk patients deviate more; no treatment-related deviation
2000,1036,0.518,-0.9954794856423234,0.03738268042028599,0.3695462099548858,1.0250431887037172,-1.3022637132470327,1859.3234151210668,92.96617075605334,0.01306858451408435,-0.335262414562847,0.164737585437153,True,True,A_negative_selection,-1.0,0.0,1.0,229,Low-risk patients deviate more; no treatment-related deviation
2000,1038,0.519,-1.0151333742289022,0.03692435429028859,0.36235409791104717,1.001525365074257,-1.3091735270246347,1849.3713250447945,92.46856625223971,0.013292799676530445,-0.4271523261555519,0.07284767384444812,True,True,A_negative_selection,-1.0,0.0,1.0,230,Low-risk patients deviate more; no treatment-related deviation
2000,1053,0.5265,-0.9552634413391448,0.03644132355179285,0.3847107824783649,0.9576876196355942,-1.261022759965005,1853.6440631537957,92.68220315768978,0.013148776424086512,-0.4101268088289847,0.08987319117101528,True,True,A_negative_selection,-1.0,0.0,1.0,231,Low-risk patients deviate more; no treatment-related deviation
2000,1050,0.525,-0.9506176557164936,0.03650033985213283,0.38650222440595244,0.9484012267641332,-1.2577012111169878,1848.1713142634983,92.40856571317492,0.013278164693264522,-0.4478608397724642,0.052139160227535786,True,True,A_negative_selection,-1.0,0.0,1.0,232,Low-risk patients deviate more; no treatment-related deviation
2000,1026,0.513,-1.0163677415050205,0.03809543098467948,0.3619070958093584,0.9996614771031643,-1.297233456582104,1859.7330412321269,92.98665206160635,0.013053165989351218,-0.4399391993002992,0.06006080069970082,True,True,A_negative_selection,-1.0,0.0,1.0,233,Low-risk patients deviate more; no treatment-related deviation
2000,1010,0.505,-0.9791962663243262,0.03750160876837139,0.3756128702760837,0.9440306126915005,-1.3144935613988162,1861.9598948503872,93.09799474251935,0.013058733691802177,-0.310772776673299,0.189227223326701,True,True,A_negative_selection,-1.0,0.0,1.0,234,Low-risk patients deviate more; no treatment-related deviation
2000,1052,0.526,-0.9660248385799852,0.03736214574742031,0.3805929534617947,0.929183908361338,-1.2288579051263115,1848.857520306186,92.44287601530931,0.013284370441830957,-0.5474928905414149,-0.04749289054141492,True,True,A_negative_selection,-1.0,0.0,1.0,235,Low-risk patients deviate more; no treatment-related deviation
2000,1025,0.5125,-0.9872067218896837,0.037369128229425126,0.3726160590055025,0.9016545151735643,-1.2772213055786827,1853.2798401348884,92.66399200674442,0.01320068151970991,-0.5395160441938531,-0.03951604419385313,True,True,A_negative_selection,-1.0,0.0,1.0,236,Low-risk patients deviate more; no treatment-related deviation
2000,1038,0.519,-1.014682092179117,0.03889678287639868,0.36251765871435193,0.9453686073554357,-1.2603852719394324,1855.1415664120793,92.75707832060397,0.013160301404441912,-0.46081551112483776,0.03918448887516224,True,True,A_negative_selection,-1.0,0.0,1.0,237,Low-risk patients deviate more; no treatment-related deviation
2000,1028,0.514,-1.0153656635072563,0.03830498767277873,0.362269936714385,0.9865815834815181,-1.2589482264088958,1858.5813182101265,92.92906591050632,0.013095039858139932,-0.4477488796652853,0.052251120334714685,True,True,A_negative_selection,-1.0,0.0,1.0,238,Low-risk patients deviate more; no treatment-related deviation
2000,1024,0.512,-1.0042020244085503,0.037366739128234044,0.3663368460611896,0.9344058469376076,-1.2960369873619149,1864.2386654903974,93.21193327451986,0.012971669366732157,-0.7148041301503518,-0.21480413015035182,True,True,A_negative_selection,-1.0,0.0,1.0,239,Low-risk patients deviate more; no treatment-related deviation
2000,1009,0.5045,-1.1495896684659224,0.03962773134912128,0.31676672209040224,1.0320812262213186,-1.362492898690407,1864.1191873261794,93.20595936630896,0.01300407095323424,-0.5866470868261415,-0.08664708682614153,True,True,A_negative_selection,-1.0,0.0,1.0,240,Low-risk patients deviate more; no treatment-related deviation
2000,1055,0.5275,-0.9516761953462429,0.036239800711982545,0.3860933129471069,0.9082518887985984,-1.2524478504424594,1845.3724537641199,92.268622688206,0.013346679035417376,-0.41674880351304233,0.08325119648695767,True,True,A_negative_selection,-1.0,0.0,1.0,241,Low-risk patients deviate more; no treatment-related deviation
2000,1052,0.526,-0.9814073688172497,0.037794079481766794,0.3747832692267078,0.8839403696340569,-1.2212257972002727,1848.1723487677864,92.40861743838933,0.01327903962182616,-0.2468893450862807,0.2531106549137193,True,True,A_negative_selection,-1.0,0.0,1.0,242,Low-risk patients deviate more; no treatment-related deviation
2000,1032,0.516,-1.0351908692486242,0.0376563893906481,0.35515858560275976,0.9212112049381417,-1.3018004601948983,1861.9298537272193,93.09649268636097,0.013028012751518448,-0.4555302670879203,0.044469732912079674,True,True,A_negative_selection,-1.0,0.0,1.0,243,Low-risk patients deviate more; no treatment-related deviation
2000,1073,0.5365,-0.9105455071042254,0.036172208854347875,0.40230470409009084,0.9393130703092989,-1.2539019309439599,1841.9921564365056,92.09960782182529,0.013355471552023742,-0.3132361901725418,0.18676380982745822,True,True,A_negative_selection,-1.0,0.0,1.0,244,Low-risk patients deviate more; no treatment-related deviation
2000,1058,0.529,-0.9729386072387988,0.03696435126229749,0.3779706971106292,0.96125547171322,-1.3325686266228254,1841.097213856735,92.05486069283675,0.013391995926970162,-0.46188070378364837,0.03811929621635163,True,True,A_negative_selection,-1.0,0.0,1.0,245,Low-risk patients deviate more; no treatment-related deviation
2000,1025,0.5125,-1.0354541143855165,0.03828720763614704,0.35506510413708475,0.9580899604277858,-1.2877597269603513,1861.1000279662956,93.05500139831479,0.013052240987106676,-0.5780099869559369,-0.07800998695593686,True,True,A_negative_selection,-1.0,0.0,1.0,246,Low-risk patients deviate more; no treatment-related deviation
2000,1051,0.5255,-1.0311224526210816,0.03744708819135771,0.3566064619829051,0.9769247190721104,-1.3196265005926622,1855.1987073579774,92.75993536789888,0.013129124922742038,-0.5981951961033952,-0.09819519610339522,True,True,A_negative_selection,-1.0,0.0,1.0,247,Low-risk patients deviate more; no treatment-related deviation
2000,986,0.493,-1.0840553320731596,0.03869118472173291,0.33822114169311046,1.0583011274255139,-1.2976530224010245,1868.1541786133378,93.4077089306669,0.012982383351369475,-0.43829672075238496,0.06170327924761504,True,True,A_negative_selection,-1.0,0.0,1.0,248,Low-risk patients deviate more; no treatment-related deviation
2000,1048,0.524,-0.9904699542537378,0.03714277579207382,0.37140210800173973,0.9927819449488257,-1.3065743498932125,1850.0639919742966,92.50319959871483,0.0132468308836172,-0.30969969529605884,0.19030030470394116,True,True,A_negative_selection,-1.0,0.0,1.0,249,Low-risk patients deviate more; no treatment-related deviation
2000,1038,0.519,-1.02484236929793,0.0384023955850333,0.3588530272025145,0.9546056901757969,-1.289681449847822,1853.5043862272335,92.67521931136167,0.013189507407740948,-0.4995727449373722,0.0004272550626278071,True,True,A_negative_selection,-1.0,0.0,1.0,250,Low-risk patients deviate more; no treatment-related deviation
2000,1026,0.513,-0.9790297292846225,0.037905785718177806,0.37567542894059686,1.0197832555877882,-1.2800381611130085,1853.1750080428396,92.65875040214199,0.013200894370775356,-0.48851274255167587,0.011487257448324129,True,True,A_negative_selection,-1.0,0.0,1.0,251,Low-risk patients deviate more; no treatment-related deviation
2000,1042,0.521,-1.008366779826276,0.03756297168402535,0.36481431538150655,0.9727161960893564,-1.3046399023338744,1845.0330309903381,92.25165154951691,0.013335437244341546,-0.4120180431967175,0.08798195680328252,True,True,A_negative_selection,-1.0,0.0,1.0,252,Low-risk patients deviate more; no treatment-related deviation
2000,1043,0.5215,-1.034633031204675,0.03768118153295491,0.35535676184342835,0.9130104207045946,-1.299322703880501,1852.6232709041074,92.63116354520537,0.013186189080162532,-0.47032266844038745,0.029677331559612552,True,True,A_negative_selection,-1.0,0.0,1.0,253,Low-risk patients deviate more; no treatment-related deviation
2000,1020,0.51,-1.089697949680658,0.039625153445921754,0.3363180633448241,0.9506425763405775,-1.3130801879195981,1855.2565982396516,92.76282991198258,0.013159580993609159,-0.4803308932615622,0.019669106738437803,True,True,A_negative_selection,-1.0,0.0,1.0,254,Low-risk patients deviate more; no treatment-related deviation
2000,1012,0.506,-0.9791219216706364,0.03738399431444597,0.37564079612290163,0.9314845543825063,-1.233128063631772,1864.2877773988603,93.21438886994301,0.012952786655063973,-0.4394300389393287,0.06056996106067131,True,True,A_negative_selection,-1.0,0.0,1.0,255,Low-risk patients deviate more; no treatment-related deviation
2000,1006,0.503,-1.0100523002745547,0.03784647675256503,0.3641999313170125,0.953263434119108,-1.305837354349186,1866.381723417953,93.31908617089765,0.013001019484576793,-0.666327248461138,-0.166327248461138,True,True,A_negative_selection,-1.0,0.0,1.0,256,Low-risk patients deviate more; no treatment-related deviation
2000,1037,0.5185,-1.0341172184464162,0.03913568233963628,0.35554010667665764,0.9526744593595133,-1.31672961705057,1849.2496815387992,92.46248407693996,0.013272293345162115,-0.48485471286867393,0.015145287131326068,True,True,A_negative_selection,-1.0,0.0,1.0,257,Low-risk patients deviate more; no treatment-related deviation
2000,1033,0.5165,-0.947212500558497,0.03707304543790921,0.38782056775693835,0.9145334357696357,-1.1850592494444894,1857.0783676156811,92.85391838078407,0.013100031838056496,-0.4218304987291755,0.0781695012708245,True,True,A_negative_selection,-1.0,0.0,1.0,258,Low-risk patients deviate more; no treatment-related deviation
2000,1047,0.5235,-1.0157340552758987,0.03718812554269562,0.362136504030933,0.9588568659109583,-1.2705603924450415,1856.5265289298113,92.82632644649057,0.01306176675818601,-0.42996345460322793,0.07003654539677207,True,True,A_negative_selection,-1.0,0.0,1.0,259,Low-risk patients deviate more; no treatment-related deviation
2000,999,0.4995,-1.0537141771139913,0.03766550593329187,0.3486404290616929,0.9644078368977258,-1.305797436695857,1864.2152997594408,93.21076498797204,0.012965503653586317,-0.4785895684170583,0.021410431582941702,True,True,A_negative_selection,-1.0,0.0,1.0,260,Low-risk patients deviate more; no treatment-related deviation
2000,1043,0.5215,-1.0451717405058862,0.03882967917900307,0.3516314248333341,0.9812461053257742,-1.2835701895658953,1851.9998701210163,92.59999350605081,0.013198428526241474,-0.20717615890284682,0.2928238410971532,True,True,A_negative_selection,-1.0,0.0,1.0,261,Low-risk patients deviate more; no treatment-related deviation
2000,1032,0.516,-1.0308115398179925,0.03719892296515091,0.35671735273538396,1.0174585030805883,-1.3534446855522255,1858.9968133817747,92.94984066908873,0.01307035596757318,-0.2875636442164853,0.21243635578351472,True,True,A_negative_selection,-1.0,0.0,1.0,262,Low-risk patients deviate more; no treatment-related deviation
2000,1040,0.52,-0.9710942865560194,0.037607412045495135,0.3786684395173889,0.8937535511402221,-1.2463850990681489,1853.5039660727643,92.67519830363821,0.013203686322158284,-0.5112740291290543,-0.011274029129054286,True,True,A_negative_selection,-1.0,0.0,1.0,263,Low-risk patients deviate more; no treatment-related deviation
2000,1021,0.5105,-1.0472749937243029,0.03761418956228795,0.3508926321137877,0.9730231429915482,-1.3439604315925973,1860.6601830215188,93.03300915107594,0.013060702256840194,-0.5546342649943387,-0.054634264994338655,True,True,A_negative_selection,-1.0,0.0,1.0,264,Low-risk patients deviate more; no treatment-related deviation
2000,1010,0.505,-0.9680984361323693,0.03781629321373002,0.3798045745178557,0.8923000215240903,-1.2267691629002497,1860.2560018871784,93.01280009435891,0.013056918488973748,-0.4169545403026728,0.08304545969732718,True,True,A_negative_selection,-1.0,0.0,1.0,265,Low-risk patients deviate more; no treatment-related deviation
2000,1016,0.508,-1.0672386056256258,0.03862768798418661,0.34395700818489167,1.027043409705345,-1.3348596586468406,1853.6051813465183,92.6802590673259,0.013234602825678732,-0.4304548022955142,0.0695451977044858,True,True,A_negative_selection,-1.0,0.0,1.0,266,Low-risk patients deviate more; no treatment-related deviation
2000,1019,0.5095,-0.9279599396233373,0.03807287703533355,0.3953594453571591,0.894928138367722,-1.2057798263089394,1860.5164358751106,93.02582179375553,0.013089724220158345,-0.5347653276811132,-0.03476532768111318,True,True,A_negative_selection,-1.0,0.0,1.0,267,Low-risk patients deviate more; no treatment-related deviation
2000,971,0.4855,-1.0349741959230392,0.038450814620823184,0.35523554733208823,0.9439825879628737,-1.2668011970645507,1879.8784671096644,93.99392335548322,0.012707396761311218,-0.3163317452453133,0.18366825475468668,True,True,A_negative_selection,-1.0,0.0,1.0,268,Low-risk patients deviate more; no treatment-related deviation
2000,1027,0.5135,-1.0106301953675902,0.03816305497913871,0.3639895227667106,0.9660226629607945,-1.2986816487049837,1858.7612801635512,92.93806400817756,0.013049682383187437,-0.5476725469151684,-0.04767254691516842,True,True,A_negative_selection,-1.0,0.0,1.0,269,Low-risk patients deviate more; no treatment-related deviation
2000,1021,0.5105,-1.066389958769536,0.039342809958065744,0.3442490301127371,1.0188632290069353,-1.3171672791664892,1864.4982860564946,93.22491430282473,0.0129453861094175,-0.3489535432521845,0.15104645674781553,True,True,A_negative_selection,-1.0,0.0,1.0,270,Low-risk patients deviate more; no treatment-related deviation
2000,1064,0.532,-0.9833395227003098,0.03754890651060754,0.3740598294013625,0.8961138244475672,-1.2101406427595764,1841.346725637254,92.0673362818627,0.013408247227224623,-0.5818843378535389,-0.08188433785353888,True,True,A_negative_selection,-1.0,0.0,1.0,271,Low-risk patients deviate more; no treatment-related deviation
2000,1025,0.5125,-1.0194934675709806,0.03835373110853978,0.3607776394716697,0.9542611193915189,-1.2801713188526043,1859.6054948036308,92.98027474018154,0.013056887172354236,-0.30368155870117736,0.19631844129882264,True,True,A_negative_selection,-1.0,0.0,1.0,272,Low-risk patients deviate more; no treatment-related deviation
2000,985,0.4925,-1.0275848141935788,0.039149217576690626,0.3578702407845342,0.9355443135467318,-1.2773546899354806,1877.7917629011774,93.88958814505888,0.012754741980323003,-0.5288208520967067,-0.028820852096706706,True,True,A_negative_selection,-1.0,0.0,1.0,273,Low-risk patients deviate more; no treatment-related deviation
2000,998,0.499,-0.9634863638177457,0.037573462437631655,0.38156030634983323,0.9267449237973997,-1.2036340557636611,1869.660052953653,93.48300264768264,0.012859731982152733,-0.5191870288357915,-0.019187028835791486,True,True,A_negative_selection,-1.0,0.0,1.0,274,Low-risk patients deviate more; no treatment-related deviation
2000,1028,0.514,-0.9856094807794407,0.03799120450151449,0.3732116922516059,0.9403841115186913,-1.2699365885740939,1859.6915684132682,92.98457842066341,0.01308582175154931,-0.5048993240684413,-0.004899324068441291,True,True,A_negative_selection,-1.0,0.0,1.0,275,Low-risk patients deviate more; no treatment-related deviation
2000,1010,0.505,-0.9902201214461832,0.037993935383553445,0.37149490802487595,0.9157450438569275,-1.2544494994705278,1859.0246066811187,92.95123033405594,0.013059311425527055,-0.4864084780181466,0.013591521981853427,True,True,A_negative_selection,-1.0,0.0,1.0,276,Low-risk patients deviate more; no treatment-related deviation
2000,994,0.497,-1.0288554041613625,0.038204313765387986,0.3574158231971732,1.0073528216005732,-1.294082588952859,1878.30017963425,93.9150089817125,0.012714344200207485,-0.25010296792832126,0.24989703207167874,True,True,A_negative_selection,-1.0,0.0,1.0,277,Low-risk patients deviate more; no treatment-related deviation
2000,1038,0.519,-1.0173364394128492,0.03848453417483922,0.36155668691040443,0.8907029817381068,-1.293524598738835,1850.8882705410515,92.54441352705257,0.013230861290189232,-0.43953407809036316,0.060465921909636844,True,True,A_negative_selection,-1.0,0.0,1.0,278,Low-risk patients deviate more; no treatment-related deviation
2000,1037,0.5185,-1.0430236171654763,0.037369802499776276,0.35238758437545026,1.0790857248019725,-1.3129418837274482,1858.4998457723523,92.92499228861762,0.013048678918020194,-0.17858720722153268,0.32141279277846735,True,True,A_negative_selection,-1.0,0.0,1.0,279,Low-risk patients deviate more; no treatment-related deviation
2000,1041,0.5205,-0.9674116195720861,0.0359428063178033,0.38006552018995265,0.9542492411103932,-1.299532885846828,1846.5116076568806,92.32558038284402,0.013311688150527124,-0.6344125890862334,-0.13441258908623344,True,True,A_negative_selection,-1.0,0.0,1.0,280,Low-risk patients deviate more; no treatment-related deviation
2000,1050,0.525,-1.0033338543810622,0.0372849196388222,0.3666550268284223,1.0289490604418654,-1.3306170247097135,1850.3171020817817,92.51585510408908,0.013203388019187717,-0.44795056666286576,0.05204943333713424,True,True,A_negative_selection,-1.0,0.0,1.0,281,Low-risk patients deviate more; no treatment-related deviation
2000,1037,0.5185,-1.0022027427481366,0.037349941148439855,0.3670699892346987,0.9802290901564166,-1.2781921147540494,1851.5801547765964,92.57900773882983,0.013201555697078756,-0.39583700826344037,0.10416299173655963,True,True,A_negative_selection,-1.0,0.0,1.0,282,Low-risk patients deviate more; no treatment-related deviation
2000,1064,0.532,-0.9637762782205662,0.03574759999501714,0.38144970255506905,0.9611808520035108,-1.309013756052891,1846.329573532204,92.3164786766102,0.013288780041711294,-0.43914052736724485,0.06085947263275515,True,True,A_negative_selection,-1.0,0.0,1.0,283,Low-risk patients deviate more; no treatment-related deviation
2000,1012,0.506,-0.9894075730330973,0.03728565192846608,0.3717968882930401,0.9362794113448623,-1.2942132124829533,1863.1688658784599,93.15844329392299,0.01300828917795913,-0.3420726673210145,0.1579273326789855,True,True,A_negative_selection,-1.0,0.0,1.0,284,Low-risk patients deviate more; no treatment-related deviation
2000,1035,0.5175,-0.9545107440607904,0.036903371404201996,0.38500046224419904,0.9096539603995237,-1.2353921677914912,1856.445546821454,92.82227734107269,0.013138313173523684,-0.37112669290630323,0.12887330709369677,True,True,A_negative_selection,-1.0,0.0,1.0,285,Low-risk patients deviate more; no treatment-related deviation
2000,1052,0.526,-0.9720435406081958,0.036466807644898645,0.3783091575186709,0.9320028437253898,-1.2070880619738114,1844.9123354952435,92.24561677476218,0.01333284598742573,-0.35899032077328075,0.14100967922671925,True,True,A_negative_selection,-1.0,0.0,1.0,286,Low-risk patients deviate more; no treatment-related deviation
2000,1019,0.5095,-1.081965663537888,0.03784568676570828,0.33892865074311285,1.0624056277214073,-1.3656938561281002,1865.5897591389617,93.27948795694809,0.012949070821339859,-0.5334036665500289,-0.03340366655002891,True,True,A_negative_selection,-1.0,0.0,1.0,287,Low-risk patients deviate more; no treatment-related deviation
2000,1015,0.5075,-0.9877315749903703,0.037728765813857326,0.3724205416250078,0.9610749295475447,-1.2558426027971668,1859.488748844223,92.97443744221114,0.013070974946993458,-0.38890443320756396,0.11109556679243604,True,True,A_negative_selection,-1.0,0.0,1.0,288,Low-risk patients deviate more; no treatment-related deviation
2000,994,0.497,-1.0308096888227065,0.03850808600547115,0.3567180130181334,0.949288626636746,-1.2435241531683787,1877.0889496192783,93.85444748096393,0.012750786200395221,-0.4691284175871757,0.030871582412824283,True,True,A_negative_selection,-1.0,0.0,1.0,289,Low-risk patients deviate more; no treatment-related deviation
2000,1028,0.514,-1.0122772791740506,0.0383987548369568,0.36339049497795,0.8960428317881798,-1.2768383029351777,1858.3828531140534,92.91914265570267,0.013101804998570209,-0.5529705609839668,-0.0529705609839668,True,True,A_negative_selection,-1.0,0.0,1.0,290,Low-risk patients deviate more; no treatment-related deviation
2000,1084,0.542,-1.0541613346862087,0.03693557386724314,0.34848456670397066,0.9743566311498704,-1.3514437042573642,1833.559307837213,91.67796539186065,0.013504840126268096,-0.5490842789470328,-0.04908427894703282,True,True,A_negative_selection,-1.0,0.0,1.0,291,Low-risk patients deviate more; no treatment-related deviation
2000,983,0.4915,-0.9451543014338422,0.03808718984219133,0.38861960171344256,0.8868673673592067,-1.1689811021109562,1875.9197528280504,93.79598764140252,0.012743129740045806,-0.3702546997390684,0.12974530026093162,True,True,A_negative_selection,-1.0,0.0,1.0,292,Low-risk patients deviate more; no treatment-related deviation
2000,1077,0.5385,-0.9704339480050992,0.035420352029957095,0.3789185714628131,0.9471843187294468,-1.301492140020649,1836.7660149601838,91.83830074800919,0.01348388182830272,-0.7480763721554824,-0.2480763721554824,True,True,A_negative_selection,-1.0,0.0,1.0,293,Low-risk patients deviate more; no treatment-related deviation
2000,1031,0.5155,-0.9677567717548544,0.037647270790065836,0.379934362382068,0.8789100146779426,-1.2351205702096109,1856.3812755558863,92.81906377779431,0.013105999958417668,-0.2785633703975548,0.2214366296024452,True,True,A_negative_selection,-1.0,0.0,1.0,294,Low-risk patients deviate more; no treatment-related deviation
2000,1060,0.53,-0.9859031557566067,0.03633270964793894,0.37310210540865024,0.9163227424890213,-1.2765006159753305,1850.9505169563713,92.54752584781858,0.013157250993255726,-0.6414609895036195,-0.14146098950361952,True,True,A_negative_selection,-1.0,0.0,1.0,295,Low-risk patients deviate more; no treatment-related deviation
2000,1035,0.5175,-1.016154901954035,0.03706845596777497,0.3619841321510283,1.015865223664661,-1.310760904082606,1855.6968204396917,92.78484102198458,0.013101681563256118,-0.4967107100319296,0.0032892899680703747,True,True,A_negative_selection,-1.0,0.0,1.0,296,Low-risk patients deviate more; no treatment-related deviation
2000,994,0.497,-0.9793966713773823,0.03861274611925365,0.37553760310110046,0.9075906320613598,-1.2637823438244944,1864.8856326528767,93.24428163264383,0.013024084833183359,-0.5223777185673312,-0.022377718567331173,True,True,A_negative_selection,-1.0,0.0,1.0,297,Low-risk patients deviate more; no treatment-related deviation
2000,1034,0.517,-0.9768480142135983,0.03738644698929782,0.3764959404214005,0.9687297259766818,-1.2595666149508333,1859.436662649361,92.97183313246805,0.013041875919991293,-0.22587255293332203,0.27412744706667797,True,True,A_negative_selection,-1.0,0.0,1.0,298,Low-risk patients deviate more; no treatment-related deviation
2000,1042,0.521,-0.995263721680812,0.0370145694125795,0.3696259533116691,0.945477104258555,-1.2844285723506788,1858.0803683096103,92.90401841548052,0.01308980600401212,-0.49418539556310365,0.005814604436896353,True,True,A_negative_selection,-1.0,0.0,1.0,299,Low-risk patients deviate more; no treatment-related deviation
2000,1003,0.5015,-0.9744968426747019,0.03865534122906872,0.37738218841329135,0.9882858797633889,-1.238996555629603,1869.8172614633725,93.49086307316863,0.012875166763022597,-0.5164075136959067,-0.01640751369590665,True,True,A_negative_selection,-1.0,0.0,1.0,300,Low-risk patients deviate more; no treatment-related deviation
2000,1014,0.507,-1.0128108194526881,0.038352184488744355,0.36319666322512706,0.9552952394927222,-1.2971732580335857,1856.422426039038,92.8211213019519,0.013150438608992784,-0.24799015249804376,0.2520098475019562,True,True,A_negative_selection,-1.0,0.0,1.0,301,Low-risk patients deviate more; no treatment-related deviation
2000,996,0.498,-1.021438309363681,0.037677012215371786,0.3600766659028469,0.9209632659511257,-1.2898751167618336,1871.682928329847,93.58414641649236,0.012838611795709633,-0.5087912720161039,-0.008791272016103857,True,True,A_negative_selection,-1.0,0.0,1.0,302,Low-risk patients deviate more; no treatment-related deviation
2000,1046,0.523,-0.9577321919042125,0.03750878424550147,0.3837621989066281,0.8835963891395475,-1.2038954101509705,1855.4707095120589,92.77353547560294,0.013134881716484673,-0.5123382813121817,-0.012338281312181731,True,True,A_negative_selection,-1.0,0.0,1.0,303,Low-risk patients deviate more; no treatment-related deviation
2000,1032,0.516,-0.9884271604349192,0.03700999395599772,0.3721615813919281,0.9657800237045683,-1.3285658394765463,1856.6839898578623,92.83419949289312,0.013124702993105251,-0.6005442099392406,-0.10054420993924063,True,True,A_negative_selection,-1.0,0.0,1.0,304,Low-risk patients deviate more; no treatment-related deviation
2000,1040,0.52,-1.0061202166474068,0.036456596970041465,0.36563481509669965,0.9452718515615318,-1.3390405141316628,1852.067777528453,92.60338887642266,0.0131778623954301,-0.4220450095225489,0.07795499047745108,True,True,A_negative_selection,-1.0,0.0,1.0,305,Low-risk patients deviate more; no treatment-related deviation
2000,1041,0.5205,-0.9684271447431226,0.03852343906253313,0.37967975000037896,0.8576024880751849,-1.1982583326635892,1847.865359603395,92.39326798016975,0.013324423960162259,-0.3391718784335523,0.1608281215664477,True,True,A_negative_selection,-1.0,0.0,1.0,306,Low-risk patients deviate more; no treatment-related deviation
2000,989,0.4945,-1.0384072185825064,0.0380054079650375,0.3540181065951606,0.9748446372290572,-1.3272696641010697,1875.060763432693,93.75303817163464,0.012762690327707988,-0.2555616257705719,0.2444383742294281,True,True,A_negative_selection,-1.0,0.0,1.0,307,Low-risk patients deviate more; no treatment-related deviation
2000,1035,0.5175,-0.98155340774548,0.03738814909986895,0.3747285402761271,0.8977790273300087,-1.252700650538877,1858.530931649465,92.92654658247325,0.013082770439794701,-0.49304521979506255,0.00695478020493745,True,True,A_negative_selection,-1.0,0.0,1.0,308,Low-risk patients deviate more; no treatment-related deviation
2000,1015,0.5075,-1.0206177948961235,0.03760766775336683,0.3603722352595342,0.9988520113234116,-1.269243953346968,1867.1994418056208,93.35997209028103,0.01287854721251388,-0.49862217468012465,0.0013778253198753476,True,True,A_negative_selection,-1.0,0.0,1.0,309,Low-risk patients deviate more; no treatment-related deviation
2000,1024,0.512,-1.0173489829374254,0.0370344965720976,0.36155215174366007,1.0080581835970104,-1.3472834340839044,1852.9262525833187,92.64631262916595,0.013204773121843587,-0.5303275105499515,-0.03032751054995153,True,True,A_negative_selection,-1.0,0.0,1.0,310,Low-risk patients deviate more; no treatment-related deviation
2000,1038,0.519,-1.0145406895169558,0.03757120906225689,0.36256892330076373,0.9770054443437358,-1.3046750886648382,1854.7045323833233,92.73522661916616,0.013150708254572261,-0.7736952449269568,-0.27369524492695685,True,True,A_negative_selection,-1.0,0.0,1.0,311,Low-risk patients deviate more; no treatment-related deviation
2000,1036,0.518,-1.0028049894809483,0.03794247705460397,0.36684898908795677,0.9660161724151652,-1.310945498062324,1855.0670993878114,92.75335496939057,0.013176281756203055,-0.28778576952241397,0.21221423047758603,True,True,A_negative_selection,-1.0,0.0,1.0,312,Low-risk patients deviate more; no treatment-related deviation
2000,997,0.4985,-1.027327450393762,0.03833402167394542,0.3579623554825298,0.9286722836102045,-1.26524651488924,1869.8166601390694,93.49083300695347,0.012883777700746942,-0.41563392128626964,0.08436607871373036,True,True,A_negative_selection,-1.0,0.0,1.0,313,Low-risk patients deviate more; no treatment-related deviation
2000,1053,0.5265,-1.0072524453935703,0.038023336614397066,0.36522106712132474,0.8523307045826783,-1.2278469788656077,1853.8220920644521,92.6911046032226,0.013136744121222904,-0.4558580933555531,0.04414190664444689,True,True,A_negative_selection,-1.0,0.0,1.0,314,Low-risk patients deviate more; no treatment-related deviation
2000,1065,0.5325,-1.0122019844972907,0.03746028048878151,0.3634178573779156,0.9794938978146328,-1.3278366837656015,1846.3877961958315,92.31938980979159,0.013259570031465464,-0.43358386556571726,0.06641613443428274,True,True,A_negative_selection,-1.0,0.0,1.0,315,Low-risk patients deviate more; no treatment-related deviation
2000,1064,0.532,-1.0073063448676467,0.0372291204645048,0.36520138242838734,0.9595883705311696,-1.2999222263172514,1845.9563083844964,92.29781541922482,0.013278474383760511,-0.299070735145421,0.20092926485457901,True,True,A_negative_selection,-1.0,0.0,1.0,316,Low-risk patients deviate more; no treatment-related deviation
2000,1064,0.532,-0.9998495958770338,0.03829413744411029,0.36793477591733165,0.9145230778952901,-1.2380773748699392,1842.8064152177226,92.14032076088613,0.01335234179872196,-0.5808644084337152,-0.08086440843371523,True,True,A_negative_selection,-1.0,0.0,1.0,317,Low-risk patients deviate more; no treatment-related deviation
2000,1038,0.519,-0.9326446691686495,0.03662384271744461,0.3935116249314084,0.8821698614102973,-1.1974829102362465,1854.8312564747027,92.74156282373514,0.013185630513713163,-0.4382268801942211,0.061773119805778876,True,True,A_negative_selection,-1.0,0.0,1.0,318,Low-risk patients deviate more; no treatment-related deviation
2000,1077,0.5385,-1.0451186295115626,0.038183454453848145,0.35165010082388826,1.0252999360233805,-1.311738334659988,1835.9962506702382,91.79981253351191,0.013519319448804403,-0.5421374817359146,-0.042137481735914584,True,True,A_negative_selection,-1.0,0.0,1.0,319,Low-risk patients deviate more; no treatment-related deviation
2000,1044,0.522,-0.9498108816538008,0.036166387154915554,0.3868141701937415,1.0166973884577217,-1.3027801544622128,1847.4732649373245,92.37366324686623,0.013312716300986628,-0.46496802051427555,0.03503197948572445,True,True,A_negative_selection,-1.0,0.0,1.0,320,Low-risk patients deviate more; no treatment-related deviation
2000,1029,0.5145,-1.028875817057857,0.037607661271250974,0.3574085273794334,0.9956844111883473,-1.373205685998292,1859.539360985749,92.97696804928745,0.013122358359830787,-0.35301244482607125,0.14698755517392875,True,True,A_negative_selection,-1.0,0.0,1.0,321,Low-risk patients deviate more; no treatment-related deviation
2000,1056,0.528,-1.0077976081491917,0.037784564490758454,0.36502201646039517,0.9422863106613484,-1.2885602668363105,1854.6879197982541,92.73439598991271,0.013139393839459586,-0.6297907700116342,-0.1297907700116342,True,True,A_negative_selection,-1.0,0.0,1.0,322,Low-risk patients deviate more; no treatment-related deviation
2000,987,0.4935,-1.0089428863895067,0.038035169353111624,0.3646042039891422,0.9538793663512926,-1.29502898926512,1871.7485313722452,93.58742656861227,0.012885765112564623,-0.29625366653691537,0.20374633346308463,True,True,A_negative_selection,-1.0,0.0,1.0,323,Low-risk patients deviate more; no treatment-related deviation
2000,1016,0.508,-0.9844274698860661,0.03751672753498483,0.37365309335644725,0.9945734942611083,-1.2779034238095723,1864.9803914183992,93.24901957091996,0.012974894646164619,-0.5137431017794518,-0.013743101779451816,True,True,A_negative_selection,-1.0,0.0,1.0,324,Low-risk patients deviate more; no treatment-related deviation
2000,1011,0.5055,-1.0508379142057678,0.03872861237779998,0.3496446541114212,1.005007718711745,-1.293560987439232,1860.455402767624,93.02277013838119,0.013102616087372709,-0.4711415323201356,0.028858467679864386,True,True,A_negative_selection,-1.0,0.0,1.0,325,Low-risk patients deviate more; no treatment-related deviation
2000,1080,0.54,-1.0087294819756543,0.037711579654933484,0.36468202043847414,0.8837690535399101,-1.2081604767264267,1836.2257585756024,91.81128792878012,0.013409352008992088,-0.48301203862144854,0.016987961378551464,True,True,A_negative_selection,-1.0,0.0,1.0,326,Low-risk patients deviate more; no treatment-related deviation
2000,1035,0.5175,-0.9577541907852234,0.0376774957036852,0.38375375666053824,0.9858920912506286,-1.2579410193147211,1851.3600685332738,92.5680034266637,0.013235966005807592,-0.299723299422834,0.200276700577166,True,True,A_negative_selection,-1.0,0.0,1.0,327,Low-risk patients deviate more; no treatment-related deviation
2000,1006,0.503,-0.9750372255753895,0.037856079858342676,0.37717831262210566,0.9654391466580515,-1.2560500729555493,1868.279656371042,93.4139828185521,0.012916469599242029,-0.7283348615764852,-0.2283348615764852,True,True,A_negative_selection,-1.0,0.0,1.0,328,Low-risk patients deviate more; no treatment-related deviation
2000,1017,0.5085,-1.0055873982418209,0.03856020190473189,0.3658296839661561,0.9422149800118884,-1.2641009363734668,1860.6805488590064,93.03402744295032,0.013058564741824137,-0.4400689408541971,0.05993105914580288,True,True,A_negative_selection,-1.0,0.0,1.0,329,Low-risk patients deviate more; no treatment-related deviation
2000,1049,0.5245,-1.0097040705222313,0.037952510659034745,0.3643267786536177,0.9713918328575849,-1.3562235249739778,1843.1759839944502,92.15879919972252,0.013382001725247469,-0.4274375530365174,0.07256244696348257,True,True,A_negative_selection,-1.0,0.0,1.0,330,Low-risk patients deviate more; no treatment-related deviation
2000,1054,0.527,-1.0090315521762554,0.036656298087092885,0.3645718775036914,0.968118330502115,-1.342308804786571,1838.8232806068675,91.94116403034337,0.01352832253394042,-0.41203981366304715,0.08796018633695285,True,True,A_negative_selection,-1.0,0.0,1.0,331,Low-risk patients deviate more; no treatment-related deviation
2000,1032,0.516,-1.0389694758306318,0.0386790771625618,0.35381911329671434,0.9672595632132329,-1.2913723567537518,1849.0124010026443,92.45062005013222,0.013339076641361561,-0.47412984701588484,0.025870152984115158,True,True,A_negative_selection,-1.0,0.0,1.0,332,Low-risk patients deviate more; no treatment-related deviation
2000,997,0.4985,-1.0232769127862322,0.03903660361406389,0.35941523595255054,0.9484240651496828,-1.2662688217304294,1867.2826993471335,93.36413496735668,0.01290752022510352,-0.531406114886476,-0.031406114886476044,True,True,A_negative_selection,-1.0,0.0,1.0,333,Low-risk patients deviate more; no treatment-related deviation
2000,1025,0.5125,-1.0734550403955956,0.03943018119795474,0.34182545407769055,1.0110572903047343,-1.2938519504167383,1852.3024382635194,92.61512191317597,0.013210553978489125,-0.4081835520814511,0.09181644791854893,True,True,A_negative_selection,-1.0,0.0,1.0,334,Low-risk patients deviate more; no treatment-related deviation
2000,1070,0.535,-1.0019903841737117,0.03727430372075105,0.36714794797163686,0.9685791589627418,-1.3685309972360773,1844.351969401465,92.21759847007326,0.013279245334013715,-0.4488678307790357,0.05113216922096431,True,True,A_negative_selection,-1.0,0.0,1.0,335,Low-risk patients deviate more; no treatment-related deviation
2000,1035,0.5175,-0.9936101908847682,0.03763267434770928,0.3702376467961216,0.9169883557950935,-1.2591858664697855,1855.680002255986,92.7840001127993,0.01314848289955799,-0.6857637397655524,-0.18576373976555238,True,True,A_negative_selection,-1.0,0.0,1.0,336,Low-risk patients deviate more; no treatment-related deviation
2000,1009,0.5045,-1.0224378166372727,0.04005639052015388,0.3597169464572746,0.9472976267794251,-1.2506322210227723,1859.3425481576644,92.96712740788323,0.013090659422351913,-0.4426301328777733,0.05736986712222669,True,True,A_negative_selection,-1.0,0.0,1.0,337,Low-risk patients deviate more; no treatment-related deviation
2000,1029,0.5145,-0.9325407370963048,0.03673245897734222,0.3935525255354847,0.9311422981781566,-1.2402866142857627,1860.1713253622715,93.00856626811357,0.01305486129013677,-0.40122063182229517,0.09877936817770483,True,True,A_negative_selection,-1.0,0.0,1.0,338,Low-risk patients deviate more; no treatment-related deviation
2000,1033,0.5165,-0.967250084568311,0.037874391869374344,0.3801269190340891,0.9503663297079619,-1.2194813637707538,1858.0614837695236,92.90307418847618,0.013076949166204005,-0.40074586294943954,0.09925413705056046,True,True,A_negative_selection,-1.0,0.0,1.0,339,Low-risk patients deviate more; no treatment-related deviation
2000,1037,0.5185,-1.0023476346020017,0.03786326016674599,0.3670168076363434,0.9715499406358811,-1.3011787978577383,1860.0594950314633,93.00297475157316,0.013011301372831302,-0.49116296490721495,0.00883703509278505,True,True,A_negative_selection,-1.0,0.0,1.0,340,Low-risk patients deviate more; no treatment-related deviation
2000,1015,0.5075,-1.0160714280269696,0.03840776593893137,0.3620143496492434,0.9161563256578152,-1.3043064465151053,1858.4539610178974,92.92269805089488,0.013104058043370392,-0.39271290350641125,0.10728709649358875,True,True,A_negative_selection,-1.0,0.0,1.0,341,Low-risk patients deviate more; no treatment-related deviation
2000,1040,0.52,-0.9696161525969759,0.038092067091731734,0.3792285760735043,0.9415818714272892,-1.242227383729876,1847.7265747394902,92.3863287369745,0.013298329806381574,-0.49717926657415246,0.0028207334258475436,True,True,A_negative_selection,-1.0,0.0,1.0,342,Low-risk patients deviate more; no treatment-related deviation
2000,1008,0.504,-1.0049842707954837,0.03665810200818684,0.3660503924402197,0.9903758845650081,-1.2594284692755222,1863.8483322460143,93.19241661230072,0.012974095956233861,-0.5708611249304268,-0.07086112493042684,True,True,A_negative_selection,-1.0,0.0,1.0,343,Low-risk patients deviate more; no treatment-related deviation
2000,983,0.4915,-1.0907952418363682,0.038961545574755806,0.33594922656995024,0.98652842711422,-1.3062898057806522,1875.782280397356,93.78911401986781,0.012786206475994882,-0.5744514362098861,-0.07445143620988615,True,True,A_negative_selection,-1.0,0.0,1.0,344,Low-risk patients deviate more; no treatment-related deviation
2000,1033,0.5165,-0.9735076032969314,0.03727489394029464,0.3777556944475182,0.8952715644459354,-1.2241812643959096,1852.2100671746564,92.61050335873283,0.013214664685589295,-0.5073629057778937,-0.007362905777893669,True,True,A_negative_selection,-1.0,0.0,1.0,345,Low-risk patients deviate more; no treatment-related deviation
2000,1055,0.5275,-0.9688923990578829,0.037315974338695025,0.3795031434451308,0.9939009394670857,-1.2825697528707802,1844.8827213711781,92.2441360685589,0.013313355618786661,-0.3725731762138762,0.1274268237861238,True,True,A_negative_selection,-1.0,0.0,1.0,346,Low-risk patients deviate more; no treatment-related deviation
2000,1085,0.5425,-0.9355387951588497,0.03651335813320949,0.3923743991413865,0.9327182744554315,-1.2013139722975554,1839.0545845197144,91.95272922598572,0.013396048493195294,-0.7880068918370255,-0.28800689183702555,True,True,A_negative_selection,-1.0,0.0,1.0,347,Low-risk patients deviate more; no treatment-related deviation
2000,1068,0.534,-1.015501658538939,0.03700460619593396,0.3622206731527396,1.0232484035527112,-1.3698432566553798,1839.522470122227,91.97612350611135,0.013453266539844818,-0.6718379186350719,-0.17183791863507192,True,True,A_negative_selection,-1.0,0.0,1.0,348,Low-risk patients deviate more; no treatment-related deviation
2000,1048,0.524,-1.0441554065015248,0.03926007941304387,0.3519889814751033,0.9322871571059991,-1.3007445752624303,1847.4209679421022,92.37104839710511,0.01331274937312735,-0.34679479079237413,0.15320520920762587,True,True,A_negative_selection,-1.0,0.0,1.0,349,Low-risk patients deviate more; no treatment-related deviation
2000,1006,0.503,-1.0323980137330977,0.039034452780936,0.3561518786337633,0.937588554954235,-1.2578883564694745,1865.5937279655793,93.27968639827897,0.012956877705578889,-0.5288953503055545,-0.028895350305554457,True,True,A_negative_selection,-1.0,0.0,1.0,350,Low-risk patients deviate more; no treatment-related deviation
2000,997,0.4985,-0.9953428246831812,0.03924212069748507,0.3695967159454055,0.9536144613007778,-1.261397735611404,1867.8218391440973,93.39109195720488,0.012924716043650317,-0.49189983444075647,0.008100165559243533,True,True,A_negative_selection,-1.0,0.0,1.0,351,Low-risk patients deviate more; no treatment-related deviation
2000,1041,0.5205,-1.0185497129049188,0.03778230581804574,0.361118285770315,0.977513374043284,-1.3160115854060142,1854.9092000317612,92.74546000158806,0.013152901962035397,-0.5994085536217186,-0.09940855362171863,True,True,A_negative_selection,-1.0,0.0,1.0,352,Low-risk patients deviate more; no treatment-related deviation
2000,999,0.4995,-1.0521878073695892,0.039054664371384086,0.34917298960303994,0.9299537315511666,-1.2741088640675469,1867.2294512088745,93.36147256044373,0.012938145727664505,-0.31612391955949337,0.18387608044050663,True,True,A_negative_selection,-1.0,0.0,1.0,353,Low-risk patients deviate more; no treatment-related deviation
2000,1061,0.5305,-1.0201045691994735,0.03731298443027001,0.3605572350202834,0.9783622533573352,-1.3042666796363371,1845.3926718267671,92.26963359133835,0.013298711411982054,-0.4161768734878397,0.08382312651216028,True,True,A_negative_selection,-1.0,0.0,1.0,354,Low-risk patients deviate more; no treatment-related deviation
2000,1023,0.5115,-0.943434236837611,0.03724219916870833,0.38928862775080214,0.8375100799170792,-1.1890322529262929,1862.3153494833787,93.11576747416895,0.012958147933908586,-0.5155614076001771,-0.015561407600177102,True,True,A_negative_selection,-1.0,0.0,1.0,355,Low-risk patients deviate more; no treatment-related deviation
2000,1063,0.5315,-0.9930585005691557,0.03684456695138123,0.3704419596738701,0.8675244725939382,-1.258136748889257,1844.3449876460243,92.21724938230122,0.013372947518625751,-0.5303398088668122,-0.0303398088668122,True,True,A_negative_selection,-1.0,0.0,1.0,356,Low-risk patients deviate more; no treatment-related deviation
2000,1023,0.5115,-0.9525255665931601,0.037408860888791126,0.38576551561898226,0.837470812368464,-1.1892075806358202,1862.3944860572542,93.1197243028627,0.013016948389411151,-0.6717321966111983,-0.17173219661119832,True,True,A_negative_selection,-1.0,0.0,1.0,357,Low-risk patients deviate more; no treatment-related deviation
2000,1027,0.5135,-1.0480143630468792,0.03760755189744937,0.3506332887531617,1.0051666746586148,-1.3943780392207963,1857.3003254423004,92.86501627211503,0.01312086119137158,-0.7186949596720971,-0.21869495967209707,True,True,A_negative_selection,-1.0,0.0,1.0,358,Low-risk patients deviate more; no treatment-related deviation
2000,1033,0.5165,-0.9520937462121297,0.03687956704399746,0.3859321330027272,0.9097854839793544,-1.2030098569242769,1860.818415775017,93.04092078875085,0.012987304668191563,-0.41640406834876276,0.08359593165123724,True,True,A_negative_selection,-1.0,0.0,1.0,359,Low-risk patients deviate more; no treatment-related deviation
2000,1030,0.515,-0.9017808764564454,0.0362136456382371,0.4058462537452063,0.9218576999853122,-1.1998748512063475,1852.8098118424828,92.64049059212414,0.013161382557801181,-0.4928834472929614,0.0071165527070385926,True,True,A_negative_selection,-1.0,0.0,1.0,360,Low-risk patients deviate more; no treatment-related deviation
2000,1016,0.508,-0.9312171558114096,0.03681071188408636,0.3940737691709713,0.890685301720879,-1.1761090339572988,1865.493733459463,93.27468667297316,0.012944065673050054,-0.5456085042823032,-0.04560850428230323,True,True,A_negative_selection,-1.0,0.0,1.0,361,Low-risk patients deviate more; no treatment-related deviation
2000,1036,0.518,-1.0042246685455714,0.03740518646186795,0.36632855077337173,0.9710474363222228,-1.319326564968143,1855.218923480762,92.7609461740381,0.013136127019342646,-0.34617858252012734,0.15382141747987266,True,True,A_negative_selection,-1.0,0.0,1.0,362,Low-risk patients deviate more; no treatment-related deviation
2000,1003,0.5015,-0.9728155525489348,0.03781897715525837,0.37801721103935965,0.9216714890215548,-1.2382467113648672,1865.5603298230105,93.27801649115052,0.01297547885738603,-0.49559452493607997,0.004405475063920028,True,True,A_negative_selection,-1.0,0.0,1.0,363,Low-risk patients deviate more; no treatment-related deviation
2000,1029,0.5145,-0.9388271972084995,0.03736189488995595,0.39108623352705063,0.9600679009388596,-1.231536175638872,1852.0168683716201,92.60084341858101,0.013192223391842504,-0.34486378218684516,0.15513621781315484,True,True,A_negative_selection,-1.0,0.0,1.0,364,Low-risk patients deviate more; no treatment-related deviation
2000,1008,0.504,-1.0196112373995925,0.03780799902795221,0.3607351532527486,0.9778207234207729,-1.294366610415008,1860.6802123789457,93.03401061894729,0.013078008818364815,-0.487907385187445,0.012092614812555025,True,True,A_negative_selection,-1.0,0.0,1.0,365,Low-risk patients deviate more; no treatment-related deviation
2000,998,0.499,-1.0020207573688205,0.03863413468182907,0.3671367966847303,1.0162565371915813,-1.2897096571024493,1868.4154459845838,93.4207722992292,0.012957164346412477,-0.34619958544700247,0.15380041455299753,True,True,A_negative_selection,-1.0,0.0,1.0,366,Low-risk patients deviate more; no treatment-related deviation
2000,995,0.4975,-0.9973454316624208,0.03895791573416001,0.3688572996098214,0.8804252427766321,-1.2669987380679493,1861.0855757163945,93.05427878581973,0.013063704291481518,-0.5573839967861978,-0.057383996786197766,True,True,A_negative_selection,-1.0,0.0,1.0,367,Low-risk patients deviate more; no treatment-related deviation
2000,1032,0.516,-1.0037737529415818,0.03693143037443563,0.36649377128055527,1.0202352257162075,-1.3258507635226808,1862.113282552698,93.1056641276349,0.013020788739268048,-0.4396421279954082,0.060357872004591806,True,True,A_negative_selection,-1.0,0.0,1.0,368,Low-risk patients deviate more; no treatment-related deviation
2000,1001,0.5005,-0.980800687158697,0.037681574453889984,0.3750107123478889,0.8996200398496095,-1.2275051073980616,1872.6112054830683,93.63056027415341,0.01280768677831323,-0.598643486417546,-0.09864348641754594,True,True,A_negative_selection,-1.0,0.0,1.0,369,Low-risk patients deviate more; no treatment-related deviation
2000,980,0.49,-0.9949402375595822,0.03841420295713459,0.3697455407796405,0.9082103346126811,-1.2244799328132618,1877.3126307909401,93.865631539547,0.012751299916006938,-0.4720214913855234,0.027978508614476594,True,True,A_negative_selection,-1.0,0.0,1.0,370,Low-risk patients deviate more; no treatment-related deviation
2000,1044,0.522,-1.0272975827667623,0.03712265799110355,0.3579730471283095,0.9486362623662812,-1.2990350593612507,1851.17103262864,92.558551631432,0.013195314297937095,-0.32186087073181574,0.17813912926818426,True,True,A_negative_selection,-1.0,0.0,1.0,371,Low-risk patients deviate more; no treatment-related deviation
2000,1024,0.512,-1.0052876087129126,0.03859658415557858,0.3659393723156608,0.9427424896795907,-1.2469926734653567,1851.7978414219283,92.58989207109641,0.013261191012283586,-0.44514530146752673,0.05485469853247327,True,True,A_negative_selection,-1.0,0.0,1.0,372,Low-risk patients deviate more; no treatment-related deviation
2000,1037,0.5185,-1.0209051732356946,0.039300680919261075,0.360268686964419,0.971210988656064,-1.2750960060422358,1858.6872248660595,92.93436124330297,0.013081017924072366,-0.518342027981613,-0.018342027981612996,True,True,A_negative_selection,-1.0,0.0,1.0,373,Low-risk patients deviate more; no treatment-related deviation
2000,1028,0.514,-0.9373723246841955,0.03690028082622085,0.3916556282407706,0.9516810759397608,-1.2851515119148715,1858.4269722138092,92.92134861069046,0.013086803250848125,-0.5088228412710534,-0.008822841271053372,True,True,A_negative_selection,-1.0,0.0,1.0,374,Low-risk patients deviate more; no treatment-related deviation
2000,1062,0.531,-1.0285609470738948,0.03746246664824405,0.35752108231587293,0.9592382163300467,-1.2939145630046347,1843.7010547065752,92.18505273532877,0.013354151783066608,-0.574970398290882,-0.07497039829088203,True,True,A_negative_selection,-1.0,0.0,1.0,375,Low-risk patients deviate more; no treatment-related deviation
2000,987,0.4935,-1.0996999380816668,0.03942367056334398,0.33297098062089325,1.0444854854373191,-1.3906575314658502,1871.3922086141024,93.56961043070511,0.012884676263808839,-0.3679390466381541,0.13206095336184592,True,True,A_negative_selection,-1.0,0.0,1.0,376,Low-risk patients deviate more; no treatment-related deviation
2000,1007,0.5035,-1.0139778700900646,0.03716266467340052,0.3627730415698599,0.9734010300793333,-1.3258068043152897,1864.5300532827255,93.22650266413628,0.013006924380280784,-0.4240892998028099,0.0759107001971901,True,True,A_negative_selection,-1.0,0.0,1.0,377,Low-risk patients deviate more; no treatment-related deviation
2000,1048,0.524,-1.0239576750410233,0.03770138876346796,0.3591706428904256,0.97144765438746,-1.3206205945710001,1854.4015838989735,92.72007919494867,0.01316618108676638,-0.47368487673682697,0.026315123263173035,True,True,A_negative_selection,-1.0,0.0,1.0,378,Low-risk patients deviate more; no treatment-related deviation
2000,1050,0.525,-0.9650956142424542,0.03833628607803787,0.38094677406074096,0.8703943444235909,-1.268136257456993,1847.0365155188294,92.35182577594146,0.0132877864720238,-0.5298045753718813,-0.029804575371881303,True,True,A_negative_selection,-1.0,0.0,1.0,379,Low-risk patients deviate more; no treatment-related deviation
2000,1043,0.5215,-0.9875962850373099,0.037549916874597966,0.37247092979103247,0.9711378775627925,-1.2628596479145013,1848.9484743386008,92.44742371693005,0.013244534160114356,-0.3302885901752882,0.16971140982471178,True,True,A_negative_selection,-1.0,0.0,1.0,380,Low-risk patients deviate more; no treatment-related deviation
2000,1041,0.5205,-0.9588124380474929,0.036563048937870525,0.3833478651028608,0.8952184713059765,-1.2281612778554791,1853.9143592999087,92.69571796499544,0.013119857204628237,-0.6670331412358215,-0.16703314123582147,True,True,A_negative_selection,-1.0,0.0,1.0,381,Low-risk patients deviate more; no treatment-related deviation
2000,1051,0.5255,-1.0069335559025139,0.038448833953087756,0.365337550853274,0.9738494215699859,-1.284527521147818,1847.4327203642802,92.371636018214,0.013258120369281198,-0.46661289685218094,0.033387103147819064,True,True,A_negative_selection,-1.0,0.0,1.0,382,Low-risk patients deviate more; no treatment-related deviation
2000,1010,0.505,-1.0341926331884863,0.03846404751006671,0.3555132947222381,0.9096114262333004,-1.2856284859350924,1868.0760211811776,93.40380105905888,0.012890780799805334,-0.37255664556489787,0.12744335443510213,True,True,A_negative_selection,-1.0,0.0,1.0,383,Low-risk patients deviate more; no treatment-related deviation
2000,1001,0.5005,-1.018288427899947,0.03865514762564679,0.36121265289122795,0.8662400209496562,-1.2332797816989243,1864.9413524822123,93.24706762411061,0.013031541933909275,-0.4318375324136393,0.06816246758636069,True,True,A_negative_selection,-1.0,0.0,1.0,384,Low-risk patients deviate more; no treatment-related deviation
2000,1035,0.5175,-0.9472048951627062,0.0369693862858189,0.38782351729706815,0.8520780684025319,-1.2407810211905508,1858.6143979637902,92.93071989818951,0.01309385327075271,-0.3975836616740588,0.10241633832594121,True,True,A_negative_selection,-1.0,0.0,1.0,385,Low-risk patients deviate more; no treatment-related deviation
2000,988,0.494,-1.03335615979966,0.03856554807382602,0.3558107965414782,1.0003771626742093,-1.2881477909969585,1869.2008809759777,93.46004404879888,0.012915378064099087,-0.48816195329119494,0.011838046708805061,True,True,A_negative_selection,-1.0,0.0,1.0,386,Low-risk patients deviate more; no treatment-related deviation
2000,1027,0.5135,-0.9821619403696944,0.037508807277673265,0.3745005751033022,0.9611268198750637,-1.2840809334529801,1854.4537831058892,92.72268915529446,0.013126977946304377,-0.3955702722641545,0.10442972773584552,True,True,A_negative_selection,-1.0,0.0,1.0,387,Low-risk patients deviate more; no treatment-related deviation
2000,1040,0.52,-1.009189168157399,0.03663259436457918,0.36451441967777604,0.9288116391840451,-1.3018746686471763,1852.5776442013066,92.62888221006533,0.013187412423572938,-0.46564096922993065,0.034359030770069354,True,True,A_negative_selection,-1.0,0.0,1.0,388,Low-risk patients deviate more; no treatment-related deviation
2000,1002,0.501,-0.9806739867679721,0.03798361940316742,0.37505822936181793,1.0001113050771222,-1.2690754882789859,1864.3388565633525,93.21694282816762,0.013004692818508603,-0.6059254037089258,-0.10592540370892578,True,True,A_negative_selection,-1.0,0.0,1.0,389,Low-risk patients deviate more; no treatment-related deviation
2000,1056,0.528,-1.0554716747347817,0.037903446924673345,0.34802823246171893,0.9831226675966015,-1.364115655427208,1845.6531292633172,92.28265646316585,0.013280105074349393,-0.3828546618445996,0.1171453381554004,True,True,A_negative_selection,-1.0,0.0,1.0,390,Low-risk patients deviate more; no treatment-related deviation
2000,1030,0.515,-1.0368068182498176,0.03828999507366867,0.3545851309026528,0.8937118311093748,-1.3004455159303052,1859.3693627258588,92.96846813629294,0.013043721728670648,-0.3119289538980211,0.1880710461019789,True,True,A_negative_selection,-1.0,0.0,1.0,391,Low-risk patients deviate more; no treatment-related deviation
2000,1030,0.515,-1.0347280647843697,0.037645280799644895,0.355322992622912,1.0137123501313665,-1.3374772640983765,1855.8336927229946,92.79168463614972,0.013142943802566705,-0.6272392169897099,-0.12723921698970986,True,True,A_negative_selection,-1.0,0.0,1.0,392,Low-risk patients deviate more; no treatment-related deviation
2000,1044,0.522,-1.091504645781229,0.038433965202592256,0.3357109873772514,1.0088052686065954,-1.3721465250040819,1850.7611284687387,92.53805642343694,0.013193715326330891,-0.42801960895419877,0.07198039104580123,True,True,A_negative_selection,-1.0,0.0,1.0,393,Low-risk patients deviate more; no treatment-related deviation
2000,1047,0.5235,-1.000325896667557,0.0377206292196741,0.36775957002136694,0.9464419435232958,-1.2355604305339378,1851.579204585429,92.57896022927144,0.01319646897705141,-0.42406221319136694,0.07593778680863306,True,True,A_negative_selection,-1.0,0.0,1.0,394,Low-risk patients deviate more; no treatment-related deviation
2000,1045,0.5225,-1.0177146627588398,0.03691614306234393,0.361419963588122,0.9168399650753031,-1.3080487833568788,1858.1490479728595,92.90745239864297,0.013068511648986847,-0.41212888011266025,0.08787111988733975,True,True,A_negative_selection,-1.0,0.0,1.0,395,Low-risk patients deviate more; no treatment-related deviation
2000,1058,0.529,-1.0163761273422134,0.03810773214987466,0.36190406092809907,0.9924456749611665,-1.309321484497249,1838.395115253535,91.91975576267676,0.013459056023312224,-0.359188786035709,0.14081121396429103,True,True,A_negative_selection,-1.0,0.0,1.0,396,Low-risk patients deviate more; no treatment-related deviation
2000,1027,0.5135,-1.0040168119726949,0.036886410661361474,0.36640470248452495,0.9524457086294473,-1.3127149264588904,1854.8925739546462,92.74462869773231,0.01317004250633597,-0.4844679240145558,0.015532075985444205,True,True,A_negative_selection,-1.0,0.0,1.0,397,Low-risk patients deviate more; no treatment-related deviation
2000,989,0.4945,-0.9681908183241885,0.037914083326982505,0.3797694889594641,0.8952773135339863,-1.2040067710442484,1872.4926448746319,93.6246322437316,0.012849290629075865,-0.3800407982796424,0.11995920172035762,True,True,A_negative_selection,-1.0,0.0,1.0,398,Low-risk patients deviate more; no treatment-related deviation
2000,1046,0.523,-0.9292242754275795,0.037956330443552955,0.39485989412165157,0.8868072688038532,-1.1649969731470287,1846.0398203897212,92.30199101948605,0.013316239389641587,-0.5752646576290468,-0.07526465762904677,True,True,A_negative_selection,-1.0,0.0,1.0,399,Low-risk patients deviate more; no treatment-related deviation
2000,1038,0.519,-0.9799119433446278,0.03693860837058756,0.3753441489466075,0.882917566460534,-1.245301148090816,1851.612472676407,92.58062363382035,0.013247771010740842,-0.5030038615011018,-0.0030038615011017678,True,True,A_negative_selection,-1.0,0.0,1.0,400,Low-risk patients deviate more; no treatment-related deviation
2000,1001,0.5005,-0.9997701391390647,0.03773651183256673,0.367964011975897,1.0151183040717142,-1.3278142272430404,1871.439829726803,93.57199148634015,0.01284925277071554,-0.42896530654228887,0.07103469345771113,True,True,A_negative_selection,-1.0,0.0,1.0,401,Low-risk patients deviate more; no treatment-related deviation
2000,1027,0.5135,-0.9756280936175471,0.037676833713789756,0.3769555158392138,0.9069467848500646,-1.2436469361902518,1853.31905397819,92.6659526989095,0.013196069938453991,-0.5229578750976852,-0.02295787509768521,True,True,A_negative_selection,-1.0,0.0,1.0,402,Low-risk patients deviate more; no treatment-related deviation
2000,1008,0.504,-1.0208877564090793,0.03756462214272821,0.3602749617563181,1.0398737309407193,-1.323081368112684,1867.1545415497803,93.35772707748902,0.012928355144883948,-0.30891421111035866,0.19108578888964134,True,True,A_negative_selection,-1.0,0.0,1.0,403,Low-risk patients deviate more; no treatment-related deviation
2000,1030,0.515,-1.0103458334473134,0.037613551497873744,0.36409304224416633,1.011133331850893,-1.3092126515225393,1856.215696924414,92.8107848462207,0.013097954451705812,-0.5480520307372678,-0.048052030737267826,True,True,A_negative_selection,-1.0,0.0,1.0,404,Low-risk patients deviate more; no treatment-related deviation
2000,1003,0.5015,-0.9886197104690047,0.038018414461000974,0.3720899285653443,1.0176077685819966,-1.3115098366656066,1868.235886591469,93.41179432957344,0.012875828862557006,-0.5970248899304509,-0.09702488993045089,True,True,A_negative_selection,-1.0,0.0,1.0,405,Low-risk patients deviate more; no treatment-related deviation
2000,1047,0.5235,-1.0178297520828905,0.03762337329517295,0.36137837040232595,0.9810666473761759,-1.336512449957461,1852.9757904830979,92.64878952415489,0.01316568351829877,-0.4826567787724196,0.01734322122758042,True,True,A_negative_selection,-1.0,0.0,1.0,406,Low-risk patients deviate more; no treatment-related deviation
2000,1000,0.5,-1.057484893736619,0.03799348265842975,0.34732828022593365,0.9225548884904573,-1.2965813437972993,1870.5667886367935,93.52833943183967,0.012873828345350608,-0.39324539866435154,0.10675460133564846,True,True,A_negative_selection,-1.0,0.0,1.0,407,Low-risk patients deviate more; no treatment-related deviation
2000,1008,0.504,-0.9910099611423981,0.03888963586955313,0.3712016024470186,0.9829842044842372,-1.2425302666849691,1864.8021839938522,93.24010919969261,0.012976629398437722,-0.30822303054250344,0.19177696945749656,True,True,A_negative_selection,-1.0,0.0,1.0,408,Low-risk patients deviate more; no treatment-related deviation
2000,1018,0.509,-0.9854118005594894,0.03813327843239429,0.37328547611358337,0.9899176713348721,-1.262308345868594,1859.070144685685,92.95350723428425,0.013099175495943685,-0.6016143998703851,-0.10161439987038512,True,True,A_negative_selection,-1.0,0.0,1.0,409,Low-risk patients deviate more; no treatment-related deviation
2000,1031,0.5155,-0.9585971188505082,0.03650213270169152,0.3834304161444336,0.9795854800661701,-1.2755221926245854,1860.5573838100822,93.0278691905041,0.01303723370492663,-0.6854661209264219,-0.1854661209264219,True,True,A_negative_selection,-1.0,0.0,1.0,410,Low-risk patients deviate more; no treatment-related deviation
2000,1046,0.523,-0.9520722058540193,0.03649210710920531,0.3859404462086128,0.8788774986705926,-1.2342555549992649,1851.7213067575944,92.58606533787973,0.013196329007993824,-0.3583026791253193,0.14169732087468068,True,True,A_negative_selection,-1.0,0.0,1.0,411,Low-risk patients deviate more; no treatment-related deviation
2000,1030,0.515,-1.0288661554491232,0.03850760259940131,0.3574119805374646,0.9776085647354799,-1.3288025738171603,1855.948887058784,92.7974443529392,0.013191108270460179,-0.5748778245813054,-0.07487782458130543,True,True,A_negative_selection,-1.0,0.0,1.0,412,Low-risk patients deviate more; no treatment-related deviation
2000,1011,0.5055,-0.9691663370742943,0.038219894683702765,0.37939919734483785,0.8992987736384819,-1.247203161552186,1866.1789393228146,93.30894696614074,0.012925280831505456,-0.42241962333114225,0.07758037666885775,True,True,A_negative_selection,-1.0,0.0,1.0,413,Low-risk patients deviate more; no treatment-related deviation
2000,1028,0.514,-0.9822402739280537,0.038092151979210294,0.37447124028961193,0.938859468870127,-1.2609597817773512,1860.1777897904105,93.00888948952053,0.013044080194670854,-0.4906615939796503,0.009338406020349688,True,True,A_negative_selection,-1.0,0.0,1.0,414,Low-risk patients deviate more; no treatment-related deviation
2000,1041,0.5205,-1.0367286003363112,0.037549416462149515,0.35461286689646404,0.9519201286130488,-1.2981646195796621,1855.43089543791,92.77154477189549,0.013142673887079981,-0.4840320257509546,0.01596797424904539,True,True,A_negative_selection,-1.0,0.0,1.0,415,Low-risk patients deviate more; no treatment-related deviation
2000,1033,0.5165,-0.9918719106438013,0.03742216515431459,0.3708817832646627,0.9176439981160726,-1.2270053186145355,1859.611203738352,92.9805601869176,0.01305533683950654,-0.5143468254078738,-0.014346825407873798,True,True,A_negative_selection,-1.0,0.0,1.0,416,Low-risk patients deviate more; no treatment-related deviation
2000,990,0.495,-0.9286021821871167,0.03763905175051318,0.3951056102139502,0.8542472744676594,-1.1788238559438435,1873.239400898432,93.6619700449216,0.012826370148303495,-0.4720572045749875,0.02794279542501249,True,True,A_negative_selection,-1.0,0.0,1.0,417,Low-risk patients deviate more; no treatment-related deviation
2000,1006,0.503,-0.9674621504889802,0.037429092099200145,0.38004631561595403,0.9360836211029675,-1.2257349151458257,1865.5726190439384,93.27863095219692,0.012973149847131623,-0.6093337239432562,-0.10933372394325624,True,True,A_negative_selection,-1.0,0.0,1.0,418,Low-risk patients deviate more; no treatment-related deviation
2000,1001,0.5005,-1.0023651159439693,0.038949918613263024,0.3670103917461007,0.8551105670713612,-1.1929053302339314,1864.4554941653341,93.2227747082667,0.013008469626288346,-0.48546070577785544,0.014539294222144561,True,True,A_negative_selection,-1.0,0.0,1.0,419,Low-risk patients deviate more; no treatment-related deviation
2000,1036,0.518,-0.9626754439841364,0.03707701416800531,0.3818698466591959,0.8793045966790637,-1.2325481071416937,1854.4329585036246,92.72164792518123,0.013154235521438877,-0.49124751217115775,0.008752487828842248,True,True,A_negative_selection,-1.0,0.0,1.0,420,Low-risk patients deviate more; no treatment-related deviation
2000,1020,0.51,-1.0709948482607305,0.039582113166959726,0.3426674456771819,0.9901902418123341,-1.3280170177574622,1863.1878644946532,93.15939322473265,0.013004441707282845,-0.2903193393088453,0.2096806606911547,True,True,A_negative_selection,-1.0,0.0,1.0,421,Low-risk patients deviate more; no treatment-related deviation
2000,1015,0.5075,-0.9920198082544285,0.036555211299182065,0.3708269347911718,1.0492883363342358,-1.3739600238826348,1864.0660986912178,93.20330493456089,0.013009495607000236,-0.5250132366161927,-0.025013236616192702,True,True,A_negative_selection,-1.0,0.0,1.0,422,Low-risk patients deviate more; no treatment-related deviation
2000,978,0.489,-1.0494851617508265,0.03860850317195586,0.3501179568341613,0.9655480147110047,-1.2889731899746713,1883.7175898966186,94.18587949483094,0.012611913971698922,-0.3423309788093221,0.15766902119067788,True,True,A_negative_selection,-1.0,0.0,1.0,423,Low-risk patients deviate more; no treatment-related deviation
2000,1020,0.51,-0.9941346095210145,0.03736872096282327,0.3700435381758393,0.9375916636492481,-1.290395643530996,1862.6910300326315,93.13455150163158,0.01298521623777802,-0.46814679940048204,0.03185320059951796,True,True,A_negative_selection,-1.0,0.0,1.0,424,Low-risk patients deviate more; no treatment-related deviation
2000,1025,0.5125,-1.0030183459946902,0.03595629661915655,0.3667707278156482,1.0052137022634489,-1.344178376325534,1858.0420559884205,92.90210279942103,0.013101900030689185,-0.6060412100829049,-0.1060412100829049,True,True,A_negative_selection,-1.0,0.0,1.0,425,Low-risk patients deviate more; no treatment-related deviation
2000,996,0.498,-0.9848554004501295,0.03780267834477309,0.3734932299850941,0.9117484871082384,-1.2413022889461107,1878.1705565435448,93.90852782717724,0.012700609617937035,-0.23092236239025804,0.26907763760974196,True,True,A_negative_selection,-1.0,0.0,1.0,426,Low-risk patients deviate more; no treatment-related deviation
2000,1031,0.5155,-0.9386077410894029,0.0377574368671802,0.3911720692123312,0.8286730782883595,-1.2083997090856933,1852.028869214203,92.60144346071016,0.013174302369982694,-0.32277334703507976,0.17722665296492024,True,True,A_negative_selection,-1.0,0.0,1.0,427,Low-risk patients deviate more; no treatment-related deviation
2000,1012,0.506,-0.9832771936735321,0.03777557409928113,0.3740831449130948,0.8834863673118777,-1.2620586603778907,1863.0620128915384,93.15310064457691,0.013059991781595745,-0.5548430161329284,-0.05484301613292841,True,True,A_negative_selection,-1.0,0.0,1.0,428,Low-risk patients deviate more; no treatment-related deviation
2000,1036,0.518,-0.9672332133627755,0.03754314550637697,0.3801333322875692,0.924501495128225,-1.2461245594899608,1854.248597755755,92.71242988778776,0.013149745104461657,-0.46652948718086795,0.03347051281913205,True,True,A_negative_selection,-1.0,0.0,1.0,429,Low-risk patients deviate more; no treatment-related deviation
2000,1034,0.517,-1.0095016649822623,0.03810364893203988,0.36440052787535,0.9619604531445767,-1.2957940697959616,1855.90817748165,92.7954088740825,0.013145828784474217,-0.3521846264430818,0.1478153735569182,True,True,A_negative_selection,-1.0,0.0,1.0,430,Low-risk patients deviate more; no treatment-related deviation
2000,1055,0.5275,-1.0214647304634994,0.03783817255806588,0.3600671524069939,0.9647376750677084,-1.284265075010363,1848.4238396960545,92.42119198480273,0.01327995495848499,-0.8333725312208865,-0.3333725312208865,True,True,A_negative_selection,-1.0,0.0,1.0,431,Low-risk patients deviate more; no treatment-related deviation
2000,1007,0.5035,-1.0496733468541362,0.03858368567007446,0.35005207604936944,1.0231147292304792,-1.337090163530803,1865.2089323450864,93.26044661725432,0.012984272284032377,-0.5765869636664811,-0.0765869636664811,True,True,A_negative_selection,-1.0,0.0,1.0,432,Low-risk patients deviate more; no treatment-related deviation
2000,1023,0.5115,-1.0737200405708907,0.03889530250419065,0.34173488227374166,1.0064578455378668,-1.331126690835846,1860.9598144989093,93.04799072494546,0.013068428683880197,-0.3492310806229823,0.1507689193770177,True,True,A_negative_selection,-1.0,0.0,1.0,433,Low-risk patients deviate more; no treatment-related deviation
2000,1034,0.517,-1.0271984621776131,0.0371818922254242,0.35800853138622163,1.0242224001572329,-1.333692949975696,1859.1880370711444,92.95940185355722,0.013037918937002648,-0.36131085431436977,0.13868914568563023,True,True,A_negative_selection,-1.0,0.0,1.0,434,Low-risk patients deviate more; no treatment-related deviation
2000,1070,0.535,-0.9854886202363822,0.03748838575889455,0.37325680154531915,1.0137462953844998,-1.2977008069899647,1831.1891091083783,91.55945545541891,0.013576789035758789,-0.31279481323447145,0.18720518676552855,True,True,A_negative_selection,-1.0,0.0,1.0,435,Low-risk patients deviate more; no treatment-related deviation
2000,1061,0.5305,-0.9616931044768156,0.03702657448973203,0.3822451568070357,0.9742628801611835,-1.2622487792575,1838.0301378071617,91.90150689035808,0.01344987933881849,-0.19383817282026267,0.30616182717973733,True,True,A_negative_selection,-1.0,0.0,1.0,436,Low-risk patients deviate more; no treatment-related deviation
2000,1049,0.5245,-0.9620018850823779,0.037685808347469804,0.38212714513683865,0.9951789730670683,-1.2744851953500773,1849.7962974299016,92.48981487149508,0.013276521476622047,-0.5672620287254089,-0.06726202872540887,True,True,A_negative_selection,-1.0,0.0,1.0,437,Low-risk patients deviate more; no treatment-related deviation
2000,1020,0.51,-0.9863483819560327,0.037662811045300844,0.3729360275501116,0.9615180541929867,-1.2458180818646973,1861.9830290020022,93.09915145010011,0.013024330441691167,-0.528530589289654,-0.028530589289654018,True,True,A_negative_selection,-1.0,0.0,1.0,438,Low-risk patients deviate more; no treatment-related deviation
2000,1037,0.5185,-0.9799207345215885,0.036972267791301104,0.37534084924427713,0.9808434594963338,-1.2278092296873517,1860.5157650405497,93.02578825202748,0.012998952710167237,-0.6530297393217056,-0.1530297393217056,True,True,A_negative_selection,-1.0,0.0,1.0,439,Low-risk patients deviate more; no treatment-related deviation
2000,1043,0.5215,-0.9787087353705142,0.03699521613357347,0.3757960378232899,0.9424926207064258,-1.230149045419886,1852.4786983792917,92.6239349189646,0.013179691237402197,-0.5565542099765692,-0.056554209976569236,True,True,A_negative_selection,-1.0,0.0,1.0,440,Low-risk patients deviate more; no treatment-related deviation
2000,1014,0.507,-1.0628869291986762,0.03825874282676926,0.34545705929059606,1.0368800644344758,-1.3631100450842315,1870.0619836486605,93.50309918243303,0.012845622238119069,-0.3457486883798766,0.1542513116201234,True,True,A_negative_selection,-1.0,0.0,1.0,441,Low-risk patients deviate more; no treatment-related deviation
2000,1030,0.515,-0.9905347629377929,0.037859810781081644,0.37137803869982317,0.9747433051595072,-1.2670629798517032,1855.1239825895157,92.75619912947579,0.013174358479764184,-0.4884917752132339,0.011508224786766108,True,True,A_negative_selection,-1.0,0.0,1.0,442,Low-risk patients deviate more; no treatment-related deviation
2000,971,0.4855,-1.0312606339069221,0.03968590619112088,0.3565571890478264,0.9356165897587302,-1.2473078055081313,1872.0946753409428,93.60473376704715,0.01285102175717098,-0.52483002175049,-0.024830021750489983,True,True,A_negative_selection,-1.0,0.0,1.0,443,Low-risk patients deviate more; no treatment-related deviation
2000,1010,0.505,-1.0167190575288345,0.03872093281877357,0.3617799743786739,0.9727178674171019,-1.2955970231337726,1863.88234753288,93.194117376644,0.012994478729290585,-0.5331587659811836,-0.03315876598118361,True,True,A_negative_selection,-1.0,0.0,1.0,444,Low-risk patients deviate more; no treatment-related deviation
2000,1061,0.5305,-0.9718636908908689,0.03714709347851297,0.3783772024324586,1.0060404365500908,-1.2751087855361907,1843.8419028828164,92.19209514414082,0.013378254891039897,-0.5207373962187389,-0.020737396218738935,True,True,A_negative_selection,-1.0,0.0,1.0,445,Low-risk patients deviate more; no treatment-related deviation
2000,1022,0.511,-0.9571654010972824,0.0366495295649099,0.38397977344681555,0.9814700089098801,-1.2611926588223945,1862.6192932748193,93.13096466374095,0.01301928914879958,-0.688934539613636,-0.18893453961363604,True,True,A_negative_selection,-1.0,0.0,1.0,446,Low-risk patients deviate more; no treatment-related deviation
2000,989,0.4945,-1.0626810386466092,0.03879678651208089,0.34552819295787257,0.9515780008805507,-1.3322683062644725,1874.549950534413,93.72749752672064,0.012803986460103136,-0.5319280079443932,-0.03192800794439321,True,True,A_negative_selection,-1.0,0.0,1.0,447,Low-risk patients deviate more; no treatment-related deviation
2000,1009,0.5045,-0.9751901020345678,0.03837663352739196,0.37712065534452566,0.9068430780443768,-1.1927343782675692,1861.4094671781088,93.07047335890543,0.013055543027217524,-0.46095817664658195,0.03904182335341805,True,True,A_negative_selection,-1.0,0.0,1.0,448,Low-risk patients deviate more; no treatment-related deviation
2000,1022,0.511,-0.9532255433541025,0.037106529025010396,0.3854955832071052,0.9545516888116675,-1.2430058670035187,1861.7878663724423,93.08939331862211,0.012999935635364468,-0.5856719802409269,-0.08567198024092693,True,True,A_negative_selection,-1.0,0.0,1.0,449,Low-risk patients deviate more; no treatment-related deviation
2000,1036,0.518,-1.0204335647637843,0.03755074552398789,0.3604386328001535,0.9601055104144735,-1.2636304921460755,1848.877171462027,92.44385857310134,0.013276898702955963,-0.5233074583803329,-0.02330745838033288,True,True,A_negative_selection,-1.0,0.0,1.0,450,Low-risk patients deviate more; no treatment-related deviation
2000,993,0.4965,-1.0130013001551992,0.03889489446793082,0.3631274878580617,0.9768419718382043,-1.2728558132949659,1873.050501025111,93.65252505125555,0.012834923898582602,-0.4021269175822065,0.09787308241779352,True,True,A_negative_selection,-1.0,0.0,1.0,451,Low-risk patients deviate more; no treatment-related deviation
2000,1026,0.513,-1.0442277397252455,0.03930054265410677,0.3519635218981568,0.891886243661538,-1.2661984192002307,1855.9810903065309,92.79905451532655,0.013153253062692181,-0.32054210440723013,0.17945789559276987,True,True,A_negative_selection,-1.0,0.0,1.0,452,Low-risk patients deviate more; no treatment-related deviation
2000,997,0.4985,-1.001198126022628,0.039168867833388576,0.3674389391809292,0.9423911110217956,-1.2532583171433076,1868.0433207489655,93.40216603744827,0.012917930521725237,-0.5224220867502678,-0.0224220867502678,True,True,A_negative_selection,-1.0,0.0,1.0,453,Low-risk patients deviate more; no treatment-related deviation
2000,1024,0.512,-0.9899496940764918,0.03683586819192117,0.37159538400082154,0.9210449243040361,-1.2728869499450892,1859.8140851634312,92.99070425817156,0.01304878143215324,-0.4530192670099914,0.0469807329900086,True,True,A_negative_selection,-1.0,0.0,1.0,454,Low-risk patients deviate more; no treatment-related deviation
2000,1015,0.5075,-1.038800147715104,0.03785691800406166,0.3538790298930456,1.0391884274548184,-1.3437807074288937,1862.4816019334596,93.12408009667298,0.01300978391931915,-0.4468217509121657,0.053178249087834306,True,True,A_negative_selection,-1.0,0.0,1.0,455,Low-risk patients deviate more; no treatment-related deviation
2000,1034,0.517,-1.0341585140417013,0.038137548753974584,0.3555254247394565,1.0256179625700272,-1.3174423765834609,1853.652984244264,92.6826492122132,0.013179369740588297,-0.5373203936520758,-0.037320393652075845,True,True,A_negative_selection,-1.0,0.0,1.0,456,Low-risk patients deviate more; no treatment-related deviation
2000,1047,0.5235,-0.9754738553625293,0.03700333954077005,0.3770136612842069,0.8628790129705722,-1.25665721098823,1849.7407074062633,92.48703537031317,0.01323245499986849,-0.461863807925698,0.03813619207430202,True,True,A_negative_selection,-1.0,0.0,1.0,457,Low-risk patients deviate more; no treatment-related deviation
2000,997,0.4985,-1.058853771043617,0.03908602020373564,0.3468531556928411,1.0504921241027523,-1.3248765841556551,1876.5731993537356,93.82865996768678,0.012710448170825195,-0.3789753577909137,0.12102464220908632,True,True,A_negative_selection,-1.0,0.0,1.0,458,Low-risk patients deviate more; no treatment-related deviation
2000,1001,0.5005,-1.0499524145429564,0.03854657051737712,0.34995440145508516,0.8833440430187515,-1.289287152009675,1869.7974812915281,93.4898740645764,0.012914916091224343,-0.5111392677270998,-0.011139267727099833,True,True,A_negative_selection,-1.0,0.0,1.0,459,Low-risk patients deviate more; no treatment-related deviation
2000,1059,0.5295,-0.9887457671164666,0.03740245368348461,0.3720430271125771,0.9607701165606417,-1.2774719566509463,1841.3457480104798,92.06728740052398,0.013394642472241215,-0.6593597503172056,-0.15935975031720562,True,True,A_negative_selection,-1.0,0.0,1.0,460,Low-risk patients deviate more; no treatment-related deviation
2000,1023,0.5115,-1.003066530197306,0.03809633018172038,0.3667530556863477,0.9080865520098114,-1.2444082101013874,1859.7711724312774,92.98855862156387,0.013046442129469774,-0.3939432592324454,0.10605674076755461,True,True,A_negative_selection,-1.0,0.0,1.0,461,Low-risk patients deviate more; no treatment-related deviation
2000,1084,0.542,-0.9990898425129758,0.03641900285121207,0.3682144218185943,0.9653596392495094,-1.2855298961285606,1827.7319599988675,91.38659799994338,0.013646300950463305,-0.26173657281903173,0.23826342718096827,True,True,A_negative_selection,-1.0,0.0,1.0,462,Low-risk patients deviate more; no treatment-related deviation
2000,1043,0.5215,-0.9946654985901853,0.036795877393987104,0.36984713824420573,0.9354825565007183,-1.2753783403837875,1857.180011027487,92.85900055137434,0.01307527446868651,-0.5370608479732026,-0.03706084797320264,True,True,A_negative_selection,-1.0,0.0,1.0,463,Low-risk patients deviate more; no treatment-related deviation
2000,997,0.4985,-1.0636562379844825,0.0384790687773301,0.34519139834051876,1.028739078520417,-1.3756142114664065,1864.518047608528,93.2259023804264,0.012989137029391588,-0.5888891235901912,-0.08888912359019119,True,True,A_negative_selection,-1.0,0.0,1.0,464,Low-risk patients deviate more; no treatment-related deviation
2000,1000,0.5,-1.0264039701609062,0.03794013426103095,0.3582930793268869,0.954078467462607,-1.3149246656684848,1862.5144759179022,93.12572379589511,0.013007404212110744,-0.5488719801588464,-0.04887198015884642,True,True,A_negative_selection,-1.0,0.0,1.0,465,Low-risk patients deviate more; no treatment-related deviation
2000,1048,0.524,-0.9996723169652129,0.03702740885080251,0.36800000877606165,0.9489034153918254,-1.2885029568968118,1848.564878822638,92.42824394113191,0.013253071350414201,-0.41288159826967086,0.08711840173032914,True,True,A_negative_selection,-1.0,0.0,1.0,466,Low-risk patients deviate more; no treatment-related deviation
2000,1022,0.511,-0.9821891350571803,0.03876973000383806,0.37449039081567886,0.9590886158796414,-1.215547031426702,1858.3843983900506,92.91921991950254,0.013099736431591678,-0.5884753447449986,-0.08847534474499863,True,True,A_negative_selection,-1.0,0.0,1.0,467,Low-risk patients deviate more; no treatment-related deviation
2000,1045,0.5225,-0.987507660381043,0.03833131449066458,0.3725039413619526,0.9632107308556507,-1.2393325038950014,1857.6565627234547,92.88282813617275,0.013084674533057682,-0.2501295797444619,0.24987042025553807,True,True,A_negative_selection,-1.0,0.0,1.0,468,Low-risk patients deviate more; no treatment-related deviation
2000,1047,0.5235,-0.9858471894823303,0.03688065944026372,0.37312298712774516,0.9587271647020653,-1.2824049787419658,1853.0508620995295,92.65254310497647,0.013186630884196273,-0.5792722095479657,-0.07927220954796566,True,True,A_negative_selection,-1.0,0.0,1.0,469,Low-risk patients deviate more; no treatment-related deviation
2000,1039,0.5195,-0.9660852638484014,0.03639260381931818,0.3805699567252235,0.9319611178547894,-1.2900057962537186,1855.3018894142056,92.76509447071028,0.013144138744415113,-0.612591905895275,-0.11259190589527501,True,True,A_negative_selection,-1.0,0.0,1.0,470,Low-risk patients deviate more; no treatment-related deviation
2000,988,0.494,-1.0850857359383288,0.03842807653662055,0.33787281680989995,0.9608612955435678,-1.3291691627430118,1874.315889010691,93.71579445053455,0.012796005240568816,-0.7052216182667161,-0.20522161826671614,True,True,A_negative_selection,-1.0,0.0,1.0,471,Low-risk patients deviate more; no treatment-related deviation
2000,1063,0.5315,-1.0064804427210658,0.03744397018104278,0.36550312762291914,0.9847404480541332,-1.3036567005031745,1841.8298692703127,92.09149346351563,0.013334151214943107,-0.5363015094084249,-0.036301509408424915,True,True,A_negative_selection,-1.0,0.0,1.0,472,Low-risk patients deviate more; no treatment-related deviation
2000,1035,0.5175,-1.0003374141090826,0.03764984369102841,0.36775533439641556,0.9565918167470608,-1.2906065046906257,1857.9669734927465,92.89834867463732,0.013074049732494491,-0.41937154114275815,0.08062845885724185,True,True,A_negative_selection,-1.0,0.0,1.0,473,Low-risk patients deviate more; no treatment-related deviation
2000,1017,0.5085,-0.9585549409227808,0.03772004534187049,0.38344658878587606,0.9215603899838797,-1.2346543316042138,1860.3551258502507,93.01775629251254,0.013044857175939992,-0.5570326137410878,-0.05703261374108781,True,True,A_negative_selection,-1.0,0.0,1.0,474,Low-risk patients deviate more; no treatment-related deviation
2000,1036,0.518,-1.0180695038682397,0.036620084970466295,0.3612917396781858,1.0397501686570072,-1.326226689614848,1859.9301254808715,92.99650627404358,0.013003917817247036,-0.43196460728096925,0.06803539271903075,True,True,A_negative_selection,-1.0,0.0,1.0,475,Low-risk patients deviate more; no treatment-related deviation
2000,1038,0.519,-0.9987341506335532,0.038026561810766954,0.3683454159937226,0.9699911381093272,-1.2699134955096016,1852.6430231846334,92.63215115923167,0.013153683393656227,-0.4416364084763372,0.05836359152366277,True,True,A_negative_selection,-1.0,0.0,1.0,476,Low-risk patients deviate more; no treatment-related deviation
2000,1006,0.503,-0.9858590555554433,0.038908650044783964,0.37311855964936824,0.9297306349642915,-1.2290783151730327,1866.4585991567235,93.32292995783617,0.01296195486372972,-0.3297253385792049,0.17027466142079511,True,True,A_negative_selection,-1.0,0.0,1.0,477,Low-risk patients deviate more; no treatment-related deviation
2000,1017,0.5085,-0.966274856705323,0.03787845808567969,0.3804978102193166,0.9424069783899817,-1.2478924731850851,1864.5802162934358,93.22901081467178,0.012963148259717698,-0.7349686935685542,-0.2349686935685542,True,True,A_negative_selection,-1.0,0.0,1.0,478,Low-risk patients deviate more; no treatment-related deviation
2000,1015,0.5075,-1.0063687823820027,0.037663119683835775,0.3655439421047152,0.9459399087502449,-1.2964281502769714,1863.4656992898376,93.17328496449187,0.012973298600490847,-0.4787976892760148,0.021202310723985207,True,True,A_negative_selection,-1.0,0.0,1.0,479,Low-risk patients deviate more; no treatment-related deviation
2000,1020,0.51,-1.0037919584320287,0.037465389132985846,0.3664870991424383,1.0228445133468391,-1.3532776125706683,1864.9543403254706,93.24771701627353,0.012929871270736595,-0.4773406621251023,0.02265933787489771,True,True,A_negative_selection,-1.0,0.0,1.0,480,Low-risk patients deviate more; no treatment-related deviation
2000,1025,0.5125,-0.9724572961023745,0.037186424087054866,0.37815266240383877,0.9191876091583897,-1.2558081739656801,1858.4634920121011,92.92317460060505,0.013106779733478995,-0.5815151138459785,-0.08151511384597854,True,True,A_negative_selection,-1.0,0.0,1.0,481,Low-risk patients deviate more; no treatment-related deviation
2000,1053,0.5265,-0.9553727118135495,0.03653442623485873,0.3846687472453016,1.012851838217756,-1.299695231208296,1849.6319987675868,92.48159993837933,0.013216324575452233,-0.46397546193975203,0.03602453806024797,True,True,A_negative_selection,-1.0,0.0,1.0,482,Low-risk patients deviate more; no treatment-related deviation
2000,994,0.497,-0.9761912324872456,0.037973986062202966,0.3767432972959611,0.9802873400002655,-1.2619313921559148,1862.892242181692,93.1446121090846,0.01307024124486202,-0.6147911098006713,-0.11479110980067131,True,True,A_negative_selection,-1.0,0.0,1.0,483,Low-risk patients deviate more; no treatment-related deviation
2000,987,0.4935,-1.0822286394675344,0.04058000016759674,0.338839532384605,0.9860532643572775,-1.2494526886415558,1870.752485726786,93.5376242863393,0.012869950837376734,-0.5205941564913183,-0.02059415649131835,True,True,A_negative_selection,-1.0,0.0,1.0,484,Low-risk patients deviate more; no treatment-related deviation
2000,986,0.493,-1.0739190223455384,0.04073493558796854,0.34166689002524125,1.000446185477122,-1.276502307842527,1871.3836191333482,93.56918095666741,0.01285850061761647,-0.48195036783895534,0.01804963216104466,True,True,A_negative_selection,-1.0,0.0,1.0,485,Low-risk patients deviate more; no treatment-related deviation
2000,1037,0.5185,-0.9885668071350098,0.03736023103691837,0.37210961388381625,0.9504967512224164,-1.2855134020098362,1855.8268913429465,92.79134456714733,0.013121699020497339,-0.5990353282047556,-0.09903532820475558,True,True,A_negative_selection,-1.0,0.0,1.0,486,Low-risk patients deviate more; no treatment-related deviation
2000,1012,0.506,-1.022358226644866,0.037555918992495156,0.35974557746566743,0.9854575930830353,-1.2469238342567632,1863.1932012644456,93.15966006322229,0.013033811038928648,-0.29577293012978134,0.20422706987021866,True,True,A_negative_selection,-1.0,0.0,1.0,487,Low-risk patients deviate more; no treatment-related deviation
2000,1052,0.526,-1.0464361887721827,0.037436581534514575,0.35118708606872034,1.0122758016293272,-1.3968436197864234,1848.123334373659,92.40616671868294,0.013283064308656644,-0.4488450458110875,0.05115495418891253,True,True,A_negative_selection,-1.0,0.0,1.0,488,Low-risk patients deviate more; no treatment-related deviation
2000,1022,0.511,-1.0593832319154288,0.03922938367194034,0.34666955912652525,0.9233092797899887,-1.2846720768416622,1860.0084088667668,93.00042044333834,0.013039680981079714,-0.7589119049021127,-0.2589119049021127,True,True,A_negative_selection,-1.0,0.0,1.0,489,Low-risk patients deviate more; no treatment-related deviation
2000,1048,0.524,-0.9796461825220523,0.036795656387073356,0.375443913972611,0.9490700899232933,-1.289394452552931,1850.1717703023305,92.50858851511653,0.01323546540705351,-0.6213182455995608,-0.12131824559956084,True,True,A_negative_selection,-1.0,0.0,1.0,490,Low-risk patients deviate more; no treatment-related deviation
2000,1058,0.529,-0.9730779611965354,0.037020406477738015,0.37791802906791366,0.9237472253984307,-1.2967406225484144,1844.9527737697101,92.24763868848551,0.013303082530323942,-0.4151891367356811,0.08481086326431891,True,True,A_negative_selection,-1.0,0.0,1.0,491,Low-risk patients deviate more; no treatment-related deviation
2000,1055,0.5275,-0.9354271877987591,0.03574992338013881,0.3924181934560803,0.9232919118552574,-1.2157616814652938,1852.1658509165475,92.60829254582737,0.013204164894413024,-0.5157017681666082,-0.015701768166608177,True,True,A_negative_selection,-1.0,0.0,1.0,492,Low-risk patients deviate more; no treatment-related deviation
2000,1023,0.5115,-1.0293110527274218,0.038229776419975894,0.357253004286765,1.0076028945541669,-1.3103165209748868,1860.8616362549928,93.04308181274965,0.013070005162186335,-0.5966983286135591,-0.09669832861355909,True,True,A_negative_selection,-1.0,0.0,1.0,493,Low-risk patients deviate more; no treatment-related deviation
2000,1036,0.518,-0.996594491291369,0.037715585226077805,0.36913439347471905,0.9455003821226309,-1.289563429239745,1850.7200145215666,92.53600072607833,0.013240303057419727,-0.361496167240081,0.138503832759919,True,True,A_negative_selection,-1.0,0.0,1.0,494,Low-risk patients deviate more; no treatment-related deviation
2000,1031,0.5155,-0.9740940933326708,0.03743941157045299,0.37753420945250094,0.8186131056975141,-1.2308173377219076,1849.0666262083535,92.45333131041768,0.013260696233619144,-0.3427238818896812,0.15727611811031877,True,True,A_negative_selection,-1.0,0.0,1.0,495,Low-risk patients deviate more; no treatment-related deviation
2000,1021,0.5105,-0.9461479630792899,0.037973493561011665,0.3882336371114188,0.8963037438617577,-1.2059998178009632,1856.1117823123961,92.80558911561981,0.013167398044172041,-0.3295732945636667,0.17042670543633331,True,True,A_negative_selection,-1.0,0.0,1.0,496,Low-risk patients deviate more; no treatment-related deviation
2000,1038,0.519,-0.9974893519818281,0.03767726781242539,0.368804217369344,0.9092225466854612,-1.27600946598344,1856.234310821775,92.81171554108874,0.013101034268458838,-0.5163146335959758,-0.016314633595975847,True,True,A_negative_selection,-1.0,0.0,1.0,497,Low-risk patients deviate more; no treatment-related deviation
2000,991,0.4955,-0.991414216930772,0.03784156220595961,0.3710515723778809,0.9642184885191366,-1.2341826864927885,1874.7969935443127,93.73984967721563,0.012823668078267089,-0.3335222407867577,0.16647775921324232,True,True,A_negative_selection,-1.0,0.0,1.0,498,Low-risk patients deviate more; no treatment-related deviation
2000,1043,0.5215,-1.0164126881156783,0.03794650937841118,0.3618908296775853,0.9674543879687292,-1.2763162856980004,1855.1871220178868,92.75935610089434,0.013135177121031075,-0.4851811906678907,0.014818809332109273,True,True,A_negative_selection,-1.0,0.0,1.0,499,Low-risk patients deviate more; no treatment-related deviation
2000,1059,0.5295,-0.9673737869298125,0.037312331099795516,0.3800798993448175,0.9636352835096874,-1.231807199724401,1843.0155126584225,92.15077563292112,0.01341838296469608,-0.19364832135378207,0.30635167864621793,True,True,A_negative_selection,-1.0,0.0,1.0,500,Low-risk patients deviate more; no treatment-related deviation
2000,1259,0.6295,1.286580971048153,0.03778022132701635,3.620387162364125,0.9162505726069758,1.248687493106988,1764.2316731608933,88.21158365804466,0.014615836507002686,-0.7581146091313237,-0.25811460913132367,True,True,B_high_spd_treatment_related,1.5,1.5,1.0,1,High-risk and treatment-related deviation
2000,1298,0.649,1.3019440565600293,0.0384556033848707,3.6764369261610543,0.9841832467404181,1.2983615163809767,1741.0184597471994,87.05092298735997,0.014952800097073494,-1.0812489255898925,-0.5812489255898925,True,True,B_high_spd_treatment_related,1.5,1.5,1.0,2,High-risk and treatment-related deviation
2000,1332,0.666,1.2216968322473893,0.036238157881177825,3.3929401020175978,0.9580163006356055,1.2895432219630385,1722.685647536644,86.1342823768322,0.015305215549407373,-1.2911228772965773,-0.7911228772965773,True,True,B_high_spd_treatment_related,1.5,1.5,1.0,3,High-risk and treatment-related deviation
2000,1323,0.6615,1.2125471665051148,0.036024870007336576,3.3620374243741336,0.9511337846145913,1.3175399584526342,1733.8597040219322,86.69298520109662,0.015080506294026455,-0.7209226682750154,-0.2209226682750154,True,True,B_high_spd_treatment_related,1.5,1.5,1.0,4,High-risk and treatment-related deviation
2000,1291,0.6455,1.1383541761359148,0.03580993908652607,3.121626487666296,0.9804636461904417,1.2377537300143515,1752.9851799987175,87.64925899993588,0.014763209336293595,-0.6273006024295121,-0.12730060242951213,True,True,B_high_spd_treatment_related,1.5,1.5,1.0,5,High-risk and treatment-related deviation
2000,1278,0.639,1.2234844010098183,0.036891141590326255,3.399010639892211,0.8886944925513838,1.2305406481848167,1754.3387452209383,87.71693726104691,0.014765240740882778,-1.0100249009327429,-0.5100249009327429,True,True,B_high_spd_treatment_related,1.5,1.5,1.0,6,High-risk and treatment-related deviation
2000,1322,0.661,1.1811730991153169,0.03515994948908218,3.2581941465361752,0.9178671782287439,1.2542061397166198,1728.2419057230836,86.41209528615418,0.015172480060711077,-0.8156502640945167,-0.3156502640945167,True,True,B_high_spd_treatment_related,1.5,1.5,1.0,7,High-risk and treatment-related deviation
2000,1284,0.642,1.1961812144362969,0.03557269133616552,3.307462286212504,1.0115330303886694,1.30116666374092,1757.717814712478,87.8858907356239,0.014694631008019871,-0.8323342477610473,-0.33233424776104725,True,True,B_high_spd_treatment_related,1.5,1.5,1.0,8,High-risk and treatment-related deviation
2000,1281,0.6405,1.2917979698503501,0.03705536103672878,3.6393240718200524,1.055114526465697,1.3923930818762873,1762.5799111299118,88.1289955564956,0.014589812263908037,-1.0172155272774317,-0.5172155272774317,True,True,B_high_spd_treatment_related,1.5,1.5,1.0,9,High-risk and treatment-related deviation
2000,1323,0.6615,1.1879187584647095,0.03551937215395746,3.280247111613287,0.9389769352466393,1.3194616300038704,1733.9132413516013,86.69566206758006,0.015085568746372981,-0.6888422766805609,-0.18884227668056086,True,True,B_high_spd_treatment_related,1.5,1.5,1.0,10,High-risk and treatment-related deviation
2000,1269,0.6345,1.249164092544981,0.036971614374790844,3.487426572846763,0.9947194145674734,1.3293395693518442,1770.8916365894192,88.54458182947096,0.014419260131877484,-0.791065878849168,-0.291065878849168,True,True,B_high_spd_treatment_related,1.5,1.5,1.0,11,High-risk and treatment-related deviation
2000,1299,0.6495,1.2198600413059404,0.03686754852742489,3.3867137004229098,1.0200931581551476,1.3143289953594142,1745.4225360045016,87.27112680022508,0.01487668490020591,-0.7716208218168448,-0.27162082181684477,True,True,B_high_spd_treatment_related,1.5,1.5,1.0,12,High-risk and treatment-related deviation
2000,1289,0.6445,1.3006021098943876,0.0377084020689485,3.671506652708439,0.9650123316931365,1.2905101653593887,1754.2676065964272,87.71338032982136,0.014716997466698587,-0.7762824497150105,-0.2762824497150105,True,True,B_high_spd_treatment_related,1.5,1.5,1.0,13,High-risk and treatment-related deviation
2000,1297,0.6485,1.1985965454165506,0.036051254427713626,3.315460557686478,0.9913516187776178,1.3150443923634478,1746.875324524355,87.34376622621775,0.014848541734257757,-0.8837876665854875,-0.38378766658548746,True,True,B_high_spd_treatment_related,1.5,1.5,1.0,14,High-risk and treatment-related deviation
2000,1271,0.6355,1.2028719800582015,0.036563549726568875,3.329665938056762,0.9839432840536103,1.3041906433753492,1766.027265619216,88.3013632809608,0.014514540846092645,-0.80765713810562,-0.30765713810562,True,True,B_high_spd_treatment_related,1.5,1.5,1.0,15,High-risk and treatment-related deviation
2000,1293,0.6465,1.2135299519310374,0.036877047859279914,3.365343209929068,0.9494303194473105,1.3358482733033232,1751.147381260298,87.5573690630149,0.014777098461707425,-0.8107959233412515,-0.3107959233412515,True,True,B_high_spd_treatment_related,1.5,1.5,1.0,16,High-risk and treatment-related deviation
2000,1332,0.666,1.1561691399134748,0.03546114979302187,3.1777364651044535,0.8845105259321481,1.2681288972115474,1719.4052799271603,85.97026399635801,0.01542451235843192,-0.9179258224212822,-0.4179258224212822,True,True,B_high_spd_treatment_related,1.5,1.5,1.0,17,High-risk and treatment-related deviation
2000,1265,0.6325,1.267881547619558,0.03759802048159643,3.5533170503981983,0.9988404139282164,1.3022725181632655,1767.42673313398,88.371336656699,0.014458405487784648,-0.7092061468048734,-0.20920614680487337,True,True,B_high_spd_treatment_related,1.5,1.5,1.0,18,High-risk and treatment-related deviation
2000,1295,0.6475,1.1871965032354934,0.036864746270434096,3.2778787913526033,0.8832748216852528,1.1978418901688124,1745.9611983622653,87.29805991811327,0.014912198143490788,-0.9436342634986812,-0.4436342634986812,True,True,B_high_spd_treatment_related,1.5,1.5,1.0,19,High-risk and treatment-related deviation
2000,1299,0.6495,1.2340625974240573,0.03736808480921331,3.4351568860429755,1.0032345333222308,1.3020391181940878,1746.6540180669144,87.33270090334571,0.014875886669835905,-1.0324628703208087,-0.5324628703208087,True,True,B_high_spd_treatment_related,1.5,1.5,1.0,20,High-risk and treatment-related deviation
2000,1298,0.649,1.2434241799059143,0.03631680941704194,3.4674663886419093,1.0379857706968942,1.341842629143877,1748.0594459602703,87.40297229801351,0.014863033198235419,-0.7958955531571503,-0.2958955531571503,True,True,B_high_spd_treatment_related,1.5,1.5,1.0,21,High-risk and treatment-related deviation
2000,1271,0.6355,1.248235573631612,0.037216246159060815,3.484189934187533,0.9395415021107151,1.3146167553243382,1769.1422288603071,88.45711144301535,0.014472488663762545,-0.792637550933269,-0.29263755093326904,True,True,B_high_spd_treatment_related,1.5,1.5,1.0,22,High-risk and treatment-related deviation
2000,1246,0.623,1.2407869875754423,0.037720485868722196,3.4583340600218917,0.9911100852761803,1.3202195375449948,1782.7146777789173,89.13573388894586,0.014238846843940802,-1.133974538039536,-0.6339745380395361,True,True,B_high_spd_treatment_related,1.5,1.5,1.0,23,High-risk and treatment-related deviation
2000,1314,0.657,1.2213443591648574,0.03577400567135748,3.391744392701047,1.0924741980026833,1.4205821366900473,1737.3407502132268,86.86703751066133,0.015025205852940829,-0.6058160196596497,-0.10581601965964971,True,True,B_high_spd_treatment_related,1.5,1.5,1.0,24,High-risk and treatment-related deviation
2000,1283,0.6415,1.1309707568902267,0.035667449581163545,3.0986630890993547,0.9376069756511328,1.2521969471624181,1752.1883374800834,87.60941687400417,0.01478164612692279,-0.8525346159130662,-0.35253461591306623,True,True,B_high_spd_treatment_related,1.5,1.5,1.0,25,High-risk and treatment-related deviation
2000,1307,0.6535,1.154881188098568,0.034960083579974495,3.1736463281719693,1.000744191968966,1.303611410656641,1744.4434450474298,87.22217225237148,0.014888804862742844,-0.9353386433301153,-0.4353386433301153,True,True,B_high_spd_treatment_related,1.5,1.5,1.0,26,High-risk and treatment-related deviation
2000,1310,0.655,1.2478118365488249,0.03675947044768627,3.482713866463346,1.0376450012263263,1.3303390120638696,1737.8641541154525,86.89320770577262,0.014982530148588564,-0.43529658548949374,0.06470341451050626,True,True,B_high_spd_treatment_related,1.5,1.5,1.0,27,High-risk and treatment-related deviation
2000,1246,0.623,1.2350559137923047,0.03750343148585819,3.4385707788624877,0.9377940209073391,1.2395540649435812,1769.5843516295877,88.47921758147939,0.014490370152262481,-0.9004386765761715,-0.4004386765761715,True,True,B_high_spd_treatment_related,1.5,1.5,1.0,28,High-risk and treatment-related deviation
2000,1299,0.6495,1.1927651876097172,0.036345409897844086,3.2961831821441514,0.8588464658047044,1.2197220845074563,1743.552930738508,87.1776465369254,0.014955715461047858,-0.7545944090060547,-0.2545944090060547,True,True,B_high_spd_treatment_related,1.5,1.5,1.0,29,High-risk and treatment-related deviation
2000,1262,0.631,1.1759014185456151,0.036198352190497524,3.2410631819215343,0.9099151872289507,1.221461537229456,1769.4254756892644,88.47127378446322,0.014466437244976772,-0.8363303260479124,-0.33633032604791235,True,True,B_high_spd_treatment_related,1.5,1.5,1.0,30,High-risk and treatment-related deviation
2000,1323,0.6615,1.232833392564808,0.03662626606540851,3.430936968609214,0.976968386855758,1.2449103570472964,1730.8415037112504,86.54207518556252,0.01512518804636839,-0.85087980376321,-0.35087980376321004,True,True,B_high_spd_treatment_related,1.5,1.5,1.0,31,High-risk and treatment-related deviation
2000,1280,0.64,1.1946350014893052,0.03640545719837263,3.3023521968651193,0.9396950143946213,1.246201810464723,1757.3472975265688,87.86736487632844,0.014680785291839735,-0.6097095687061186,-0.10970956870611859,True,True,B_high_spd_treatment_related,1.5,1.5,1.0,32,High-risk and treatment-related deviation
2000,1289,0.6445,1.2681503724902066,0.03803432596232671,3.554272398799597,0.9625384913518952,1.2923155440386702,1753.0563737157163,87.6528186857858,0.014767160099463073,-0.8292072441197855,-0.3292072441197855,True,True,B_high_spd_treatment_related,1.5,1.5,1.0,33,High-risk and treatment-related deviation
2000,1274,0.637,1.2311914295123196,0.036653679385801136,3.4253081193172585,0.9081667464788911,1.2324286252614607,1761.0556426496266,88.05278213248133,0.01458605889892062,-0.5951084305452226,-0.09510843054522256,True,True,B_high_spd_treatment_related,1.5,1.5,1.0,34,High-risk and treatment-related deviation
2000,1283,0.6415,1.2216896065527876,0.036143147362398466,3.3929155857571924,0.9969309617050137,1.348579993315636,1758.3969055245657,87.91984527622829,0.014641059827082479,-0.8311484345817725,-0.33114843458177246,True,True,B_high_spd_treatment_related,1.5,1.5,1.0,35,High-risk and treatment-related deviation
2000,1279,0.6395,1.285634074549431,0.037240105069870924,3.6169606529669607,0.9918861159905592,1.2976828342104711,1753.2594736054239,87.6629736802712,0.014771191151484259,-0.5242305019139342,-0.024230501913934166,True,True,B_high_spd_treatment_related,1.5,1.5,1.0,36,High-risk and treatment-related deviation
2000,1321,0.6605,1.1993721477401935,0.03606635246932877,3.3180330340793422,0.9136134531817394,1.2747424612802778,1734.7782058321507,86.73891029160754,0.015088414944236319,-0.842779133888292,-0.34277913388829195,True,True,B_high_spd_treatment_related,1.5,1.5,1.0,37,High-risk and treatment-related deviation
2000,1296,0.648,1.2871682033880325,0.037451833357289126,3.622513795141408,0.9584772374762228,1.2817990536398263,1745.6187667660763,87.28093833830383,0.014928943388188889,-1.015116708648253,-0.5151167086482531,True,True,B_high_spd_treatment_related,1.5,1.5,1.0,38,High-risk and treatment-related deviation
2000,1279,0.6395,1.15684231632672,0.0361929209282406,3.1798763625236948,0.911993947781883,1.189611567865593,1754.0472244725981,87.70236122362991,0.014767692240211025,-0.7227471386021461,-0.22274713860214612,True,True,B_high_spd_treatment_related,1.5,1.5,1.0,39,High-risk and treatment-related deviation
2000,1278,0.639,1.23357471074451,0.037250691523019436,3.4334813275306963,0.9501905241396701,1.270474842713952,1755.8286397104955,87.79143198552478,0.014720770252140181,-0.7373710843698941,-0.23737108436989407,True,True,B_high_spd_treatment_related,1.5,1.5,1.0,40,High-risk and treatment-related deviation
2000,1275,0.6375,1.231178583492861,0.03682372819661603,3.4252641180251273,1.0262748804117257,1.3004212922307303,1762.894323111675,88.14471615558375,0.014576168285749588,-0.8677326194367061,-0.3677326194367061,True,True,B_high_spd_treatment_related,1.5,1.5,1.0,41,High-risk and treatment-related deviation
2000,1321,0.6605,1.1921890154938062,0.035666771467364564,3.294284560324665,1.0234246979645376,1.3153575207722197,1729.1595642497944,86.45797821248972,0.015175822802740187,-0.5939059478636005,-0.09390594786360051,True,True,B_high_spd_treatment_related,1.5,1.5,1.0,42,High-risk and treatment-related deviation
2000,1315,0.6575,1.2532757458233688,0.036425005826630934,3.501795180872693,1.0297174304472194,1.389480579028908,1738.6607305053726,86.93303652526863,0.015025364779225697,-0.8920533069837882,-0.39205330698378815,True,True,B_high_spd_treatment_related,1.5,1.5,1.0,43,High-risk and treatment-related deviation
2000,1266,0.633,1.2348945001614449,0.03691054033967491,3.4380157914605736,0.9898271122276922,1.2760713940784774,1765.7474289693969,88.28737144846984,0.014531579391525176,-0.551615177351496,-0.05161517735149601,True,True,B_high_spd_treatment_related,1.5,1.5,1.0,44,High-risk and treatment-related deviation
2000,1326,0.663,1.2882936508868765,0.03733116897520302,3.6265930392886636,1.055347768970932,1.3832538086058679,1728.182595074095,86.40912975370475,0.015199781511724802,-0.67171956941565,-0.17171956941565003,True,True,B_high_spd_treatment_related,1.5,1.5,1.0,45,High-risk and treatment-related deviation
2000,1268,0.634,1.2376713599502378,0.03685971270903314,3.447575946727327,0.9745149079031388,1.253933961367851,1763.5736006542536,88.17868003271268,0.014562099784021175,-0.800441960731132,-0.30044196073113205,True,True,B_high_spd_treatment_related,1.5,1.5,1.0,46,High-risk and treatment-related deviation
2000,1307,0.6535,1.2428308811223676,0.035971148692330514,3.465409755210924,1.0592071658088287,1.369644740593598,1742.7997871841305,87.13998935920652,0.014937368272545186,-0.5646388962416982,-0.06463889624169816,True,True,B_high_spd_treatment_related,1.5,1.5,1.0,47,High-risk and treatment-related deviation
2000,1277,0.6385,1.2193558421347248,0.036403119360650334,3.385006552589439,1.0547098685203202,1.3567948138128263,1763.6509919663888,88.18254959831944,0.014552652497912133,-1.2002752539595385,-0.7002752539595385,True,True,B_high_spd_treatment_related,1.5,1.5,1.0,48,High-risk and treatment-related deviation
2000,1331,0.6655,1.1554792567308152,0.035107375642646675,3.1755449541884353,1.0034360548348364,1.276480716924515,1731.2155383460106,86.56077691730053,0.01508660193427308,-0.765064734142415,-0.26506473414241505,True,True,B_high_spd_treatment_related,1.5,1.5,1.0,49,High-risk and treatment-related deviation
2000,1290,0.645,1.2016710025791244,0.03596024811074466,3.3256694845579857,0.9405730908756185,1.3110744896255218,1755.2370826692872,87.76185413346437,0.0147131443316653,-1.0045927046099403,-0.5045927046099403,True,True,B_high_spd_treatment_related,1.5,1.5,1.0,50,High-risk and treatment-related deviation
2000,1296,0.648,1.1837401977131876,0.03577749262180463,3.2665689970957184,1.0319710786869158,1.308834220466044,1748.7706554071226,87.43853277035613,0.014825018098678639,-0.7702355761173558,-0.2702355761173558,True,True,B_high_spd_treatment_related,1.5,1.5,1.0,51,High-risk and treatment-related deviation
2000,1274,0.637,1.1620559625994382,0.03489227401363281,3.1964984061449258,1.006434461604965,1.3011526415367194,1767.756677279452,88.3878338639726,0.014430008431023584,-0.4356604689116513,0.06433953108834872,True,True,B_high_spd_treatment_related,1.5,1.5,1.0,52,High-risk and treatment-related deviation
2000,1310,0.655,1.201314144993301,0.03523270455185812,3.324482905906868,1.014156817374247,1.3301025638031083,1735.2027876714383,86.76013938357193,0.015039145725841186,-0.42047797451270064,0.07952202548729936,True,True,B_high_spd_treatment_related,1.5,1.5,1.0,53,High-risk and treatment-related deviation
2000,1291,0.6455,1.1953905359099202,0.036840615051878585,3.304848180400849,0.9991972157942431,1.2903225911758673,1754.1454859673897,87.7072742983695,0.014703428582285863,-0.6899008215997486,-0.18990082159974864,True,True,B_high_spd_treatment_related,1.5,1.5,1.0,54,High-risk and treatment-related deviation
2000,1289,0.6445,1.141421708443508,0.03533728072246434,3.131216879667836,0.9417530359274798,1.2164726152736323,1753.7225492467433,87.68612746233715,0.014702135140923452,-1.209903128565462,-0.709903128565462,True,True,B_high_spd_treatment_related,1.5,1.5,1.0,55,High-risk and treatment-related deviation
2000,1315,0.6575,1.2118500887287564,0.03628524291782269,3.359694639448837,0.9291683660312077,1.3365055520012337,1737.8130690901585,86.89065345450791,0.014981917221091726,-0.7421034274656627,-0.2421034274656627,True,True,B_high_spd_treatment_related,1.5,1.5,1.0,56,High-risk and treatment-related deviation
2000,1291,0.6455,1.2085970942916164,0.03560732035688465,3.348783328315362,0.9164108450235385,1.284445739543976,1752.9810810819217,87.64905405409608,0.014739466120099897,-0.7417906629037428,-0.24179066290374285,True,True,B_high_spd_treatment_related,1.5,1.5,1.0,57,High-risk and treatment-related deviation
2000,1341,0.6705,1.2183340395452351,0.03610767713126199,3.381549510636559,0.9925893188866453,1.3263270147060877,1722.1631279057162,86.10815639528582,0.015300858836312724,-0.31234535594425694,0.18765464405574306,True,True,B_high_spd_treatment_related,1.5,1.5,1.0,58,High-risk and treatment-related deviation
2000,1340,0.67,1.2251041812364227,0.03660548934879591,3.404520751496904,0.9445890906219228,1.2484268182773774,1718.598976030583,85.92994880152914,0.0152945777261254,-1.0714305779410715,-0.5714305779410715,True,True,B_high_spd_treatment_related,1.5,1.5,1.0,59,High-risk and treatment-related deviation
2000,1304,0.652,1.2562367778264418,0.03686859684429152,3.512179474997875,1.0243975732393442,1.3546269093399053,1744.587835558122,87.2293917779061,0.0148663319282423,-0.6986305713628279,-0.1986305713628279,True,True,B_high_spd_treatment_related,1.5,1.5,1.0,60,High-risk and treatment-related deviation
2000,1292,0.646,1.1731257712606824,0.035342467977641755,3.232079607085507,0.9692408782206584,1.2753354258237755,1747.9156152705596,87.39578076352798,0.014849514022059007,-1.0387292072925332,-0.5387292072925332,True,True,B_high_spd_treatment_related,1.5,1.5,1.0,61,High-risk and treatment-related deviation
2000,1280,0.64,1.2306963251923744,0.03602044264626602,3.4236126542209218,1.0189636473934964,1.3562579902984637,1757.1122448801127,87.85561224400564,0.01469772487769754,-1.0582048728278135,-0.5582048728278135,True,True,B_high_spd_treatment_related,1.5,1.5,1.0,62,High-risk and treatment-related deviation
2000,1284,0.642,1.1940588589474235,0.03583885848751094,3.3004501192627558,0.9980684595775765,1.3084893035551108,1754.6182917142012,87.73091458571005,0.014724802102156225,-0.7032857363233025,-0.2032857363233025,True,True,B_high_spd_treatment_related,1.5,1.5,1.0,63,High-risk and treatment-related deviation
2000,1334,0.667,1.1977828266094146,0.036551358527141614,3.3127638024254105,0.9298150869336901,1.2681484568752737,1721.381886525348,86.0690943262674,0.015306990168334702,-1.171791022129642,-0.6717910221296419,True,True,B_high_spd_treatment_related,1.5,1.5,1.0,64,High-risk and treatment-related deviation
2000,1288,0.644,1.1859815489367442,0.03618875372786614,3.2738987367061063,0.9476651186007023,1.2812356550875654,1752.82519421923,87.6412597109615,0.01475453727650135,-0.9473945892655956,-0.4473945892655956,True,True,B_high_spd_treatment_related,1.5,1.5,1.0,65,High-risk and treatment-related deviation
2000,1314,0.657,1.1597882743305987,0.03484589131204189,3.189257956851688,1.0159082104604444,1.3853481101482596,1739.3539174409289,86.96769587204645,0.014958562465404357,-0.6947927007277755,-0.19479270072777555,True,True,B_high_spd_treatment_related,1.5,1.5,1.0,66,High-risk and treatment-related deviation
2000,1317,0.6585,1.2213776465760602,0.036046953410754895,3.3918572969704766,0.9858885913707652,1.3259552841789481,1731.6362739233648,86.58181369616824,0.015176682490883898,-0.7187264659409138,-0.21872646594091383,True,True,B_high_spd_treatment_related,1.5,1.5,1.0,67,High-risk and treatment-related deviation
2000,1276,0.638,1.207747482717034,0.03720279163193203,3.3459393715392274,0.9028415131644074,1.2531203973901135,1757.9151325715177,87.89575662857588,0.01469882778154873,-0.9867447796598323,-0.4867447796598323,True,True,B_high_spd_treatment_related,1.5,1.5,1.0,68,High-risk and treatment-related deviation
2000,1293,0.6465,1.251649989900046,0.03731615187581253,3.496106741874741,1.024433533945306,1.3715281429170905,1752.0561304188088,87.60280652094045,0.014797141842450937,-0.6843653760469608,-0.1843653760469608,True,True,B_high_spd_treatment_related,1.5,1.5,1.0,69,High-risk and treatment-related deviation
2000,1324,0.662,1.245935621269836,0.036176089778944875,3.4761856715592896,0.9886290463581401,1.3163971936865368,1728.488336343965,86.42441681719826,0.015198826561399117,-0.909024136863966,-0.409024136863966,True,True,B_high_spd_treatment_related,1.5,1.5,1.0,70,High-risk and treatment-related deviation
2000,1292,0.646,1.2168385009902603,0.037487249638415016,3.3764960527303085,0.8852365127813833,1.2527866460215333,1756.1544224086751,87.80772112043375,0.01465301642335759,-1.0848165062343027,-0.5848165062343027,True,True,B_high_spd_treatment_related,1.5,1.5,1.0,71,High-risk and treatment-related deviation
2000,1284,0.642,1.1585214993766444,0.03556538892402682,3.185220442601136,0.9679659434088667,1.259040115332996,1751.0513239862275,87.55256619931137,0.014814307758167305,-0.5574088020481903,-0.05740880204819032,True,True,B_high_spd_treatment_related,1.5,1.5,1.0,72,High-risk and treatment-related deviation
2000,1307,0.6535,1.2976895376029498,0.037456515906808784,3.6608286818933964,1.0301934260268129,1.3902694189689029,1740.4336633014152,87.02168316507075,0.014967255164525954,-0.7391453602033997,-0.23914536020339972,True,True,B_high_spd_treatment_related,1.5,1.5,1.0,73,High-risk and treatment-related deviation
2000,1303,0.6515,1.2374799879023681,0.036384421403943004,3.4469162401849247,0.981745707212099,1.357629866349637,1737.3688192913326,86.86844096456663,0.01505815101764138,-0.7208275813031398,-0.22082758130313984,True,True,B_high_spd_treatment_related,1.5,1.5,1.0,74,High-risk and treatment-related deviation
2000,1328,0.664,1.126918054048879,0.03539837401381419,3.0861305408939375,0.9819278058278545,1.2614170018657975,1728.970455422118,86.4485227711059,0.01520049295411855,-0.7401413473743305,-0.24014134737433046,True,True,B_high_spd_treatment_related,1.5,1.5,1.0,75,High-risk and treatment-related deviation
2000,1311,0.6555,1.1803560052047914,0.03615765079558407,3.255532983297928,0.9299368523405902,1.1810902520640203,1733.943161450179,86.69715807250896,0.015141209183812045,-1.3639412943571283,-0.8639412943571283,True,True,B_high_spd_treatment_related,1.5,1.5,1.0,76,High-risk and treatment-related deviation
2000,1294,0.647,1.1741288339480418,0.035393024483260344,3.235323212039542,1.0207217130959365,1.336504941737865,1753.0966551432562,87.65483275716281,0.014705401987721554,-1.3677313184880415,-0.8677313184880415,True,True,B_high_spd_treatment_related,1.5,1.5,1.0,77,High-risk and treatment-related deviation
2000,1322,0.661,1.1646289087297905,0.03558621663008424,3.2047334139223764,0.9134717732611389,1.173048203534357,1722.9919141433627,86.14959570716813,0.015342953949100735,-0.6718417002195555,-0.17184170021955547,True,True,B_high_spd_treatment_related,1.5,1.5,1.0,78,High-risk and treatment-related deviation
2000,1307,0.6535,1.168827634356005,0.03578233727958821,3.218217498408565,0.9788100132448811,1.292082495459446,1745.6020986629198,87.28010493314599,0.014890135819651606,-0.6912811668213964,-0.1912811668213964,True,True,B_high_spd_treatment_related,1.5,1.5,1.0,79,High-risk and treatment-related deviation
2000,1252,0.626,1.22460609332015,0.03683423574853791,3.4028254230962283,0.9864194358148555,1.2608391727308135,1777.4941631165068,88.87470815582535,0.01435304535891933,-1.1951122849447695,-0.6951122849447695,True,True,B_high_spd_treatment_related,1.5,1.5,1.0,80,High-risk and treatment-related deviation
2000,1309,0.6545,1.2253500968032918,0.03582536411146555,3.405358079099152,1.009639968200585,1.400400508475723,1743.0344057531795,87.15172028765897,0.014843753099073495,-0.6924937550910861,-0.19249375509108613,True,True,B_high_spd_treatment_related,1.5,1.5,1.0,81,High-risk and treatment-related deviation
2000,1327,0.6635,1.1570630259627086,0.03573066262016499,3.180578269334105,0.9150436916982292,1.2464770974383634,1728.5367000949668,86.42683500474834,0.015187587698836201,-0.601029509500531,-0.10102950950053102,True,True,B_high_spd_treatment_related,1.5,1.5,1.0,82,High-risk and treatment-related deviation
2000,1300,0.65,1.164959480211554,0.036072410038848965,3.205792982517605,0.9408838818891987,1.2434306749086976,1743.917540654476,87.1958770327238,0.014889548159663321,-0.5074946959719457,-0.007494695971945742,True,True,B_high_spd_treatment_related,1.5,1.5,1.0,83,High-risk and treatment-related deviation
2000,1306,0.653,1.22392527103278,0.03715406599027257,3.400509492166308,0.9823346530501601,1.2621560088388706,1739.811489082015,86.99057445410074,0.014991580958892164,-0.9098236355725772,-0.40982363557257717,True,True,B_high_spd_treatment_related,1.5,1.5,1.0,84,High-risk and treatment-related deviation
2000,1313,0.6565,1.1529522542282393,0.03586689472510493,3.1675304747118718,0.86910481601782,1.198439958594264,1737.1217752156442,86.85608876078221,0.015030075622101756,-0.5121433273147593,-0.012143327314759311,True,True,B_high_spd_treatment_related,1.5,1.5,1.0,85,High-risk and treatment-related deviation
2000,1305,0.6525,1.2572261903246127,0.03687941440791503,3.515656188934744,1.003222096967964,1.2782847966965094,1741.4201526879308,87.07100763439654,0.014964942844405261,-0.40532296755046876,0.09467703244953124,True,True,B_high_spd_treatment_related,1.5,1.5,1.0,86,High-risk and treatment-related deviation
2000,1336,0.668,1.1781122730889773,0.03595060019137904,3.2482366279836077,1.004253113191961,1.2966345545262237,1723.4707702966064,86.17353851483031,0.015240293307556295,-0.9145186443805365,-0.41451864438053654,True,True,B_high_spd_treatment_related,1.5,1.5,1.0,87,High-risk and treatment-related deviation
2000,1276,0.638,1.1882371800488565,0.036262550937779,3.2812917794085212,0.9507524218608638,1.220958889644802,1764.7416010120082,88.23708005060041,0.014537736889202095,-0.8320870151784073,-0.33208701517840733,True,True,B_high_spd_treatment_related,1.5,1.5,1.0,88,High-risk and treatment-related deviation
2000,1295,0.6475,1.1715654097628814,0.03645658881729752,3.227040327080471,0.9182483704846923,1.2546109340651994,1749.0531457452687,87.45265728726343,0.014818437202698478,-1.2207893342719576,-0.7207893342719576,True,True,B_high_spd_treatment_related,1.5,1.5,1.0,89,High-risk and treatment-related deviation
2000,1283,0.6415,1.2050765835961794,0.03674302793818436,3.337014628862572,0.9192906083134886,1.2368673627095905,1750.5315358236962,87.52657679118481,0.01482821845535886,-1.2214087523048376,-0.7214087523048376,True,True,B_high_spd_treatment_related,1.5,1.5,1.0,90,High-risk and treatment-related deviation
2000,1309,0.6545,1.1745584981397788,0.03628519961174582,3.236713613253867,0.9485825587241958,1.2479453124570532,1736.8852964018386,86.84426482009192,0.015075447596488675,-1.018990312850805,-0.5189903128508051,True,True,B_high_spd_treatment_related,1.5,1.5,1.0,91,High-risk and treatment-related deviation
2000,1308,0.654,1.207306110497051,0.03562469321097093,3.3444628927132207,0.9412394863809062,1.274073408306519,1737.0501114492004,86.85250557246002,0.015083898971214794,-0.5844900121624594,-0.08449001216245944,True,True,B_high_spd_treatment_related,1.5,1.5,1.0,92,High-risk and treatment-related deviation
2000,1295,0.6475,1.202284065344584,0.03604752303427031,3.327708953786639,1.055419203824198,1.3542718244615126,1749.5144571827725,87.47572285913863,0.014841095796004037,-0.7061076996678985,-0.20610769966789855,True,True,B_high_spd_treatment_related,1.5,1.5,1.0,93,High-risk and treatment-related deviation
2000,1295,0.6475,1.2405715359950347,0.036290132271766196,3.457589036744186,1.0188323629336706,1.3096420664555444,1751.2401123347988,87.56200561673994,0.014754041059573645,-1.0978231652034631,-0.5978231652034631,True,True,B_high_spd_treatment_related,1.5,1.5,1.0,94,High-risk and treatment-related deviation
2000,1336,0.668,1.184292599649276,0.03527799190970464,3.268373954619197,0.9568142244156196,1.316005226096887,1726.386969548499,86.31934847742495,0.01521771130035972,-0.648163860740236,-0.14816386074023602,True,True,B_high_spd_treatment_related,1.5,1.5,1.0,95,High-risk and treatment-related deviation
2000,1317,0.6585,1.1635260885163012,0.036383265311268544,3.2012011172367525,0.9603786017642175,1.2584521676385696,1735.3968265808091,86.76984132904046,0.015044452428574016,-0.7296982193302423,-0.22969821933024226,True,True,B_high_spd_treatment_related,1.5,1.5,1.0,96,High-risk and treatment-related deviation
2000,1316,0.658,1.197296516735378,0.03657040376305619,3.3111531643442835,0.9855649197511188,1.2442890033281473,1733.3868489334898,86.66934244667449,0.015081206861950108,-1.1010940175984518,-0.6010940175984518,True,True,B_high_spd_treatment_related,1.5,1.5,1.0,97,High-risk and treatment-related deviation
2000,1302,0.651,1.1611333759108111,0.03539587880562534,3.193550719222638,0.989387110376848,1.2962191856346421,1752.5351892067542,87.62675946033771,0.01473505695323237,-0.6543064351104172,-0.1543064351104172,True,True,B_high_spd_treatment_related,1.5,1.5,1.0,98,High-risk and treatment-related deviation
2000,1289,0.6445,1.2043144760822055,0.03741934629035303,3.334472433775708,0.9393845180384659,1.2164079735332318,1749.5041657958486,87.47520828979242,0.014847508629920262,-0.6772986651567028,-0.17729866515670278,True,True,B_high_spd_treatment_related,1.5,1.5,1.0,99,High-risk and treatment-related deviation
2000,1301,0.6505,1.20296942193016,0.0364739442856075,3.3299904027467293,0.9660382326442156,1.2985780287217705,1750.4057340214342,87.52028670107171,0.01481359543416267,-0.9224493519625373,-0.4224493519625373,True,True,B_high_spd_treatment_related,1.5,1.5,1.0,100,High-risk and treatment-related deviation
2000,1354,0.677,1.1786460873915947,0.03579682458173151,3.2499710460413076,0.9116485346282942,1.1985399125419802,1693.9775625191878,84.6988781259594,0.015926306849578232,-0.7144384950656739,-0.21443849506567392,True,True,B_high_spd_treatment_related,1.5,1.5,1.0,101,High-risk and treatment-related deviation
2000,1307,0.6535,1.1635479680514242,0.03597836984725357,3.2012711587952687,0.9307472803627456,1.23296853190516,1739.8102223749647,86.99051111874824,0.014993513258395036,-0.5164710832292423,-0.01647108322924229,True,True,B_high_spd_treatment_related,1.5,1.5,1.0,102,High-risk and treatment-related deviation
2000,1283,0.6415,1.2240798764718466,0.03670409457401471,3.4010352700724096,0.9875286304390201,1.294354372276689,1752.1734250164966,87.60867125082483,0.014766191025474745,-0.7292352183703278,-0.2292352183703278,True,True,B_high_spd_treatment_related,1.5,1.5,1.0,103,High-risk and treatment-related deviation
2000,1309,0.6545,1.2149069315050736,0.036855793417427465,3.3699804107214417,0.9598251747191349,1.2813635641334706,1738.6501379782076,86.93250689891038,0.014986434172340765,-0.6738514520920874,-0.1738514520920874,True,True,B_high_spd_treatment_related,1.5,1.5,1.0,104,High-risk and treatment-related deviation
2000,1294,0.647,1.2074765969355024,0.036398329321256716,3.3450331268875475,0.9406621945095544,1.2464085008039993,1751.25628638997,87.5628143194985,0.014745464159729783,-0.6652968770288131,-0.16529687702881313,True,True,B_high_spd_treatment_related,1.5,1.5,1.0,105,High-risk and treatment-related deviation
2000,1312,0.656,1.1999512318383942,0.03638210762046472,3.319955010686018,0.9464662530355782,1.3100392746119172,1742.617090946238,87.1308545473119,0.014923555134398005,-1.1137662761362341,-0.6137662761362341,True,True,B_high_spd_treatment_related,1.5,1.5,1.0,106,High-risk and treatment-related deviation
2000,1288,0.644,1.2178341324441622,0.036680303000502935,3.3798594724897932,0.9858304644771329,1.296476722848511,1758.0261741374322,87.90130870687162,0.014642450856794477,-0.7151719510969163,-0.21517195109691634,True,True,B_high_spd_treatment_related,1.5,1.5,1.0,107,High-risk and treatment-related deviation
2000,1339,0.6695,1.1826834464301426,0.035475784679136285,3.263118869401386,0.9616119368336298,1.2380611630292984,1721.2771346817385,86.06385673408693,0.01527659465122948,-0.7674629918384199,-0.26746299183841993,True,True,B_high_spd_treatment_related,1.5,1.5,1.0,108,High-risk and treatment-related deviation
2000,1291,0.6455,1.1952840965427267,0.036344799646549665,3.304496433172065,0.978447548308629,1.3099529687282279,1756.7199107249767,87.83599553624884,0.014667268290238606,-0.8410009017525162,-0.3410009017525162,True,True,B_high_spd_treatment_related,1.5,1.5,1.0,109,High-risk and treatment-related deviation
2000,1287,0.6435,1.2372509486420138,0.03586272018831187,3.4461268514427275,1.040234728481128,1.3402804296913646,1751.5637751914533,87.57818875957265,0.01481249212068443,-0.67177229020969,-0.17177229020968998,True,True,B_high_spd_treatment_related,1.5,1.5,1.0,110,High-risk and treatment-related deviation
2000,1265,0.6325,1.3320266676894381,0.038341781429626735,3.7887140763777754,0.976811562354112,1.312699609500744,1768.3550285329152,88.41775142664576,0.014449835742874157,-0.8278394392439489,-0.32783943924394887,True,True,B_high_spd_treatment_related,1.5,1.5,1.0,111,High-risk and treatment-related deviation
2000,1296,0.648,1.185918432080242,0.036631548351400436,3.273692105030378,0.9665174247572996,1.2689133734238607,1755.3186103010908,87.76593051505454,0.01466543314849949,-1.038017594394027,-0.5380175943940271,True,True,B_high_spd_treatment_related,1.5,1.5,1.0,112,High-risk and treatment-related deviation
2000,1289,0.6445,1.2892597476551786,0.03772992859790091,3.6300983720765667,1.026337068363148,1.370170132810067,1756.325336354795,87.81626681773974,0.01463845351610392,-0.7762886104829579,-0.27628861048295794,True,True,B_high_spd_treatment_related,1.5,1.5,1.0,113,High-risk and treatment-related deviation
2000,1314,0.657,1.1476867003022906,0.03474742443519258,3.1508955067806954,1.0280157443236864,1.2879200538620146,1739.107315855663,86.95536579278316,0.015014911198216695,-0.8564895376635411,-0.3564895376635411,True,True,B_high_spd_treatment_related,1.5,1.5,1.0,114,High-risk and treatment-related deviation
2000,1308,0.654,1.2244110333276943,0.037237768133038134,3.402161732726695,0.9442835185819969,1.2735979001074098,1742.941807262874,87.14709036314369,0.014921155390745799,-0.8716075131484932,-0.37160751314849316,True,True,B_high_spd_treatment_related,1.5,1.5,1.0,115,High-risk and treatment-related deviation
2000,1309,0.6545,1.179755455078352,0.035299706852574664,3.253578459506679,0.9148308440961207,1.3175818815306675,1741.3554666110344,87.06777333055172,0.01494863599702083,-0.4990402724144652,0.0009597275855348086,True,True,B_high_spd_treatment_related,1.5,1.5,1.0,116,High-risk and treatment-related deviation
2000,1297,0.6485,1.220062374380177,0.035676249501862406,3.3873990139459336,1.0218926243780277,1.3157696233411704,1742.126167823547,87.10630839117734,0.014985138205015729,-0.5947454275062771,-0.09474542750627712,True,True,B_high_spd_treatment_related,1.5,1.5,1.0,117,High-risk and treatment-related deviation
2000,1311,0.6555,1.1639987164120613,0.035800963233453206,3.202714451778587,0.8924204287512248,1.2175733298021125,1733.9285784186313,86.69642892093157,0.01511506382734653,-1.022030226412985,-0.522030226412985,True,True,B_high_spd_treatment_related,1.5,1.5,1.0,118,High-risk and treatment-related deviation
2000,1240,0.62,1.2502935740110086,0.037899038674271614,3.491367781867204,0.9353348988545871,1.3116817809589436,1784.9936016013642,89.24968008006822,0.0142081558862573,-0.9411845394597406,-0.44118453945974057,True,True,B_high_spd_treatment_related,1.5,1.5,1.0,119,High-risk and treatment-related deviation
2000,1248,0.624,1.1645532445264202,0.036028195118342356,3.2044909394950305,0.9795352526208521,1.2661525727294314,1774.656930390646,88.7328465195323,0.014383623669640196,-0.8383123907218335,-0.3383123907218335,True,True,B_high_spd_treatment_related,1.5,1.5,1.0,120,High-risk and treatment-related deviation
2000,1288,0.644,1.2596832840351555,0.037277271932927146,3.5243051068946185,0.954218858145329,1.2891171767524259,1743.0864510619012,87.15432255309506,0.014998354557603571,-0.5383031114671791,-0.03830311146717913,True,True,B_high_spd_treatment_related,1.5,1.5,1.0,121,High-risk and treatment-related deviation
2000,1337,0.6685,1.1767037526014594,0.035044076911874555,3.243664640769492,0.9394831595711581,1.3044550861003128,1712.6557240934346,85.63278620467173,0.015500160206293013,-0.864044328092152,-0.36404432809215204,True,True,B_high_spd_treatment_related,1.5,1.5,1.0,122,High-risk and treatment-related deviation
2000,1270,0.635,1.1895185709222396,0.03610368243896526,3.2854990917777105,0.9925155345519924,1.2903265577398402,1764.3142218953888,88.21571109476943,0.014552400979652833,-0.7888384632904386,-0.2888384632904386,True,True,B_high_spd_treatment_related,1.5,1.5,1.0,123,High-risk and treatment-related deviation
2000,1282,0.641,1.190747957664406,0.036632937516767584,3.289540724658441,0.9920513201802806,1.2784547526632342,1758.3967298240952,87.91983649120476,0.014614524428071195,-1.0730211071854645,-0.5730211071854645,True,True,B_high_spd_treatment_related,1.5,1.5,1.0,124,High-risk and treatment-related deviation
2000,1293,0.6465,1.1436273218835227,0.03564303216771485,3.13813075556719,1.0240949657993732,1.2908529793543222,1748.5636045872686,87.42818022936342,0.014851424162970469,-0.81427782061166,-0.31427782061166,True,True,B_high_spd_treatment_related,1.5,1.5,1.0,125,High-risk and treatment-related deviation
2000,1287,0.6435,1.2110455518727088,0.036609178666470885,3.356992728325616,0.93814937534536,1.2455995874523684,1756.3382393286695,87.81691196643347,0.014725440192847217,-0.6459682659444071,-0.14596826594440715,True,True,B_high_spd_treatment_related,1.5,1.5,1.0,126,High-risk and treatment-related deviation
2000,1303,0.6515,1.1954888393039595,0.036144557108781825,3.3051730741625858,0.9279963073321154,1.2491591406808855,1738.4763042047953,86.92381521023975,0.015052040221884267,-0.6326475561305418,-0.1326475561305418,True,True,B_high_spd_treatment_related,1.5,1.5,1.0,127,High-risk and treatment-related deviation
2000,1303,0.6515,1.2179288813342046,0.036061354882236336,3.3801797255948847,1.103047441942321,1.4093700657680441,1753.9349383230556,87.69674691615279,0.01472076011721854,-0.3042120480151551,0.1957879519848449,True,True,B_high_spd_treatment_related,1.5,1.5,1.0,128,High-risk and treatment-related deviation
2000,1280,0.64,1.1631370388193933,0.03583503553888457,3.1999559331473026,0.9763296920398072,1.3093215383665242,1760.4572599976998,88.02286299988499,0.014602268419764025,-0.4735445725988715,0.026455427401128495,True,True,B_high_spd_treatment_related,1.5,1.5,1.0,129,High-risk and treatment-related deviation
2000,1285,0.6425,1.2587437916274198,0.037829776502687644,3.520995603874054,0.9788888947539295,1.3190315967639434,1757.705028694377,87.88525143471885,0.014665677031332503,-0.8736754620995089,-0.37367546209950886,True,True,B_high_spd_treatment_related,1.5,1.5,1.0,130,High-risk and treatment-related deviation
2000,1279,0.6395,1.1856533324942422,0.036051491485441366,3.2728243656324034,0.9205621266651955,1.2840388315330429,1757.0010910353003,87.85005455176501,0.014689099670371158,-0.8219593765034167,-0.32195937650341666,True,True,B_high_spd_treatment_related,1.5,1.5,1.0,131,High-risk and treatment-related deviation
2000,1302,0.651,1.2202796630769313,0.03576909234292041,3.388135137435821,0.984520838619427,1.3179744148715493,1741.8776904145407,87.09388452072703,0.014929698174948026,-0.7445877582522228,-0.2445877582522228,True,True,B_high_spd_treatment_related,1.5,1.5,1.0,132,High-risk and treatment-related deviation
2000,1277,0.6385,1.2405328539038039,0.036449001828670634,3.457455292556397,0.963025833662487,1.2939880655297322,1753.7054845089046,87.68527422544523,0.014778945428200973,-0.8951042581561702,-0.39510425815617023,True,True,B_high_spd_treatment_related,1.5,1.5,1.0,133,High-risk and treatment-related deviation
2000,1292,0.646,1.2706363665332239,0.03660636386124549,3.5631192909145506,0.9861453502479232,1.3533519242772343,1747.904404963684,87.39522024818422,0.01482375302524426,-0.6171189509755143,-0.11711895097551428,True,True,B_high_spd_treatment_related,1.5,1.5,1.0,134,High-risk and treatment-related deviation
2000,1318,0.659,1.2428428057825054,0.03603717462883627,3.4654510792908804,0.9584642135778813,1.314178249529579,1735.8571303217473,86.79285651608737,0.0150094864598696,-1.2009770678765428,-0.7009770678765428,True,True,B_high_spd_treatment_related,1.5,1.5,1.0,135,High-risk and treatment-related deviation
2000,1333,0.6665,1.169003339001449,0.03635530551409426,3.2187830038525966,0.9073617666211364,1.2267997772387302,1708.2897337292577,85.41448668646288,0.015627436816426997,-0.7988083049683858,-0.29880830496838584,True,True,B_high_spd_treatment_related,1.5,1.5,1.0,136,High-risk and treatment-related deviation
2000,1290,0.645,1.2086840932703133,0.03608750532409014,3.349074681718343,0.918554927254301,1.232476914638744,1751.7439874620084,87.58719937310042,0.014757316599969995,-1.3954744490338866,-0.8954744490338866,True,True,B_high_spd_treatment_related,1.5,1.5,1.0,137,High-risk and treatment-related deviation
2000,1331,0.6655,1.1913309273312416,0.036418722674695606,3.2914589862085584,0.9465959088323902,1.273071239629043,1725.0871348975734,86.25435674487866,0.015240134754049606,-0.8412076334271256,-0.34120763342712557,True,True,B_high_spd_treatment_related,1.5,1.5,1.0,138,High-risk and treatment-related deviation
2000,1303,0.6515,1.1824490893260324,0.03606059561730239,3.2623542239163363,0.9682093353314604,1.2693323084749732,1741.801242522226,87.09006212611129,0.014990431294572015,-0.8187583987610171,-0.3187583987610171,True,True,B_high_spd_treatment_related,1.5,1.5,1.0,139,High-risk and treatment-related deviation
2000,1325,0.6625,1.2494633083906397,0.036770534734773604,3.488470222268366,1.0345469963854568,1.3407659700060268,1736.0694235733229,86.80347117866614,0.01504093959491124,-0.7695394262003747,-0.26953942620037474,True,True,B_high_spd_treatment_related,1.5,1.5,1.0,140,High-risk and treatment-related deviation
2000,1299,0.6495,1.2545150269384264,0.03700745825781064,3.506137579679805,1.0593174022957061,1.3586663296431174,1746.348707711348,87.31743538556739,0.014897600435189602,-0.5558115826454972,-0.05581158264549724,True,True,B_high_spd_treatment_related,1.5,1.5,1.0,141,High-risk and treatment-related deviation
2000,1284,0.642,1.188402540806118,0.03576090330405114,3.28183442116655,0.9777536832118175,1.2489814923983533,1756.5796246288335,87.82898123144167,0.014662069265128417,-0.697335675688733,-0.197335675688733,True,True,B_high_spd_treatment_related,1.5,1.5,1.0,142,High-risk and treatment-related deviation
2000,1285,0.6425,1.2322115847281463,0.03630114735443962,3.428804248254872,1.0337225482284893,1.3692836955518122,1763.7007851657859,88.1850392582893,0.01452182837043773,-0.45725207496365766,0.04274792503634234,True,True,B_high_spd_treatment_related,1.5,1.5,1.0,143,High-risk and treatment-related deviation
2000,1328,0.664,1.1874795289121975,0.03620864913250877,3.2788066465129035,0.8828898321181543,1.1991631780549505,1716.6499168099197,85.83249584049598,0.015441099058187135,-1.1789566975733023,-0.6789566975733023,True,True,B_high_spd_treatment_related,1.5,1.5,1.0,144,High-risk and treatment-related deviation
2000,1270,0.635,1.251557378975051,0.037279477704381614,3.495782979187707,1.0269514611584531,1.3140830124902099,1769.4567206309744,88.47283603154872,0.014394860607930821,-1.0330231113608503,-0.5330231113608503,True,True,B_high_spd_treatment_related,1.5,1.5,1.0,145,High-risk and treatment-related deviation
2000,1291,0.6455,1.2200505030437228,0.036307270352543636,3.387358801231224,0.9038976399617497,1.2709179456016428,1747.8669029165237,87.39334514582619,0.014885681489729454,-0.8779492885653061,-0.3779492885653061,True,True,B_high_spd_treatment_related,1.5,1.5,1.0,146,High-risk and treatment-related deviation
2000,1301,0.6505,1.2132696865348531,0.036109458329823846,3.3644674415162896,0.9751908924694537,1.244121579219317,1744.0083502928564,87.20041751464282,0.014921322928622874,-0.6841628216626677,-0.18416282166266773,True,True,B_high_spd_treatment_related,1.5,1.5,1.0,147,High-risk and treatment-related deviation
2000,1306,0.653,1.2487071237844265,0.03568715492685017,3.4858332919157764,1.0537165293186912,1.4585211136937901,1745.422331736526,87.27111658682631,0.014898071852711824,-0.8073812526408705,-0.30738125264087046,True,True,B_high_spd_treatment_related,1.5,1.5,1.0,148,High-risk and treatment-related deviation
2000,1279,0.6395,1.2207314094385289,0.03612279807238294,3.3896660609252818,0.9231325265714018,1.289976385121002,1762.9032226092042,88.14516113046021,0.01454167898145533,-0.7245818816911749,-0.22458188169117488,True,True,B_high_spd_treatment_related,1.5,1.5,1.0,149,High-risk and treatment-related deviation
2000,1314,0.657,1.1596203751085838,0.03623127782478712,3.18872252787224,0.8945285496420234,1.252572772492568,1732.3153878605044,86.61576939302523,0.015187199981896857,-0.2921008626782658,0.2078991373217342,True,True,B_high_spd_treatment_related,1.5,1.5,1.0,150,High-risk and treatment-related deviation
2000,1304,0.652,1.2311707358103916,0.03644284250438036,3.425237237745429,0.9560777357675574,1.2668584531554634,1748.1216085757244,87.40608042878623,0.014836193583410234,-0.6617087990724541,-0.16170879907245406,True,True,B_high_spd_treatment_related,1.5,1.5,1.0,151,High-risk and treatment-related deviation
2000,1304,0.652,1.2012293589366851,0.03550029016487516,3.324201048059966,0.979581556429851,1.305115438035483,1743.976516370282,87.19882581851411,0.014934720347592707,-1.3168258364590382,-0.8168258364590382,True,True,B_high_spd_treatment_related,1.5,1.5,1.0,152,High-risk and treatment-related deviation
2000,1307,0.6535,1.2471617697248305,0.03624712653944249,3.480450605436449,0.9709978994136065,1.3222903508264854,1736.275671938196,86.8137835969098,0.015032925332825828,-0.5907216763514136,-0.0907216763514136,True,True,B_high_spd_treatment_related,1.5,1.5,1.0,153,High-risk and treatment-related deviation
2000,1282,0.641,1.2790608869751428,0.03800137153239965,3.593263659859043,0.9668882882408308,1.2972154132938942,1761.4013173402502,88.07006586701252,0.014586130868960231,-0.9629492732344511,-0.4629492732344511,True,True,B_high_spd_treatment_related,1.5,1.5,1.0,154,High-risk and treatment-related deviation
2000,1279,0.6395,1.219440814298121,0.03641111749207939,3.385294196139997,0.9401139079444469,1.20581857834708,1757.0913098622989,87.85456549311495,0.014712179732004452,-1.4495600437493787,-0.9495600437493787,True,True,B_high_spd_treatment_related,1.5,1.5,1.0,155,High-risk and treatment-related deviation
2000,1289,0.6445,1.183303766513277,0.03481218717160403,3.265143675518752,0.946560331212571,1.2409087753463373,1750.7596317916327,87.53798158958165,0.014849526864853442,-0.6299107299486214,-0.1299107299486214,True,True,B_high_spd_treatment_related,1.5,1.5,1.0,156,High-risk and treatment-related deviation
2000,1317,0.6585,1.19432859677978,0.03540400705216837,3.30134049560242,0.9748185711062379,1.341570670434955,1739.0270698532254,86.95135349266127,0.01498656284830955,-1.147944490088033,-0.6479444900880329,True,True,B_high_spd_treatment_related,1.5,1.5,1.0,157,High-risk and treatment-related deviation
2000,1287,0.6435,1.218233116352123,0.03659361019109283,3.3812082510830703,1.0019196341122456,1.29778566997912,1752.8627512004118,87.64313756002059,0.014771669979130656,-0.6601626517396746,-0.1601626517396746,True,True,B_high_spd_treatment_related,1.5,1.5,1.0,158,High-risk and treatment-related deviation
2000,1282,0.641,1.23187088843816,0.035697681948542996,3.427636266343252,1.0278442654305127,1.3566954322779323,1763.8864675495415,88.19432337747708,0.014509674477403197,-0.6407439520159246,-0.1407439520159246,True,True,B_high_spd_treatment_related,1.5,1.5,1.0,159,High-risk and treatment-related deviation
2000,1318,0.659,1.2189319800792642,0.03609297061556359,3.383572080784871,0.954316692428914,1.2988032652731898,1729.8956405817396,86.49478202908699,0.015171095850048024,-0.8214722734510227,-0.3214722734510227,True,True,B_high_spd_treatment_related,1.5,1.5,1.0,160,High-risk and treatment-related deviation
2000,1319,0.6595,1.1684572390837857,0.03533986206079849,3.217025706592834,0.9719291956348834,1.2529360954794473,1731.4405871067381,86.57202935533691,0.015145076750413449,-0.7403566474128315,-0.24035664741283147,True,True,B_high_spd_treatment_related,1.5,1.5,1.0,161,High-risk and treatment-related deviation
2000,1275,0.6375,1.246303406611345,0.037570232771435334,3.4774643968274432,0.9390622932359014,1.2802964707238762,1761.0295349666023,88.05147674833012,0.014630007291651771,-0.971417511227606,-0.471417511227606,True,True,B_high_spd_treatment_related,1.5,1.5,1.0,162,High-risk and treatment-related deviation
2000,1345,0.6725,1.2147725465402088,0.03569102348652862,3.3695275664507642,0.9661940771829902,1.3132159234092036,1715.8948081631472,85.79474040815737,0.015367340439962388,-0.4327924374034096,0.06720756259659039,True,True,B_high_spd_treatment_related,1.5,1.5,1.0,163,High-risk and treatment-related deviation
2000,1307,0.6535,1.1046223521421634,0.03440778908541235,3.0180844804242297,0.9255501191037954,1.194770032834814,1735.184372016853,86.75921860084264,0.015086534202027971,-0.7889390782517997,-0.28893907825179965,True,True,B_high_spd_treatment_related,1.5,1.5,1.0,164,High-risk and treatment-related deviation
2000,1288,0.644,1.2129899217602933,0.036442317875654884,3.363526313694345,0.9637214393563006,1.3633388363070365,1758.1569504200404,87.90784752100203,0.014686123144210198,-0.5930968920539127,-0.0930968920539127,True,True,B_high_spd_treatment_related,1.5,1.5,1.0,165,High-risk and treatment-related deviation
2000,1300,0.65,1.1751224326967977,0.0358411039527358,3.2385394226816833,0.9365816012752037,1.189338557780728,1739.2896425979877,86.9644821298994,0.015009463114008586,-0.5415038446365699,-0.041503844636569864,True,True,B_high_spd_treatment_related,1.5,1.5,1.0,166,High-risk and treatment-related deviation
2000,1278,0.639,1.2680787476142696,0.03699547908405084,3.5540178335966965,0.9898856289679544,1.3525721121727998,1757.1300307825682,87.85650153912842,0.01469703280969485,-0.7825759649699368,-0.28257596496993675,True,True,B_high_spd_treatment_related,1.5,1.5,1.0,167,High-risk and treatment-related deviation
2000,1301,0.6505,1.216779543429798,0.03574184171849198,3.376296988628354,0.9446638636747754,1.2828846450299642,1737.999820227374,86.8999910113687,0.015044134341315057,-0.9156454002088317,-0.4156454002088317,True,True,B_high_spd_treatment_related,1.5,1.5,1.0,168,High-risk and treatment-related deviation
2000,1295,0.6475,1.1991830369683862,0.03667229498677519,3.317405617618861,0.9696675798795994,1.2609302033738146,1749.0468007049271,87.45234003524635,0.014862900809934488,-0.7345415238002109,-0.23454152380021087,True,True,B_high_spd_treatment_related,1.5,1.5,1.0,169,High-risk and treatment-related deviation
2000,1301,0.6505,1.2744032015186555,0.03761769613628478,3.576566283718309,0.9905609094104652,1.3421451555189126,1746.5365184223058,87.32682592111529,0.014841702076955014,-0.5353815387962187,-0.03538153879621875,True,True,B_high_spd_treatment_related,1.5,1.5,1.0,170,High-risk and treatment-related deviation
2000,1266,0.633,1.1542340262763056,0.03613015835046581,3.171593129878447,0.8918359406833105,1.2297907303835574,1768.1174024949887,88.40587012474943,0.014450807937585117,-0.7629937533217259,-0.2629937533217259,True,True,B_high_spd_treatment_related,1.5,1.5,1.0,171,High-risk and treatment-related deviation
2000,1318,0.659,1.2578559275973589,0.03700904823222836,3.517870825921617,0.9424155702757931,1.295782496042264,1731.9914533288893,86.59957266644447,0.015165315564425099,-1.0176922551727643,-0.5176922551727643,True,True,B_high_spd_treatment_related,1.5,1.5,1.0,172,High-risk and treatment-related deviation
2000,1282,0.641,1.2622185323407233,0.0368986495364039,3.533251431230121,0.9571825710926345,1.3076216619746337,1755.4220512858928,87.77110256429465,0.01467889037510402,-0.779702265812868,-0.27970226581286795,True,True,B_high_spd_treatment_related,1.5,1.5,1.0,173,High-risk and treatment-related deviation
2000,1331,0.6655,1.2710318061435153,0.036709817225337796,3.5645285680420065,0.952007281779074,1.2786092126022515,1722.630180467775,86.13150902338876,0.015283211125172995,-0.9605909251880486,-0.46059092518804856,True,True,B_high_spd_treatment_related,1.5,1.5,1.0,174,High-risk and treatment-related deviation
2000,1304,0.652,1.1740220233960283,0.03540528460782291,3.234977663835748,0.9660723855733563,1.2665409661706282,1743.5481811941404,87.17740905970702,0.014892659987168598,-0.9036325230422256,-0.40363252304222563,True,True,B_high_spd_treatment_related,1.5,1.5,1.0,175,High-risk and treatment-related deviation
2000,1319,0.6595,1.1516935345059318,0.03593055903092173,3.163545949858432,0.9976748340656405,1.280358106085441,1732.8768707900367,86.64384353950183,0.015115445578930586,-0.7087798422355238,-0.20877984223552382,True,True,B_high_spd_treatment_related,1.5,1.5,1.0,176,High-risk and treatment-related deviation
2000,1263,0.6315,1.1839277763008538,0.036103461418997645,3.267181792966603,0.9057847026918404,1.1959114178681,1764.6094381498733,88.23047190749365,0.014515111178222679,-1.0703237164242272,-0.5703237164242272,True,True,B_high_spd_treatment_related,1.5,1.5,1.0,177,High-risk and treatment-related deviation
2000,1285,0.6425,1.2435098062273036,0.03695448641043297,3.467763307745174,0.9467945018121997,1.2715670262777456,1745.3288274078716,87.26644137039358,0.014950725014396064,-0.9453453971345835,-0.44534539713458354,True,True,B_high_spd_treatment_related,1.5,1.5,1.0,178,High-risk and treatment-related deviation
2000,1301,0.6505,1.1952386620306055,0.03628825372875251,3.304346298399494,0.9379386959422001,1.244390285084683,1742.234448144357,87.11172240721785,0.014927342254610567,-0.7931548488185005,-0.2931548488185005,True,True,B_high_spd_treatment_related,1.5,1.5,1.0,179,High-risk and treatment-related deviation
2000,1296,0.648,1.2889109222069797,0.036570705335361636,3.628832322212964,1.0395462814134617,1.3762653269519718,1746.664565793663,87.33322828968316,0.0148591263432538,-0.6202627823538608,-0.12026278235386079,True,True,B_high_spd_treatment_related,1.5,1.5,1.0,180,High-risk and treatment-related deviation
2000,1309,0.6545,1.1412407241518794,0.03586376340559654,3.130650229877836,0.9468278985270336,1.2350129945334398,1742.79314655306,87.139657327653,0.014915462748113496,-0.9344185021029742,-0.43441850210297417,True,True,B_high_spd_treatment_related,1.5,1.5,1.0,181,High-risk and treatment-related deviation
2000,1324,0.662,1.1820214176100434,0.03664206464832158,3.2609593055920483,0.9482246730126276,1.3148534473337943,1730.9799879561335,86.54899939780668,0.01513263530685256,-1.106164903761497,-0.6061649037614969,True,True,B_high_spd_treatment_related,1.5,1.5,1.0,182,High-risk and treatment-related deviation
2000,1273,0.6365,1.2140165649191628,0.03613575188139809,3.366981228152668,1.0308906206108945,1.3328114239473614,1753.599084337289,87.67995421686446,0.014745200273410275,-0.5881555112337952,-0.08815551123379517,True,True,B_high_spd_treatment_related,1.5,1.5,1.0,183,High-risk and treatment-related deviation
2000,1308,0.654,1.1669949819158931,0.03617362133972965,3.2123250253340876,0.9160760089163102,1.245874910341631,1732.1709592056657,86.60854796028327,0.01519121907195995,-0.8374306739461137,-0.3374306739461137,True,True,B_high_spd_treatment_related,1.5,1.5,1.0,184,High-risk and treatment-related deviation
2000,1303,0.6515,1.245045810492848,0.036304657024369844,3.47309389983582,0.9294319191308629,1.3248256340091233,1745.0810152780684,87.25405076390342,0.014846698860259069,-0.3454015372581346,0.1545984627418654,True,True,B_high_spd_treatment_related,1.5,1.5,1.0,185,High-risk and treatment-related deviation
2000,1291,0.6455,1.3177849143027094,0.03753721124350561,3.735138555076348,1.0393930584891313,1.3984619940906264,1747.6263678334626,87.38131839167313,0.014905230642560795,-0.8808697243425646,-0.3808697243425646,True,True,B_high_spd_treatment_related,1.5,1.5,1.0,186,High-risk and treatment-related deviation
2000,1335,0.6675,1.1753993689136584,0.03512677534660554,3.2394364157367534,0.9401013024701751,1.334315800215659,1725.483133815508,86.2741566907754,0.015233940119519285,-0.7108511038669757,-0.2108511038669757,True,True,B_high_spd_treatment_related,1.5,1.5,1.0,187,High-risk and treatment-related deviation
2000,1261,0.6305,1.2284617845463253,0.03709088477019813,3.4159709935690787,1.0065508849806832,1.270395886509223,1767.8346304700544,88.39173152350271,0.014518591045806098,-0.6779157881655148,-0.1779157881655148,True,True,B_high_spd_treatment_related,1.5,1.5,1.0,188,High-risk and treatment-related deviation
2000,1326,0.663,1.2119443452187264,0.03529610364598647,3.3600113273976353,0.9806105438033873,1.301236230429334,1722.9463672562806,86.14731836281402,0.015318389005142905,-0.9176087483082255,-0.4176087483082255,True,True,B_high_spd_treatment_related,1.5,1.5,1.0,189,High-risk and treatment-related deviation
2000,1300,0.65,1.268320693541249,0.03733341766408857,3.5548778177665854,0.9470987932609364,1.287183558968487,1746.3744241210825,87.31872120605412,0.01486097786235353,-0.9902816951510082,-0.49028169515100817,True,True,B_high_spd_treatment_related,1.5,1.5,1.0,190,High-risk and treatment-related deviation
2000,1300,0.65,1.1882883598078053,0.035496555500772416,3.2814597194283603,1.066671111941853,1.382218640918253,1748.9227542554304,87.44613771277153,0.014841610936325099,-1.0211899991626328,-0.5211899991626328,True,True,B_high_spd_treatment_related,1.5,1.5,1.0,191,High-risk and treatment-related deviation
2000,1279,0.6395,1.2187421966212828,0.036863459125969035,3.3829299957055405,1.0065577090243327,1.3547458341450844,1759.5195272579178,87.97597636289589,0.014665770826704673,-0.8763496137461851,-0.37634961374618514,True,True,B_high_spd_treatment_related,1.5,1.5,1.0,192,High-risk and treatment-related deviation
2000,1254,0.627,1.2414222857938013,0.03753843666395873,3.4605318315349582,0.9557245478582788,1.3019205865509098,1779.214009618407,88.96070048092035,0.014311756370220212,-0.9204554740428926,-0.42045547404289263,True,True,B_high_spd_treatment_related,1.5,1.5,1.0,193,High-risk and treatment-related deviation
2000,1303,0.6515,1.1384840272293302,0.03541000172437883,3.1220318605974433,0.9246373312307266,1.2417523165965738,1742.4914010612324,87.12457005306162,0.014962558039392941,-0.5307194968133556,-0.030719496813355618,True,True,B_high_spd_treatment_related,1.5,1.5,1.0,194,High-risk and treatment-related deviation
2000,1285,0.6425,1.2592150669147353,0.036174459850373805,3.5226553531575973,0.9669305499703019,1.341833386481769,1757.074296013218,87.8537148006609,0.01469882956373471,-0.604998102727905,-0.104998102727905,True,True,B_high_spd_treatment_related,1.5,1.5,1.0,195,High-risk and treatment-related deviation
2000,1306,0.653,1.2843414580498256,0.03692818856317061,3.612288330359724,1.1138473985560198,1.421402229478046,1744.6886789600971,87.23443394800485,0.014888749647148867,-0.807292547710515,-0.30729254771051495,True,True,B_high_spd_treatment_related,1.5,1.5,1.0,196,High-risk and treatment-related deviation
2000,1288,0.644,1.249398347154014,0.037118553718442554,3.4882436142892423,0.9800402031662605,1.290121687482858,1753.25567126603,87.6627835633015,0.014767495707372376,-0.912852897801622,-0.41285289780162204,True,True,B_high_spd_treatment_related,1.5,1.5,1.0,197,High-risk and treatment-related deviation
2000,1293,0.6465,1.1910954398225342,0.03585478289467536,3.290683979987607,0.9274661961207604,1.2874662688971379,1750.6884411415094,87.53442205707547,0.014825524899824603,-1.1445731150816516,-0.6445731150816516,True,True,B_high_spd_treatment_related,1.5,1.5,1.0,198,High-risk and treatment-related deviation
2000,1303,0.6515,1.1480065056579993,0.035079362863861034,3.1519033411858732,0.9553892810097807,1.2668561448601765,1740.8125342063515,87.04062671031758,0.014983390773824741,-0.8469463501779524,-0.3469463501779524,True,True,B_high_spd_treatment_related,1.5,1.5,1.0,199,High-risk and treatment-related deviation
2000,1314,0.657,1.2813262494648576,0.036665673026539974,3.6014129316119354,0.9952956854781033,1.3920819462763792,1739.7619616168784,86.98809808084393,0.014995966091053251,-1.0847141143400392,-0.5847141143400392,True,True,B_high_spd_treatment_related,1.5,1.5,1.0,200,High-risk and treatment-related deviation
2000,1306,0.653,1.2303008288811286,0.03599873376762175,3.4222588957659266,1.0080190136984215,1.3725190288092213,1746.9749228081855,87.34874614040928,0.014823362624587848,-0.7809223916310358,-0.28092239163103583,True,True,B_high_spd_treatment_related,1.5,1.5,1.0,201,High-risk and treatment-related deviation
2000,1355,0.6775,1.1578498584165662,0.035098405068172515,3.1830818363531774,0.9209835481070197,1.237425714509286,1700.9161967426885,85.04580983713443,0.015771250371329034,-0.9848409264886899,-0.4848409264886899,True,True,B_high_spd_treatment_related,1.5,1.5,1.0,202,High-risk and treatment-related deviation
2000,1248,0.624,1.2519371915194855,0.036749771690781086,3.497110973594326,1.0061555174890577,1.400377605988199,1783.2209333157334,89.16104666578669,0.014164832703102894,-0.5071322637296451,-0.00713226372964515,True,True,B_high_spd_treatment_related,1.5,1.5,1.0,203,High-risk and treatment-related deviation
2000,1278,0.639,1.213191410826164,0.036540136578549556,3.3642040957498667,0.9325730366571856,1.2726344450684846,1761.8031412092482,88.09015706046242,0.014568643693749928,-0.7070993167682477,-0.20709931676824767,True,True,B_high_spd_treatment_related,1.5,1.5,1.0,204,High-risk and treatment-related deviation
2000,1275,0.6375,1.186927545811424,0.03767393631557172,3.276997300063596,0.9139379082816359,1.2067751178558785,1758.3694535322304,87.91847267661151,0.014697839248654858,-0.7136396921772413,-0.21363969217724132,True,True,B_high_spd_treatment_related,1.5,1.5,1.0,205,High-risk and treatment-related deviation
2000,1311,0.6555,1.1699173321052132,0.03613316124405745,3.221726294189269,0.9527826992576409,1.1905230672970535,1729.540446854256,86.47702234271281,0.015194629727135206,-0.7854181617928632,-0.28541816179286317,True,True,B_high_spd_treatment_related,1.5,1.5,1.0,206,High-risk and treatment-related deviation
2000,1321,0.6605,1.0943002265206703,0.03475175144213912,2.9870916643318233,0.8696658522923341,1.2355963456402446,1727.7725542013852,86.38862771006927,0.015237140779198044,-0.8574367549995912,-0.35743675499959116,True,True,B_high_spd_treatment_related,1.5,1.5,1.0,207,High-risk and treatment-related deviation
2000,1294,0.647,1.1880823537911123,0.035928122750170176,3.2807837886079203,0.9911737941865334,1.2878425491084657,1750.7743771932653,87.53871885966326,0.014783910524635062,-0.8994895012195536,-0.3994895012195536,True,True,B_high_spd_treatment_related,1.5,1.5,1.0,208,High-risk and treatment-related deviation
2000,1340,0.67,1.1636666189622766,0.034859838537533785,3.2016510150688458,1.0340979172126004,1.3446320886304373,1720.9012292288808,86.04506146144404,0.01535603129175942,-0.9778602168870235,-0.4778602168870235,True,True,B_high_spd_treatment_related,1.5,1.5,1.0,209,High-risk and treatment-related deviation
2000,1347,0.6735,1.1661069910072164,0.035663233414080335,3.209473776044957,0.9444050720533487,1.263610536459466,1708.812155263022,85.4406077631511,0.015606086809600307,-0.810440184181144,-0.31044018418114405,True,True,B_high_spd_treatment_related,1.5,1.5,1.0,210,High-risk and treatment-related deviation
2000,1323,0.6615,1.1671393136727328,0.035809407636988325,3.212788699309169,0.9502551544460275,1.2456596391284873,1725.255286857397,86.26276434286984,0.015316994594781048,-1.0403588429851578,-0.5403588429851578,True,True,B_high_spd_treatment_related,1.5,1.5,1.0,211,High-risk and treatment-related deviation
2000,1313,0.6565,1.214316948721832,0.03641198777925011,3.367992766694787,0.9517584896595783,1.2822338330765244,1736.543545650027,86.82717728250135,0.015101613118354918,-0.6227273112895739,-0.12272731128957393,True,True,B_high_spd_treatment_related,1.5,1.5,1.0,212,High-risk and treatment-related deviation
2000,1313,0.6565,1.235662479527042,0.03666121953583016,3.440657130764233,1.0334794203059199,1.2663144784128004,1734.5422373836827,86.72711186918414,0.01508132845236671,-1.2652675019362578,-0.7652675019362578,True,True,B_high_spd_treatment_related,1.5,1.5,1.0,213,High-risk and treatment-related deviation
2000,1318,0.659,1.1913532995874823,0.036508677587247206,3.2915326243961265,0.9497227446759058,1.2350510626919946,1728.585186937271,86.42925934686355,0.015233169322604562,-0.8209302273871204,-0.3209302273871204,True,True,B_high_spd_treatment_related,1.5,1.5,1.0,214,High-risk and treatment-related deviation
2000,1282,0.641,1.1748132216534826,0.03544934466947736,3.2375381853327787,0.8823308699250424,1.1740427284184116,1753.1801828245455,87.65900914122727,0.014757310094166871,-0.9803281476285708,-0.4803281476285708,True,True,B_high_spd_treatment_related,1.5,1.5,1.0,215,High-risk and treatment-related deviation
2000,1311,0.6555,1.1442070313768975,0.03599257410941894,3.139950487164523,0.8918892303486494,1.2360054967356908,1738.1384026012133,86.90692013006067,0.015040361863838229,-0.7371854468773823,-0.2371854468773823,True,True,B_high_spd_treatment_related,1.5,1.5,1.0,216,High-risk and treatment-related deviation
2000,1293,0.6465,1.2211374038798204,0.03594682535952383,3.3910425259035097,0.9181147015582101,1.292100936810151,1747.1930618354804,87.35965309177402,0.014877547625607973,-0.6467292679381413,-0.14672926793814134,True,True,B_high_spd_treatment_related,1.5,1.5,1.0,217,High-risk and treatment-related deviation
2000,1283,0.6415,1.2010325311932015,0.03703570336209456,3.3235468174562697,0.991441395442434,1.2718866543071918,1757.265846243669,87.86329231218346,0.014692636302184403,-0.9976878685345759,-0.4976878685345759,True,True,B_high_spd_treatment_related,1.5,1.5,1.0,218,High-risk and treatment-related deviation
2000,1298,0.649,1.2570509367968234,0.03746995579479772,3.5150401117715644,1.0055973994524094,1.304780144973535,1747.4891068808552,87.37445534404276,0.014820461204908025,-1.1058034706442676,-0.6058034706442676,True,True,B_high_spd_treatment_related,1.5,1.5,1.0,219,High-risk and treatment-related deviation
2000,1276,0.638,1.2004317122754906,0.03639835738058619,3.321550567406892,0.9524740170885849,1.2605594993841163,1762.3805621515744,88.11902810757871,0.014609960281246758,-1.1206148455380909,-0.6206148455380909,True,True,B_high_spd_treatment_related,1.5,1.5,1.0,220,High-risk and treatment-related deviation
2000,1297,0.6485,1.197287417379712,0.03650624986799341,3.3111230351210548,0.9938198152784381,1.2900643189010204,1742.0070999877505,87.10035499938752,0.014921841658562569,-0.6429749871026561,-0.1429749871026561,True,True,B_high_spd_treatment_related,1.5,1.5,1.0,221,High-risk and treatment-related deviation
2000,1280,0.64,1.1899076670034376,0.03590698207206439,3.2867777153366773,0.9458778659351949,1.2826084766330708,1756.9831588673558,87.84915794336779,0.01466003011848445,-0.6231587253121246,-0.12315872531212457,True,True,B_high_spd_treatment_related,1.5,1.5,1.0,222,High-risk and treatment-related deviation
2000,1300,0.65,1.1879429329416906,0.03609266948674005,3.2803264108300842,0.9500022475390533,1.2563547867904148,1743.353762176323,87.16768810881615,0.014953709398311971,-0.7576070582454609,-0.25760705824546093,True,True,B_high_spd_treatment_related,1.5,1.5,1.0,223,High-risk and treatment-related deviation
2000,1294,0.647,1.2058101583248648,0.03660539948691875,3.339463476560135,0.9716714169530695,1.2864851806572644,1753.616097870775,87.68080489353875,0.014726158212308103,-1.2134235137231664,-0.7134235137231664,True,True,B_high_spd_treatment_related,1.5,1.5,1.0,224,High-risk and treatment-related deviation
2000,1337,0.6685,1.1549605502463072,0.03560914379804522,3.1738982055553704,0.9819923169484742,1.2668341218891546,1723.4508698953505,86.17254349476752,0.015289706279504687,-0.8470857415486887,-0.34708574154868865,True,True,B_high_spd_treatment_related,1.5,1.5,1.0,225,High-risk and treatment-related deviation
2000,1312,0.656,1.2513658045010512,0.03635978834554061,3.4951133405471353,0.978690300456468,1.3164013681522508,1734.9086726479118,86.74543363239559,0.015084440159990041,-0.9086410400228099,-0.4086410400228099,True,True,B_high_spd_treatment_related,1.5,1.5,1.0,226,High-risk and treatment-related deviation
2000,1312,0.656,1.2399196343364538,0.03618773765937828,3.455335763252603,0.9870844488555297,1.3375962494989933,1738.0431088358298,86.90215544179149,0.015057442934300143,-0.49855922262258273,0.0014407773774172683,True,True,B_high_spd_treatment_related,1.5,1.5,1.0,227,High-risk and treatment-related deviation
2000,1301,0.6505,1.1389369611739337,0.035940666327478235,3.1234462550927002,0.9448872088128185,1.196996331876533,1749.6404155874088,87.48202077937044,0.014835796795417844,-1.0517023671054433,-0.5517023671054433,True,True,B_high_spd_treatment_related,1.5,1.5,1.0,228,High-risk and treatment-related deviation
2000,1289,0.6445,1.1935526373490224,0.03578614431742234,3.2987797829437704,0.9574174072635941,1.3456619629813364,1751.544995030003,87.57724975150016,0.014787179151820951,-0.5750772369325129,-0.07507723693251289,True,True,B_high_spd_treatment_related,1.5,1.5,1.0,229,High-risk and treatment-related deviation
2000,1271,0.6355,1.2616896867995355,0.03708885461261816,3.5313833809633843,0.9878251047080506,1.2532441189257495,1766.008864141618,88.3004432070809,0.014546806471389253,-0.8415161922294414,-0.3415161922294414,True,True,B_high_spd_treatment_related,1.5,1.5,1.0,230,High-risk and treatment-related deviation
2000,1309,0.6545,1.249241469427853,0.0371269656143895,3.4876964294844135,0.9836574646932288,1.310950056234918,1743.3970467606218,87.16985233803109,0.014894683797898111,-0.7450218281836312,-0.24502182818363116,True,True,B_high_spd_treatment_related,1.5,1.5,1.0,231,High-risk and treatment-related deviation
2000,1250,0.625,1.2783361355102025,0.03732448104967131,3.5906603802369546,0.9685461447025315,1.3250426447310089,1769.911465935526,88.4955732967763,0.014459079136378054,-0.886527188922127,-0.386527188922127,True,True,B_high_spd_treatment_related,1.5,1.5,1.0,232,High-risk and treatment-related deviation
2000,1261,0.6305,1.2474846225000762,0.03799476457501679,3.481574459983537,1.052187466111172,1.2665614892063854,1769.162675960591,88.45813379802955,0.014410150181442045,-1.1937933849740967,-0.6937933849740967,True,True,B_high_spd_treatment_related,1.5,1.5,1.0,233,High-risk and treatment-related deviation
2000,1286,0.643,1.1822734669114652,0.03529210292921908,3.2617813316981885,0.9661178414698244,1.3144730924581194,1753.5865724930354,87.67932862465177,0.014776738002858699,-1.094665254307177,-0.5946652543071771,True,True,B_high_spd_treatment_related,1.5,1.5,1.0,234,High-risk and treatment-related deviation
2000,1277,0.6385,1.1418093416654962,0.03648661988514694,3.1324308786336097,0.8212421058992702,1.1395483184968105,1754.361436835353,87.71807184176765,0.014768587396749841,-0.9213709642260517,-0.4213709642260517,True,True,B_high_spd_treatment_related,1.5,1.5,1.0,235,High-risk and treatment-related deviation
2000,1290,0.645,1.1542272115585495,0.03568395892591131,3.171571516440075,0.9324823217689635,1.2498913269103904,1755.0278388332736,87.75139194166368,0.01467330049196697,-0.8300872073785576,-0.33008720737855757,True,True,B_high_spd_treatment_related,1.5,1.5,1.0,236,High-risk and treatment-related deviation
2000,1316,0.658,1.2136530319407808,0.03649478711734736,3.3657574418954503,0.9670222261688892,1.234939124462695,1736.100652305064,86.8050326152532,0.015080586584334907,-0.9099258856872049,-0.4099258856872049,True,True,B_high_spd_treatment_related,1.5,1.5,1.0,237,High-risk and treatment-related deviation
2000,1280,0.64,1.2517886402363732,0.037594575039243766,3.4965915118563218,0.9400666239223587,1.2254691950963887,1756.4046460050106,87.82023230025052,0.014711479069004855,-0.7882744567585562,-0.28827445675855623,True,True,B_high_spd_treatment_related,1.5,1.5,1.0,238,High-risk and treatment-related deviation
2000,1323,0.6615,1.2114601522667954,0.03669524810455053,3.358384827396196,0.923334171861532,1.2710489271240528,1726.4378149097663,86.32189074548832,0.01523126465781326,-1.2440164197695516,-0.7440164197695516,True,True,B_high_spd_treatment_related,1.5,1.5,1.0,239,High-risk and treatment-related deviation
2000,1298,0.649,1.1813602941051455,0.035915767470749003,3.2588041212466194,0.9731795443993566,1.3206818419349973,1751.1893891912023,87.55946945956012,0.01476839925526406,-0.8969410043048084,-0.3969410043048084,True,True,B_high_spd_treatment_related,1.5,1.5,1.0,240,High-risk and treatment-related deviation
2000,1294,0.647,1.241383725365509,0.037071891791360036,3.4603983945181254,0.9377094045543154,1.211002798160695,1741.6215868769232,87.08107934384616,0.014967052813824997,-0.749520284997689,-0.24952028499768897,True,True,B_high_spd_treatment_related,1.5,1.5,1.0,241,High-risk and treatment-related deviation
2000,1315,0.6575,1.2624483055074962,0.03691585466993905,3.5340633708778793,0.9734201157712279,1.3812265090425844,1726.9220055607755,86.34610027803878,0.015257650260509558,-0.4849095747336935,0.015090425266306495,True,True,B_high_spd_treatment_related,1.5,1.5,1.0,242,High-risk and treatment-related deviation
2000,1281,0.6405,1.2317413127597534,0.0363182115493085,3.4271921568222274,0.9943155469674453,1.3315072234719412,1753.1746648348283,87.65873324174142,0.014717946880011424,-0.6669710823287541,-0.16697108232875413,True,True,B_high_spd_treatment_related,1.5,1.5,1.0,243,High-risk and treatment-related deviation
2000,1284,0.642,1.1740771304484965,0.03622010024465031,3.2351559388316615,0.9136345963361452,1.2184474192232213,1755.8467512778848,87.79233756389424,0.01470909489371086,-0.8845265591364888,-0.3845265591364888,True,True,B_high_spd_treatment_related,1.5,1.5,1.0,244,High-risk and treatment-related deviation
2000,1275,0.6375,1.2657532482220022,0.03702158142964716,3.5457625698103543,0.9939008410385272,1.31001397969523,1765.960751453447,88.29803757267236,0.014504451888081008,-0.6042589029154483,-0.10425890291544826,True,True,B_high_spd_treatment_related,1.5,1.5,1.0,245,High-risk and treatment-related deviation
2000,1335,0.6675,1.2452915267734117,0.03632211560914656,3.4739474004061353,0.8958473135425867,1.1994915357484146,1710.169511931206,85.5084755965603,0.015599934965127266,-0.7775721033572494,-0.27757210335724936,True,True,B_high_spd_treatment_related,1.5,1.5,1.0,246,High-risk and treatment-related deviation
2000,1303,0.6515,1.226198343760685,0.03604609150143513,3.4082478891916175,1.0863402628443015,1.384925310911988,1747.2673293686646,87.36336646843323,0.014825318898599312,-0.787259644203504,-0.287259644203504,True,True,B_high_spd_treatment_related,1.5,1.5,1.0,247,High-risk and treatment-related deviation
2000,1290,0.645,1.385023219774992,0.0394373268061529,3.9949186648522046,0.9983677246366698,1.3651608695402209,1750.5708651367374,87.52854325683687,0.014789472462911261,-0.5310819446968768,-0.03108194469687675,True,True,B_high_spd_treatment_related,1.5,1.5,1.0,248,High-risk and treatment-related deviation
2000,1302,0.651,1.163135243819159,0.0356056436625061,3.1999501892308078,0.995262937671493,1.3069219484136323,1746.145954067623,87.30729770338115,0.014850940939878095,-0.7784952113026957,-0.2784952113026957,True,True,B_high_spd_treatment_related,1.5,1.5,1.0,249,High-risk and treatment-related deviation
2000,1303,0.6515,1.1997439415055482,0.03686414538669237,3.3192668874299325,0.9573816671868797,1.2705962040145358,1742.2463208462132,87.11231604231067,0.014931913256235588,-1.1777262067555436,-0.6777262067555436,True,True,B_high_spd_treatment_related,1.5,1.5,1.0,250,High-risk and treatment-related deviation
2000,1283,0.6415,1.2585050505080277,0.036631048098769776,3.520155097777886,1.0098852784802108,1.3211524746690675,1753.4531437450337,87.67265718725167,0.014773645110124124,-0.9057929742503152,-0.40579297425031524,True,True,B_high_spd_treatment_related,1.5,1.5,1.0,251,High-risk and treatment-related deviation
2000,1293,0.6465,1.2289389664096875,0.037182423253586824,3.4176014219474693,0.9425248259428399,1.2708063229825362,1751.646319893409,87.58231599467045,0.014719476561466575,-0.8178313088479842,-0.31783130884798416,True,True,B_high_spd_treatment_related,1.5,1.5,1.0,252,High-risk and treatment-related deviation
2000,1283,0.6415,1.2742922477946812,0.03727553688073368,3.5761694723843442,1.0470895911702929,1.3428031044195101,1754.221901415912,87.71109507079561,0.014760224601621233,-0.9267209700905916,-0.4267209700905916,True,True,B_high_spd_treatment_related,1.5,1.5,1.0,253,High-risk and treatment-related deviation
2000,1294,0.647,1.2249785764704453,0.03649678545539036,3.4040931543193307,0.9568114643076617,1.3260281157023848,1749.3172058889324,87.46586029444663,0.014831891456833377,-0.6830798761472122,-0.18307987614721222,True,True,B_high_spd_treatment_related,1.5,1.5,1.0,254,High-risk and treatment-related deviation
2000,1302,0.651,1.247308473731075,0.03678480270211674,3.4809612389388764,1.0330180503788724,1.300432222110062,1746.1673426701595,87.30836713350797,0.014882070515642637,-1.0131682709864773,-0.5131682709864773,True,True,B_high_spd_treatment_related,1.5,1.5,1.0,255,High-risk and treatment-related deviation
2000,1296,0.648,1.2300201741393224,0.03655800348661374,3.4212985573472103,1.06449760633546,1.3401673489938604,1750.052059655203,87.50260298276015,0.014810365606030133,-0.8373704645824451,-0.33737046458244513,True,True,B_high_spd_treatment_related,1.5,1.5,1.0,256,High-risk and treatment-related deviation
2000,1305,0.6525,1.215834612109331,0.03615568977502878,3.373108126721623,0.8627955367679565,1.1760211046109799,1736.601361387265,86.83006806936325,0.015031355651974445,-0.5546868838413485,-0.054686883841348455,True,True,B_high_spd_treatment_related,1.5,1.5,1.0,257,High-risk and treatment-related deviation
2000,1313,0.6565,1.1769846940244557,0.03591768144127184,3.244576048549497,0.9016233794995486,1.2629314502999083,1732.7414147005998,86.63707073503,0.015176848743572032,-0.762969220360393,-0.26296922036039305,True,True,B_high_spd_treatment_related,1.5,1.5,1.0,258,High-risk and treatment-related deviation
2000,1298,0.649,1.231212525556729,0.036419714005941996,3.42538038053167,1.0323031045469484,1.3512337753608328,1754.7027683003078,87.73513841501538,0.014691941602272843,-0.7988117143059486,-0.29881171430594855,True,True,B_high_spd_treatment_related,1.5,1.5,1.0,259,High-risk and treatment-related deviation
2000,1306,0.653,1.2127873680104628,0.03712265417677427,3.362845087821609,0.950874239897933,1.2157819110614672,1738.2185610958911,86.91092805479455,0.015018858459600179,-0.8407655525959522,-0.3407655525959522,True,True,B_high_spd_treatment_related,1.5,1.5,1.0,260,High-risk and treatment-related deviation
2000,1280,0.64,1.1715351043024276,0.03698561652034809,3.2269425316193314,0.9646427879139998,1.218807567431315,1750.8864023567514,87.54432011783757,0.014773053887593798,-0.6760671394655348,-0.17606713946553476,True,True,B_high_spd_treatment_related,1.5,1.5,1.0,261,High-risk and treatment-related deviation
2000,1279,0.6395,1.1870739737322582,0.03594376125088156,3.277477179097811,1.0144643419051398,1.318997613510591,1762.9289893376679,88.1464494668834,0.01456755343305641,-0.8758813159068971,-0.3758813159068971,True,True,B_high_spd_treatment_related,1.5,1.5,1.0,262,High-risk and treatment-related deviation
2000,1286,0.643,1.2479928243097418,0.03746370070939124,3.4833442520922726,0.9572759873293687,1.2901404690299547,1750.1861434336492,87.50930717168247,0.014833007987891061,-0.9625356212364571,-0.4625356212364571,True,True,B_high_spd_treatment_related,1.5,1.5,1.0,263,High-risk and treatment-related deviation
2000,1290,0.645,1.1675263541510916,0.03620191453714131,3.214032419253671,0.9203249154998213,1.316027424633545,1753.725977423098,87.6862988711549,0.014736953449673943,-0.6863568306842994,-0.18635683068429942,True,True,B_high_spd_treatment_related,1.5,1.5,1.0,264,High-risk and treatment-related deviation
2000,1305,0.6525,1.1304714254386117,0.03549949693169658,3.0971162153944953,0.8446662628342415,1.2193244729247845,1735.2166409546758,86.76083204773379,0.015123090279722083,-0.6336087469229582,-0.1336087469229582,True,True,B_high_spd_treatment_related,1.5,1.5,1.0,265,High-risk and treatment-related deviation
2000,1308,0.654,1.1649018670631508,0.036343467314426774,3.2056082920111053,0.9877282083335888,1.2478348339379401,1745.3439850898972,87.26719925449486,0.014912992586807257,-0.5793626567399354,-0.07936265673993537,True,True,B_high_spd_treatment_related,1.5,1.5,1.0,266,High-risk and treatment-related deviation
2000,1319,0.6595,1.1896018106736668,0.03574167223280273,3.2857725872881156,0.9567131980322512,1.3025014786731994,1741.9374474966478,87.09687237483239,0.014844749797341513,-0.9599363614970022,-0.45993636149700223,True,True,B_high_spd_treatment_related,1.5,1.5,1.0,267,High-risk and treatment-related deviation
2000,1330,0.665,1.1855707315353867,0.03579993121561762,3.2725540383664358,1.0239622525796719,1.2994641049906952,1723.9873784459173,86.19936892229586,0.015283210373421438,-0.6197628569294309,-0.1197628569294309,True,True,B_high_spd_treatment_related,1.5,1.5,1.0,268,High-risk and treatment-related deviation
2000,1306,0.653,1.1999938201250715,0.03568105102734655,3.320096404892616,0.9687044141152256,1.3077559298555754,1735.6397794555767,86.78198897277883,0.015103513342367291,-0.8316500764597283,-0.3316500764597283,True,True,B_high_spd_treatment_related,1.5,1.5,1.0,269,High-risk and treatment-related deviation
2000,1281,0.6405,1.2421447262594858,0.03709657708242618,3.4630327630411353,0.9363005143599842,1.239345125984797,1754.580884007063,87.72904420035314,0.014718528702681965,-0.7186126383541855,-0.21861263835418554,True,True,B_high_spd_treatment_related,1.5,1.5,1.0,270,High-risk and treatment-related deviation
2000,1317,0.6585,1.1739420267204481,0.036168455008493715,3.234718886727857,0.9311219273298592,1.332845267878119,1739.5111971280105,86.97555985640052,0.014974602384347412,-0.6857887649994243,-0.18578876499942432,True,True,B_high_spd_treatment_related,1.5,1.5,1.0,271,High-risk and treatment-related deviation
2000,1301,0.6505,1.1635737303928486,0.03600250597378819,3.2013536320982015,0.881706842351786,1.2046216049391203,1737.9094537229937,86.89547268614969,0.015084753476309045,-0.6789637876351542,-0.1789637876351542,True,True,B_high_spd_treatment_related,1.5,1.5,1.0,272,High-risk and treatment-related deviation
2000,1333,0.6665,1.1568666296546706,0.03498884509625481,3.1799536768404195,1.023178561638201,1.3030829591340078,1722.555826520495,86.12779132602475,0.01530678801920897,-1.0536750769037007,-0.5536750769037007,True,True,B_high_spd_treatment_related,1.5,1.5,1.0,273,High-risk and treatment-related deviation
2000,1286,0.643,1.204001576267207,0.03586418371466361,3.3334292411839574,1.011636954557035,1.3334428901308817,1758.321189404075,87.91605947020375,0.014657146999371385,-1.3474797589272283,-0.8474797589272283,True,True,B_high_spd_treatment_related,1.5,1.5,1.0,274,High-risk and treatment-related deviation
2000,1302,0.651,1.2552325668601265,0.03715290556061155,3.5086542761713204,1.017027825431347,1.285484305956895,1741.7743254325862,87.08871627162931,0.014980905545325636,-0.8793071109410359,-0.37930711094103586,True,True,B_high_spd_treatment_related,1.5,1.5,1.0,275,High-risk and treatment-related deviation
2000,1283,0.6415,1.2001598227875137,0.03693756639905803,3.32064759548368,1.0219407593126273,1.3280430710742603,1758.6531723537305,87.93265861768653,0.01466317275481667,-1.0670182036448963,-0.5670182036448963,True,True,B_high_spd_treatment_related,1.5,1.5,1.0,276,High-risk and treatment-related deviation
2000,1301,0.6505,1.1539190123342702,0.03585102782975082,3.1705941911721425,0.9140608259325314,1.2479245245699304,1738.7027263760708,86.93513631880354,0.015040714249305469,-0.9754624020683919,-0.47546240206839185,True,True,B_high_spd_treatment_related,1.5,1.5,1.0,277,High-risk and treatment-related deviation
2000,1275,0.6375,1.206958885166673,0.03606010157762205,3.3433018120703317,0.9734505132292866,1.2131615189026432,1754.1652241207153,87.70826120603576,0.014779878521099122,-0.8002369812257019,-0.30023698122570186,True,True,B_high_spd_treatment_related,1.5,1.5,1.0,278,High-risk and treatment-related deviation
2000,1306,0.653,1.2061621344981381,0.03634407864829358,3.3406390950181066,1.008453240980291,1.341051509147067,1747.8736088427747,87.39368044213873,0.014837251672749243,-0.6080528053560055,-0.10805280535600548,True,True,B_high_spd_treatment_related,1.5,1.5,1.0,279,High-risk and treatment-related deviation
2000,1297,0.6485,1.1743140306620465,0.0364406991885424,3.2359224387528513,0.9695029785305287,1.3296711450631282,1749.3019566066391,87.46509783033196,0.014802234726457393,-0.5928845149343779,-0.09288451493437788,True,True,B_high_spd_treatment_related,1.5,1.5,1.0,280,High-risk and treatment-related deviation
2000,1308,0.654,1.198611967881237,0.03571379953077565,3.3155116906541457,1.0262086375860742,1.3054974378639617,1736.2476803630834,86.81238401815418,0.015058141646336643,-1.086729905473153,-0.586729905473153,True,True,B_high_spd_treatment_related,1.5,1.5,1.0,281,High-risk and treatment-related deviation
2000,1294,0.647,1.19599070585819,0.03623403342383675,3.3068322462911257,0.9677736852232433,1.2857522670285655,1752.415854829828,87.6207927414914,0.014748243606478535,-0.7049741377055236,-0.20497413770552364,True,True,B_high_spd_treatment_related,1.5,1.5,1.0,282,High-risk and treatment-related deviation
2000,1311,0.6555,1.2276940940646957,0.035985950494774724,3.4133495914932475,0.9725136837798316,1.383315965883349,1738.8952532071482,86.94476266035741,0.014947424643361741,-0.9514689657709016,-0.45146896577090156,True,True,B_high_spd_treatment_related,1.5,1.5,1.0,283,High-risk and treatment-related deviation
2000,1294,0.647,1.1846261485387588,0.035782236856542755,3.269464298953637,0.9855907878586441,1.2543954112534919,1743.8576778803483,87.19288389401741,0.014928551798373206,-1.2000761909663828,-0.7000761909663828,True,True,B_high_spd_treatment_related,1.5,1.5,1.0,284,High-risk and treatment-related deviation
2000,1326,0.663,1.2102543509015224,0.03599671429784274,3.354337722878646,0.9835302700015129,1.3103085654821682,1726.1717053741554,86.30858526870777,0.015277590333862926,-0.9510466409093881,-0.45104664090938806,True,True,B_high_spd_treatment_related,1.5,1.5,1.0,285,High-risk and treatment-related deviation
2000,1279,0.6395,1.1046480159064072,0.03420876208760435,3.01816193682671,0.9096003423071003,1.2427049025203745,1754.8497838780283,87.74248919390142,0.014760093282623994,-0.8752070121016399,-0.37520701210163987,True,True,B_high_spd_treatment_related,1.5,1.5,1.0,286,High-risk and treatment-related deviation
2000,1284,0.642,1.195858511918129,0.03579385140570629,3.3063951319999347,0.9912741327188596,1.3115329812574779,1759.8947246030223,87.99473623015112,0.014588816282582795,-0.6054492597494672,-0.10544925974946717,True,True,B_high_spd_treatment_related,1.5,1.5,1.0,287,High-risk and treatment-related deviation
2000,1294,0.647,1.2030161833802222,0.03626380062319905,3.330146121567445,0.9255448508370804,1.2655368435322765,1750.5463610450004,87.52731805225002,0.014789082038823734,-0.5902498120693633,-0.09024981206936333,True,True,B_high_spd_treatment_related,1.5,1.5,1.0,288,High-risk and treatment-related deviation
2000,1311,0.6555,1.1758856079834914,0.036424424692483214,3.241011939295838,0.9576359898347134,1.2403849192824081,1733.6776394407157,86.68388197203579,0.015183403104800009,-0.6489339937812253,-0.1489339937812253,True,True,B_high_spd_treatment_related,1.5,1.5,1.0,289,High-risk and treatment-related deviation
2000,1288,0.644,1.139853894231329,0.035431810781417945,3.1263115596624775,0.9561481331497397,1.2653455584962439,1756.521087260725,87.82605436303625,0.014633463605668227,-1.2476907348734176,-0.7476907348734176,True,True,B_high_spd_treatment_related,1.5,1.5,1.0,290,High-risk and treatment-related deviation
2000,1267,0.6335,1.2046932317655363,0.03631745082179475,3.3357356233659274,0.9321718246758981,1.3151123972514611,1767.1952370571853,88.35976185285925,0.014522382882850168,-0.44737199018002966,0.052628009819970345,True,True,B_high_spd_treatment_related,1.5,1.5,1.0,291,High-risk and treatment-related deviation
2000,1281,0.6405,1.218569413004965,0.036576029100057146,3.3823455313215214,0.9128690149337237,1.2406796880109887,1753.5084825736583,87.67542412868292,0.014752234357915764,-1.141765662344445,-0.641765662344445,True,True,B_high_spd_treatment_related,1.5,1.5,1.0,292,High-risk and treatment-related deviation
2000,1289,0.6445,1.238480218981153,0.03659817369641588,3.4503656777640757,1.034885262859964,1.376497101841333,1751.388565748313,87.56942828741565,0.014807936683903256,-0.9557569249237111,-0.4557569249237111,True,True,B_high_spd_treatment_related,1.5,1.5,1.0,293,High-risk and treatment-related deviation
2000,1283,0.6415,1.197209871006091,0.03692601782533052,3.3108662794924313,0.8713412182616832,1.2238576575026283,1756.4246350520034,87.82123175260017,0.014714625597098508,-0.7659424600910579,-0.26594246009105793,True,True,B_high_spd_treatment_related,1.5,1.5,1.0,294,High-risk and treatment-related deviation
2000,1359,0.6795,1.2130295811908498,0.03572556295845985,3.363659711877838,1.034200678189071,1.352328120981621,1703.7610666496735,85.18805333248368,0.015645073472315276,-0.2710641833214611,0.2289358166785389,True,True,B_high_spd_treatment_related,1.5,1.5,1.0,295,High-risk and treatment-related deviation
2000,1335,0.6675,1.1255452644297506,0.034796837068931316,3.081896839579616,0.981641523215927,1.2416283851516474,1718.1574115975513,85.90787057987757,0.015433343714485563,-0.6059845909849374,-0.1059845909849374,True,True,B_high_spd_treatment_related,1.5,1.5,1.0,296,High-risk and treatment-related deviation
2000,1292,0.646,1.2211040263050872,0.036172038793309276,3.3909293430170733,0.9909685946183288,1.3073612800186865,1749.2059689738,87.46029844869001,0.014831851045455712,-0.46286085920324044,0.03713914079675956,True,True,B_high_spd_treatment_related,1.5,1.5,1.0,297,High-risk and treatment-related deviation
2000,1316,0.658,1.151019798698897,0.03501343566129324,3.161415273511883,0.9978068618361398,1.3196170773633205,1733.3545951618848,86.66772975809424,0.015126290918433821,-0.7061331436836628,-0.20613314368366276,True,True,B_high_spd_treatment_related,1.5,1.5,1.0,298,High-risk and treatment-related deviation
2000,1298,0.649,1.1785346766746274,0.03512255114160438,3.249608984606082,0.9944939902386961,1.3051497327218,1744.8440706015879,87.2422035300794,0.014878501337483488,-0.7607100602562871,-0.26071006025628707,True,True,B_high_spd_treatment_related,1.5,1.5,1.0,299,High-risk and treatment-related deviation
2000,1331,0.6655,1.1051004447578285,0.03435005031479483,3.019527749308381,0.9338872203082044,1.2442026367675219,1723.04720931013,86.1523604655065,0.015349654528264988,-0.6641550299507858,-0.1641550299507858,True,True,B_high_spd_treatment_related,1.5,1.5,1.0,300,High-risk and treatment-related deviation
2000,1291,0.6455,1.275562111286743,0.03744894257006639,3.58071360404156,1.0319819335154112,1.3880662298312796,1756.2817347816483,87.81408673908241,0.014679623330130136,-0.7547331981465927,-0.2547331981465927,True,True,B_high_spd_treatment_related,1.5,1.5,1.0,301,High-risk and treatment-related deviation
2000,1302,0.651,1.1973186155779392,0.03652493883492765,3.3112263378052798,0.9471558363415071,1.2574491446787,1745.8352443525882,87.29176221762941,0.014868883666303514,-0.5957973925341119,-0.0957973925341119,True,True,B_high_spd_treatment_related,1.5,1.5,1.0,302,High-risk and treatment-related deviation
2000,1338,0.669,1.156329280435008,0.03425369729264716,3.17824539022795,0.996012907498074,1.3598228429226331,1719.83802291875,85.9919011459375,0.015398359719073884,-1.0467724260564828,-0.5467724260564828,True,True,B_high_spd_treatment_related,1.5,1.5,1.0,303,High-risk and treatment-related deviation
2000,1292,0.646,1.2221678815077344,0.037009223211065125,3.3945387204274984,0.9148277234052711,1.227312813795082,1751.5515896901115,87.57757948450558,0.01476214903732311,-1.0199487106777025,-0.5199487106777025,True,True,B_high_spd_treatment_related,1.5,1.5,1.0,304,High-risk and treatment-related deviation
2000,1305,0.6525,1.1666985407697088,0.03561675730641914,3.2113729011530254,0.9928994214371573,1.292470287935458,1748.3513155947953,87.41756577973977,0.014814411097199106,-1.1682064248084305,-0.6682064248084305,True,True,B_high_spd_treatment_related,1.5,1.5,1.0,305,High-risk and treatment-related deviation
2000,1280,0.64,1.222720466585374,0.0361602409419108,3.3964150102270048,1.0811298397215185,1.357051329539639,1758.3275435488345,87.91637717744173,0.014666095516509306,-0.7949237805169965,-0.2949237805169965,True,True,B_high_spd_treatment_related,1.5,1.5,1.0,306,High-risk and treatment-related deviation
2000,1300,0.65,1.1860114687502248,0.035531077483735116,3.2739966926110666,0.9533796431636976,1.2797193818482058,1745.2347991129934,87.26173995564967,0.014886294474218213,-0.6787389434921187,-0.17873894349211872,True,True,B_high_spd_treatment_related,1.5,1.5,1.0,307,High-risk and treatment-related deviation
2000,1282,0.641,1.1286432505996646,0.0357298599949194,3.0914593179305725,0.9137182369800089,1.1862579787922372,1760.4593835657927,88.02296917828964,0.014624364822526737,-1.2095828610933965,-0.7095828610933965,True,True,B_high_spd_treatment_related,1.5,1.5,1.0,308,High-risk and treatment-related deviation
2000,1290,0.645,1.1577201505397918,0.036441380224457545,3.182668992341724,0.8705592819480719,1.1387265610583546,1743.6350027718815,87.18175013859407,0.014986370040050006,-0.7925215054332104,-0.2925215054332104,True,True,B_high_spd_treatment_related,1.5,1.5,1.0,309,High-risk and treatment-related deviation
2000,1299,0.6495,1.2576545773964827,0.036830440749199625,3.517162573229965,0.9782725496291989,1.3897106877133627,1743.9627377246304,87.19813688623151,0.014865663244813018,-0.9931843255609563,-0.49318432556095626,True,True,B_high_spd_treatment_related,1.5,1.5,1.0,310,High-risk and treatment-related deviation
2000,1304,0.652,1.2090512458105245,0.035372114142545534,3.350304528752009,1.0057905907375233,1.3007944466402945,1744.353607437065,87.21768037185325,0.014889386505704504,-1.030243406303955,-0.530243406303955,True,True,B_high_spd_treatment_related,1.5,1.5,1.0,311,High-risk and treatment-related deviation
2000,1289,0.6445,1.2920488818494873,0.037456418287694505,3.640237336468159,0.9513515357540783,1.3424306357998175,1760.2388222700706,88.01194111350354,0.014599490239169956,-0.8111376356208457,-0.31113763562084573,True,True,B_high_spd_treatment_related,1.5,1.5,1.0,312,High-risk and treatment-related deviation
2000,1296,0.648,1.1850888954195655,0.036073596206633134,3.270977583466727,0.9159332253070254,1.2677980153204724,1750.0135568705275,87.50067784352638,0.014840807986805541,-1.0877434107995032,-0.5877434107995032,True,True,B_high_spd_treatment_related,1.5,1.5,1.0,313,High-risk and treatment-related deviation
2000,1268,0.634,1.1962735375617208,0.03566861614525362,3.3077676555640987,1.0242463523909449,1.32367889450108,1766.0716887609933,88.30358443804967,0.01448124690538592,-0.7755686642134878,-0.2755686642134878,True,True,B_high_spd_treatment_related,1.5,1.5,1.0,314,High-risk and treatment-related deviation
2000,1278,0.639,1.2324172606514536,0.03618470387701835,3.429509543263087,0.9885797338602772,1.3060782528443302,1758.807852080502,87.94039260402509,0.01467325301624183,-1.0287102365778316,-0.5287102365778316,True,True,B_high_spd_treatment_related,1.5,1.5,1.0,315,High-risk and treatment-related deviation
2000,1311,0.6555,1.1700181324312955,0.03587633725809752,3.2220510616183273,0.9887978554864609,1.3016317531310173,1744.5185511394345,87.22592755697173,0.014860867170627722,-0.6708594300104057,-0.1708594300104057,True,True,B_high_spd_treatment_related,1.5,1.5,1.0,316,High-risk and treatment-related deviation
2000,1306,0.653,1.1353731326855594,0.035299353302362176,3.1123346400526097,0.8970561396640929,1.2211559850655354,1744.4546092641824,87.22273046320913,0.014927025140883092,-0.8143609286236768,-0.3143609286236768,True,True,B_high_spd_treatment_related,1.5,1.5,1.0,317,High-risk and treatment-related deviation
2000,1285,0.6425,1.2086987173399724,0.03665451015495945,3.3491236591779057,0.9634947245038491,1.2357293012643633,1753.7445857152268,87.68722928576133,0.014769925555071327,-0.5831463840054792,-0.08314638400547925,True,True,B_high_spd_treatment_related,1.5,1.5,1.0,318,High-risk and treatment-related deviation
2000,1292,0.646,1.2081107729482357,0.03595140407125718,3.347155139452032,0.9465913198518328,1.302159635130147,1747.1457105331865,87.35728552665933,0.014856015104899126,-1.054068431658285,-0.5540684316582849,True,True,B_high_spd_treatment_related,1.5,1.5,1.0,319,High-risk and treatment-related deviation
2000,1286,0.643,1.230817657998001,0.03602316050641619,3.4240280759512696,1.0236275092839522,1.3756260038531114,1761.6053989196096,88.08026994598048,0.014552323793043536,-0.6724440403851869,-0.1724440403851869,True,True,B_high_spd_treatment_related,1.5,1.5,1.0,320,High-risk and treatment-related deviation
2000,1269,0.6345,1.1282158720849502,0.03510671486259995,3.090138376929983,0.9470557484841206,1.251463258762268,1763.884333940787,88.19421669703935,0.014566790080603628,-0.8758897222763148,-0.3758897222763148,True,True,B_high_spd_treatment_related,1.5,1.5,1.0,321,High-risk and treatment-related deviation
2000,1313,0.6565,1.2109693361882998,0.036382819274689115,3.356736882577124,1.0031551953333093,1.3335960025246556,1740.615967038745,87.03079835193725,0.0149573718006508,-1.0946514622163368,-0.5946514622163368,True,True,B_high_spd_treatment_related,1.5,1.5,1.0,322,High-risk and treatment-related deviation
2000,1274,0.637,1.1867784038966624,0.03748936468555994,3.2765085988554192,0.8917494868560478,1.188204130433624,1762.575602170355,88.12878010851774,0.01459037140424185,-0.5577046478787208,-0.05770464787872076,True,True,B_high_spd_treatment_related,1.5,1.5,1.0,323,High-risk and treatment-related deviation
2000,1273,0.6365,1.1703122471385863,0.03629495717615102,3.222998853596139,0.9426539522570493,1.2462484442053616,1757.5935892337907,87.87967946168953,0.014727473689947538,-0.9299460407894357,-0.42994604078943566,True,True,B_high_spd_treatment_related,1.5,1.5,1.0,324,High-risk and treatment-related deviation
2000,1320,0.66,1.2042553479943012,0.03600963049778792,3.3342752786252903,0.9940762130288893,1.3768679170385134,1733.7887551947545,86.68943775973771,0.015071316610210729,-0.8009465084859813,-0.30094650848598126,True,True,B_high_spd_treatment_related,1.5,1.5,1.0,325,High-risk and treatment-related deviation
2000,1346,0.673,1.1112851005455247,0.03508783575566239,3.038260356733619,0.8324862449301407,1.2067785428625315,1714.2071726433132,85.71035863216566,0.015487292006889614,-0.5663335579100442,-0.06633355791004425,True,True,B_high_spd_treatment_related,1.5,1.5,1.0,326,High-risk and treatment-related deviation
2000,1323,0.6615,1.1867646254172095,0.03597810223035573,3.276463453860028,0.9854058844041553,1.3153854269497711,1721.1105095276932,86.05552547638466,0.015320362990942938,-0.35605991324629066,0.14394008675370934,True,True,B_high_spd_treatment_related,1.5,1.5,1.0,327,High-risk and treatment-related deviation
2000,1307,0.6535,1.1804838161816364,0.03582846642764088,3.2559491027404244,0.926076001450721,1.270216622673416,1740.2378693947576,87.01189346973787,0.014989786256527393,-0.6664365194765629,-0.1664365194765629,True,True,B_high_spd_treatment_related,1.5,1.5,1.0,328,High-risk and treatment-related deviation
2000,1299,0.6495,1.2419733564011117,0.03681889362868789,3.462439354454613,1.0393869993467302,1.3194239173526576,1753.913119793326,87.69565598966629,0.014710910593728395,-0.6318241611325612,-0.13182416113256124,True,True,B_high_spd_treatment_related,1.5,1.5,1.0,329,High-risk and treatment-related deviation
2000,1264,0.632,1.2175076117929715,0.03721469659262915,3.378756058727397,0.9041678781698721,1.193336150402595,1761.6104029587682,88.08052014793842,0.014620512755292183,-0.7225118087786039,-0.22251180877860388,True,True,B_high_spd_treatment_related,1.5,1.5,1.0,330,High-risk and treatment-related deviation
2000,1302,0.651,1.1962468808098208,0.03507879907113047,3.3076794823975715,0.9755483304488611,1.3432477692192546,1748.38109965483,87.4190549827415,0.01485381450378253,-1.191970757379661,-0.691970757379661,True,True,B_high_spd_treatment_related,1.5,1.5,1.0,331,High-risk and treatment-related deviation
2000,1264,0.632,1.2070156365686806,0.03664499601830577,3.343491554519525,0.8879704953187906,1.214438211551642,1756.3247859402923,87.81623929701462,0.01476948123707994,-0.7102311019152612,-0.21023110191526118,True,True,B_high_spd_treatment_related,1.5,1.5,1.0,332,High-risk and treatment-related deviation
2000,1260,0.63,1.1664141825948693,0.03733856578496066,3.2104598508389373,0.889463618488624,1.1453894981315849,1766.1458912606925,88.30729456303462,0.01450773634229944,-1.480393594394771,-0.980393594394771,True,True,B_high_spd_treatment_related,1.5,1.5,1.0,333,High-risk and treatment-related deviation
2000,1300,0.65,1.2464851110165152,0.03633641884608647,3.478096324837482,1.0242547943479936,1.322481929356008,1743.669323746454,87.18346618732271,0.014987170885438682,-0.7248064683272945,-0.22480646832729445,True,True,B_high_spd_treatment_related,1.5,1.5,1.0,334,High-risk and treatment-related deviation
2000,1306,0.653,1.2673962645826342,0.037513742596247304,3.5515931042435733,0.9060005101149929,1.2873635729923616,1743.909106066657,87.19545530333284,0.014879896907554481,-0.8503909809273024,-0.35039098092730236,True,True,B_high_spd_treatment_related,1.5,1.5,1.0,335,High-risk and treatment-related deviation
2000,1308,0.654,1.2378500880972476,0.03660575963183648,3.4481921806554947,1.0047717328019277,1.3326334397611577,1743.7544673393757,87.18772336696878,0.014900884557149347,-1.152057196374296,-0.652057196374296,True,True,B_high_spd_treatment_related,1.5,1.5,1.0,336,High-risk and treatment-related deviation
2000,1289,0.6445,1.2404236883342565,0.03591213763016896,3.4570778780809084,0.9729999469416958,1.3435411024747996,1761.3790339798434,88.06895169899217,0.014531428648986815,-0.42044930252645835,0.07955069747354165,True,True,B_high_spd_treatment_related,1.5,1.5,1.0,337,High-risk and treatment-related deviation
2000,1269,0.6345,1.2383022840003979,0.03701277958895684,3.449751791631133,0.991043331401385,1.3212458839580308,1769.1466290283377,88.45733145141689,0.014448251986627749,-0.8390549468373801,-0.33905494683738013,True,True,B_high_spd_treatment_related,1.5,1.5,1.0,338,High-risk and treatment-related deviation
2000,1342,0.671,1.1941237002502159,0.0356108623070565,3.300664131686637,0.9979451191804423,1.2870649101317335,1722.227229819037,86.11136149095185,0.015287575126884516,-1.5150525948394356,-1.0150525948394356,True,True,B_high_spd_treatment_related,1.5,1.5,1.0,339,High-risk and treatment-related deviation
2000,1297,0.6485,1.239111459188,0.03655324101501402,3.4525443748764686,1.0480046485924888,1.3374773323671194,1749.2912732713266,87.46456366356634,0.014792620527956398,-0.6182763296745057,-0.11827632967450574,True,True,B_high_spd_treatment_related,1.5,1.5,1.0,340,High-risk and treatment-related deviation
2000,1299,0.6495,1.2045065680115763,0.03676215585015857,3.33511302054275,0.9831479337190532,1.270574937277672,1745.9757201329996,87.29878600664999,0.014827244294958871,-0.8284462656895164,-0.3284462656895164,True,True,B_high_spd_treatment_related,1.5,1.5,1.0,341,High-risk and treatment-related deviation
2000,1297,0.6485,1.2410698616161364,0.03728916252557008,3.459312471328576,0.9561846068957116,1.3204907452527541,1746.0808172867812,87.30404086433906,0.014896234763281042,-0.8873996360707931,-0.3873996360707931,True,True,B_high_spd_treatment_related,1.5,1.5,1.0,342,High-risk and treatment-related deviation
2000,1306,0.653,1.1908819417708036,0.03572004403431169,3.2899815003607027,0.9850931667323676,1.335487253244928,1744.0685837080873,87.20342918540437,0.01490062395929305,-0.7765245641334356,-0.2765245641334356,True,True,B_high_spd_treatment_related,1.5,1.5,1.0,343,High-risk and treatment-related deviation
2000,1320,0.66,1.1928540347744043,0.03623251291179383,3.296476051684296,0.9610650072843392,1.1968058240381185,1722.1811006168903,86.10905503084452,0.01535675668669623,-0.7633768838370413,-0.2633768838370413,True,True,B_high_spd_treatment_related,1.5,1.5,1.0,344,High-risk and treatment-related deviation
2000,1294,0.647,1.2225265798635632,0.03671301116187401,3.3957565542897576,0.9674080407176735,1.2724129827441506,1748.4320996999386,87.42160498499693,0.01482033548627401,-0.7158669130420426,-0.21586691304204264,True,True,B_high_spd_treatment_related,1.5,1.5,1.0,345,High-risk and treatment-related deviation
2000,1272,0.636,1.160311928176796,0.03609049849037975,3.1909284613921995,0.9042929413354961,1.2622089226467152,1768.1487056454682,88.40743528227341,0.014475284522949963,-0.8675086948077726,-0.3675086948077726,True,True,B_high_spd_treatment_related,1.5,1.5,1.0,346,High-risk and treatment-related deviation
2000,1276,0.638,1.1766142457096451,0.03688823195810205,3.2433743234223043,0.966093119238249,1.2475301360087099,1762.5221703157638,88.12610851578819,0.014554544431963011,-0.5311147738173715,-0.03111477381737149,True,True,B_high_spd_treatment_related,1.5,1.5,1.0,347,High-risk and treatment-related deviation
2000,1287,0.6435,1.2034357124298485,0.03532299831637549,3.331543507706487,0.9461701636720997,1.2866699105271004,1759.3653127155783,87.9682656357789,0.01464680438647795,-0.687340877712906,-0.18734087771290597,True,True,B_high_spd_treatment_related,1.5,1.5,1.0,348,High-risk and treatment-related deviation
2000,1269,0.6345,1.2082193392925609,0.03697369741117109,3.3475185475760005,0.9743376254300206,1.2641099066376067,1768.7973304437933,88.43986652218966,0.014464699541576415,-0.6832061079867635,-0.1832061079867635,True,True,B_high_spd_treatment_related,1.5,1.5,1.0,349,High-risk and treatment-related deviation
2000,1311,0.6555,1.16842340228226,0.03532233377736245,3.216916854574109,0.9104091069134302,1.2585315727255961,1741.7405161787888,87.08702580893943,0.01495905352613891,-1.1755639149901465,-0.6755639149901465,True,True,B_high_spd_treatment_related,1.5,1.5,1.0,350,High-risk and treatment-related deviation
2000,1310,0.655,1.2084655243406202,0.03737781026962453,3.3483427580404985,0.9592506798691058,1.2459956930032154,1732.6023332843642,86.6301166642182,0.015158725058504133,-0.8315168004796805,-0.33151680047968046,True,True,B_high_spd_treatment_related,1.5,1.5,1.0,351,High-risk and treatment-related deviation
2000,1294,0.647,1.1774369925008508,0.03559762842055895,3.2460438972806527,0.9836414054342257,1.335723630335064,1750.2297415978771,87.51148707989385,0.014826240949560041,-0.9673299980580192,-0.4673299980580192,True,True,B_high_spd_treatment_related,1.5,1.5,1.0,352,High-risk and treatment-related deviation
2000,1291,0.6455,1.2073734049262355,0.035546485694992656,3.344687964007451,0.9727638958887561,1.296793472477953,1747.8577768216803,87.39288884108402,0.01484033939230528,-0.7263042526327994,-0.2263042526327994,True,True,B_high_spd_treatment_related,1.5,1.5,1.0,353,High-risk and treatment-related deviation
2000,1298,0.649,1.171556327601724,0.035644272976004636,3.2270110187132506,0.9327871193010141,1.2304818390385963,1740.4541692691123,87.02270846345561,0.015018576572930806,-0.2819861532313038,0.21801384676869617,True,True,B_high_spd_treatment_related,1.5,1.5,1.0,354,High-risk and treatment-related deviation
2000,1303,0.6515,1.1867780776127694,0.03538444500394358,3.2765075297836126,0.9882625195433582,1.2499874921786307,1739.051156102941,86.95255780514705,0.014979681126703673,-0.651392243159124,-0.15139224315912403,True,True,B_high_spd_treatment_related,1.5,1.5,1.0,355,High-risk and treatment-related deviation
2000,1292,0.646,1.18007593600557,0.036434661460985715,3.254621336450317,0.9305288251778945,1.240222728727572,1747.5758776014925,87.37879388007462,0.01482794295792023,-0.567094963120782,-0.067094963120782,True,True,B_high_spd_treatment_related,1.5,1.5,1.0,356,High-risk and treatment-related deviation
2000,1306,0.653,1.2330453180678784,0.036522187434262214,3.4316641487035713,1.0273423678175144,1.3109378889433152,1739.0803412624837,86.95401706312418,0.014950855095434822,-0.858972491726862,-0.35897249172686196,True,True,B_high_spd_treatment_related,1.5,1.5,1.0,357,High-risk and treatment-related deviation
2000,1320,0.66,1.1425260622137134,0.0356299492218336,3.1346767609490582,0.9332857324991854,1.2319511658010092,1726.4773924348144,86.32386962174073,0.015225308928832603,-0.8341720113637213,-0.3341720113637213,True,True,B_high_spd_treatment_related,1.5,1.5,1.0,358,High-risk and treatment-related deviation
2000,1285,0.6425,1.2265918929335808,0.03700879303532295,3.4095894663003983,0.9730942628842474,1.2796513996018082,1749.6938475373,87.484692376865,0.014851373252266263,-0.5751225342977887,-0.0751225342977887,True,True,B_high_spd_treatment_related,1.5,1.5,1.0,359,High-risk and treatment-related deviation
2000,1312,0.656,1.2421466814506952,0.03715610393236728,3.4630395339389706,0.9973263954984503,1.3189916408172588,1736.946848632358,86.8473424316179,0.015028700531263525,-1.0343948720928675,-0.5343948720928675,True,True,B_high_spd_treatment_related,1.5,1.5,1.0,360,High-risk and treatment-related deviation
2000,1305,0.6525,1.277017233564157,0.03717401931925629,3.585927772882428,1.0088059379307768,1.3257911981210704,1742.8158630261005,87.14079315130503,0.014947990329329504,-0.8754864201030315,-0.37548642010303146,True,True,B_high_spd_treatment_related,1.5,1.5,1.0,361,High-risk and treatment-related deviation
2000,1331,0.6655,1.166609576669392,0.03556706091568782,3.2110872169600997,1.0094149682292566,1.2743969280023446,1724.9181554514553,86.24590777257276,0.015232674997844472,-0.668725579362961,-0.16872557936296095,True,True,B_high_spd_treatment_related,1.5,1.5,1.0,362,High-risk and treatment-related deviation
2000,1291,0.6455,1.1984511135129365,0.036501821586370484,3.3149784190062395,0.978523663630486,1.2213305428649217,1754.545524252196,87.7272762126098,0.014690130652495392,-0.7220674638512459,-0.22206746385124587,True,True,B_high_spd_treatment_related,1.5,1.5,1.0,363,High-risk and treatment-related deviation
2000,1291,0.6455,1.1851706045031514,0.03646567829171168,3.271244862966935,0.9183418396156725,1.2177704174228774,1747.5842063960556,87.37921031980278,0.014845496604081977,-0.9746802404507345,-0.47468024045073454,True,True,B_high_spd_treatment_related,1.5,1.5,1.0,364,High-risk and treatment-related deviation
2000,1272,0.636,1.2323453829235196,0.03687688575038261,3.4292630467680993,0.9106826684708189,1.18265690650172,1760.1992536084306,88.00996268042152,0.014591584505948142,-0.6206330252460504,-0.12063302524605035,True,True,B_high_spd_treatment_related,1.5,1.5,1.0,365,High-risk and treatment-related deviation
2000,1288,0.644,1.2297607435219546,0.03630081084892263,3.4204110828742813,1.0268824993521637,1.330712832562912,1753.5121552453893,87.67560776226948,0.014752600113020426,-0.8977688555095656,-0.39776885550956564,True,True,B_high_spd_treatment_related,1.5,1.5,1.0,366,High-risk and treatment-related deviation
2000,1298,0.649,1.143446308972051,0.03551949866423811,3.137562764790929,0.9596889061509766,1.2378478719159574,1746.2545742860295,87.31272871430149,0.014876945010475756,-0.5789332737917723,-0.07893327379177228,True,True,B_high_spd_treatment_related,1.5,1.5,1.0,367,High-risk and treatment-related deviation
2000,1294,0.647,1.1942753084899285,0.036330951293696456,3.301164577500421,0.9448601338122983,1.3144685159257716,1751.124117199881,87.55620585999405,0.014778928704195848,-1.6271916011357728,-1.1271916011357728,True,True,B_high_spd_treatment_related,1.5,1.5,1.0,368,High-risk and treatment-related deviation
2000,1274,0.637,1.2027988891099786,0.03615362017236763,3.329422578509882,1.0177538488582492,1.352880100624516,1762.7921075152851,88.13960537576425,0.014559325869021339,-0.7265421021239328,-0.22654210212393278,True,True,B_high_spd_treatment_related,1.5,1.5,1.0,369,High-risk and treatment-related deviation
2000,1316,0.658,1.2138111905015738,0.03566424476406313,3.366289807346406,0.989360547063251,1.3044017672218164,1736.6296030388398,86.83148015194199,0.015051309127417279,-1.046368251278184,-0.546368251278184,True,True,B_high_spd_treatment_related,1.5,1.5,1.0,370,High-risk and treatment-related deviation
2000,1287,0.6435,1.204760517261681,0.03605411159603602,3.335960077543524,0.9735811900827983,1.2903613752961485,1754.7887016843865,87.73943508421932,0.014716632850935656,-0.9761824198873793,-0.4761824198873793,True,True,B_high_spd_treatment_related,1.5,1.5,1.0,371,High-risk and treatment-related deviation
2000,1306,0.653,1.3094111555005328,0.03718659989987211,3.703991994614937,0.9557473173440421,1.3446340930236789,1744.9880905867044,87.24940452933522,0.014900051141818792,-0.8001722303094377,-0.30017223030943774,True,True,B_high_spd_treatment_related,1.5,1.5,1.0,372,High-risk and treatment-related deviation
2000,1265,0.6325,1.2121714543459072,0.03646896080180277,3.360774503296344,0.9534694551930074,1.2727077380513132,1766.9838417336948,88.34919208668474,0.014515648858346763,-0.756115519657781,-0.256115519657781,True,True,B_high_spd_treatment_related,1.5,1.5,1.0,373,High-risk and treatment-related deviation
2000,1272,0.636,1.1896028218321506,0.036501309824348405,3.2857759097266226,0.9459519485029512,1.2442361045494472,1761.6144383518474,88.08072191759237,0.014604494635305743,-0.8731235785331778,-0.3731235785331778,True,True,B_high_spd_treatment_related,1.5,1.5,1.0,374,High-risk and treatment-related deviation
2000,1289,0.6445,1.202960966770116,0.03653613788244325,3.3299622472639587,0.9232392274066326,1.2431956912361954,1745.5224533348814,87.27612266674407,0.014947357042134938,-0.7531712205906979,-0.25317122059069785,True,True,B_high_spd_treatment_related,1.5,1.5,1.0,375,High-risk and treatment-related deviation
2000,1279,0.6395,1.2316836253174495,0.03662448849592792,3.426994456574882,0.9597088474447538,1.2894584743937785,1757.3184370322642,87.86592185161321,0.01469843496272942,-0.9815838616701075,-0.48158386167010747,True,True,B_high_spd_treatment_related,1.5,1.5,1.0,376,High-risk and treatment-related deviation
2000,1330,0.665,1.2021025207490164,0.03635043943280623,3.3271048810451864,0.9609573240748313,1.2651809123577746,1723.8242847622307,86.19121423811154,0.01527373675516788,-0.5903700270045188,-0.0903700270045188,True,True,B_high_spd_treatment_related,1.5,1.5,1.0,377,High-risk and treatment-related deviation
2000,1288,0.644,1.160498924807796,0.03508643796675848,3.191525210057498,1.013400635601525,1.2565633998085128,1755.4766565736104,87.77383282868053,0.014739415756421518,-0.7909681189167652,-0.2909681189167652,True,True,B_high_spd_treatment_related,1.5,1.5,1.0,378,High-risk and treatment-related deviation
2000,1310,0.655,1.15981889494302,0.03473007416512818,3.18935561537867,0.9535441668343475,1.2782393755518209,1740.9103617762594,87.04551808881297,0.0149779931482539,-0.4848426665380558,0.0151573334619442,True,True,B_high_spd_treatment_related,1.5,1.5,1.0,379,High-risk and treatment-related deviation
2000,1316,0.658,1.1310515140528314,0.03406202758765609,3.0989133384428755,0.9548985979394308,1.3281916698355014,1738.307798966986,86.9153899483493,0.014950635174973102,-0.6891233720911044,-0.1891233720911044,True,True,B_high_spd_treatment_related,1.5,1.5,1.0,380,High-risk and treatment-related deviation
2000,1286,0.643,1.1455054253830015,0.03496733634733889,3.144030027909029,0.9150395148822177,1.2459018468546417,1758.2758578026528,87.91379289013264,0.014665628002323162,-0.727643847358049,-0.227643847358049,True,True,B_high_spd_treatment_related,1.5,1.5,1.0,381,High-risk and treatment-related deviation
2000,1282,0.641,1.1691215380946838,0.03571564222642942,3.219163483570708,1.0560230874263994,1.2802616240103077,1753.556629300366,87.6778314650183,0.014763635396221664,-0.7407902141093233,-0.24079021410932333,True,True,B_high_spd_treatment_related,1.5,1.5,1.0,382,High-risk and treatment-related deviation
2000,1301,0.6505,1.200072012507845,0.03635486065264952,3.3203560212914325,0.9898852587327456,1.282896322954922,1746.942678886693,87.34713394433466,0.014835517875650375,-0.8501225228601155,-0.35012252286011547,True,True,B_high_spd_treatment_related,1.5,1.5,1.0,383,High-risk and treatment-related deviation
2000,1281,0.6405,1.1850684036795676,0.036082947970458995,3.2709105561313034,0.88523587982772,1.2958235750412341,1763.1846793833492,88.15923396916746,0.014576568077085988,-0.8253805663447145,-0.32538056634471446,True,True,B_high_spd_treatment_related,1.5,1.5,1.0,384,High-risk and treatment-related deviation
2000,1273,0.6365,1.2022561395475115,0.0367192160689285,3.327616026159224,0.9796457592800529,1.2713629139592542,1765.906423004154,88.2953211502077,0.01452967943100497,-0.8195988523274733,-0.3195988523274733,True,True,B_high_spd_treatment_related,1.5,1.5,1.0,385,High-risk and treatment-related deviation
2000,1312,0.656,1.1181938119562365,0.03367370623785376,3.0593234965269285,1.018191136790243,1.2636257807566098,1733.709388498438,86.6854694249219,0.01512740283888916,-0.9250764553182497,-0.42507645531824967,True,True,B_high_spd_treatment_related,1.5,1.5,1.0,386,High-risk and treatment-related deviation
2000,1273,0.6365,1.2421450201121502,0.03770311928196285,3.4630337806626894,0.9745501670727489,1.3255564868242866,1763.2779523548636,88.16389761774317,0.01452332260251409,-0.9191548509084968,-0.4191548509084968,True,True,B_high_spd_treatment_related,1.5,1.5,1.0,387,High-risk and treatment-related deviation
2000,1307,0.6535,1.144031682716777,0.03536984463928055,3.139399949323201,0.9888850046953179,1.2422838799555336,1745.338311369279,87.26691556846394,0.014893694954237929,-1.0155752796549633,-0.5155752796549633,True,True,B_high_spd_treatment_related,1.5,1.5,1.0,388,High-risk and treatment-related deviation
2000,1306,0.653,1.1489763768857661,0.03582499351116617,3.1549617644478114,0.9961720378166198,1.2633401341284805,1742.4348563176443,87.12174281588221,0.014983810847352888,-0.6976061152926288,-0.19760611529262884,True,True,B_high_spd_treatment_related,1.5,1.5,1.0,389,High-risk and treatment-related deviation
2000,1322,0.661,1.1566697975310518,0.034317846684425515,3.1793278214014458,1.0268591734881314,1.3093458680344146,1737.298531004925,86.86492655024625,0.014994082407567987,-0.8447475863850599,-0.34474758638505987,True,True,B_high_spd_treatment_related,1.5,1.5,1.0,390,High-risk and treatment-related deviation
2000,1293,0.6465,1.263507424286973,0.03704351424824862,3.537808346598823,1.0643366498858673,1.3621525583745235,1752.4010756676662,87.62005378338331,0.014743932326447877,-0.710226100262786,-0.210226100262786,True,True,B_high_spd_treatment_related,1.5,1.5,1.0,391,High-risk and treatment-related deviation
2000,1318,0.659,1.190826767704504,0.03589260665942654,3.289799983710829,0.939235039782765,1.3124018139263636,1735.275092186938,86.7637546093469,0.01507348158764121,-0.8084849886751694,-0.3084849886751694,True,True,B_high_spd_treatment_related,1.5,1.5,1.0,392,High-risk and treatment-related deviation
2000,1265,0.6325,1.200508008497742,0.036664188226071696,3.3218039988350094,0.9256354432444792,1.2873480989213122,1768.6774389507361,88.43387194753682,0.014466821967364814,-1.1988097931450135,-0.6988097931450135,True,True,B_high_spd_treatment_related,1.5,1.5,1.0,393,High-risk and treatment-related deviation
2000,1265,0.6325,1.1865994670584927,0.03524674505288394,3.275922363217644,0.8925726046924956,1.284879810675285,1767.1231308052738,88.3561565402637,0.014483885105511324,-0.6675059618910943,-0.16750596189109435,True,True,B_high_spd_treatment_related,1.5,1.5,1.0,394,High-risk and treatment-related deviation
2000,1329,0.6645,1.0858750580802148,0.03457052366755976,2.962030633857319,0.913890573970691,1.2014829961734383,1728.1229341930498,86.40614670965249,0.015180214432118455,-1.016726235688346,-0.516726235688346,True,True,B_high_spd_treatment_related,1.5,1.5,1.0,395,High-risk and treatment-related deviation
2000,1304,0.652,1.1574037396779222,0.03578010768416869,3.181662120603789,0.9412114833572593,1.2852471686957478,1744.3838317432885,87.21919158716443,0.0148953264403726,-0.5888055322538222,-0.08880553225382215,True,True,B_high_spd_treatment_related,1.5,1.5,1.0,396,High-risk and treatment-related deviation
2000,1312,0.656,1.204953662488254,0.036533980457677494,3.336604464536672,0.9331420960508481,1.2919188339675136,1734.1500782899884,86.70750391449943,0.015104612551873689,-0.7878103730222682,-0.2878103730222682,True,True,B_high_spd_treatment_related,1.5,1.5,1.0,397,High-risk and treatment-related deviation
2000,1279,0.6395,1.2135142303769872,0.036081870542924145,3.365290301919795,0.9677579783150411,1.2956963215704735,1760.5393943698805,88.02696971849403,0.014615521301928258,-0.7664500560398798,-0.2664500560398798,True,True,B_high_spd_treatment_related,1.5,1.5,1.0,398,High-risk and treatment-related deviation
2000,1279,0.6395,1.1885496308695245,0.036726747997119384,3.282317181903432,0.985461234426764,1.2889598623356655,1755.9364988154016,87.79682494077008,0.014750323947316272,-1.135620267972627,-0.635620267972627,True,True,B_high_spd_treatment_related,1.5,1.5,1.0,399,High-risk and treatment-related deviation
2000,1260,0.63,1.2757329020664945,0.037953153388838805,3.58132520913683,0.9598878170591894,1.275111149015341,1771.1837425389472,88.55918712694736,0.014459498586570634,-0.7481347510879193,-0.24813475108791927,True,True,B_high_spd_treatment_related,1.5,1.5,1.0,400,High-risk and treatment-related deviation
2000,1281,0.6405,1.1590623554645583,0.03557783836147711,3.1869436544316625,1.0585533225013433,1.3169009461871384,1760.8254489477135,88.04127244738568,0.014591657979354081,-0.5107174962647143,-0.010717496264714299,True,True,B_high_spd_treatment_related,1.5,1.5,1.0,401,High-risk and treatment-related deviation
2000,1312,0.656,1.2472732679819554,0.03712785048323202,3.480838691248008,0.9779222281341384,1.2873840855741658,1731.4101280294399,86.570506401472,0.015151123607475597,-0.9408967177223632,-0.44089671772236316,True,True,B_high_spd_treatment_related,1.5,1.5,1.0,402,High-risk and treatment-related deviation
2000,1292,0.646,1.0980420774009299,0.03564989888917509,2.998289853817108,0.8838360386496352,1.1709940921974902,1743.0079685479664,87.15039842739833,0.014975325223197977,-0.5662869811720901,-0.06628698117209009,True,True,B_high_spd_treatment_related,1.5,1.5,1.0,403,High-risk and treatment-related deviation
2000,1272,0.636,1.2753205367739313,0.0372188966598578,3.5798486993708143,0.956206874640856,1.3828400502854146,1762.0943117483448,88.10471558741725,0.014589698281962332,-0.8474254404411496,-0.34742544044114965,True,True,B_high_spd_treatment_related,1.5,1.5,1.0,404,High-risk and treatment-related deviation
2000,1266,0.633,1.1727698656304932,0.03613197964389043,3.230929496433694,0.9295001955627982,1.2269212398370715,1766.482891641536,88.3241445820768,0.014499947513403097,-1.0408363267747582,-0.5408363267747582,True,True,B_high_spd_treatment_related,1.5,1.5,1.0,405,High-risk and treatment-related deviation
2000,1281,0.6405,1.273620156447343,0.03775926588713529,3.57376676733442,1.016192010833698,1.3386492190840296,1761.555799084784,88.0777899542392,0.01456354251688269,-0.483318197834928,0.01668180216507198,True,True,B_high_spd_treatment_related,1.5,1.5,1.0,406,High-risk and treatment-related deviation
2000,1309,0.6545,1.23894970980913,0.036327204552864194,3.4519859731300966,0.9294876359437284,1.2689649965710517,1733.5655989624045,86.67827994812022,0.015155286358331627,-0.9196885589325756,-0.4196885589325756,True,True,B_high_spd_treatment_related,1.5,1.5,1.0,407,High-risk and treatment-related deviation
2000,1316,0.658,1.1847987170234748,0.035621676391479014,3.2700285541384715,0.9759309357167568,1.2675231245422651,1731.016913919995,86.55084569599974,0.01519201080274316,-0.939859974063605,-0.439859974063605,True,True,B_high_spd_treatment_related,1.5,1.5,1.0,408,High-risk and treatment-related deviation
2000,1303,0.6515,1.1510661987333788,0.03651293616131046,3.161561966692843,0.9130932815031509,1.2333571225912126,1735.3959977929094,86.76979988964547,0.015101159904852118,-0.944496798837549,-0.444496798837549,True,True,B_high_spd_treatment_related,1.5,1.5,1.0,409,High-risk and treatment-related deviation
2000,1297,0.6485,1.2531541708599985,0.03690536796825049,3.5013694761298915,1.0358449796913751,1.4278308443281849,1751.5438291138755,87.57719145569376,0.014733792584134804,-0.901858019767626,-0.40185801976762603,True,True,B_high_spd_treatment_related,1.5,1.5,1.0,410,High-risk and treatment-related deviation
2000,1296,0.648,1.1783635801862156,0.03604952593658178,3.249053035481932,0.9697992242812438,1.2589871740057446,1747.1730824303654,87.35865412151827,0.014870184851685099,-1.1569920357133172,-0.6569920357133172,True,True,B_high_spd_treatment_related,1.5,1.5,1.0,411,High-risk and treatment-related deviation
2000,1315,0.6575,1.2047048152577144,0.036112389583494164,3.33577426305722,0.9697050946344269,1.3059469071709968,1732.772845680265,86.63864228401324,0.015121232788802126,-0.8065075910008616,-0.30650759100086156,True,True,B_high_spd_treatment_related,1.5,1.5,1.0,412,High-risk and treatment-related deviation
2000,1294,0.647,1.236572249524426,0.036018996562222086,3.443788761709027,0.981763150751242,1.3323336478914538,1747.9582933431268,87.39791466715634,0.014840837906733411,-0.4217818405436388,0.07821815945636118,True,True,B_high_spd_treatment_related,1.5,1.5,1.0,413,High-risk and treatment-related deviation
2000,1317,0.6585,1.223255700929089,0.03731342005144537,3.3982333747681537,1.021774709435771,1.2385516916633332,1728.5265368821954,86.42632684410978,0.01520825929259003,-0.9128501770488563,-0.4128501770488563,True,True,B_high_spd_treatment_related,1.5,1.5,1.0,414,High-risk and treatment-related deviation
2000,1314,0.657,1.2272384679549608,0.03627512286693146,3.4117947345413207,0.9845458453941441,1.297149574630533,1726.984430252136,86.3492215126068,0.015285362974848844,-0.6090380127711083,-0.10903801277110825,True,True,B_high_spd_treatment_related,1.5,1.5,1.0,415,High-risk and treatment-related deviation
2000,1289,0.6445,1.2080624104562883,0.03672170956539457,3.3469932666028726,0.9404605319415069,1.2476835389079466,1748.8114551362305,87.44057275681152,0.014886716679808386,-0.6181446119235883,-0.11814461192358827,True,True,B_high_spd_treatment_related,1.5,1.5,1.0,416,High-risk and treatment-related deviation
2000,1353,0.6765,1.1571790609232862,0.035213232096297016,3.1809473490208604,0.925202737707408,1.2903394734324385,1706.115212135948,85.30576060679739,0.01563737982801014,-0.43759687205455305,0.062403127945446946,True,True,B_high_spd_treatment_related,1.5,1.5,1.0,417,High-risk and treatment-related deviation
2000,1294,0.647,1.1685847904688937,0.035101751365115626,3.217436068848219,0.9530115853357158,1.294920082094871,1751.7239116587646,87.58619558293823,0.014801608521503942,-0.8096410547116974,-0.30964105471169745,True,True,B_high_spd_treatment_related,1.5,1.5,1.0,418,High-risk and treatment-related deviation
2000,1324,0.662,1.1580418846517981,0.03604393461837762,3.1836931302650036,0.9405844918201915,1.281797752763836,1725.2834185637698,86.26417092818849,0.015315418179854065,-1.3817451510399994,-0.8817451510399994,True,True,B_high_spd_treatment_related,1.5,1.5,1.0,419,High-risk and treatment-related deviation
2000,1293,0.6465,1.1953119802883927,0.03600526985367016,3.3045885761948024,0.9726054088490844,1.2724326313610477,1747.7323409838916,87.38661704919458,0.014846473332024763,-0.6800854858980525,-0.1800854858980525,True,True,B_high_spd_treatment_related,1.5,1.5,1.0,420,High-risk and treatment-related deviation
2000,1282,0.641,1.2742888845037301,0.036801183916226374,3.576157444706144,1.0172693238426271,1.3595472291673145,1755.9558551574803,87.79779275787402,0.014743601160690541,-0.5666481726638861,-0.06664817266388612,True,True,B_high_spd_treatment_related,1.5,1.5,1.0,421,High-risk and treatment-related deviation
2000,1327,0.6635,1.2087197620891967,0.03510942702529347,3.349194141387072,0.9854226096785496,1.3073227025673004,1724.4804388855075,86.22402194427538,0.015341887287701575,-0.5944806034018371,-0.09448060340183706,True,True,B_high_spd_treatment_related,1.5,1.5,1.0,422,High-risk and treatment-related deviation
2000,1326,0.663,1.2048207003273703,0.03636171223350551,3.336160851889555,1.0751873091320308,1.3582528149621311,1725.5551079768345,86.27775539884172,0.015274219614091762,-0.6795927799858402,-0.17959277998584022,True,True,B_high_spd_treatment_related,1.5,1.5,1.0,423,High-risk and treatment-related deviation
2000,1334,0.667,1.1712198141053203,0.03509556770535373,3.2259252686474316,0.9992101261452344,1.29085716662651,1715.7071988261082,85.7853599413054,0.015477839322739618,-0.8223684021233554,-0.3223684021233554,True,True,B_high_spd_treatment_related,1.5,1.5,1.0,424,High-risk and treatment-related deviation
2000,1292,0.646,1.2227937670715894,0.036739759191087115,3.39666397822327,0.9666282734661149,1.2862787287915758,1753.3241795443255,87.66620897721627,0.014710487273410016,-0.6048099163589516,-0.10480991635895165,True,True,B_high_spd_treatment_related,1.5,1.5,1.0,425,High-risk and treatment-related deviation
2000,1316,0.658,1.1156714796153517,0.034439229728507714,3.0516165897066183,0.9423045919524455,1.2141377660384327,1731.8241250779065,86.59120625389534,0.015106960600396879,-1.0413010153564282,-0.5413010153564282,True,True,B_high_spd_treatment_related,1.5,1.5,1.0,426,High-risk and treatment-related deviation
2000,1284,0.642,1.1482546187363785,0.03582423750228402,3.1526854666503743,0.9597997310994124,1.2494120327432585,1755.092647393744,87.7546323696872,0.014708235828889278,-0.8920741154049877,-0.3920741154049877,True,True,B_high_spd_treatment_related,1.5,1.5,1.0,427,High-risk and treatment-related deviation
2000,1290,0.645,1.2512710932184168,0.03665892818039027,3.4947823295551848,1.0024249906603369,1.3985684862283754,1756.5078579966234,87.82539289983117,0.014641754683190011,-0.6518656049922313,-0.15186560499223134,True,True,B_high_spd_treatment_related,1.5,1.5,1.0,428,High-risk and treatment-related deviation
2000,1311,0.6555,1.1890711717409912,0.03633701887487348,3.2840294909476744,0.9929595426646259,1.2945893636207515,1735.8379024240007,86.79189512120004,0.015098851039310197,-0.4768876154116618,0.023112384588338197,True,True,B_high_spd_treatment_related,1.5,1.5,1.0,429,High-risk and treatment-related deviation
2000,1304,0.652,1.1003980904010846,0.034318750215498614,3.00536219167948,0.9506355645389098,1.2872958566699926,1741.55042464589,87.0775212322945,0.014970102903428904,-0.8477359004010426,-0.34773590040104263,True,True,B_high_spd_treatment_related,1.5,1.5,1.0,430,High-risk and treatment-related deviation
2000,1269,0.6345,1.2667127612885336,0.0368196412979771,3.5491664080794036,1.0278806198327266,1.3083768066816863,1762.5065519106847,88.12532759553424,0.01458132044836651,-0.5641815656467306,-0.06418156564673061,True,True,B_high_spd_treatment_related,1.5,1.5,1.0,431,High-risk and treatment-related deviation
2000,1329,0.6645,1.200342788949683,0.03622741760251148,3.321255217215555,0.9123851133859142,1.2334443668737747,1728.4300262595837,86.42150131297917,0.015173130440042428,-0.9992770835525233,-0.4992770835525233,True,True,B_high_spd_treatment_related,1.5,1.5,1.0,432,High-risk and treatment-related deviation
2000,1311,0.6555,1.2071605914461727,0.036337111317425994,3.3439762450564863,0.9789321434029309,1.2819337723351194,1738.5295769739416,86.92647884869707,0.01502772648358975,-0.8380475770072436,-0.33804757700724364,True,True,B_high_spd_treatment_related,1.5,1.5,1.0,433,High-risk and treatment-related deviation
2000,1302,0.651,1.2078726741478527,0.03601128774118971,3.346358280697954,1.0633971044554749,1.3405979028775612,1742.0517979442925,87.10258989721463,0.014927617584153775,-0.5290240295842676,-0.02902402958426764,True,True,B_high_spd_treatment_related,1.5,1.5,1.0,434,High-risk and treatment-related deviation
2000,1295,0.6475,1.1806383185404943,0.03619447344266695,3.2564521934204667,0.9824114976124853,1.274745517713698,1750.591658308459,87.52958291542296,0.014784647374968716,-0.5443318780941835,-0.044331878094183486,True,True,B_high_spd_treatment_related,1.5,1.5,1.0,435,High-risk and treatment-related deviation
2000,1300,0.65,1.2052944858004084,0.036357803126765176,3.3377418509345147,0.9171971478577806,1.3322262515988237,1753.3308862347362,87.66654431173681,0.014724828887493685,-0.8546577227458954,-0.35465772274589535,True,True,B_high_spd_treatment_related,1.5,1.5,1.0,436,High-risk and treatment-related deviation
2000,1330,0.665,1.176955942032079,0.03523357150044363,3.244482761864779,0.9182085270436786,1.2482580390300502,1726.1790746791853,86.30895373395927,0.015230165415340209,-0.6706619120811906,-0.17066191208119064,True,True,B_high_spd_treatment_related,1.5,1.5,1.0,437,High-risk and treatment-related deviation
2000,1306,0.653,1.2380952204583173,0.03623257915549218,3.4490375477553443,1.0443313951097593,1.314456186344789,1742.923998910726,87.1461999455363,0.014960590602311847,-0.6521475353684321,-0.15214753536843206,True,True,B_high_spd_treatment_related,1.5,1.5,1.0,438,High-risk and treatment-related deviation
2000,1293,0.6465,1.164769142273873,0.035698286232434505,3.205182856559581,0.9401539198191555,1.2625463246147701,1753.7197161267643,87.68598580633821,0.014689886188390889,-0.7786825213658206,-0.2786825213658206,True,True,B_high_spd_treatment_related,1.5,1.5,1.0,439,High-risk and treatment-related deviation
2000,1304,0.652,1.1891758002119912,0.03628952741424369,3.2843731119079855,0.9619272313242828,1.2624126784997924,1739.0471344017728,86.95235672008864,0.01506971742442942,-1.052949087608502,-0.5529490876085019,True,True,B_high_spd_treatment_related,1.5,1.5,1.0,440,High-risk and treatment-related deviation
2000,1305,0.6525,1.2169613124204173,0.03620490040358479,3.3769107505037557,0.9642039474358395,1.2968189507137708,1743.3303744608052,87.16651872304026,0.014922745679336605,-0.6204533717213164,-0.12045337172131643,True,True,B_high_spd_treatment_related,1.5,1.5,1.0,441,High-risk and treatment-related deviation
2000,1289,0.6445,1.213992234884195,0.0358244848999304,3.366899310378186,1.0097696171728898,1.3311036635918114,1753.3837173860554,87.66918586930278,0.01473005698891237,-0.6889125226622255,-0.18891252266222547,True,True,B_high_spd_treatment_related,1.5,1.5,1.0,442,High-risk and treatment-related deviation
2000,1270,0.635,1.2088769162781534,0.03573654194468811,3.349720522636446,0.9078529890092359,1.301176135701537,1755.679262164586,87.78396310822929,0.014726876369478191,-0.8820873931252066,-0.38208739312520656,True,True,B_high_spd_treatment_related,1.5,1.5,1.0,443,High-risk and treatment-related deviation
2000,1321,0.6605,1.2117138957355076,0.036233378539675724,3.3592371037367745,1.0206225949721233,1.3184728434595638,1734.4974203820805,86.72487101910403,0.0150602044789886,-0.5217042961793392,-0.021704296179339222,True,True,B_high_spd_treatment_related,1.5,1.5,1.0,444,High-risk and treatment-related deviation
2000,1291,0.6455,1.2102362550322305,0.036232510474674504,3.354277023770855,1.0094096858119326,1.3605576427454158,1748.314274316786,87.4157137158393,0.014876098561765467,-0.5168721447655323,-0.016872144765532338,True,True,B_high_spd_treatment_related,1.5,1.5,1.0,445,High-risk and treatment-related deviation
2000,1321,0.6605,1.2447539067585556,0.036841562372215295,3.4720802387098417,1.020768537251283,1.2444618051008243,1724.2100589784704,86.21050294892352,0.015270921055963085,-1.0448344234457854,-0.5448344234457854,True,True,B_high_spd_treatment_related,1.5,1.5,1.0,446,High-risk and treatment-related deviation
2000,1273,0.6365,1.1737127591814995,0.036528244361679015,3.2339773556972515,0.8034822501269602,1.15471959803825,1760.6220967830286,88.03110483915144,0.014646335696776997,-1.1117755976215482,-0.6117755976215482,True,True,B_high_spd_treatment_related,1.5,1.5,1.0,447,High-risk and treatment-related deviation
2000,1270,0.635,1.2339897177160315,0.03749045665556119,3.4349065419347116,0.9753978296250738,1.3083283117387174,1765.3281126692268,88.26640563346135,0.014584743823955974,-0.7328947630361972,-0.23289476303619716,True,True,B_high_spd_treatment_related,1.5,1.5,1.0,448,High-risk and treatment-related deviation
2000,1290,0.645,1.264652187830176,0.03713144039778067,3.5418606196215237,0.9844567128495855,1.3199347349781332,1755.5210465070695,87.77605232535348,0.014698649735861977,-1.1933871918498757,-0.6933871918498757,True,True,B_high_spd_treatment_related,1.5,1.5,1.0,449,High-risk and treatment-related deviation
2000,1321,0.6605,1.2165004834841124,0.035475397135225156,3.3753549308255018,0.9965613766479225,1.3758613446957637,1731.7657745638269,86.58828872819134,0.015110375263540275,-0.9119898998251582,-0.4119898998251582,True,True,B_high_spd_treatment_related,1.5,1.5,1.0,450,High-risk and treatment-related deviation
2000,1302,0.651,1.2358221622598191,0.036409454622997675,3.4412065881656853,1.072473444335153,1.3679355128249495,1747.6744434891314,87.38372217445657,0.014850108043210485,-0.7432706054777063,-0.2432706054777063,True,True,B_high_spd_treatment_related,1.5,1.5,1.0,451,High-risk and treatment-related deviation
2000,1308,0.654,1.16394034759209,0.03546530617306684,3.20252751857092,0.9145529295328413,1.2460771734497635,1739.3254585889324,86.96627292944663,0.014948721717038609,-0.693311775250534,-0.193311775250534,True,True,B_high_spd_treatment_related,1.5,1.5,1.0,452,High-risk and treatment-related deviation
2000,1281,0.6405,1.2528495308182546,0.03701865684073026,3.5003029812432938,1.019730660078296,1.411995559211072,1761.3004553255455,88.06502276627728,0.014576309063574978,-0.898956464630793,-0.39895646463079304,True,True,B_high_spd_treatment_related,1.5,1.5,1.0,453,High-risk and treatment-related deviation
2000,1308,0.654,1.1766043786181217,0.03644136283901189,3.2433423209088965,0.9902817012898997,1.2499671528603935,1740.2581341385692,87.01290670692846,0.01498759572971035,-1.1297420973186119,-0.6297420973186119,True,True,B_high_spd_treatment_related,1.5,1.5,1.0,454,High-risk and treatment-related deviation
2000,1287,0.6435,1.2237648227472846,0.03647526980109116,3.3999639300169053,0.9987937386029687,1.323684484287564,1754.0581090929174,87.70290545464587,0.014726125471431347,-1.1144487230904594,-0.6144487230904594,True,True,B_high_spd_treatment_related,1.5,1.5,1.0,455,High-risk and treatment-related deviation
2000,1298,0.649,1.2038074545589121,0.03668606581092976,3.332782213008318,0.9190069196012735,1.224239968991539,1744.2684491152395,87.21342245576197,0.01492474520339597,-0.5372342492807494,-0.037234249280749365,True,True,B_high_spd_treatment_related,1.5,1.5,1.0,456,High-risk and treatment-related deviation
2000,1318,0.659,1.145450230300358,0.03547756973355703,3.1438564977008565,0.9713266889371879,1.2536966624461972,1728.496787207761,86.42483936038803,0.015254371025288552,-0.7542621235435737,-0.2542621235435737,True,True,B_high_spd_treatment_related,1.5,1.5,1.0,457,High-risk and treatment-related deviation
2000,1279,0.6395,1.3067739852239761,0.038142512995052,3.6942368057229023,1.0780813909970923,1.3618653666900562,1756.4173715224995,87.82086857612498,0.014653546012059196,-0.6984587412968329,-0.19845874129683294,True,True,B_high_spd_treatment_related,1.5,1.5,1.0,458,High-risk and treatment-related deviation
2000,1302,0.651,1.211097188679726,0.03589844944532466,3.3571660771868386,0.9389032660524684,1.2684017213573904,1743.4212301897455,87.17106150948727,0.014891172973460074,-0.7154225224031553,-0.2154225224031553,True,True,B_high_spd_treatment_related,1.5,1.5,1.0,459,High-risk and treatment-related deviation
2000,1290,0.645,1.171021013717748,0.03509238398348313,3.2252840171963753,0.9199892056697077,1.3172964853255928,1750.172149144732,87.50860745723661,0.014813488357504524,-0.8366210443011246,-0.3366210443011246,True,True,B_high_spd_treatment_related,1.5,1.5,1.0,460,High-risk and treatment-related deviation
2000,1323,0.6615,1.2075095409592922,0.03518015557161072,3.345143327553674,1.0612279010026735,1.3597991116886743,1735.275803047369,86.76379015236846,0.015068940518525567,-0.9691203183723036,-0.4691203183723036,True,True,B_high_spd_treatment_related,1.5,1.5,1.0,461,High-risk and treatment-related deviation
2000,1291,0.6455,1.1966707593159045,0.03549687988413123,3.3090818338274914,0.9468128775586173,1.331238411963285,1753.71727339369,87.68586366968451,0.014736830350334552,-1.2779641958435735,-0.7779641958435735,True,True,B_high_spd_treatment_related,1.5,1.5,1.0,462,High-risk and treatment-related deviation
2000,1328,0.664,1.1564890183438474,0.03486041518817867,3.1787531170508943,0.9911113019471612,1.3476603803492022,1723.8535059415822,86.19267529707912,0.015329560964765818,-0.7807010687626083,-0.28070106876260825,True,True,B_high_spd_treatment_related,1.5,1.5,1.0,463,High-risk and treatment-related deviation
2000,1294,0.647,1.19234572154189,0.036777703688048155,3.29480083509001,1.0359071468427883,1.3282199786910482,1753.3235783627013,87.66617891813506,0.014733669976282456,-0.5222657871115636,-0.022265787111563573,True,True,B_high_spd_treatment_related,1.5,1.5,1.0,464,High-risk and treatment-related deviation
2000,1304,0.652,1.1959920888937936,0.03660643653904442,3.30683681976102,0.9609807516855979,1.2463836149419072,1743.6865022552586,87.18432511276293,0.014922555892667713,-1.157455058279207,-0.6574550582792069,True,True,B_high_spd_treatment_related,1.5,1.5,1.0,465,High-risk and treatment-related deviation
2000,1269,0.6345,1.2115561603396234,0.03627674517306455,3.358707274929825,0.978822915354568,1.3366038783453733,1765.9699889889673,88.29849944944837,0.014546131437911117,-0.546562795053051,-0.046562795053051054,True,True,B_high_spd_treatment_related,1.5,1.5,1.0,466,High-risk and treatment-related deviation
2000,1288,0.644,1.198648695993423,0.035727578932549804,3.3156334653757384,0.967473530308116,1.2669764926576472,1752.38772003846,87.619386001923,0.014728406406280573,-0.8144031869252503,-0.31440318692525027,True,True,B_high_spd_treatment_related,1.5,1.5,1.0,467,High-risk and treatment-related deviation
2000,1269,0.6345,1.2587945896050394,0.03710099506759863,3.5211744678728647,0.9403160191553643,1.266953314519194,1758.7178179332557,87.93589089666278,0.014702157011356031,-0.9499369724596052,-0.4499369724596052,True,True,B_high_spd_treatment_related,1.5,1.5,1.0,468,High-risk and treatment-related deviation
2000,1312,0.656,1.176081279834051,0.03663493460340401,3.2416461761488113,0.9853052456359824,1.2611267183921429,1731.6494267957514,86.58247133978757,0.015177254741027973,-0.7663061153579568,-0.2663061153579568,True,True,B_high_spd_treatment_related,1.5,1.5,1.0,469,High-risk and treatment-related deviation
2000,1312,0.656,1.1583916921340964,0.03505348506033496,3.1848070047527686,0.982114892953677,1.3116934839230736,1740.1789029643905,87.00894514821952,0.014954907185840293,-0.8794171520036239,-0.3794171520036239,True,True,B_high_spd_treatment_related,1.5,1.5,1.0,470,High-risk and treatment-related deviation
2000,1282,0.641,1.2122022083592434,0.03675549886003738,3.3608778621895805,0.9999054331094748,1.2643061397580395,1754.9440471171022,87.74720235585511,0.01474212236324503,-0.6923466345430861,-0.1923466345430861,True,True,B_high_spd_treatment_related,1.5,1.5,1.0,471,High-risk and treatment-related deviation
2000,1277,0.6385,1.3067586609032988,0.0372310399894741,3.694180194487199,1.1340637451530335,1.3741252976277825,1757.2471490875184,87.86235745437591,0.014646896151577389,-0.8109470146214124,-0.3109470146214124,True,True,B_high_spd_treatment_related,1.5,1.5,1.0,472,High-risk and treatment-related deviation
2000,1283,0.6415,1.2952802602624272,0.03754304035327956,3.6520193466297277,0.9987209488637747,1.3202922842891434,1760.234480047224,88.01172400236119,0.014593924359056949,-0.7078560258824285,-0.20785602588242846,True,True,B_high_spd_treatment_related,1.5,1.5,1.0,473,High-risk and treatment-related deviation
2000,1338,0.669,1.1928969730485155,0.0352458706445746,3.2966175997154963,0.9769477749336198,1.2689854529909161,1718.50167241315,85.92508362065749,0.015405096399072508,-1.1053234626715345,-0.6053234626715345,True,True,B_high_spd_treatment_related,1.5,1.5,1.0,474,High-risk and treatment-related deviation
2000,1296,0.648,1.2167096921371048,0.03584180452274709,3.3760611581558093,1.031601111146903,1.345472397269936,1747.9407958062927,87.39703979031464,0.014820041187995394,-0.6701360320865469,-0.17013603208654693,True,True,B_high_spd_treatment_related,1.5,1.5,1.0,475,High-risk and treatment-related deviation
2000,1322,0.661,1.1728510869912652,0.036004215675918695,3.2311919275813157,0.962338245952542,1.239010014108299,1722.672601613589,86.13363008067945,0.015370048062579522,-0.614196086900318,-0.11419608690031802,True,True,B_high_spd_treatment_related,1.5,1.5,1.0,476,High-risk and treatment-related deviation
2000,1270,0.635,1.2256551082543485,0.037540693468767386,3.4063969107279433,0.9331517438269316,1.2643861234395202,1764.3316490499242,88.21658245249621,0.014563953058171396,-0.4008491352159887,0.0991508647840113,True,True,B_high_spd_treatment_related,1.5,1.5,1.0,477,High-risk and treatment-related deviation
2000,1346,0.673,1.1906641728741216,0.035324322531700626,3.28926512272448,0.9662482344762293,1.2944460356537804,1712.894160039897,85.64470800199484,0.015445532785613484,-0.3732769514154529,0.12672304858454708,True,True,B_high_spd_treatment_related,1.5,1.5,1.0,478,High-risk and treatment-related deviation
2000,1282,0.641,1.1462486989678025,0.03517628856593628,3.1463677710623372,0.9642217330211085,1.2522484298045509,1753.3922213611809,87.66961106805906,0.014791955973254575,-0.5997292630126286,-0.09972926301262863,True,True,B_high_spd_treatment_related,1.5,1.5,1.0,479,High-risk and treatment-related deviation
2000,1311,0.6555,1.2430465219961195,0.0369095896350709,3.4661571197767245,0.9330555310499821,1.3391299643780112,1743.709352871015,87.18546764355074,0.014891790087093916,-1.0045468668482465,-0.5045468668482465,True,True,B_high_spd_treatment_related,1.5,1.5,1.0,480,High-risk and treatment-related deviation
2000,1299,0.6495,1.2195491328875172,0.036952096339074425,3.3856609062924186,0.9174933328395065,1.248739954335839,1750.2283889762243,87.51141944881121,0.014787851161865704,-1.108230310403347,-0.6082303104033471,True,True,B_high_spd_treatment_related,1.5,1.5,1.0,481,High-risk and treatment-related deviation
2000,1315,0.6575,1.1670836881702014,0.03561368474165143,3.2126099912936503,0.9390331308388564,1.2270666667466508,1734.5255429185922,86.7262771459296,0.015110604960652349,-0.9382661518150139,-0.43826615181501394,True,True,B_high_spd_treatment_related,1.5,1.5,1.0,482,High-risk and treatment-related deviation
2000,1289,0.6445,1.1388538802842352,0.035228540910989904,3.1231867671782942,0.9747352212348386,1.2860751638305998,1755.5083883157372,87.77541941578686,0.014711428900816484,-0.5410335836320487,-0.041033583632048676,True,True,B_high_spd_treatment_related,1.5,1.5,1.0,483,High-risk and treatment-related deviation
2000,1290,0.645,1.2385299491774722,0.036787873321196846,3.450537269393211,0.9572697419231146,1.341744010985459,1753.4445465154422,87.67222732577211,0.014701574994348814,-0.9546818461110381,-0.4546818461110381,True,True,B_high_spd_treatment_related,1.5,1.5,1.0,484,High-risk and treatment-related deviation
2000,1275,0.6375,1.247776839003534,0.037363125232817235,3.4825919821599074,0.9193084935272662,1.2745433856460988,1754.5476439216295,87.72738219608148,0.014779895675590078,-0.6958167597992247,-0.19581675979922475,True,True,B_high_spd_treatment_related,1.5,1.5,1.0,485,High-risk and treatment-related deviation
2000,1293,0.6465,1.16361671548884,0.036587035418011435,3.201491245549022,0.9126817391721552,1.2363392836613551,1742.7965547648034,87.13982773824017,0.01499744568810568,-0.7909302617657913,-0.2909302617657913,True,True,B_high_spd_treatment_related,1.5,1.5,1.0,486,High-risk and treatment-related deviation
2000,1271,0.6355,1.170137475733615,0.03480634534007039,3.2224356147787283,0.9444461453402458,1.2487244551013403,1767.4901468360163,88.37450734180081,0.014507486629986993,-0.5718682788059793,-0.07186827880597935,True,True,B_high_spd_treatment_related,1.5,1.5,1.0,487,High-risk and treatment-related deviation
2000,1264,0.632,1.1938314228046178,0.03530636641340921,3.2996995629731574,1.002140513922413,1.3395528000060781,1772.248277663943,88.61241388319715,0.014436964316323804,-0.7551878988704958,-0.25518789887049576,True,True,B_high_spd_treatment_related,1.5,1.5,1.0,488,High-risk and treatment-related deviation
2000,1268,0.634,1.2197665243785627,0.03672944872572587,3.386397000172386,0.9438713297913404,1.2729973846114515,1765.786221658493,88.28931108292466,0.014547653126052686,-0.8988318291748814,-0.39883182917488136,True,True,B_high_spd_treatment_related,1.5,1.5,1.0,489,High-risk and treatment-related deviation
2000,1302,0.651,1.0929497877563932,0.034495989840228884,2.9830605024871013,0.8984622499750167,1.2206933470730381,1740.0899474793098,87.00449737396549,0.014993609994893539,-0.9019425054980409,-0.4019425054980409,True,True,B_high_spd_treatment_related,1.5,1.5,1.0,490,High-risk and treatment-related deviation
2000,1288,0.644,1.1219310819160135,0.03501775565410278,3.0707784060396106,0.9755677092340219,1.2306723631919159,1755.6632925377655,87.78316462688828,0.014664215565893974,-0.9238157013530064,-0.4238157013530064,True,True,B_high_spd_treatment_related,1.5,1.5,1.0,491,High-risk and treatment-related deviation
2000,1281,0.6405,1.2039731785353753,0.03569983742055189,3.3333345806983643,0.9820558246726263,1.3490342485211084,1764.549427452622,88.2274713726311,0.01455603752362755,-0.5995118104889836,-0.09951181048898361,True,True,B_high_spd_treatment_related,1.5,1.5,1.0,492,High-risk and treatment-related deviation
2000,1277,0.6385,1.1881080964964728,0.034941656393888014,3.2808682459454177,1.039304812685534,1.3217610567246485,1756.4394559163632,87.82197279581816,0.014664710610567365,-0.7939829309148589,-0.29398293091485894,True,True,B_high_spd_treatment_related,1.5,1.5,1.0,493,High-risk and treatment-related deviation
2000,1329,0.6645,1.195915876371427,0.03552926492563852,3.306584806989318,1.0515232130372185,1.3368466652517799,1726.7347929345715,86.33673964672857,0.015239197956923722,-0.547280486050226,-0.047280486050225945,True,True,B_high_spd_treatment_related,1.5,1.5,1.0,494,High-risk and treatment-related deviation
2000,1276,0.638,1.144801315256052,0.034999141902544995,3.1418170637036265,0.9508416104897814,1.2468746117758265,1753.1462239253779,87.65731119626888,0.014783070300845528,-0.8167726007221652,-0.3167726007221652,True,True,B_high_spd_treatment_related,1.5,1.5,1.0,495,High-risk and treatment-related deviation
2000,1296,0.648,1.1880206997500609,0.03569343121821407,3.2805815212649003,0.9178972295292736,1.2190563917787929,1741.4077386060965,87.07038693030482,0.015028592860581383,-0.8741392760029736,-0.3741392760029736,True,True,B_high_spd_treatment_related,1.5,1.5,1.0,496,High-risk and treatment-related deviation
2000,1290,0.645,1.2116380805678109,0.035109351821622545,3.358982432266524,0.9706898536975523,1.3339250037552919,1755.6342387316738,87.78171193658369,0.014686249782247916,-1.0404683185986439,-0.5404683185986439,True,True,B_high_spd_treatment_related,1.5,1.5,1.0,497,High-risk and treatment-related deviation
2000,1281,0.6405,1.2099701470298676,0.036841663390391105,3.3533845425661495,0.9737983542198927,1.2962575423321694,1753.7218137616796,87.68609068808398,0.014737823279302642,-0.6661870622743536,-0.16618706227435365,True,True,B_high_spd_treatment_related,1.5,1.5,1.0,498,High-risk and treatment-related deviation
2000,1252,0.626,1.2494183548141364,0.03672144581887991,3.488313406580089,1.0441094966179576,1.3462019519118302,1776.9567081106559,88.84783540553279,0.0143419924190282,-0.8149615430257944,-0.3149615430257944,True,True,B_high_spd_treatment_related,1.5,1.5,1.0,499,High-risk and treatment-related deviation
2000,1301,0.6505,1.1599768308640466,0.03501523432431118,3.1898593689746138,0.9953449613803594,1.3015035309261993,1742.5341045163632,87.12670522581817,0.014987185016402794,-0.7782085983327865,-0.27820859833278655,True,True,B_high_spd_treatment_related,1.5,1.5,1.0,500,High-risk and treatment-related deviation
2000,1317,0.6585,0.268394339063647,0.028381492168046835,1.3078627797237492,0.9370604651349076,0.3789202729480152,1740.440497697258,87.0220248848629,0.014997881804539539,-0.6224084623011604,-0.12240846230116043,True,True,C_low_observed_spd,1.5,1.5,0.3,1,Strong latent selection but noisy observed score
2000,1274,0.637,0.23806436459018773,0.028345551234324907,1.2687908554002354,0.9661949615767585,0.3288840718610108,1764.621248377079,88.23106241885395,0.014529848043491137,-0.8035044817078382,-0.30350448170783817,True,True,C_low_observed_spd,1.5,1.5,0.3,2,Strong latent selection but noisy observed score
2000,1317,0.6585,0.244220485801759,0.028213523555062056,1.2766257773188578,0.9903610407661715,0.3190361711729966,1731.2298839979221,86.5614941998961,0.015190739776750067,-1.0623645278760114,-0.5623645278760114,True,True,C_low_observed_spd,1.5,1.5,0.3,3,Strong latent selection but noisy observed score
2000,1299,0.6495,0.24132361683730752,0.028558314568161904,1.272932911182472,0.9255277395237762,0.293212063127323,1748.4811578982979,87.4240578949149,0.014796185446831424,-0.753688979297462,-0.25368897929746204,True,True,C_low_observed_spd,1.5,1.5,0.3,4,Strong latent selection but noisy observed score
2000,1318,0.659,0.18019740689131758,0.027513415786860528,1.1974537254087,0.9580259390979585,0.26337682619047503,1733.4114530183456,86.67057265091728,0.015148081357452154,-1.0535697992380182,-0.5535697992380182,True,True,C_low_observed_spd,1.5,1.5,0.3,5,Strong latent selection but noisy observed score
2000,1304,0.652,0.2561912563722011,0.027938666198811135,1.2919998075072483,0.9960506638460864,0.36251239416299214,1744.7322308692555,87.23661154346277,0.014901687193200116,-0.7982520766863611,-0.2982520766863611,True,True,C_low_observed_spd,1.5,1.5,0.3,6,Strong latent selection but noisy observed score
2000,1319,0.6595,0.25803728413754246,0.027653406899027674,1.2943870778304236,0.9064901101915789,0.37653845972152156,1725.5790817276359,86.2789540863818,0.015262123865821013,-0.9910766090624019,-0.4910766090624019,True,True,C_low_observed_spd,1.5,1.5,0.3,7,Strong latent selection but noisy observed score
2000,1284,0.642,0.2601042754010336,0.02816502119943794,1.2970653316219098,0.9445040702044373,0.34868068003925196,1749.2501697986088,87.46250848993043,0.0148526239212901,-1.0989414921105205,-0.5989414921105205,True,True,C_low_observed_spd,1.5,1.5,0.3,8,Strong latent selection but noisy observed score
2000,1287,0.6435,0.2411705717022994,0.02852661714965803,1.2727381099002986,0.9536152028038825,0.33358604797254304,1756.6954878709646,87.83477439354823,0.014701577294873942,-0.9806351154180085,-0.4806351154180085,True,True,C_low_observed_spd,1.5,1.5,0.3,9,Strong latent selection but noisy observed score
2000,1293,0.6465,0.2337838844128934,0.02818131930128216,1.2633714284441808,0.9713817147823995,0.32235094854333946,1751.612111700359,87.58060558501795,0.014752238299521396,-1.1813683148895868,-0.6813683148895868,True,True,C_low_observed_spd,1.5,1.5,0.3,10,Strong latent selection but noisy observed score
2000,1260,0.63,0.2432326117544553,0.028377093633960914,1.2753652545666936,0.9594752531274157,0.34938223673100166,1766.998851815962,88.34994259079811,0.014523576061541811,-0.7247418550878159,-0.22474185508781586,True,True,C_low_observed_spd,1.5,1.5,0.3,11,Strong latent selection but noisy observed score
2000,1267,0.6335,0.19924498182075415,0.028540028623106315,1.220480924917797,0.9919009626244866,0.271355614806838,1762.8553093777814,88.14276546888908,0.014602580862972595,-0.8972502853328568,-0.3972502853328568,True,True,C_low_observed_spd,1.5,1.5,0.3,12,Strong latent selection but noisy observed score
2000,1227,0.6135,0.2656512909551033,0.028806271656359263,1.3042801650881357,0.9546323300853374,0.3707136188576562,1792.5383682931595,89.62691841465798,0.014026873664613675,-0.7216270356258936,-0.2216270356258936,True,True,C_low_observed_spd,1.5,1.5,0.3,13,Strong latent selection but noisy observed score
2000,1321,0.6605,0.268553339558415,0.027607664238232795,1.3080707470858324,0.9415551552959525,0.39020751538074616,1733.9103267374162,86.69551633687081,0.015112454766447975,-0.8890024650779746,-0.38900246507797465,True,True,C_low_observed_spd,1.5,1.5,0.3,14,Strong latent selection but noisy observed score
2000,1321,0.6605,0.21912491786189012,0.027539950666493007,1.244986788061901,0.9041147867233797,0.3175209198299163,1722.9631645515005,86.14815822757502,0.015270309015057555,-0.6186798220713561,-0.11867982207135608,True,True,C_low_observed_spd,1.5,1.5,0.3,15,Strong latent selection but noisy observed score
2000,1300,0.65,0.2814837173954344,0.028577762945402874,1.3250944201574086,0.9584045195277043,0.37742558146752136,1741.3645280372687,87.06822640186343,0.01495604853543675,-0.7933084818393193,-0.29330848183931935,True,True,C_low_observed_spd,1.5,1.5,0.3,16,Strong latent selection but noisy observed score
2000,1254,0.627,0.2488079165098957,0.028792940713286884,1.282495663165749,0.9095831440966825,0.29923300029626476,1767.9539885036031,88.39769942518015,0.014505520075192591,-1.0325561194479524,-0.5325561194479524,True,True,C_low_observed_spd,1.5,1.5,0.3,17,Strong latent selection but noisy observed score
2000,1302,0.651,0.24140227944500534,0.028082631846720427,1.2730330473431242,0.9637969365459707,0.32463684408387766,1746.405749894854,87.32028749474269,0.014845661169327702,-0.7508367279623099,-0.25083672796230994,True,True,C_low_observed_spd,1.5,1.5,0.3,18,Strong latent selection but noisy observed score
2000,1350,0.675,0.2299413948523173,0.02792278440581966,1.258526251651351,0.9839369065450615,0.31442833593515584,1708.3668253841417,85.41834126920709,0.015567265600475052,-0.696484471786241,-0.19648447178624096,True,True,C_low_observed_spd,1.5,1.5,0.3,19,Strong latent selection but noisy observed score
2000,1260,0.63,0.22682126573358097,0.028833731757942155,1.2546056068865168,0.9446381635107965,0.3016868513855744,1766.2387463425316,88.31193731712658,0.014558032678565484,-0.7008838992022615,-0.20088389920226146,True,True,C_low_observed_spd,1.5,1.5,0.3,20,Strong latent selection but noisy observed score
2000,1270,0.635,0.2129036121726323,0.028399888644824473,1.2372653881732956,0.9469629190558977,0.28866051772026746,1763.4777069015552,88.17388534507775,0.014597374065118926,-0.7917710019863151,-0.2917710019863151,True,True,C_low_observed_spd,1.5,1.5,0.3,21,Strong latent selection but noisy observed score
2000,1292,0.646,0.19997987190910765,0.027948993451033445,1.2213781739018554,1.015605825280719,0.25630726052951297,1750.6471285738223,87.53235642869112,0.014830822537316367,-0.8989914610123827,-0.3989914610123827,True,True,C_low_observed_spd,1.5,1.5,0.3,22,Strong latent selection but noisy observed score
2000,1271,0.6355,0.25351046215340556,0.028569204952872143,1.2885408603269222,0.9674449212338536,0.3445817640213936,1760.614142161646,88.0307071080823,0.014689193283711356,-0.5777660981497168,-0.0777660981497168,True,True,C_low_observed_spd,1.5,1.5,0.3,23,Strong latent selection but noisy observed score
2000,1256,0.628,0.24412218536354316,0.02825448047270281,1.27650029061331,1.0100097183940133,0.30994988546884095,1776.1782034798432,88.80891017399216,0.01432506213038299,-0.6040684891708998,-0.10406848917089984,True,True,C_low_observed_spd,1.5,1.5,0.3,24,Strong latent selection but noisy observed score
2000,1290,0.645,0.23972987736387455,0.027954302435092917,1.2709058035247063,1.0644609164817194,0.32454409903197357,1753.354254899847,87.66771274499236,0.014715427139715536,-0.9353963900758471,-0.4353963900758471,True,True,C_low_observed_spd,1.5,1.5,0.3,25,Strong latent selection but noisy observed score
2000,1276,0.638,0.2553552882348068,0.02849125880186597,1.2909201881612133,0.9490307696080648,0.3431291438666192,1761.8878358687273,88.09439179343637,0.014615784355239511,-0.835089943020881,-0.335089943020881,True,True,C_low_observed_spd,1.5,1.5,0.3,26,Strong latent selection but noisy observed score
2000,1303,0.6515,0.2554814958690606,0.02832958437479727,1.2910831224257293,0.9296741074567259,0.32682528939154376,1740.9847748979112,87.04923874489556,0.014938400748089413,-1.15808900631277,-0.65808900631277,True,True,C_low_observed_spd,1.5,1.5,0.3,27,Strong latent selection but noisy observed score
2000,1337,0.6685,0.19810262514892335,0.027730564332231148,1.2190874964380682,0.9747657000378963,0.27246910267754426,1722.8081691776124,86.14040845888061,0.015313929105829361,-1.1332558131995738,-0.6332558131995738,True,True,C_low_observed_spd,1.5,1.5,0.3,28,Strong latent selection but noisy observed score
2000,1312,0.656,0.25622223344301226,0.027868339823352815,1.2920398304966678,0.9310497883190498,0.3357780189742536,1741.717471011423,87.08587355057115,0.014948210565146629,-0.9679732009264949,-0.46797320092649486,True,True,C_low_observed_spd,1.5,1.5,0.3,29,Strong latent selection but noisy observed score
2000,1261,0.6305,0.24582400364839088,0.028067711393973575,1.278674511688334,0.902176104198779,0.34030385153687565,1761.4880056074717,88.07440028037358,0.014585601480381375,-0.8683886099751504,-0.36838860997515044,True,True,C_low_observed_spd,1.5,1.5,0.3,30,Strong latent selection but noisy observed score
2000,1288,0.644,0.26220493248956994,0.028430337293562265,1.2997928849291676,0.9647322388795239,0.36327403281892806,1744.5504485225083,87.22752242612542,0.014956155013646336,-0.8561013763567763,-0.3561013763567763,True,True,C_low_observed_spd,1.5,1.5,0.3,31,Strong latent selection but noisy observed score
2000,1239,0.6195,0.2472623415764034,0.028939239005916984,1.2805150010415967,0.9269198389334755,0.28802372056372727,1773.0070705365292,88.65035352682646,0.014469125931896051,-0.6842551150620484,-0.1842551150620484,True,True,C_low_observed_spd,1.5,1.5,0.3,32,Strong latent selection but noisy observed score
2000,1296,0.648,0.24180533424721642,0.027848941804499698,1.2735462528442525,0.9213423078712287,0.3083387695672372,1743.1409154702096,87.15704577351049,0.014963501200175118,-0.8838400639783195,-0.3838400639783195,True,True,C_low_observed_spd,1.5,1.5,0.3,33,Strong latent selection but noisy observed score
2000,1325,0.6625,0.31713909684227315,0.027700805668034272,1.3731935655306422,1.0314991195269363,0.46951303325189864,1726.3015942489046,86.31507971244524,0.015263212865666056,-0.5889776631455086,-0.08897766314550859,True,True,C_low_observed_spd,1.5,1.5,0.3,34,Strong latent selection but noisy observed score
2000,1335,0.6675,0.2818679306954912,0.02835866571575662,1.3256036368751176,1.005953427004757,0.41070264565888837,1727.1580061679551,86.35790030839776,0.01517020752617369,-0.5787232010434388,-0.07872320104343877,True,True,C_low_observed_spd,1.5,1.5,0.3,35,Strong latent selection but noisy observed score
2000,1306,0.653,0.20148836381439109,0.02765169844394351,1.2232220033417252,0.9399584795208055,0.26678824037321003,1742.2275571464356,87.11137785732178,0.014957816577995204,-0.4905272500526224,0.009472749947377623,True,True,C_low_observed_spd,1.5,1.5,0.3,36,Strong latent selection but noisy observed score
2000,1322,0.661,0.2577085664136016,0.028093090860612117,1.293961659781358,0.9776950398217363,0.3370664322179301,1734.6855702766995,86.73427851383497,0.015018924412194304,-0.6855272529200834,-0.18552725292008343,True,True,C_low_observed_spd,1.5,1.5,0.3,37,Strong latent selection but noisy observed score
2000,1277,0.6385,0.2828939493521159,0.028741264411500413,1.3269644289174756,0.9325814806097024,0.3534840549205037,1761.29153518017,88.0645767590085,0.0145707815870225,-0.8942348348477828,-0.39423483484778277,True,True,C_low_observed_spd,1.5,1.5,0.3,38,Strong latent selection but noisy observed score
2000,1258,0.629,0.21139437799673988,0.028592162154242963,1.2353994733701905,0.9324767749759091,0.27482359476165286,1775.0909653436877,88.75454826718438,0.01437938742154694,-0.5939979989809466,-0.09399799898094663,True,True,C_low_observed_spd,1.5,1.5,0.3,39,Strong latent selection but noisy observed score
2000,1291,0.6455,0.24971142013518038,0.02824303031393544,1.2836549262671777,0.9563469174618452,0.33167512741352306,1747.4505993693283,87.37252996846642,0.014898303203380595,-0.7520155097154044,-0.25201550971540443,True,True,C_low_observed_spd,1.5,1.5,0.3,40,Strong latent selection but noisy observed score
2000,1306,0.653,0.22538082848773983,0.02821575758776925,1.2527997271819558,0.8785092663928828,0.31147537288495897,1735.2071538072312,86.76035769036156,0.015093274451779715,-0.5280484621489504,-0.028048462148950404,True,True,C_low_observed_spd,1.5,1.5,0.3,41,Strong latent selection but noisy observed score
2000,1276,0.638,0.19952750088844728,0.028058551002010535,1.220825782763007,0.9879370693015807,0.2706561413583255,1761.9517350759706,88.09758675379854,0.014603466225368575,-0.7074213827474971,-0.2074213827474971,True,True,C_low_observed_spd,1.5,1.5,0.3,42,Strong latent selection but noisy observed score
2000,1301,0.6505,0.2522752248659499,0.028133138949131675,1.2869501892402107,0.9408447747896436,0.32996172974216936,1736.685754480976,86.8342877240488,0.015052414885743715,-0.8751983958521713,-0.3751983958521713,True,True,C_low_observed_spd,1.5,1.5,0.3,43,Strong latent selection but noisy observed score
2000,1286,0.643,0.17781835406404964,0.027848293509645548,1.1946083057816121,1.0141990423068912,0.246869933943614,1748.185144628284,87.4092572314142,0.014864410772728301,-0.8509577258259496,-0.35095772582594964,True,True,C_low_observed_spd,1.5,1.5,0.3,44,Strong latent selection but noisy observed score
2000,1299,0.6495,0.2460856064577801,0.02827369928875992,1.2790090602904052,0.9722130772330435,0.3172084261158346,1750.0698896030333,87.50349448015167,0.01481764554969908,-0.9220024884128007,-0.42200248841280075,True,True,C_low_observed_spd,1.5,1.5,0.3,45,Strong latent selection but noisy observed score
2000,1297,0.6485,0.2783744040645086,0.027777764855882115,1.320980685171833,0.9363710573504553,0.4241506968060542,1742.4095598548759,87.12047799274379,0.014951654858429827,-0.8801992462916038,-0.38019924629160384,True,True,C_low_observed_spd,1.5,1.5,0.3,46,Strong latent selection but noisy observed score
2000,1292,0.646,0.24447919551437608,0.027948658092139315,1.2769560955332504,1.0185312790645513,0.3352112364659844,1747.8151261324904,87.39075630662452,0.014841433519436313,-0.8709191297499678,-0.37091912974996777,True,True,C_low_observed_spd,1.5,1.5,0.3,47,Strong latent selection but noisy observed score
2000,1299,0.6495,0.2567461610589418,0.02808145138459816,1.2927169432082812,1.0245350107320514,0.36105096395871955,1746.1979150804266,87.30989575402133,0.014910408953893551,-1.2712737337850928,-0.7712737337850928,True,True,C_low_observed_spd,1.5,1.5,0.3,48,Strong latent selection but noisy observed score
2000,1286,0.643,0.23264413359677708,0.028474838167869724,1.2619323200957981,0.8855949157171857,0.319486398358258,1755.9357180652905,87.79678590326452,0.014699787317006496,-0.9741451800342277,-0.4741451800342277,True,True,C_low_observed_spd,1.5,1.5,0.3,49,Strong latent selection but noisy observed score
2000,1269,0.6345,0.23465523363997978,0.028569949354828327,1.264472745908258,0.9198351180060483,0.3251868505766018,1765.60639761154,88.280319880577,0.014519486659583854,-0.647736249036291,-0.147736249036291,True,True,C_low_observed_spd,1.5,1.5,0.3,50,Strong latent selection but noisy observed score
2000,1272,0.636,0.28184126413216776,0.029006117755369796,1.325568288053111,0.9662884291529462,0.3728383020176375,1760.264983932577,88.01324919662885,0.014682142272420661,-0.8460881249581811,-0.3460881249581811,True,True,C_low_observed_spd,1.5,1.5,0.3,51,Strong latent selection but noisy observed score
2000,1316,0.658,0.21820761649395293,0.02764005775757757,1.243845283609988,0.9366147420609636,0.29454651367446083,1732.3309432777235,86.61654716388618,0.0151131004474627,-1.3078133932851543,-0.8078133932851543,True,True,C_low_observed_spd,1.5,1.5,0.3,52,Strong latent selection but noisy observed score
2000,1313,0.6565,0.2680082454583934,0.02820527511660723,1.3073579197358265,0.9401585614166791,0.37141537274640113,1737.8778323314457,86.89389161657229,0.015012740499961924,-1.5816738687632832,-1.0816738687632832,True,True,C_low_observed_spd,1.5,1.5,0.3,53,Strong latent selection but noisy observed score
2000,1338,0.669,0.2502617075056285,0.028119911109030508,1.2843614997525186,0.8994764015419167,0.34246750697168843,1715.021588513856,85.7510794256928,0.015469938146283486,-0.6951977706705833,-0.1951977706705833,True,True,C_low_observed_spd,1.5,1.5,0.3,54,Strong latent selection but noisy observed score
2000,1249,0.6245,0.21421382934332678,0.028932892276305383,1.2388875369811394,0.9277341405305217,0.30984855244907616,1786.077678743316,89.30388393716579,0.014159189333278513,-1.2914280412858528,-0.7914280412858528,True,True,C_low_observed_spd,1.5,1.5,0.3,55,Strong latent selection but noisy observed score
2000,1290,0.645,0.2659211464942546,0.0286378294205688,1.304632179809715,0.8942885807657109,0.3445329387323912,1753.1655520016818,87.65827760008409,0.014762718159532244,-0.8117323168302429,-0.31173231683024294,True,True,C_low_observed_spd,1.5,1.5,0.3,56,Strong latent selection but noisy observed score
2000,1348,0.674,0.23141161262211615,0.027470277336096912,1.2603779201547178,0.9578004145856243,0.3431529155628749,1705.5704281364622,85.27852140682312,0.015656501809661737,-0.7315334027263861,-0.23153340272638612,True,True,C_low_observed_spd,1.5,1.5,0.3,57,Strong latent selection but noisy observed score
2000,1321,0.6605,0.28056171417742026,0.028208610585649337,1.3238732418895065,0.9257767454333765,0.39393242402055895,1727.5835261412278,86.3791763070614,0.015220938682950075,-0.9393612114960511,-0.4393612114960511,True,True,C_low_observed_spd,1.5,1.5,0.3,58,Strong latent selection but noisy observed score
2000,1299,0.6495,0.2593923763050585,0.02777815780610369,1.296142280583491,0.9701046873613068,0.36039483054259175,1751.6276346802226,87.58138173401113,0.01475811762068353,-1.182243978210188,-0.6822439782101879,True,True,C_low_observed_spd,1.5,1.5,0.3,59,Strong latent selection but noisy observed score
2000,1311,0.6555,0.25737780361431434,0.027637275658745394,1.2935337361751047,1.0221834311017837,0.3678777578931425,1744.0428599135007,87.20214299567503,0.014891791494054606,-0.9148702452267952,-0.41487024522679516,True,True,C_low_observed_spd,1.5,1.5,0.3,60,Strong latent selection but noisy observed score
2000,1341,0.6705,0.2085138409600253,0.027560170051120936,1.2318459798739134,0.9815879315852508,0.27242778775034804,1716.4051936061473,85.82025968030737,0.015345678655958431,-0.7379234340387634,-0.23792343403876337,True,True,C_low_observed_spd,1.5,1.5,0.3,61,Strong latent selection but noisy observed score
2000,1328,0.664,0.24756783752052436,0.02762780566573053,1.2809062529406923,1.0345809921136848,0.3209000354676497,1726.552157869878,86.3276078934939,0.015255452154010283,-0.8677887062382618,-0.36778870623826176,True,True,C_low_observed_spd,1.5,1.5,0.3,62,Strong latent selection but noisy observed score
2000,1347,0.6735,0.23920258482495382,0.027773070198319462,1.270235841025473,1.0162065403148859,0.3304543937107618,1712.4322444944476,85.62161222472238,0.015539327888151237,-0.657667845229245,-0.15766784522924504,True,True,C_low_observed_spd,1.5,1.5,0.3,63,Strong latent selection but noisy observed score
2000,1288,0.644,0.273449676741855,0.028187737586729756,1.314491208067209,0.9297865960400421,0.370145210018073,1753.0069975603853,87.65034987801926,0.014742316939403467,-1.201444370318177,-0.701444370318177,True,True,C_low_observed_spd,1.5,1.5,0.3,64,Strong latent selection but noisy observed score
2000,1230,0.615,0.30072449926011313,0.029008614799519997,1.3508371336388099,0.9732236651949854,0.4310659224004161,1787.9771271662514,89.39885635831257,0.014091855048181619,-0.8510043297432457,-0.3510043297432457,True,True,C_low_observed_spd,1.5,1.5,0.3,65,Strong latent selection but noisy observed score
2000,1290,0.645,0.25975224393897994,0.028925395763503604,1.2966088041775663,0.9884959547134572,0.3268670422615014,1753.2162020701605,87.66081010350803,0.014766658386890466,-0.8126602160272731,-0.3126602160272731,True,True,C_low_observed_spd,1.5,1.5,0.3,66,Strong latent selection but noisy observed score
2000,1293,0.6465,0.23711729156126002,0.027752798664402757,1.2675897866414239,0.9529410191201553,0.32208669768288023,1750.405342184374,87.5202671092187,0.014780223824989338,-0.9816453229035028,-0.4816453229035028,True,True,C_low_observed_spd,1.5,1.5,0.3,67,Strong latent selection but noisy observed score
2000,1305,0.6525,0.21769916511726634,0.028029779573130856,1.2432130095170895,0.9544149914930065,0.3088648820843358,1742.7482964685146,87.13741482342573,0.014938092289843606,-0.651146308841057,-0.15114630884105695,True,True,C_low_observed_spd,1.5,1.5,0.3,68,Strong latent selection but noisy observed score
2000,1305,0.6525,0.2435022364044374,0.028096454750961827,1.2757091708391244,0.9754014024580151,0.3235117487025376,1733.9780659064188,86.69890329532095,0.015126795603158057,-0.4892768027889565,0.010723197211043478,True,True,C_low_observed_spd,1.5,1.5,0.3,69,Strong latent selection but noisy observed score
2000,1293,0.6465,0.2653442914327432,0.02834313692959174,1.3038798131575,1.0575981591361994,0.3615320932220895,1748.6548821348454,87.43274410674226,0.01485075972499656,-0.6999992368271203,-0.19999923682712029,True,True,C_low_observed_spd,1.5,1.5,0.3,70,Strong latent selection but noisy observed score
2000,1297,0.6485,0.2226717847448801,0.02822642135927036,1.249410430868776,0.9914371371878695,0.2760492604050524,1746.988316451953,87.34941582259766,0.014854135430439333,-0.7997962514561892,-0.29979625145618916,True,True,C_low_observed_spd,1.5,1.5,0.3,71,Strong latent selection but noisy observed score
2000,1302,0.651,0.22765422208510883,0.027843855207893703,1.2556510739492037,1.0804337794538854,0.3265791646092799,1750.8228997588785,87.54114498794394,0.014720736992533802,-0.9911433811369603,-0.4911433811369603,True,True,C_low_observed_spd,1.5,1.5,0.3,72,Strong latent selection but noisy observed score
2000,1280,0.64,0.3013380754565183,0.028505897470724396,1.351666229479956,0.9359904978692005,0.4081181463153505,1753.1849792769256,87.65924896384627,0.014766236487598715,-0.7769242371558095,-0.2769242371558095,True,True,C_low_observed_spd,1.5,1.5,0.3,73,Strong latent selection but noisy observed score
2000,1323,0.6615,0.2767167460631073,0.02834511290607362,1.3187927648821516,0.8981502126562455,0.3687232458736897,1721.181742990372,86.0590871495186,0.015383224469870109,-1.1776665046723895,-0.6776665046723895,True,True,C_low_observed_spd,1.5,1.5,0.3,74,Strong latent selection but noisy observed score
2000,1302,0.651,0.16977552438504429,0.028218161022667096,1.1850388091460629,0.9165770314095311,0.24600420822117985,1739.1802536113908,86.95901268056953,0.015013849261512368,-0.8441226804514935,-0.3441226804514935,True,True,C_low_observed_spd,1.5,1.5,0.3,75,Strong latent selection but noisy observed score
2000,1314,0.657,0.3065331509635398,0.028418201326110566,1.3587065091606043,0.9760095193914426,0.414576537929045,1730.9215687291994,86.54607843645996,0.01518898935132616,-0.7235054564533042,-0.22350545645330422,True,True,C_low_observed_spd,1.5,1.5,0.3,76,Strong latent selection but noisy observed score
2000,1321,0.6605,0.2433784037569236,0.027773146973663242,1.2755512061758347,0.8665923879232079,0.33223815980266663,1725.5217821697743,86.2760891084887,0.015272499272292048,-0.8072244238467347,-0.30722442384673465,True,True,C_low_observed_spd,1.5,1.5,0.3,77,Strong latent selection but noisy observed score
2000,1286,0.643,0.22947773594604917,0.02831699574151673,1.2579428600038187,0.8459219610330111,0.3094763128693211,1754.562578374179,87.72812891870896,0.01474509648616323,-0.9278698071902871,-0.4278698071902871,True,True,C_low_observed_spd,1.5,1.5,0.3,78,Strong latent selection but noisy observed score
2000,1333,0.6665,0.18788408172773233,0.027732755684666613,1.2066936294014166,0.9590985684609985,0.22906022433701553,1720.0188358583293,86.00094179291646,0.015347344626631655,-0.8742592210826851,-0.37425922108268506,True,True,C_low_observed_spd,1.5,1.5,0.3,79,Strong latent selection but noisy observed score
2000,1299,0.6495,0.22628185863346342,0.028423197763493408,1.2539290462015378,0.9652760880722631,0.2867567296780815,1745.866963399451,87.29334816997255,0.014891650015515666,-0.8957545238173802,-0.3957545238173802,True,True,C_low_observed_spd,1.5,1.5,0.3,80,Strong latent selection but noisy observed score
2000,1291,0.6455,0.27918876955543154,0.028354272639241607,1.3220568844062945,1.027844677626135,0.4212542193325537,1749.9959326745268,87.49979663372633,0.014817674931026375,-1.330928522920672,-0.830928522920672,True,True,C_low_observed_spd,1.5,1.5,0.3,81,Strong latent selection but noisy observed score
2000,1258,0.629,0.24764630818981778,0.02822134217637225,1.2810067704554495,0.9679119052406984,0.3490218764632515,1772.811706160093,88.64058530800465,0.01439924233293411,-0.6217346010866922,-0.1217346010866922,True,True,C_low_observed_spd,1.5,1.5,0.3,82,Strong latent selection but noisy observed score
2000,1327,0.6635,0.2114422011164247,0.027748101491733995,1.2354585554397974,0.930159868901749,0.29102984234162543,1728.9108387259846,86.44554193629922,0.015201035255652105,-0.8031242481766224,-0.3031242481766224,True,True,C_low_observed_spd,1.5,1.5,0.3,83,Strong latent selection but noisy observed score
2000,1286,0.643,0.24235931540050057,0.027980014773192348,1.2742519689248195,0.9242710004612922,0.3234992741070021,1756.1201415823805,87.80600707911903,0.014664973776936775,-0.7089098395379629,-0.20890983953796294,True,True,C_low_observed_spd,1.5,1.5,0.3,84,Strong latent selection but noisy observed score
2000,1293,0.6465,0.17970774564541664,0.027978203536800073,1.1968675222578031,0.9123419749271905,0.25526186240218524,1749.493242702535,87.47466213512675,0.014834741337787602,-0.5559057359578201,-0.05590573595782011,True,True,C_low_observed_spd,1.5,1.5,0.3,85,Strong latent selection but noisy observed score
2000,1288,0.644,0.27868226659616946,0.028590580092650048,1.3213874282371076,1.00485703368077,0.37915925465667244,1745.525317315507,87.27626586577534,0.01492164526677359,-0.7222369737989844,-0.22223697379898444,True,True,C_low_observed_spd,1.5,1.5,0.3,86,Strong latent selection but noisy observed score
2000,1287,0.6435,0.23438962300507457,0.02788073468460122,1.2641369330990981,0.9431613135396035,0.30407611062633877,1751.8646509519979,87.5932325475999,0.014806286060349514,-0.604735060659209,-0.10473506065920901,True,True,C_low_observed_spd,1.5,1.5,0.3,87,Strong latent selection but noisy observed score
2000,1290,0.645,0.24371440627591764,0.0279045705510077,1.275979866605675,1.0396690606396406,0.3507879007858227,1750.656938842094,87.53284694210468,0.014767788900785509,-1.1209023808113865,-0.6209023808113865,True,True,C_low_observed_spd,1.5,1.5,0.3,88,Strong latent selection but noisy observed score
2000,1319,0.6595,0.2204581366467986,0.027839455404530023,1.2466477347913743,1.0178852592291208,0.3024553226340696,1727.3851836112901,86.36925918056451,0.015243168448059837,-0.6556533791441352,-0.15565337914413524,True,True,C_low_observed_spd,1.5,1.5,0.3,89,Strong latent selection but noisy observed score
2000,1291,0.6455,0.24400024071005164,0.028204468038985176,1.2763446377184013,0.9493707207052537,0.3185114963078224,1751.0777633103264,87.55388816551633,0.014795786661894392,-0.9838372908340154,-0.4838372908340154,True,True,C_low_observed_spd,1.5,1.5,0.3,90,Strong latent selection but noisy observed score
2000,1280,0.64,0.2620064990837406,0.027799465954394142,1.2995349881886489,1.0215849404516355,0.3673098552782117,1757.0261479859537,87.85130739929768,0.014655791883872485,-0.7534550925829024,-0.25345509258290244,True,True,C_low_observed_spd,1.5,1.5,0.3,91,Strong latent selection but noisy observed score
2000,1281,0.6405,0.27835011953890837,0.028116773383328693,1.3209486061720799,0.9922147501735021,0.39444032299979775,1763.2004543471612,88.16002271735806,0.014536715136142409,-0.9496344831512212,-0.44963448315122123,True,True,C_low_observed_spd,1.5,1.5,0.3,92,Strong latent selection but noisy observed score
2000,1312,0.656,0.2867025243714159,0.02822970885924926,1.332027908693661,0.9091036604859565,0.38763145333619675,1737.0932813913153,86.85466406956577,0.015033013214257606,-0.675378887663458,-0.175378887663458,True,True,C_low_observed_spd,1.5,1.5,0.3,93,Strong latent selection but noisy observed score
2000,1295,0.6475,0.2951594105183254,0.0285432125909086,1.3433404842217693,0.9703084301177238,0.4172202941896391,1747.9192062402287,87.39596031201144,0.014861174794559534,-0.9766128434163927,-0.47661284341639265,True,True,C_low_observed_spd,1.5,1.5,0.3,94,Strong latent selection but noisy observed score
2000,1316,0.658,0.2553808462988017,0.027688840185664938,1.2909531820036222,0.9280622945349185,0.37652226607722106,1726.7092605752862,86.33546302876431,0.01533248009534625,-0.8257175889677235,-0.3257175889677235,True,True,C_low_observed_spd,1.5,1.5,0.3,95,Strong latent selection but noisy observed score
2000,1303,0.6515,0.2583214226195042,0.02841821750887584,1.2947549152656999,0.9785515091681013,0.35892824598566814,1739.0530239253308,86.95265119626654,0.015007711798692886,-1.0144733136314215,-0.5144733136314215,True,True,C_low_observed_spd,1.5,1.5,0.3,96,Strong latent selection but noisy observed score
2000,1294,0.647,0.2893236263520829,0.028627437917638582,1.3355238693166098,0.9148827595521266,0.3652164166253774,1744.6443468809707,87.23221734404854,0.014935357777832588,-0.6584911054879967,-0.15849110548799672,True,True,C_low_observed_spd,1.5,1.5,0.3,97,Strong latent selection but noisy observed score
2000,1293,0.6465,0.19624761560835768,0.027856276623725248,1.2168281736818973,0.9078560983416479,0.26335920559925896,1748.3137284968077,87.41568642484039,0.01483614451935435,-0.9864414716546462,-0.48644147165464624,True,True,C_low_observed_spd,1.5,1.5,0.3,98,Strong latent selection but noisy observed score
2000,1318,0.659,0.2546334864023191,0.027635323479669145,1.2899887358062518,0.8780194718414317,0.332406441967057,1731.7845842151835,86.58922921075917,0.015153507834014354,-1.1364850994016678,-0.6364850994016678,True,True,C_low_observed_spd,1.5,1.5,0.3,99,Strong latent selection but noisy observed score
2000,1335,0.6675,0.2685649211563298,0.028038629303195055,1.3080858967229976,1.0284580783304713,0.34654589453742174,1714.8944212491951,85.74472106245975,0.01541069295683538,-0.6051543126818506,-0.1051543126818506,True,True,C_low_observed_spd,1.5,1.5,0.3,100,Strong latent selection but noisy observed score
2000,1310,0.655,0.2368195620122072,0.02803112764040101,1.2672124438816954,1.0332633153204287,0.3073708899266153,1744.9421308867452,87.24710654433727,0.014903322554442416,-1.016149954998744,-0.516149954998744,True,True,C_low_observed_spd,1.5,1.5,0.3,101,Strong latent selection but noisy observed score
2000,1280,0.64,0.27884661460379456,0.028113063244832624,1.3216046134747308,1.0070672152723625,0.42190489407941134,1758.3641911895252,87.91820955947627,0.014690433489106114,-0.7705034100426633,-0.2705034100426633,True,True,C_low_observed_spd,1.5,1.5,0.3,102,Strong latent selection but noisy observed score
2000,1311,0.6555,0.25023390544690655,0.027549259254907033,1.284325792355054,0.9597712600222954,0.38538046854447366,1741.022320435309,87.05111602176545,0.014981386852798921,-0.9151281029945214,-0.4151281029945214,True,True,C_low_observed_spd,1.5,1.5,0.3,103,Strong latent selection but noisy observed score
2000,1256,0.628,0.2574124189128472,0.028652597548873834,1.2935785130065218,1.0232442108079838,0.3608298899709957,1772.3886686574326,88.61943343287163,0.014439125495706407,-0.6551355242905371,-0.15513552429053712,True,True,C_low_observed_spd,1.5,1.5,0.3,104,Strong latent selection but noisy observed score
2000,1303,0.6515,0.2315192980818058,0.02811451905905048,1.2605136518384656,0.9864892894257187,0.32324530033601884,1741.931657489323,87.09658287446615,0.0149540755415282,-0.6772210333747596,-0.17722103337475958,True,True,C_low_observed_spd,1.5,1.5,0.3,105,Strong latent selection but noisy observed score
2000,1300,0.65,0.21457020332727067,0.027948091876394434,1.2393291229485535,0.9712000878055541,0.29642517398305085,1740.7739427236415,87.03869713618208,0.014959641586866563,-0.7360383779215371,-0.23603837792153715,True,True,C_low_observed_spd,1.5,1.5,0.3,106,Strong latent selection but noisy observed score
2000,1274,0.637,0.23764718047011077,0.028326859928559017,1.2682616464001344,0.9907197029104039,0.3382491719266546,1764.5935886416084,88.22967943208042,0.014546999721141528,-1.1916798625805494,-0.6916798625805494,True,True,C_low_observed_spd,1.5,1.5,0.3,107,Strong latent selection but noisy observed score
2000,1302,0.651,0.24630268309460368,0.028265559898902073,1.2792867334127633,0.9545460601913539,0.3758058930376525,1731.6449552307251,86.58224776153625,0.015193592866060066,-0.9722128852775574,-0.47221288527755745,True,True,C_low_observed_spd,1.5,1.5,0.3,108,Strong latent selection but noisy observed score
2000,1261,0.6305,0.21503377366294568,0.028626207670853505,1.2399037723510078,0.9579975968705922,0.2834815072806613,1771.5285417553919,88.5764270877696,0.014363723750130588,-0.9261076014431288,-0.42610760144312876,True,True,C_low_observed_spd,1.5,1.5,0.3,109,Strong latent selection but noisy observed score
2000,1308,0.654,0.21925495998406605,0.027863082030413558,1.2451486993133147,0.9984024673592281,0.2921995697504527,1738.7810740164637,86.93905370082318,0.015046732348473757,-0.4840193614319095,0.01598063856809051,True,True,C_low_observed_spd,1.5,1.5,0.3,110,Strong latent selection but noisy observed score
2000,1321,0.6605,0.21611053734335023,0.027508139016660153,1.2412395747429588,1.000479278567595,0.284890133312081,1731.3694525436931,86.56847262718466,0.015181324084290912,-0.5405853135586075,-0.040585313558607505,True,True,C_low_observed_spd,1.5,1.5,0.3,111,Strong latent selection but noisy observed score
2000,1321,0.6605,0.22352235924862593,0.028099353386687922,1.2504735996140026,0.9295902536018383,0.3167421678947148,1737.5447310208544,86.87723655104271,0.015014900683131296,-1.3427089016201836,-0.8427089016201836,True,True,C_low_observed_spd,1.5,1.5,0.3,112,Strong latent selection but noisy observed score
2000,1331,0.6655,0.2900408608395593,0.028164137453586185,1.3364820966903133,1.016520090692082,0.4012140860077317,1726.5145235965801,86.32572617982902,0.015205336131172918,-0.8355015211816117,-0.3355015211816117,True,True,C_low_observed_spd,1.5,1.5,0.3,113,Strong latent selection but noisy observed score
2000,1297,0.6485,0.24310235324903517,0.02779395449055833,1.2751991382140377,1.0057138971339674,0.32550138242780247,1754.304566756847,87.71522833784235,0.014688806028539223,-1.0550723478317348,-0.5550723478317348,True,True,C_low_observed_spd,1.5,1.5,0.3,114,Strong latent selection but noisy observed score
2000,1294,0.647,0.22397278095416864,0.027709728099616658,1.2510369669323864,0.8944272879505494,0.3103943651870923,1750.1224715328794,87.50612357664397,0.014789006525045102,-0.9381735815965284,-0.4381735815965284,True,True,C_low_observed_spd,1.5,1.5,0.3,115,Strong latent selection but noisy observed score
2000,1302,0.651,0.2472351816317152,0.028499439257657067,1.2804802227972858,1.005297806128131,0.31078834472205,1749.2322043448933,87.46161021724467,0.01482172934485471,-0.7333159251407001,-0.2333159251407001,True,True,C_low_observed_spd,1.5,1.5,0.3,116,Strong latent selection but noisy observed score
2000,1284,0.642,0.23385702046434106,0.028573390060115736,1.2634638298208638,0.9220588365279326,0.31335651876049675,1755.6427478862392,87.78213739431197,0.014732083584521464,-0.7004227785011631,-0.20042277850116308,True,True,C_low_observed_spd,1.5,1.5,0.3,117,Strong latent selection but noisy observed score
2000,1310,0.655,0.21648636064543583,0.027942315505013273,1.241706149167897,0.9317604473050433,0.30911307537533317,1732.4848447163317,86.6242422358166,0.015190483953210895,-0.7533464221732253,-0.25334642217322534,True,True,C_low_observed_spd,1.5,1.5,0.3,118,Strong latent selection but noisy observed score
2000,1288,0.644,0.26511540182903126,0.028349772619299267,1.303581402776598,0.9799422116560224,0.35249530828391573,1749.6079810753056,87.48039905376528,0.014834182136305352,-0.9790408313140149,-0.47904083131401487,True,True,C_low_observed_spd,1.5,1.5,0.3,119,Strong latent selection but noisy observed score
2000,1274,0.637,0.24022796831923718,0.028716500389626132,1.2715389878891714,0.9435649534104327,0.3138430823653784,1764.4984937121396,88.22492468560698,0.01454592439596029,-0.8478245747215275,-0.3478245747215275,True,True,C_low_observed_spd,1.5,1.5,0.3,120,Strong latent selection but noisy observed score
2000,1265,0.6325,0.26135691606968153,0.028270624770258903,1.2986911064494415,0.9735932416316279,0.3374514857789198,1769.24911461088,88.462455730544,0.014488416646474435,-1.0446347395601332,-0.5446347395601332,True,True,C_low_observed_spd,1.5,1.5,0.3,121,Strong latent selection but noisy observed score
2000,1324,0.662,0.21180081744825288,0.027803264173787767,1.2359016905080622,0.9458722212736865,0.2957311645984188,1729.3743420879443,86.46871710439721,0.015199799365026972,-0.6944378075139255,-0.19443780751392548,True,True,C_low_observed_spd,1.5,1.5,0.3,122,Strong latent selection but noisy observed score
2000,1260,0.63,0.26360288517734093,0.02781634939767058,1.3016112045524781,0.9455728427331743,0.3490620207949758,1758.2648777610236,87.91324388805117,0.014666955715680025,-0.5432864174151927,-0.04328641741519268,True,True,C_low_observed_spd,1.5,1.5,0.3,123,Strong latent selection but noisy observed score
2000,1303,0.6515,0.2797745131992941,0.02847495378304631,1.322831497663409,0.8922725224379174,0.3586710517178361,1738.8289025371796,86.94144512685898,0.015029065901430187,-0.873915075837077,-0.37391507583707695,True,True,C_low_observed_spd,1.5,1.5,0.3,124,Strong latent selection but noisy observed score
2000,1277,0.6385,0.25438856540347515,0.028555700614478534,1.289672829164245,1.0301540211743603,0.35534477097022493,1765.0154106911868,88.25077053455934,0.014530600266179564,-1.1319997055893978,-0.6319997055893978,True,True,C_low_observed_spd,1.5,1.5,0.3,125,Strong latent selection but noisy observed score
2000,1330,0.665,0.2542927667025758,0.027879077154000665,1.289549286100353,1.0415877151063464,0.35951334691834286,1723.2835131397333,86.16417565698666,0.015272137432219774,-0.6372029696609842,-0.13720296966098422,True,True,C_low_observed_spd,1.5,1.5,0.3,126,Strong latent selection but noisy observed score
2000,1297,0.6485,0.23062925367314452,0.027454418830467325,1.2593922378387659,1.0058792691641052,0.3376357423216523,1747.1781125691998,87.35890562846,0.014832934353339138,-0.40642073863189765,0.09357926136810235,True,True,C_low_observed_spd,1.5,1.5,0.3,127,Strong latent selection but noisy observed score
2000,1289,0.6445,0.21756819727870172,0.028250057131348216,1.243050199258044,1.0345873423775145,0.29132472737066684,1755.329435544904,87.7664717772452,0.01471971049800326,-0.570537100649899,-0.07053710064989904,True,True,C_low_observed_spd,1.5,1.5,0.3,128,Strong latent selection but noisy observed score
2000,1275,0.6375,0.2526527064505998,0.02855394437557557,1.287436080938825,0.8838949815567761,0.3706023272437174,1757.014799410467,87.85073997052335,0.014653852477968266,-0.7474134705385511,-0.24741347053855112,True,True,C_low_observed_spd,1.5,1.5,0.3,129,Strong latent selection but noisy observed score
2000,1320,0.66,0.2741757002449434,0.02798575758784991,1.3154459061035393,0.9035685002649888,0.37836401739527753,1723.2609862397803,86.16304931198901,0.015314232571775326,-0.631386121275184,-0.131386121275184,True,True,C_low_observed_spd,1.5,1.5,0.3,130,Strong latent selection but noisy observed score
2000,1253,0.6265,0.2560465397884414,0.028481724902188723,1.2918128472373398,0.9545725399479141,0.3333757725994494,1775.532086587633,88.77660432938166,0.01433883524416965,-0.5832250138833698,-0.08322501388336978,True,True,C_low_observed_spd,1.5,1.5,0.3,131,Strong latent selection but noisy observed score
2000,1288,0.644,0.2933095445131142,0.02858871652034362,1.340857781368373,1.01106689754265,0.39937234021223944,1753.8026548925936,87.69013274462968,0.01474466469602946,-0.664805001259466,-0.16480500125946596,True,True,C_low_observed_spd,1.5,1.5,0.3,132,Strong latent selection but noisy observed score
2000,1300,0.65,0.20311867366634592,0.02749987882830572,1.2252178607158035,0.9704899463008728,0.2880238622799443,1743.5119634735117,87.1755981736756,0.014892865595166683,-0.36303101169720214,0.13696898830279786,True,True,C_low_observed_spd,1.5,1.5,0.3,133,Strong latent selection but noisy observed score
2000,1280,0.64,0.26027341088602435,0.02840512634136123,1.2972847299493366,1.0012366516596005,0.319893838472179,1759.7265559500354,87.98632779750177,0.014652551273816932,-1.0868445308748886,-0.5868445308748886,True,True,C_low_observed_spd,1.5,1.5,0.3,134,Strong latent selection but noisy observed score
2000,1265,0.6325,0.308274125189791,0.028230682688022698,1.3610740424833423,1.0286779648163134,0.44772258013672456,1766.5389848213952,88.32694924106976,0.014502351677189008,-0.6857172675189163,-0.18571726751891626,True,True,C_low_observed_spd,1.5,1.5,0.3,135,Strong latent selection but noisy observed score
2000,1301,0.6505,0.2641889754185704,0.028062816419215233,1.3023742897738986,0.9625147467784806,0.3750351748375659,1738.7790429889067,86.93895214944534,0.015076305212026585,-1.473508700910664,-0.973508700910664,True,True,C_low_observed_spd,1.5,1.5,0.3,136,Strong latent selection but noisy observed score
2000,1266,0.633,0.2189579066071528,0.028103167376803982,1.244778878618387,0.9500526341059711,0.2631407909613073,1773.9797420560349,88.69898710280174,0.014353924644105655,-0.6374313291185593,-0.13743132911855926,True,True,C_low_observed_spd,1.5,1.5,0.3,137,Strong latent selection but noisy observed score
2000,1332,0.666,0.19408070358092255,0.028227045602283347,1.2141942688277045,0.9166864202680178,0.23971837353982453,1722.86812361285,86.1434061806425,0.01535388334121297,-1.1717301998354248,-0.6717301998354248,True,True,C_low_observed_spd,1.5,1.5,0.3,138,Strong latent selection but noisy observed score
2000,1301,0.6505,0.25530976598722843,0.02817091840985214,1.2908614239103544,0.9867897342732999,0.34073811648017155,1738.8884631091626,86.94442315545814,0.015065805668871446,-0.7747751612138829,-0.2747751612138829,True,True,C_low_observed_spd,1.5,1.5,0.3,139,Strong latent selection but noisy observed score
2000,1307,0.6535,0.2062623581139293,0.02782741347114736,1.2290756196607304,0.9235080394939094,0.2537138090750147,1741.3281994965,87.066409974825,0.014974202358373129,-0.8107322912901413,-0.31073229129014135,True,True,C_low_observed_spd,1.5,1.5,0.3,140,Strong latent selection but noisy observed score
2000,1270,0.635,0.22105832415331714,0.028404040769015163,1.2473961817686208,0.8532148249359698,0.3010897393400244,1765.3792278878811,88.26896139439407,0.014516357405634672,-1.0091690514040061,-0.5091690514040061,True,True,C_low_observed_spd,1.5,1.5,0.3,141,Strong latent selection but noisy observed score
2000,1265,0.6325,0.25427586200311314,0.02831613256039493,1.2895274868414845,1.0109854186748515,0.3483267014273606,1768.759970037662,88.4379985018831,0.014472286245291389,-0.9173984557018994,-0.4173984557018994,True,True,C_low_observed_spd,1.5,1.5,0.3,142,Strong latent selection but noisy observed score
2000,1276,0.638,0.24979634656444466,0.02833467375676397,1.2837639471257836,1.0208912352582569,0.356714832998074,1769.819623098054,88.49098115490271,0.014409771158998854,-0.9664898653866857,-0.4664898653866857,True,True,C_low_observed_spd,1.5,1.5,0.3,143,Strong latent selection but noisy observed score
2000,1294,0.647,0.28041806209500236,0.02845206965766707,1.3236830784004694,0.9652689736261313,0.3918168303071948,1744.9170628081777,87.24585314040888,0.014951887090442465,-0.43470854031202055,0.06529145968797945,True,True,C_low_observed_spd,1.5,1.5,0.3,144,Strong latent selection but noisy observed score
2000,1269,0.6345,0.27081116630744856,0.02823606334279633,1.3110274808484554,1.0210208606461821,0.39926736221472686,1764.2994165246243,88.21497082623122,0.014572539292962585,-0.4851691030401692,0.014830896959830808,True,True,C_low_observed_spd,1.5,1.5,0.3,145,Strong latent selection but noisy observed score
2000,1314,0.657,0.2217330365079113,0.027779908989588493,1.2482380993777005,0.9143368630778851,0.3219110745836912,1739.6122343297268,86.98061171648634,0.015017143573896918,-0.7203397415045796,-0.22033974150457958,True,True,C_low_observed_spd,1.5,1.5,0.3,146,Strong latent selection but noisy observed score
2000,1282,0.641,0.2255034308518922,0.02818313992273811,1.2529533328063318,1.0586226204238285,0.3053723577104242,1756.3825942333124,87.81912971166562,0.014746081462413175,-0.5795794885996631,-0.07957948859966313,True,True,C_low_observed_spd,1.5,1.5,0.3,147,Strong latent selection but noisy observed score
2000,1315,0.6575,0.21955412676258998,0.027164430220433283,1.2455212621649068,0.9005537006092886,0.3320181934304194,1731.070676974002,86.5535338487001,0.015130450272155425,-1.1457216304171163,-0.6457216304171163,True,True,C_low_observed_spd,1.5,1.5,0.3,148,Strong latent selection but noisy observed score
2000,1296,0.648,0.23548758065605527,0.027688335259885503,1.265525664161118,0.9598395992709995,0.30002970711657284,1748.0506473747694,87.40253236873846,0.014821748183990652,-0.8361723422191358,-0.33617234221913583,True,True,C_low_observed_spd,1.5,1.5,0.3,149,Strong latent selection but noisy observed score
2000,1242,0.621,0.27870352196547854,0.028574675644949428,1.3214155151133926,0.9870491097022062,0.39513155386906657,1785.6208752207313,89.28104376103656,0.014127424060987555,-1.1066886743248454,-0.6066886743248454,True,True,C_low_observed_spd,1.5,1.5,0.3,150,Strong latent selection but noisy observed score
2000,1333,0.6665,0.2596757264393799,0.027832864331785893,1.29650959470959,0.9884284292485843,0.35859093822603805,1723.2365224214366,86.16182612107184,0.015311556372972192,-0.943297119111031,-0.443297119111031,True,True,C_low_observed_spd,1.5,1.5,0.3,151,Strong latent selection but noisy observed score
2000,1288,0.644,0.24049639506196221,0.028743708285192647,1.2718803487710837,0.9192972577810956,0.2958169820471661,1746.7246187610199,87.336230938051,0.014875477935664854,-0.8422332005874459,-0.3422332005874459,True,True,C_low_observed_spd,1.5,1.5,0.3,152,Strong latent selection but noisy observed score
2000,1334,0.667,0.2571846151563947,0.027534676958173656,1.2932838645242826,1.010636265165349,0.3794348993341651,1728.2789814643093,86.41394907321546,0.015178886363066866,-0.859180182201986,-0.359180182201986,True,True,C_low_observed_spd,1.5,1.5,0.3,153,Strong latent selection but noisy observed score
2000,1287,0.6435,0.3166855972786029,0.02889100539133733,1.3725709640332635,1.0550917504054835,0.41461388243260633,1755.0351863093176,87.75175931546588,0.014698817349736801,-0.625723795715796,-0.12572379571579595,True,True,C_low_observed_spd,1.5,1.5,0.3,154,Strong latent selection but noisy observed score
2000,1294,0.647,0.2583620811431284,0.028318252537586158,1.2948075591592139,0.9873257157889552,0.3161221566057617,1747.4259794084462,87.37129897042232,0.014887941450339445,-0.9881832473267175,-0.4881832473267175,True,True,C_low_observed_spd,1.5,1.5,0.3,155,Strong latent selection but noisy observed score
2000,1270,0.635,0.26449492422727755,0.028720052349043308,1.3027728105967227,0.9673370735404405,0.35934504384768756,1765.854017224373,88.29270086121865,0.014541416296268758,-0.5766789646907382,-0.0766789646907382,True,True,C_low_observed_spd,1.5,1.5,0.3,156,Strong latent selection but noisy observed score
2000,1297,0.6485,0.2729590957175701,0.028330969144361163,1.313846501777208,0.9815586536129909,0.343298590670121,1746.110031441046,87.3055015720523,0.014920268248435677,-1.4282383873274715,-0.9282383873274715,True,True,C_low_observed_spd,1.5,1.5,0.3,157,Strong latent selection but noisy observed score
2000,1316,0.658,0.23499788120361859,0.028013149345742592,1.264906088651609,1.0104842531115406,0.2830441931143719,1740.5317332556497,87.02658666278249,0.01495561414889976,-0.961366682977363,-0.46136668297736305,True,True,C_low_observed_spd,1.5,1.5,0.3,158,Strong latent selection but noisy observed score
2000,1327,0.6635,0.24372554931217036,0.027703576202991766,1.275994084974804,0.8776448811096217,0.31012172820147904,1720.0537682200397,86.00268841100198,0.015377355277730018,-0.5276544069932844,-0.027654406993284364,True,True,C_low_observed_spd,1.5,1.5,0.3,159,Strong latent selection but noisy observed score
2000,1309,0.6545,0.20902563419212156,0.028141853532251532,1.232476591667057,0.861151555179865,0.3060086144906928,1738.8775647564275,86.94387823782138,0.015008695415757348,-1.0859853631845495,-0.5859853631845495,True,True,C_low_observed_spd,1.5,1.5,0.3,160,Strong latent selection but noisy observed score
2000,1292,0.646,0.2337557724597903,0.028039927833697364,1.2633359131050377,0.9278532468217955,0.31018447892408374,1749.5248758933317,87.47624379466659,0.014843260342532225,-0.528295768836935,-0.028295768836934965,True,True,C_low_observed_spd,1.5,1.5,0.3,161,Strong latent selection but noisy observed score
2000,1305,0.6525,0.2574060325734458,0.02800223812244437,1.293570251801475,1.0190534625428214,0.3604653124011062,1745.2845053764247,87.26422526882124,0.014889861674534679,-0.8783838019090835,-0.3783838019090835,True,True,C_low_observed_spd,1.5,1.5,0.3,162,Strong latent selection but noisy observed score
2000,1340,0.67,0.31221974599839464,0.028413263258888932,1.3664549330435238,0.9146673238758415,0.42564381381504524,1706.7501343668125,85.33750671834062,0.01562415059172517,-0.8783699850137444,-0.3783699850137444,True,True,C_low_observed_spd,1.5,1.5,0.3,163,Strong latent selection but noisy observed score
2000,1308,0.654,0.25980613151284687,0.028280873758059873,1.296678677162904,1.0105625191138017,0.28411028330021904,1738.6077327063374,86.93038663531686,0.015031879566087045,-0.7710745577681485,-0.2710745577681485,True,True,C_low_observed_spd,1.5,1.5,0.3,164,Strong latent selection but noisy observed score
2000,1291,0.6455,0.2135440351728353,0.028157962602611344,1.2380580151664247,1.0143661464021076,0.286970883342553,1749.9878058835106,87.49939029417554,0.014806355279248274,-0.8250838136603086,-0.3250838136603086,True,True,C_low_observed_spd,1.5,1.5,0.3,165,Strong latent selection but noisy observed score
2000,1326,0.663,0.2553306791294857,0.027826069730225948,1.2908884201612343,0.9755079299555188,0.37784661648369033,1733.628325744877,86.68141628724385,0.015044625323222443,-0.9970849785078497,-0.4970849785078497,True,True,C_low_observed_spd,1.5,1.5,0.3,166,Strong latent selection but noisy observed score
2000,1288,0.644,0.25356779358909753,0.028397755246232968,1.2886147363420812,1.0026916240692048,0.3460170129142555,1751.1545730922485,87.55772865461242,0.014795979713574348,-0.8286649200483045,-0.3286649200483045,True,True,C_low_observed_spd,1.5,1.5,0.3,167,Strong latent selection but noisy observed score
2000,1313,0.6565,0.22686352119821618,0.027894834848403837,1.25465862194945,0.9119152182788962,0.2842958259423613,1724.4737102969975,86.22368551484988,0.015328555456619916,-1.1288702648946118,-0.6288702648946118,True,True,C_low_observed_spd,1.5,1.5,0.3,168,Strong latent selection but noisy observed score
2000,1300,0.65,0.28574558083896195,0.028210809445264405,1.3307538429031238,1.0113175057772557,0.42348639607138316,1747.8094682864596,87.39047341432298,0.01482982030351512,-0.7413823779936215,-0.2413823779936215,True,True,C_low_observed_spd,1.5,1.5,0.3,169,Strong latent selection but noisy observed score
2000,1279,0.6395,0.2513184012850702,0.02838031509565208,1.2857193938726441,1.0027145284523207,0.3743210057738439,1754.149073652383,87.70745368261916,0.014718877544889965,-0.8129350249189078,-0.3129350249189078,True,True,C_low_observed_spd,1.5,1.5,0.3,170,Strong latent selection but noisy observed score
2000,1286,0.643,0.2730122290393602,0.028782636051109475,1.3139163126607953,0.9857166505881002,0.33853531403853887,1753.9610194534912,87.69805097267457,0.014744725956452915,-0.7696636917191161,-0.2696636917191161,True,True,C_low_observed_spd,1.5,1.5,0.3,171,Strong latent selection but noisy observed score
2000,1303,0.6515,0.2289198228189575,0.027953925354935096,1.2572412329107736,0.9300246031136381,0.35257262310691356,1732.0464645567627,86.60232322783813,0.01520570955702743,-0.7675668699368153,-0.26756686993681533,True,True,C_low_observed_spd,1.5,1.5,0.3,172,Strong latent selection but noisy observed score
2000,1301,0.6505,0.2579004844214401,0.028035285105624645,1.2942100181567826,0.9599934461747942,0.36613271614306825,1747.63692527346,87.381846263673,0.01484808710103161,-0.9760200614321055,-0.4760200614321055,True,True,C_low_observed_spd,1.5,1.5,0.3,173,Strong latent selection but noisy observed score
2000,1316,0.658,0.21923015408539007,0.028527186485859262,1.2451178126639302,1.0366972176442295,0.2822334611023506,1736.5926298541362,86.82963149270681,0.01499073919685975,-0.522141927543647,-0.022141927543646966,True,True,C_low_observed_spd,1.5,1.5,0.3,174,Strong latent selection but noisy observed score
2000,1325,0.6625,0.24000412203716226,0.02765696199958951,1.2712543904684448,0.9372047593331027,0.32294301091555594,1733.351047877379,86.66755239386895,0.015060689416905582,-0.5409140288897946,-0.04091402888979456,True,True,C_low_observed_spd,1.5,1.5,0.3,175,Strong latent selection but noisy observed score
2000,1298,0.649,0.2101617696960384,0.028028007315728243,1.2338776478247109,0.9790571592695563,0.30102747253943907,1749.8767131685968,87.49383565842984,0.014772567495740258,-0.7551435025687956,-0.2551435025687956,True,True,C_low_observed_spd,1.5,1.5,0.3,176,Strong latent selection but noisy observed score
2000,1293,0.6465,0.2321264504890159,0.028060676273490518,1.2612792081176518,0.9922003641687519,0.30588563801519664,1749.17027707901,87.45851385395049,0.014813043390722725,-0.8932556037731584,-0.3932556037731584,True,True,C_low_observed_spd,1.5,1.5,0.3,177,Strong latent selection but noisy observed score
2000,1311,0.6555,0.2634466295189912,0.027728767787643584,1.3014078363259272,0.8808940032933088,0.38643615166586914,1738.4561055954189,86.92280527977094,0.015035990301608567,-0.7545971583572377,-0.25459715835723773,True,True,C_low_observed_spd,1.5,1.5,0.3,178,Strong latent selection but noisy observed score
2000,1282,0.641,0.17356976220388995,0.028400797348763364,1.189543669063038,0.9181614958936714,0.22535423992407408,1755.6933595847252,87.78466797923626,0.01469584420464384,-0.8946762432491174,-0.39467624324911743,True,True,C_low_observed_spd,1.5,1.5,0.3,179,Strong latent selection but noisy observed score
2000,1318,0.659,0.24323911760202924,0.02821253429758638,1.2753735519256315,0.9227597024359356,0.34531237804884957,1732.9168383073104,86.64584191536552,0.01513397416837089,-1.283150265907356,-0.7831502659073559,True,True,C_low_observed_spd,1.5,1.5,0.3,180,Strong latent selection but noisy observed score
2000,1299,0.6495,0.20954645827193366,0.028141077172355027,1.2331186623422223,0.9613097522167172,0.3172505690269113,1744.5599887574465,87.22799943787233,0.01488658250895695,-0.7138862914599828,-0.21388629145998284,True,True,C_low_observed_spd,1.5,1.5,0.3,181,Strong latent selection but noisy observed score
2000,1288,0.644,0.20400861994019398,0.027926893658540796,1.2263087241185127,0.8376701435733115,0.28100238561536156,1747.6491886209483,87.38245943104742,0.014883437590826403,-0.784898885328789,-0.28489888532878904,True,True,C_low_observed_spd,1.5,1.5,0.3,182,Strong latent selection but noisy observed score
2000,1287,0.6435,0.2675506858345478,0.028404616986880123,1.306759862371726,1.0126865772169884,0.3723695256886393,1758.8153506290264,87.94076753145131,0.014619729470229508,-0.624641762855132,-0.12464176285513195,True,True,C_low_observed_spd,1.5,1.5,0.3,183,Strong latent selection but noisy observed score
2000,1305,0.6525,0.21659158093910605,0.02772743261949793,1.2418368087274625,0.9673467758548935,0.30493498171764627,1736.0887286878024,86.80443643439011,0.015095613187885722,-0.8357284642720599,-0.33572846427205993,True,True,C_low_observed_spd,1.5,1.5,0.3,184,Strong latent selection but noisy observed score
2000,1325,0.6625,0.2063482349506731,0.027395393271916695,1.229181173319308,0.9436987677184269,0.2897389963835013,1731.165790202409,86.55828951012045,0.015131374370695705,-1.0245883290660414,-0.5245883290660414,True,True,C_low_observed_spd,1.5,1.5,0.3,185,Strong latent selection but noisy observed score
2000,1295,0.6475,0.22457934794113135,0.027947134453429966,1.2517960348454928,1.011945659973417,0.293842372363564,1751.6578751195293,87.58289375597646,0.01475805176426049,-0.5675500462587447,-0.06755004625874472,True,True,C_low_observed_spd,1.5,1.5,0.3,186,Strong latent selection but noisy observed score
2000,1280,0.64,0.25540651328626524,0.027612990273386488,1.2909863173080005,0.9722989902064249,0.36811319656408154,1761.8895773853317,88.0944788692666,0.0145871711705815,-1.0238295180939994,-0.5238295180939994,True,True,C_low_observed_spd,1.5,1.5,0.3,187,Strong latent selection but noisy observed score
2000,1329,0.6645,0.22125882487858556,0.027840264282228567,1.2476463106824387,1.0102236064345804,0.2867292997941688,1727.4823502664724,86.37411751332363,0.015243019354481411,-1.1511897629011603,-0.6511897629011603,True,True,C_low_observed_spd,1.5,1.5,0.3,188,Strong latent selection but noisy observed score
2000,1321,0.6605,0.19347811900087933,0.02761435152137417,1.2134628344817937,0.9789062766514505,0.29757696392192606,1728.163819088524,86.4081909544262,0.015267707594738656,-0.781515580531716,-0.281515580531716,True,True,C_low_observed_spd,1.5,1.5,0.3,189,Strong latent selection but noisy observed score
2000,1291,0.6455,0.27810769688140097,0.028533320040973826,1.3206284171126503,0.9596358220112943,0.3782299846753204,1745.1250719181148,87.25625359590575,0.014961938982405155,-0.9015451106271366,-0.4015451106271366,True,True,C_low_observed_spd,1.5,1.5,0.3,190,Strong latent selection but noisy observed score
2000,1297,0.6485,0.2433791744097771,0.027761050253856594,1.2755521891833903,1.0151004064882638,0.3400813230013657,1751.3897745456015,87.56948872728009,0.014749608650466933,-0.5997568623408989,-0.09975686234089887,True,True,C_low_observed_spd,1.5,1.5,0.3,191,Strong latent selection but noisy observed score
2000,1334,0.667,0.20745947253539943,0.027536524583887497,1.2305478448452851,0.8848585406313316,0.27630081929465783,1717.5194545235047,85.87597272617523,0.015409151441863281,-1.0096121174945982,-0.5096121174945982,True,True,C_low_observed_spd,1.5,1.5,0.3,192,Strong latent selection but noisy observed score
2000,1305,0.6525,0.21217228683567751,0.02763519720494138,1.2363608754332434,0.9954043865248475,0.2730012452616902,1740.8999009688966,87.04499504844483,0.01499077690114964,-0.8116932407188943,-0.31169324071889426,True,True,C_low_observed_spd,1.5,1.5,0.3,193,Strong latent selection but noisy observed score
2000,1303,0.6515,0.20480438590548802,0.02837492216767922,1.2272849672431188,0.9767630240584501,0.2585634124916146,1741.3873748251087,87.06936874125545,0.014980175087247392,-0.6591035272661364,-0.1591035272661364,True,True,C_low_observed_spd,1.5,1.5,0.3,194,Strong latent selection but noisy observed score
2000,1322,0.661,0.2812962652704098,0.028455254799812313,1.3248460516718192,0.9899507128344672,0.35861061485682005,1722.829058399829,86.14145291999144,0.015309106330161934,-0.6147295082663666,-0.11472950826636663,True,True,C_low_observed_spd,1.5,1.5,0.3,195,Strong latent selection but noisy observed score
2000,1291,0.6455,0.26582844756171525,0.028841632146382034,1.304511247404529,1.0178887983794385,0.3376370397348223,1749.2954880706554,87.46477440353277,0.014801585158224677,-0.7489928835480171,-0.24899288354801707,True,True,C_low_observed_spd,1.5,1.5,0.3,196,Strong latent selection but noisy observed score
2000,1322,0.661,0.26758401035605794,0.028263450980214832,1.3068034102444703,1.0025392383175755,0.36456440854592076,1732.7122340081573,86.63561170040786,0.015089827103189513,-0.5575902102387308,-0.05759021023873079,True,True,C_low_observed_spd,1.5,1.5,0.3,197,Strong latent selection but noisy observed score
2000,1335,0.6675,0.23176190236073962,0.027557941670742814,1.2608194949419789,0.9949567235673281,0.3161454089531535,1723.0369911704556,86.15184955852278,0.015305507790221584,-1.2734708378380106,-0.7734708378380106,True,True,C_low_observed_spd,1.5,1.5,0.3,198,Strong latent selection but noisy observed score
2000,1303,0.6515,0.16292124625627888,0.02765218898991149,1.1769439972926414,0.8877943841297418,0.24071565560460048,1732.9109825261514,86.64554912630757,0.0151311045416374,-0.6049802752985156,-0.10498027529851561,True,True,C_low_observed_spd,1.5,1.5,0.3,199,Strong latent selection but noisy observed score
2000,1331,0.6655,0.22152624208921703,0.02737118318381587,1.2479799973934924,0.9711301293858893,0.3007210097188614,1720.2842644815855,86.01421322407927,0.015351105955901868,-0.5514869663741092,-0.05148696637410921,True,True,C_low_observed_spd,1.5,1.5,0.3,200,Strong latent selection but noisy observed score
2000,1269,0.6345,0.2938758466809296,0.028083851465466325,1.3416173270825877,0.9743116736682195,0.3780349777978107,1767.8750009021467,88.39375004510732,0.014495800412681885,-1.0709755306536923,-0.5709755306536923,True,True,C_low_observed_spd,1.5,1.5,0.3,201,Strong latent selection but noisy observed score
2000,1299,0.6495,0.2522082209255848,0.028190316844991802,1.286863961395313,0.9741498252540298,0.35579185769012206,1751.9989309063062,87.5999465453153,0.014741656082250898,-0.3828106167661756,0.11718938323382438,True,True,C_low_observed_spd,1.5,1.5,0.3,202,Strong latent selection but noisy observed score
2000,1257,0.6285,0.25242644396167824,0.0290900410941901,1.2871448153993,0.9468158850382916,0.31236412650856465,1765.2991258785632,88.26495629392817,0.014570616271215458,-0.8002573969247725,-0.3002573969247725,True,True,C_low_observed_spd,1.5,1.5,0.3,203,Strong latent selection but noisy observed score
2000,1327,0.6635,0.2743587769823596,0.0276599792022907,1.3156867556945822,0.9789931689581733,0.42904132147076385,1726.3698845751262,86.31849422875632,0.015207218822890422,-0.8740547108480343,-0.3740547108480343,True,True,C_low_observed_spd,1.5,1.5,0.3,204,Strong latent selection but noisy observed score
2000,1315,0.6575,0.2511857423283996,0.02800411498494587,1.2855488429920827,0.9497626738535117,0.3268426718942737,1736.5507134835893,86.82753567417947,0.01503421473157728,-0.8387296535939706,-0.33872965359397056,True,True,C_low_observed_spd,1.5,1.5,0.3,205,Strong latent selection but noisy observed score
2000,1283,0.6415,0.19586139497087832,0.02823056907642382,1.2163583002721998,0.9944126278965999,0.23897118737173448,1753.7664054142733,87.68832027071366,0.014770555562749576,-1.0741098036514882,-0.5741098036514882,True,True,C_low_observed_spd,1.5,1.5,0.3,206,Strong latent selection but noisy observed score
2000,1294,0.647,0.28421690393552107,0.027626505736475786,1.328721104335413,0.9329883706185609,0.4236288475427791,1750.5034111298676,87.52517055649338,0.014761941815801425,-1.102437192569783,-0.6024371925697829,True,True,C_low_observed_spd,1.5,1.5,0.3,207,Strong latent selection but noisy observed score
2000,1295,0.6475,0.1864624111330843,0.028305093019342392,1.2049793274268394,0.9422715132978936,0.21697077740143944,1753.587623464774,87.6793811732387,0.014738330925016207,-0.9866624790616092,-0.4866624790616092,True,True,C_low_observed_spd,1.5,1.5,0.3,208,Strong latent selection but noisy observed score
2000,1335,0.6675,0.2089567700973615,0.027679307714341843,1.232391721204556,0.9427368800808313,0.2798311569958141,1711.8994853662896,85.59497426831447,0.015518480761951049,-1.8712625098159437,-1.3712625098159437,True,True,C_low_observed_spd,1.5,1.5,0.3,209,Strong latent selection but noisy observed score
2000,1281,0.6405,0.24112576236745642,0.02802445609171033,1.2726810806298958,0.9248477560873826,0.3232619127491104,1744.3284065010716,87.21642032505358,0.014967466833736865,-1.10607828660737,-0.60607828660737,True,True,C_low_observed_spd,1.5,1.5,0.3,210,Strong latent selection but noisy observed score
2000,1304,0.652,0.28053079021454014,0.02819872777470438,1.3238323031155141,0.935812731899259,0.40528780394193314,1745.633895770591,87.28169478852955,0.014866809780876757,-1.595418762499045,-1.095418762499045,True,True,C_low_observed_spd,1.5,1.5,0.3,211,Strong latent selection but noisy observed score
2000,1276,0.638,0.21262210772907697,0.028766735848335268,1.2369171414874622,1.0152196018389306,0.2668096127952069,1765.053085570053,88.25265427850266,0.014547742500131473,-0.9899843081439025,-0.4899843081439025,True,True,C_low_observed_spd,1.5,1.5,0.3,212,Strong latent selection but noisy observed score
2000,1305,0.6525,0.26282207427296217,0.027453794912996505,1.3005952890012862,0.9380816693506018,0.3923575834217201,1741.209950149599,87.06049750747997,0.014958986321353219,-1.3064157744517935,-0.8064157744517935,True,True,C_low_observed_spd,1.5,1.5,0.3,213,Strong latent selection but noisy observed score
2000,1295,0.6475,0.2540029981035951,0.02798086943955184,1.2891756693442193,0.8944505598889178,0.37880028506370494,1750.9495219455923,87.54747609727963,0.014801442976958441,-0.5111358507865943,-0.011135850786594292,True,True,C_low_observed_spd,1.5,1.5,0.3,214,Strong latent selection but noisy observed score
2000,1273,0.6365,0.2240207605117905,0.02852066544872271,1.2510969925726187,0.9736048720051428,0.2870626240362852,1768.7478157036583,88.43739078518291,0.014484037228783572,-0.6781092680584319,-0.17810926805843186,True,True,C_low_observed_spd,1.5,1.5,0.3,215,Strong latent selection but noisy observed score
2000,1265,0.6325,0.23364029694535612,0.02852114333875272,1.2631900371632807,0.9978368882091537,0.3348927180079708,1768.9640621230574,88.44820310615287,0.014472374234840674,-0.8018102612213795,-0.30181026122137955,True,True,C_low_observed_spd,1.5,1.5,0.3,216,Strong latent selection but noisy observed score
2000,1253,0.6265,0.23098123541895638,0.02885058528307641,1.2598355989402321,1.0284129099982813,0.3180298630291425,1777.3863225467219,88.86931612733609,0.014315114683495988,-0.6384708288180148,-0.13847082881801476,True,True,C_low_observed_spd,1.5,1.5,0.3,217,Strong latent selection but noisy observed score
2000,1307,0.6535,0.22366358445846038,0.0281950313561344,1.2506502104811605,0.964336029980773,0.2906794673892876,1743.070118467393,87.15350592336965,0.014947034738134477,-1.2319251891489316,-0.7319251891489316,True,True,C_low_observed_spd,1.5,1.5,0.3,218,Strong latent selection but noisy observed score
2000,1303,0.6515,0.23639210041150682,0.028108023069112354,1.2666708749802076,0.998197582343849,0.3172150875234245,1748.002833828264,87.4001416914132,0.014793399864064423,-0.5770480812018824,-0.07704808120188245,True,True,C_low_observed_spd,1.5,1.5,0.3,219,Strong latent selection but noisy observed score
2000,1305,0.6525,0.2654796681905088,0.028322539078161377,1.3040563401276761,0.9638501773157143,0.35469527197789563,1742.156308042268,87.1078154021134,0.014964303820700305,-1.0350962626722464,-0.5350962626722464,True,True,C_low_observed_spd,1.5,1.5,0.3,220,Strong latent selection but noisy observed score
2000,1288,0.644,0.22563580922253257,0.028037679482540104,1.2531192077058992,0.9437692199392422,0.31927112528371643,1758.5032744394261,87.9251637219713,0.014604324363781682,-0.7493397397013926,-0.24933973970139256,True,True,C_low_observed_spd,1.5,1.5,0.3,221,Strong latent selection but noisy observed score
2000,1296,0.648,0.22821183915249163,0.028310871282315853,1.2563514416690647,0.9126184204081966,0.2476814316289154,1746.6370986960906,87.33185493480454,0.014886471204801738,-0.9966927943831057,-0.49669279438310565,True,True,C_low_observed_spd,1.5,1.5,0.3,222,Strong latent selection but noisy observed score
2000,1302,0.651,0.2347188861257888,0.028181583987550194,1.2645532353034208,0.9147433954068437,0.30340161611904637,1745.9558245310136,87.29779122655067,0.014916317420937504,-0.8580216076266338,-0.3580216076266338,True,True,C_low_observed_spd,1.5,1.5,0.3,223,Strong latent selection but noisy observed score
2000,1326,0.663,0.22512378790878584,0.027909031728625088,1.2524777481973726,0.9555513768120969,0.3050937982693651,1725.1080425035627,86.25540212517814,0.015293647986345303,-0.5860966892729836,-0.08609668927298364,True,True,C_low_observed_spd,1.5,1.5,0.3,224,Strong latent selection but noisy observed score
2000,1314,0.657,0.24905072821865654,0.028049012389634965,1.2828071059386463,1.010736793013892,0.3430035984923078,1739.5186224169333,86.97593112084667,0.01495275501528501,-1.1722642645436494,-0.6722642645436494,True,True,C_low_observed_spd,1.5,1.5,0.3,225,Strong latent selection but noisy observed score
2000,1263,0.6315,0.2678086507363865,0.028397018035133448,1.307097004034838,0.9675945497286776,0.38570561471967263,1769.1249805959665,88.45624902979831,0.01445778974857352,-0.8896912578944496,-0.3896912578944496,True,True,C_low_observed_spd,1.5,1.5,0.3,226,Strong latent selection but noisy observed score
2000,1313,0.6565,0.24908239801716492,0.027605709780495247,1.2828477328245358,1.009027778249165,0.32381289544976005,1737.6325373802363,86.88162686901181,0.014991786953744892,-0.6518815636290659,-0.1518815636290659,True,True,C_low_observed_spd,1.5,1.5,0.3,227,Strong latent selection but noisy observed score
2000,1275,0.6375,0.20998950113504494,0.02815304334440436,1.2336651078053853,0.9825150819416638,0.29122659084265684,1755.950054165233,87.79750270826166,0.014744916061555216,-0.9921878643155595,-0.4921878643155595,True,True,C_low_observed_spd,1.5,1.5,0.3,228,Strong latent selection but noisy observed score
2000,1299,0.6495,0.2250512693664079,0.027988100679918127,1.252386923629985,0.8283474681897994,0.31368701860421544,1738.7715621235618,86.93857810617808,0.015134168870722298,-0.891555187036591,-0.391555187036591,True,True,C_low_observed_spd,1.5,1.5,0.3,229,Strong latent selection but noisy observed score
2000,1302,0.651,0.22741989115259387,0.027924163148503343,1.2553568705339582,0.982993943339324,0.321208556999284,1741.5668849743674,87.07834424871838,0.01496337984759376,-0.924738311492384,-0.42473831149238395,True,True,C_low_observed_spd,1.5,1.5,0.3,230,Strong latent selection but noisy observed score
2000,1305,0.6525,0.24932645140783327,0.02782275482049832,1.2831608543710762,1.0159911356508988,0.3562821706636822,1749.5403496276174,87.47701748138087,0.014743719169194631,-1.1764929887828117,-0.6764929887828117,True,True,C_low_observed_spd,1.5,1.5,0.3,231,Strong latent selection but noisy observed score
2000,1288,0.644,0.2233871140788541,0.02803581649961797,1.2503044905355785,0.9620204076580755,0.291961008819792,1754.4536196383058,87.72268098191529,0.01471552368834727,-1.2322504303125414,-0.7322504303125414,True,True,C_low_observed_spd,1.5,1.5,0.3,232,Strong latent selection but noisy observed score
2000,1315,0.6575,0.2724616727125294,0.02774041756852291,1.313193126817472,0.9524778777434624,0.37948676841617773,1726.3359269710882,86.3167963485544,0.015260699185390119,-0.25957356155856987,0.24042643844143013,True,True,C_low_observed_spd,1.5,1.5,0.3,233,Strong latent selection but noisy observed score
2000,1283,0.6415,0.27851855315430046,0.028517973316500047,1.3211711170601952,1.0410552286425203,0.3639914601894308,1754.9491301601045,87.74745650800523,0.014754902172964362,-0.47999644659501745,0.020003553404982555,True,True,C_low_observed_spd,1.5,1.5,0.3,234,Strong latent selection but noisy observed score
2000,1263,0.6315,0.2772010127093813,0.02877263300593341,1.3194315668943015,0.9783511378946099,0.3572085054941408,1762.5755484493864,88.12877742246931,0.014628460403797576,-0.3489516177499139,0.1510483822500861,True,True,C_low_observed_spd,1.5,1.5,0.3,235,Strong latent selection but noisy observed score
2000,1311,0.6555,0.2467286599269212,0.028020292086870912,1.2798317960068648,1.051731469201446,0.34630055179439767,1736.5596109242504,86.82798054621252,0.015036667100281696,-1.109479330493508,-0.609479330493508,True,True,C_low_observed_spd,1.5,1.5,0.3,236,Strong latent selection but noisy observed score
2000,1302,0.651,0.2197385670159446,0.028064413280487203,1.2457510076085616,0.9536193463297806,0.26788506020961983,1744.2508976611841,87.21254488305921,0.014935957837414221,-0.9702990764268091,-0.4702990764268091,True,True,C_low_observed_spd,1.5,1.5,0.3,237,Strong latent selection but noisy observed score
2000,1300,0.65,0.2529342281376618,0.028141067770483284,1.2877985731386292,0.974673162061749,0.3329667414336844,1744.3598201423988,87.21799100711993,0.014933893669157924,-0.5181928485883397,-0.018192848588339694,True,True,C_low_observed_spd,1.5,1.5,0.3,238,Strong latent selection but noisy observed score
2000,1288,0.644,0.18765903622737087,0.028074579290440785,1.2064220989843002,0.9903413075002178,0.23445219269947631,1755.6408373480358,87.78204186740179,0.014735586881953932,-0.7184380989534023,-0.21843809895340227,True,True,C_low_observed_spd,1.5,1.5,0.3,239,Strong latent selection but noisy observed score
2000,1259,0.6295,0.21961329364606041,0.028109799967471094,1.245594957956439,0.955083123755041,0.29820559083871134,1773.0267946439794,88.65133973219898,0.014442262501287896,-1.0303874632271735,-0.5303874632271735,True,True,C_low_observed_spd,1.5,1.5,0.3,240,Strong latent selection but noisy observed score
2000,1294,0.647,0.2350262437930931,0.028281640442905154,1.2649419651724985,1.0740442921623738,0.33342877681924615,1755.7054914896792,87.78527457448396,0.014711199179317291,-0.6581252438639625,-0.15812524386396254,True,True,C_low_observed_spd,1.5,1.5,0.3,241,Strong latent selection but noisy observed score
2000,1298,0.649,0.20936086635386006,0.028085520370114855,1.2328898267201438,0.9754248611736599,0.3020847631489687,1739.5040198197014,86.97520099098507,0.015067144436731562,-0.5922444943232102,-0.09224449432321025,True,True,C_low_observed_spd,1.5,1.5,0.3,242,Strong latent selection but noisy observed score
2000,1268,0.634,0.2152020495941096,0.028591143261691276,1.2401124358688853,0.9367755416569394,0.2656348533717013,1758.9882701821393,87.94941350910696,0.014650239198145622,-0.8042708647449379,-0.3042708647449379,True,True,C_low_observed_spd,1.5,1.5,0.3,243,Strong latent selection but noisy observed score
2000,1253,0.6265,0.23528073889996928,0.028198931574373212,1.2652639276803208,1.006745012714812,0.3234024482439789,1767.388814357123,88.36944071785615,0.014533535246949707,-0.44051996180437647,0.05948003819562353,True,True,C_low_observed_spd,1.5,1.5,0.3,244,Strong latent selection but noisy observed score
2000,1282,0.641,0.22815836277538012,0.02853788750896372,1.256284258341962,0.887431332523808,0.3217032914893875,1757.356974877436,87.8678487438718,0.014672357890950316,-0.9111796641173856,-0.4111796641173856,True,True,C_low_observed_spd,1.5,1.5,0.3,245,Strong latent selection but noisy observed score
2000,1286,0.643,0.2268991389036775,0.028516249998995127,1.2547033108065535,1.0423267403924532,0.3078792915543843,1762.0444322951646,88.10222161475824,0.014582452500575965,-0.55857687102733,-0.05857687102733,True,True,C_low_observed_spd,1.5,1.5,0.3,246,Strong latent selection but noisy observed score
2000,1309,0.6545,0.21695026521410124,0.02736015033808259,1.2422823159563057,0.9367832251536046,0.3254338603953671,1742.5583518285641,87.12791759142821,0.014935743820140472,-0.8028417975929429,-0.30284179759294294,True,True,C_low_observed_spd,1.5,1.5,0.3,247,Strong latent selection but noisy observed score
2000,1254,0.627,0.1990037022560337,0.028644076766455084,1.2201864833342804,0.9481862612624632,0.27972798340094945,1772.94994692025,88.6474973460125,0.01439033871448239,-0.8795698676166278,-0.3795698676166278,True,True,C_low_observed_spd,1.5,1.5,0.3,248,Strong latent selection but noisy observed score
2000,1283,0.6415,0.22300683730139628,0.02775548334099201,1.2498291191651516,0.9083750474920468,0.3062129527389019,1753.538469855777,87.67692349278884,0.014772027790866709,-0.6353947177600483,-0.1353947177600483,True,True,C_low_observed_spd,1.5,1.5,0.3,249,Strong latent selection but noisy observed score
2000,1274,0.637,0.22386894563403711,0.027980159264562845,1.250907071852394,0.9012450777837346,0.2845571468392923,1758.8229757490342,87.94114878745171,0.014670018704903653,-0.7917362315003839,-0.29173623150038386,True,True,C_low_observed_spd,1.5,1.5,0.3,250,Strong latent selection but noisy observed score
2000,1330,0.665,0.29340718620133016,0.028237425142826202,1.3409887113778132,0.9811265195224893,0.4105518511790528,1728.2515226709118,86.41257613354558,0.01522878660085134,-1.0561578032473338,-0.5561578032473338,True,True,C_low_observed_spd,1.5,1.5,0.3,251,Strong latent selection but noisy observed score
2000,1294,0.647,0.2652006150945323,0.02890547983406177,1.3036924899377578,0.9955195804873217,0.36694984685518656,1752.0145996418614,87.60072998209306,0.014750319306291356,-0.8445627940204985,-0.3445627940204985,True,True,C_low_observed_spd,1.5,1.5,0.3,252,Strong latent selection but noisy observed score
2000,1272,0.636,0.26570514909860343,0.02837148620628074,1.3043504130881278,0.9728211694586878,0.39324624917165485,1759.5556002284686,87.97778001142343,0.014703234143946387,-0.6780896899515515,-0.1780896899515515,True,True,C_low_observed_spd,1.5,1.5,0.3,253,Strong latent selection but noisy observed score
2000,1296,0.648,0.2509395020872662,0.02782721762779665,1.285232328105946,0.876120861942649,0.32065954534674723,1744.5447155448278,87.22723577724139,0.01490665522473886,-1.0047859647527588,-0.5047859647527588,True,True,C_low_observed_spd,1.5,1.5,0.3,254,Strong latent selection but noisy observed score
2000,1281,0.6405,0.1860951925749842,0.02807066102931542,1.2045369178911487,0.9815759074595022,0.242351226113149,1756.1839091762147,87.80919545881073,0.014675489330441258,-0.8596472422940946,-0.3596472422940946,True,True,C_low_observed_spd,1.5,1.5,0.3,255,Strong latent selection but noisy observed score
2000,1344,0.672,0.23959681465875904,0.027557164676343924,1.2707367046111713,0.9245522804582977,0.3615904944754239,1716.0093237851254,85.80046618925627,0.015437398186510782,-1.2203763566732504,-0.7203763566732504,True,True,C_low_observed_spd,1.5,1.5,0.3,256,Strong latent selection but noisy observed score
2000,1293,0.6465,0.26312044270176876,0.028683926278136356,1.300983403471852,1.0286937603967587,0.35797200300041254,1751.9348400922743,87.59674200461372,0.014742701883429323,-1.1353595454000176,-0.6353595454000176,True,True,C_low_observed_spd,1.5,1.5,0.3,257,Strong latent selection but noisy observed score
2000,1294,0.647,0.18277182020896662,0.028445695263536446,1.2005404377585591,0.9915029020644324,0.23927796633275392,1750.8812137981615,87.54406068990808,0.014793403606721128,-0.684465590391578,-0.18446559039157795,True,True,C_low_observed_spd,1.5,1.5,0.3,258,Strong latent selection but noisy observed score
2000,1321,0.6605,0.24948262334550383,0.028298890651329515,1.2833612637367984,0.980460621465569,0.3444429095777866,1729.1773053689135,86.45886526844568,0.015176183043627299,-0.915721024222046,-0.41572102422204604,True,True,C_low_observed_spd,1.5,1.5,0.3,259,Strong latent selection but noisy observed score
2000,1281,0.6405,0.2770007485261799,0.028268389761508257,1.3191673584658927,1.0044610942597172,0.40719232149010937,1765.3673634743316,88.26836817371658,0.01454408026845206,-1.0828029896258982,-0.5828029896258982,True,True,C_low_observed_spd,1.5,1.5,0.3,260,Strong latent selection but noisy observed score
2000,1346,0.673,0.2070535405660135,0.027128314556273937,1.2300484275067933,0.9258332118854017,0.2984497805649134,1714.2469279277523,85.71234639638762,0.015443841996672182,-0.7986129150629199,-0.29861291506291987,True,True,C_low_observed_spd,1.5,1.5,0.3,261,Strong latent selection but noisy observed score
2000,1305,0.6525,0.25188518175328256,0.027537624245839318,1.286448321064027,1.0776104285111852,0.35439200679548255,1743.461124969148,87.1730562484574,0.014912932428303702,-0.6989590676353792,-0.19895906763537918,True,True,C_low_observed_spd,1.5,1.5,0.3,262,Strong latent selection but noisy observed score
2000,1276,0.638,0.23614726787556958,0.028387434740712498,1.2663607906985979,1.0514210964246111,0.3300265062711205,1765.6599701037408,88.28299850518704,0.014495107213595692,-0.6689645236484417,-0.16896452364844172,True,True,C_low_observed_spd,1.5,1.5,0.3,263,Strong latent selection but noisy observed score
2000,1323,0.6615,0.2763863865739261,0.028023995393594108,1.3183571611348868,1.0106866224796178,0.3797516714661413,1729.3768189818918,86.4688409490946,0.015212990140220206,-0.43919316615893633,0.06080683384106367,True,True,C_low_observed_spd,1.5,1.5,0.3,264,Strong latent selection but noisy observed score
2000,1274,0.637,0.30587217286321466,0.02855623386580516,1.3578087306519326,0.9155702391020943,0.39307295761938327,1764.4572208612315,88.22286104306157,0.014543959358420431,-1.0790273044308087,-0.5790273044308087,True,True,C_low_observed_spd,1.5,1.5,0.3,265,Strong latent selection but noisy observed score
2000,1303,0.6515,0.24139800021145053,0.028499768206794576,1.2730275997490474,0.9329606988507261,0.32265156673611056,1745.159451909082,87.2579725954541,0.014876602555666656,-0.8572552747083912,-0.35725527470839125,True,True,C_low_observed_spd,1.5,1.5,0.3,266,Strong latent selection but noisy observed score
2000,1317,0.6585,0.21040637965999026,0.02737418095297086,1.2341795035086152,1.010089770223846,0.31831516796647896,1736.1016687306499,86.8050834365325,0.015031310836547504,-0.9278070484929778,-0.4278070484929778,True,True,C_low_observed_spd,1.5,1.5,0.3,267,Strong latent selection but noisy observed score
2000,1308,0.654,0.2084762725726244,0.027862548191743476,1.2317997022762162,1.0220565782056894,0.2993569398049385,1743.6714183517108,87.18357091758554,0.014885946707657086,-0.7306644127285664,-0.23066441272856641,True,True,C_low_observed_spd,1.5,1.5,0.3,268,Strong latent selection but noisy observed score
2000,1284,0.642,0.2265260726322478,0.02839714948345732,1.25423531062361,1.0008810145905982,0.2912362816151643,1753.9365002269344,87.69682501134672,0.01472987325867603,-0.43230691972289975,0.06769308027710025,True,True,C_low_observed_spd,1.5,1.5,0.3,269,Strong latent selection but noisy observed score
2000,1274,0.637,0.227311067663798,0.028581263186907818,1.2552202656526676,0.992657739586985,0.26925903630371023,1761.0773206555202,88.05386603277601,0.014644394993836752,-0.8419656229619783,-0.3419656229619783,True,True,C_low_observed_spd,1.5,1.5,0.3,270,Strong latent selection but noisy observed score
2000,1303,0.6515,0.2483304435781709,0.028732162956061097,1.2818834523702054,1.0262466211627326,0.31715083389448573,1744.041128926296,87.2020564463148,0.014962133606844901,-0.7508736848258134,-0.2508736848258134,True,True,C_low_observed_spd,1.5,1.5,0.3,271,Strong latent selection but noisy observed score
2000,1293,0.6465,0.2232167465912652,0.027708852453842473,1.250091497444869,0.911953410225223,0.29692096401824397,1745.4204584550446,87.27102292275224,0.014885799599074696,-0.5882983238792235,-0.08829832387922354,True,True,C_low_observed_spd,1.5,1.5,0.3,272,Strong latent selection but noisy observed score
2000,1307,0.6535,0.2892816456231048,0.028196077394046865,1.3354678042278432,0.9875320170518412,0.4077226915054528,1741.7814085676036,87.0890704283802,0.014963437330827962,-0.8044291195617824,-0.3044291195617824,True,True,C_low_observed_spd,1.5,1.5,0.3,273,Strong latent selection but noisy observed score
2000,1316,0.658,0.28497359888224905,0.028395806491606997,1.3297269213810192,0.8596767324806787,0.3827130924913293,1728.995941029479,86.44979705147394,0.015223050258084687,-0.8971000883600619,-0.39710008836006194,True,True,C_low_observed_spd,1.5,1.5,0.3,274,Strong latent selection but noisy observed score
2000,1313,0.6565,0.25388441285395474,0.028280118569932854,1.289022801189773,1.0080480557084972,0.33667937990402697,1731.5952090390135,86.57976045195068,0.015160671797901853,-0.9016968174409339,-0.4016968174409339,True,True,C_low_observed_spd,1.5,1.5,0.3,275,Strong latent selection but noisy observed score
2000,1349,0.6745,0.2069271036032546,0.027395957609705323,1.2298929137511236,0.9611895807856263,0.29893353924558974,1709.3892332651633,85.46946166325816,0.015555900199404815,-1.0673855378637451,-0.5673855378637451,True,True,C_low_observed_spd,1.5,1.5,0.3,276,Strong latent selection but noisy observed score
2000,1287,0.6435,0.30340629821264864,0.0283497680089135,1.3544646692353135,0.9689682083998322,0.397188808949101,1748.906510830386,87.4453255415193,0.014845749800408745,-0.6108243664004444,-0.11082436640044435,True,True,C_low_observed_spd,1.5,1.5,0.3,277,Strong latent selection but noisy observed score
2000,1288,0.644,0.2710290747592469,0.028457020145885456,1.311313195945809,1.0188185638867122,0.3397729645781963,1753.139677169266,87.65698385846329,0.014729005002153938,-0.7682091364994214,-0.26820913649942135,True,True,C_low_observed_spd,1.5,1.5,0.3,278,Strong latent selection but noisy observed score
2000,1309,0.6545,0.21261073792719504,0.027832110277547964,1.2369030780645685,0.9658077502897535,0.3078384534463582,1745.4831754502277,87.27415877251138,0.014867982710148187,-1.3997270176845233,-0.8997270176845233,True,True,C_low_observed_spd,1.5,1.5,0.3,279,Strong latent selection but noisy observed score
2000,1311,0.6555,0.22648319321365154,0.028393786762836912,1.2541815308957376,0.9451180737941868,0.2739283979038408,1742.8308849125165,87.14154424562582,0.014880151659866466,-0.5490810119498013,-0.0490810119498013,True,True,C_low_observed_spd,1.5,1.5,0.3,280,Strong latent selection but noisy observed score
2000,1285,0.6425,0.2565223699119674,0.02833376872266792,1.2924276769696663,0.8432537506286394,0.3573103408149168,1751.4675412974952,87.57337706487476,0.014774243650535226,-0.6042523310658071,-0.10425233106580711,True,True,C_low_observed_spd,1.5,1.5,0.3,281,Strong latent selection but noisy observed score
2000,1302,0.651,0.19668497444442723,0.027796199234452548,1.2173604806317244,0.88043918183473,0.28069728509916375,1741.6682721662057,87.0834136083103,0.014999103698185454,-0.5756799176364228,-0.07567991763642279,True,True,C_low_observed_spd,1.5,1.5,0.3,282,Strong latent selection but noisy observed score
2000,1275,0.6375,0.26424053106095513,0.028619962578413156,1.3024414362479082,0.9416712699000976,0.37371918976831836,1760.9462417761326,88.04731208880663,0.014600213380234409,-1.3658013205754156,-0.8658013205754156,True,True,C_low_observed_spd,1.5,1.5,0.3,283,Strong latent selection but noisy observed score
2000,1305,0.6525,0.20778053163836105,0.028095267215633393,1.2309429868610788,0.9699403382033585,0.2789915811116399,1738.6099562660281,86.93049781330141,0.014980554797271872,-0.6950452382948895,-0.1950452382948895,True,True,C_low_observed_spd,1.5,1.5,0.3,284,Strong latent selection but noisy observed score
2000,1297,0.6485,0.24397095823296133,0.028539390702754845,1.2763072637329922,0.9682669487401281,0.30651430370943816,1741.1665785313376,87.05832892656687,0.01499113289415303,-0.7877280284818402,-0.2877280284818402,True,True,C_low_observed_spd,1.5,1.5,0.3,285,Strong latent selection but noisy observed score
2000,1320,0.66,0.2700341462838641,0.027941378104886932,1.3100091819149313,0.9851184183340076,0.3736187171822598,1730.1209061905872,86.50604530952937,0.015172792065266245,-0.866535664721332,-0.36653566472133203,True,True,C_low_observed_spd,1.5,1.5,0.3,286,Strong latent selection but noisy observed score
2000,1332,0.666,0.22965445130237194,0.027918707506166977,1.2581651774674343,0.8970483986625433,0.32358965030422543,1728.7216210656868,86.43608105328434,0.01513473232155851,-0.9787925335398746,-0.4787925335398746,True,True,C_low_observed_spd,1.5,1.5,0.3,287,Strong latent selection but noisy observed score
2000,1273,0.6365,0.25848215596246016,0.028605808774398087,1.2949630422775662,1.0070724194681209,0.3567479507232287,1766.5223917319606,88.32611958659803,0.01452538640926647,-0.33057222700346567,0.16942777299653433,True,True,C_low_observed_spd,1.5,1.5,0.3,288,Strong latent selection but noisy observed score
2000,1308,0.654,0.25901605276817097,0.028404399793182173,1.2956546035040895,1.0466823174801818,0.3468027706965376,1746.4247963588336,87.32123981794167,0.014910283666849775,-0.16805297241430261,0.3319470275856974,True,True,C_low_observed_spd,1.5,1.5,0.3,289,Strong latent selection but noisy observed score
2000,1303,0.6515,0.27817637296628533,0.0272156698418616,1.320719115816305,0.9359526716931591,0.4397436595163248,1741.642118189917,87.08210590949585,0.014940298445330267,-0.8283204337028874,-0.32832043370288744,True,True,C_low_observed_spd,1.5,1.5,0.3,290,Strong latent selection but noisy observed score
2000,1280,0.64,0.24069817000459215,0.027797805273779973,1.2721370082483439,1.0205942298590276,0.3326030240219797,1763.1525385633363,88.15762692816682,0.014536549634337266,-0.6252303907771017,-0.12523039077710174,True,True,C_low_observed_spd,1.5,1.5,0.3,291,Strong latent selection but noisy observed score
2000,1328,0.664,0.23603579264732283,0.02785423651213863,1.2662196307084792,0.991670316550731,0.3276013828701726,1732.0608901998175,86.60304450999088,0.0150735189247623,-0.9549438284166507,-0.4549438284166507,True,True,C_low_observed_spd,1.5,1.5,0.3,292,Strong latent selection but noisy observed score
2000,1263,0.6315,0.2179661822694763,0.02846131481011065,1.2435450130378258,1.0130390270080056,0.29380619039894257,1768.4545749200115,88.42272874600057,0.014467609315647407,-1.096856213346016,-0.596856213346016,True,True,C_low_observed_spd,1.5,1.5,0.3,293,Strong latent selection but noisy observed score
2000,1296,0.648,0.21993310056816473,0.028046079021742405,1.2459933715504485,0.9476868191479806,0.30141705382766887,1740.0215757119654,87.00107878559827,0.015016368922286603,-0.9695879433315479,-0.46958794333154785,True,True,C_low_observed_spd,1.5,1.5,0.3,294,Strong latent selection but noisy observed score
2000,1319,0.6595,0.251278476460517,0.027682788989846996,1.2856680627761183,0.9622150503230851,0.34715880273973887,1734.1690287907165,86.70845143953582,0.015101055063553928,-0.9917124141494735,-0.49171241414947353,True,True,C_low_observed_spd,1.5,1.5,0.3,295,Strong latent selection but noisy observed score
2000,1306,0.653,0.2417303883104431,0.028266690635140816,1.2734508093039065,0.8775765868125895,0.3213889443595134,1739.8382646533453,86.99191323266727,0.015017844946899511,-0.7213667251413822,-0.22136672514138223,True,True,C_low_observed_spd,1.5,1.5,0.3,296,Strong latent selection but noisy observed score
2000,1298,0.649,0.24746379463524984,0.02787688577025449,1.2807729906909848,0.9756499284838193,0.33883705275510917,1745.0397449192717,87.25198724596358,0.01492641339392346,-0.9092428934413199,-0.4092428934413199,True,True,C_low_observed_spd,1.5,1.5,0.3,297,Strong latent selection but noisy observed score
2000,1320,0.66,0.25391862974978346,0.02820353010063052,1.2890669083032822,1.025773619955268,0.37966578194638234,1730.2590571931178,86.5129528596559,0.015212680756644082,-0.6160626286014417,-0.11606262860144168,True,True,C_low_observed_spd,1.5,1.5,0.3,298,Strong latent selection but noisy observed score
2000,1258,0.629,0.250443296901223,0.02894425607089585,1.2845947473579884,0.9834241328601698,0.3416145026630515,1768.9862020880728,88.44931010440365,0.014489539510110151,-0.5215593469671483,-0.02155934696714834,True,True,C_low_observed_spd,1.5,1.5,0.3,299,Strong latent selection but noisy observed score
2000,1266,0.633,0.24833575963588467,0.028666763089382468,1.2818902669547338,0.968865034276826,0.3608052906123321,1770.213039015497,88.51065195077486,0.014433058669973952,-0.9428493047417996,-0.4428493047417996,True,True,C_low_observed_spd,1.5,1.5,0.3,300,Strong latent selection but noisy observed score
2000,1317,0.6585,0.242260472298261,0.02782591210346027,1.2741260241316659,0.9728266575879021,0.3385554539025568,1734.3287954240807,86.71643977120404,0.015069219331002645,-1.1760836256773122,-0.6760836256773122,True,True,C_low_observed_spd,1.5,1.5,0.3,301,Strong latent selection but noisy observed score
2000,1291,0.6455,0.29180943229939754,0.028689146646873387,1.338847852170273,0.9381352973944787,0.4036201420195304,1756.1464316044317,87.80732158022158,0.014704984012173525,-1.1080799885624917,-0.6080799885624917,True,True,C_low_observed_spd,1.5,1.5,0.3,302,Strong latent selection but noisy observed score
2000,1299,0.6495,0.2283654961169387,0.028311507883097498,1.2565445036501495,0.8859809970584649,0.3116453626488375,1734.9097424959189,86.74548712479594,0.015141240421839796,-0.5310739212078491,-0.03107392120784913,True,True,C_low_observed_spd,1.5,1.5,0.3,303,Strong latent selection but noisy observed score
2000,1248,0.624,0.22688854373867803,0.02837011863464722,1.2546900170883748,1.0069738553540286,0.31161776816722403,1782.5293261990098,89.12646630995049,0.014237794300249365,-1.1463485900696953,-0.6463485900696953,True,True,C_low_observed_spd,1.5,1.5,0.3,304,Strong latent selection but noisy observed score
2000,1301,0.6505,0.27277591103552473,0.027531028674324793,1.3136058472663066,1.0129095226613996,0.41742890453002623,1751.216169565757,87.56080847828784,0.014761378045408509,-0.6749964584531442,-0.17499645845314415,True,True,C_low_observed_spd,1.5,1.5,0.3,305,Strong latent selection but noisy observed score
2000,1318,0.659,0.1727434014030959,0.027787556730352186,1.1885610828453737,0.9893737101137925,0.2553274966845397,1729.260150378495,86.46300751892474,0.015156476942645698,-0.7342183746980345,-0.23421837469803453,True,True,C_low_observed_spd,1.5,1.5,0.3,306,Strong latent selection but noisy observed score
2000,1321,0.6605,0.2782331674644431,0.028897591213814102,1.3207941275258013,0.9211333572756359,0.3750919391275682,1723.7322470003849,86.18661235001925,0.01529693248954304,-1.138927947089106,-0.638927947089106,True,True,C_low_observed_spd,1.5,1.5,0.3,307,Strong latent selection but noisy observed score
2000,1280,0.64,0.2886866376566946,0.02890896089401526,1.3346734265993885,0.9821296444228038,0.36015486578096323,1756.3986674528694,87.81993337264348,0.014717365566007778,-0.9780019266511614,-0.47800192665116137,True,True,C_low_observed_spd,1.5,1.5,0.3,308,Strong latent selection but noisy observed score
2000,1299,0.6495,0.25065644049145075,0.027703579411861492,1.284868579676193,0.9493658878150985,0.36522576917123784,1740.877173128287,87.04385865641434,0.014975468813707545,-0.4922830615014995,0.007716938498500525,True,True,C_low_observed_spd,1.5,1.5,0.3,309,Strong latent selection but noisy observed score
2000,1299,0.6495,0.27394653226087945,0.02811655371730171,1.315144482556725,0.9984309151369276,0.40031337115840737,1749.1486625086532,87.45743312543266,0.014798246985381607,-0.2820021581605525,0.21799784183944748,True,True,C_low_observed_spd,1.5,1.5,0.3,310,Strong latent selection but noisy observed score
2000,1299,0.6495,0.24006211385380982,0.027740108246324894,1.2713281149576572,0.9920641891720811,0.3652323338131639,1752.9510618419117,87.64755309209559,0.014741142199207267,-0.8755900112412398,-0.3755900112412398,True,True,C_low_observed_spd,1.5,1.5,0.3,311,Strong latent selection but noisy observed score
2000,1327,0.6635,0.2622395732317353,0.027973519425085625,1.2998379114992353,1.0040783230983836,0.3675643293176644,1726.5437335864067,86.32718667932033,0.01525223528937969,-1.011652530283357,-0.511652530283357,True,True,C_low_observed_spd,1.5,1.5,0.3,312,Strong latent selection but noisy observed score
2000,1285,0.6425,0.20596685927330743,0.027871323215488665,1.228712482895973,1.0183051168248634,0.27024977795540767,1749.7899721898632,87.48949860949317,0.014834977950273016,-0.8926015488771171,-0.39260154887711707,True,True,C_low_observed_spd,1.5,1.5,0.3,313,Strong latent selection but noisy observed score
2000,1305,0.6525,0.23655171214385143,0.028073895660177203,1.2668730666485255,0.8364558337837907,0.3097390653874803,1737.5619932697145,86.87809966348573,0.015025295983082844,-0.9981281270529434,-0.4981281270529434,True,True,C_low_observed_spd,1.5,1.5,0.3,314,Strong latent selection but noisy observed score
2000,1280,0.64,0.28599612508052796,0.028659780057185776,1.331087297386211,0.9250299072102873,0.3888389586828041,1762.1693344141459,88.1084667207073,0.014584470593607658,-0.8688718078561978,-0.3688718078561978,True,True,C_low_observed_spd,1.5,1.5,0.3,315,Strong latent selection but noisy observed score
2000,1293,0.6465,0.27060825141914646,0.028618012502229076,1.3107614808422117,0.9421019322604837,0.3473182045609748,1744.1494828421878,87.20747414210939,0.014957858108628522,-0.8254923599959934,-0.32549235999599335,True,True,C_low_observed_spd,1.5,1.5,0.3,316,Strong latent selection but noisy observed score
2000,1301,0.6505,0.29460295022781585,0.028204257413152158,1.3425931765284775,1.0668672184643935,0.42087362609890294,1748.5989195575246,87.42994597787623,0.014816009435464485,-0.9643812722180021,-0.4643812722180021,True,True,C_low_observed_spd,1.5,1.5,0.3,317,Strong latent selection but noisy observed score
2000,1317,0.6585,0.2679046877297373,0.02814404813691881,1.3072225397290622,1.0542746808452799,0.3790413395179802,1739.6410463152995,86.98205231576497,0.014948362577921757,-0.9713292854493255,-0.4713292854493255,True,True,C_low_observed_spd,1.5,1.5,0.3,318,Strong latent selection but noisy observed score
2000,1306,0.653,0.27335157681137834,0.027909957785614677,1.314362262895945,0.9699018036019058,0.4047905550936323,1747.6507369801889,87.38253684900944,0.0148518084947261,-0.7926109203304926,-0.29261092033049263,True,True,C_low_observed_spd,1.5,1.5,0.3,319,Strong latent selection but noisy observed score
2000,1303,0.6515,0.2353061455035457,0.028480028127575056,1.2652960741477155,0.8184219267898111,0.2514890042229027,1743.3552186843197,87.16776093421599,0.014919803221135054,-0.46731428861444957,0.03268571138555043,True,True,C_low_observed_spd,1.5,1.5,0.3,320,Strong latent selection but noisy observed score
2000,1289,0.6445,0.24196469595724907,0.028115533575442202,1.2737492235253594,0.9627748404093796,0.34412294234128893,1750.9534713631683,87.54767356815842,0.014775447906668905,-1.041377481365898,-0.541377481365898,True,True,C_low_observed_spd,1.5,1.5,0.3,321,Strong latent selection but noisy observed score
2000,1268,0.634,0.26356348552853215,0.02873395063784582,1.3015599225383865,0.9745564288296344,0.35727304127083126,1761.940006770244,88.0970003385122,0.014625663846170712,-0.6308592096279468,-0.13085920962794684,True,True,C_low_observed_spd,1.5,1.5,0.3,322,Strong latent selection but noisy observed score
2000,1295,0.6475,0.22125692002360575,0.02828478853532101,1.2476439340994143,0.8935770360040269,0.28836406400982845,1743.1141469114195,87.15570734557097,0.014982206826028546,-0.7371287287902254,-0.2371287287902254,True,True,C_low_observed_spd,1.5,1.5,0.3,323,Strong latent selection but noisy observed score
2000,1321,0.6605,0.23559524649448324,0.027826725536971225,1.2656619253780095,0.9542897700254297,0.33682168646778293,1736.6596480791195,86.83298240395598,0.014985723926063958,-0.8695538811727064,-0.3695538811727064,True,True,C_low_observed_spd,1.5,1.5,0.3,324,Strong latent selection but noisy observed score
2000,1282,0.641,0.2579243198569998,0.028384616717525502,1.2942408665839125,0.9542175591294214,0.3424602171411394,1754.8676471472008,87.74338235736003,0.014718775859466723,-1.1276664607809244,-0.6276664607809244,True,True,C_low_observed_spd,1.5,1.5,0.3,325,Strong latent selection but noisy observed score
2000,1267,0.6335,0.23868424329228133,0.028577918854632095,1.269577595645478,0.9593051864928765,0.3150224171519515,1765.7610447150216,88.28805223575108,0.014561480877426758,-0.7978274557581798,-0.2978274557581798,True,True,C_low_observed_spd,1.5,1.5,0.3,326,Strong latent selection but noisy observed score
2000,1286,0.643,0.2615016927815476,0.028003402319483024,1.298879140288695,0.8790301710817611,0.33749451804484604,1747.3471637681314,87.36735818840657,0.014909565900213879,-0.7891330538433136,-0.28913305384331356,True,True,C_low_observed_spd,1.5,1.5,0.3,327,Strong latent selection but noisy observed score
2000,1305,0.6525,0.22740760786090863,0.027432819641015925,1.2553414507140517,0.9199744177780993,0.32171534529949,1744.2048027531353,87.21024013765675,0.014893745228305711,-0.8849955697575922,-0.3849955697575922,True,True,C_low_observed_spd,1.5,1.5,0.3,328,Strong latent selection but noisy observed score
2000,1307,0.6535,0.2540935989790264,0.028094954902117646,1.2892924750797177,0.9559134973304819,0.3668262680801435,1740.8060872378014,87.04030436189007,0.015006228108812615,-0.6461332539004677,-0.14613325390046772,True,True,C_low_observed_spd,1.5,1.5,0.3,329,Strong latent selection but noisy observed score
2000,1280,0.64,0.2737930712281096,0.028517031748524255,1.3149426746114141,0.9679388028672056,0.3559456336910013,1757.274875322701,87.86374376613506,0.014688239529064156,-0.7278521606536749,-0.22785216065367486,True,True,C_low_observed_spd,1.5,1.5,0.3,330,Strong latent selection but noisy observed score
2000,1302,0.651,0.2655431002970505,0.02775219297240791,1.3041390617919564,1.0032605714792422,0.40138518295894654,1741.758219061882,87.08791095309411,0.014967860770292553,-0.8488207232528954,-0.34882072325289537,True,True,C_low_observed_spd,1.5,1.5,0.3,331,Strong latent selection but noisy observed score
2000,1291,0.6455,0.2765455978613613,0.028343665341383342,1.3185670751857101,0.8675840199789189,0.3789494963649605,1755.5799298536094,87.77899649268046,0.014672421522355485,-0.6875710648867301,-0.18757106488673014,True,True,C_low_observed_spd,1.5,1.5,0.3,332,Strong latent selection but noisy observed score
2000,1298,0.649,0.23314179725561826,0.02824133877264736,1.2625604942481856,1.0253831529311173,0.36542357676613285,1747.274042654798,87.3637021327399,0.014861846511992162,-0.35826516054567287,0.14173483945432713,True,True,C_low_observed_spd,1.5,1.5,0.3,333,Strong latent selection but noisy observed score
2000,1345,0.6725,0.23039158465106305,0.027841213728244354,1.259092954883734,0.9054563518109998,0.30775170819227077,1710.0519863958348,85.50259931979174,0.015584394129717271,-1.0758249957667825,-0.5758249957667825,True,True,C_low_observed_spd,1.5,1.5,0.3,334,Strong latent selection but noisy observed score
2000,1299,0.6495,0.22922890106360888,0.02758819250169032,1.2576298788820583,0.9419032220295108,0.3017526455178107,1741.0340823619642,87.0517041180982,0.014949052231520155,-0.7796593104535452,-0.2796593104535452,True,True,C_low_observed_spd,1.5,1.5,0.3,335,Strong latent selection but noisy observed score
2000,1329,0.6645,0.24785798794271033,0.02747748449927492,1.2812779623539774,0.9705412498349496,0.3706652252171469,1722.7651850483585,86.13825925241792,0.015311129418186104,-0.48470005755116635,0.015299942448833648,True,True,C_low_observed_spd,1.5,1.5,0.3,336,Strong latent selection but noisy observed score
2000,1336,0.668,0.22233749877668976,0.027870759378644694,1.2489928402944492,0.9523830366743318,0.27830382501811174,1713.9020070239246,85.69510035119623,0.01552246939433401,-1.1760374820456005,-0.6760374820456005,True,True,C_low_observed_spd,1.5,1.5,0.3,337,Strong latent selection but noisy observed score
2000,1299,0.6495,0.2687198555141251,0.028627784126408016,1.308288579872234,0.9285593248964437,0.36820346834200046,1749.1322634428009,87.45661317214004,0.014821773944713236,-0.5338790815560946,-0.03387908155609465,True,True,C_low_observed_spd,1.5,1.5,0.3,338,Strong latent selection but noisy observed score
2000,1278,0.639,0.23517130424430466,0.027940282951053146,1.2651254715341587,0.8765543135631622,0.34635791668677546,1760.0296145326768,88.00148072663383,0.014641409806563302,-1.0908420667034748,-0.5908420667034748,True,True,C_low_observed_spd,1.5,1.5,0.3,339,Strong latent selection but noisy observed score
2000,1261,0.6305,0.19773606750541217,0.027838724054526136,1.2186407124891783,0.893763984144586,0.2657732003122894,1774.7500224593416,88.73750112296707,0.014309268299635221,-0.8869555572515895,-0.3869555572515895,True,True,C_low_observed_spd,1.5,1.5,0.3,340,Strong latent selection but noisy observed score
2000,1321,0.6605,0.24044519880493329,0.02796408605705938,1.2718152349246448,0.8664826980957184,0.32943796102357237,1730.1639554817832,86.50819777408915,0.01515249124245443,-0.6588807892627903,-0.15888078926279026,True,True,C_low_observed_spd,1.5,1.5,0.3,341,Strong latent selection but noisy observed score
2000,1335,0.6675,0.2068191733636597,0.028014199280097695,1.229760178277481,0.926096603846526,0.2619487572237899,1730.0764153054242,86.50382076527121,0.015141605405291386,-0.8594146511259452,-0.3594146511259452,True,True,C_low_observed_spd,1.5,1.5,0.3,342,Strong latent selection but noisy observed score
2000,1319,0.6595,0.263085765625357,0.027394772697586695,1.3009382899531663,1.0849132918613744,0.3894280258051314,1738.0396907246295,86.90198453623148,0.015009873017225424,-1.1179620077123302,-0.6179620077123302,True,True,C_low_observed_spd,1.5,1.5,0.3,343,Strong latent selection but noisy observed score
2000,1270,0.635,0.23045752294843225,0.028300235413163906,1.2591759800666482,0.9618552398759789,0.32005344187067164,1765.8082946772427,88.29041473386212,0.014541561071820986,-0.8812926276761404,-0.38129262767614036,True,True,C_low_observed_spd,1.5,1.5,0.3,344,Strong latent selection but noisy observed score
2000,1277,0.6385,0.21877575671641059,0.02772146975352213,1.2445521629303942,0.8714021454722639,0.2872893211002032,1755.4247865759073,87.77123932879536,0.014750722535671987,-0.8096494546306358,-0.30964945463063576,True,True,C_low_observed_spd,1.5,1.5,0.3,345,Strong latent selection but noisy observed score
2000,1291,0.6455,0.2590872319620794,0.028239256419983632,1.295746830436631,0.948737449456604,0.36373225813082233,1751.7226694223123,87.5861334711156,0.014801683884716652,-1.1221044190015879,-0.6221044190015879,True,True,C_low_observed_spd,1.5,1.5,0.3,346,Strong latent selection but noisy observed score
2000,1280,0.64,0.22464121657774405,0.028495741465963863,1.251873484155303,0.9688926138048795,0.28943954911543956,1761.8505640027333,88.09252820013667,0.014619016962776572,-0.3180516706160333,0.1819483293839667,True,True,C_low_observed_spd,1.5,1.5,0.3,347,Strong latent selection but noisy observed score
2000,1272,0.636,0.23442080819452307,0.027676634811427948,1.2641763560635486,0.9714523372680542,0.325143561538125,1764.2411638047859,88.21205819023929,0.014551122031862209,-1.1767542599219836,-0.6767542599219836,True,True,C_low_observed_spd,1.5,1.5,0.3,348,Strong latent selection but noisy observed score
2000,1324,0.662,0.26303518421269395,0.027983788939899622,1.3008724883208567,1.0114604415851216,0.35674930030646584,1731.0379098389333,86.55189549194667,0.015166050901139485,-1.0234299383675471,-0.5234299383675471,True,True,C_low_observed_spd,1.5,1.5,0.3,349,Strong latent selection but noisy observed score
2000,1277,0.6385,0.2212218070941823,0.027682849795506843,1.2476001264351229,0.9513539910094105,0.28575674841367943,1755.4387131226401,87.771935656132,0.01470363010023781,-0.8210422091840335,-0.3210422091840335,True,True,C_low_observed_spd,1.5,1.5,0.3,350,Strong latent selection but noisy observed score
2000,1335,0.6675,0.22503400472744517,0.027545253840309678,1.2523653018085539,0.986590959805191,0.29243052324589547,1726.401888156967,86.32009440784836,0.015190980692279824,-0.6442771537500709,-0.14427715375007089,True,True,C_low_observed_spd,1.5,1.5,0.3,351,Strong latent selection but noisy observed score
2000,1303,0.6515,0.21495500129267117,0.028356763615428097,1.2398061060387013,0.8961476611867667,0.26963844020022926,1735.3755095912827,86.76877547956414,0.01514521429425003,-0.5882151191111564,-0.08821511911115643,True,True,C_low_observed_spd,1.5,1.5,0.3,352,Strong latent selection but noisy observed score
2000,1306,0.653,0.21976435747915407,0.027844231643741075,1.2457831365183996,0.9565322255266075,0.2946490560211366,1737.556883683076,86.8778441841538,0.01509682809533704,-0.7469468136198995,-0.24694681361989945,True,True,C_low_observed_spd,1.5,1.5,0.3,353,Strong latent selection but noisy observed score
2000,1313,0.6565,0.25308131918736687,0.027872851620932476,1.2879880107145052,0.9557297125748485,0.3474503711280338,1735.1561148580722,86.75780574290361,0.01513296861844051,-0.713307269596797,-0.21330726959679702,True,True,C_low_observed_spd,1.5,1.5,0.3,354,Strong latent selection but noisy observed score
2000,1261,0.6305,0.26649057804578313,0.028927614791085358,1.3053752900911786,0.937145826847931,0.3516172893171416,1763.669642007783,88.18348210038916,0.014609791757435037,-0.7504252820557594,-0.2504252820557594,True,True,C_low_observed_spd,1.5,1.5,0.3,355,Strong latent selection but noisy observed score
2000,1305,0.6525,0.2054160403325897,0.028347983627050218,1.2280358711500872,0.9856320683979245,0.2616167283533027,1746.6469647081678,87.3323482354084,0.01481708591382544,-0.9570226905248156,-0.4570226905248156,True,True,C_low_observed_spd,1.5,1.5,0.3,356,Strong latent selection but noisy observed score
2000,1296,0.648,0.2466598694790707,0.02804420078809092,1.279743758832537,1.0263506698988203,0.37669268066311684,1755.4157430342675,87.77078715171338,0.014678968488089314,-0.2566376480884933,0.24336235191150668,True,True,C_low_observed_spd,1.5,1.5,0.3,357,Strong latent selection but noisy observed score
2000,1288,0.644,0.23825970708084798,0.02814546839988613,1.2690387283753302,0.9309777529127838,0.2926031463257433,1746.976219435057,87.34881097175284,0.014879133021423702,-0.6597427838452674,-0.1597427838452674,True,True,C_low_observed_spd,1.5,1.5,0.3,358,Strong latent selection but noisy observed score
2000,1297,0.6485,0.23343714276700878,0.027726643196486326,1.2629334408943687,1.0323939272471685,0.3426197132304485,1750.587641429,87.52938207145,0.014797642202621713,-1.2542516206961618,-0.7542516206961618,True,True,C_low_observed_spd,1.5,1.5,0.3,359,Strong latent selection but noisy observed score
2000,1300,0.65,0.22996555570378288,0.02812342578216878,1.2585566590845159,0.9530783893294615,0.29506398610245377,1750.6128641084865,87.53064320542433,0.014762047610911915,-0.94191726933185,-0.44191726933185005,True,True,C_low_observed_spd,1.5,1.5,0.3,360,Strong latent selection but noisy observed score
2000,1292,0.646,0.2350881176282205,0.02803011926016228,1.265020234404481,1.0066617547471932,0.322474770590364,1737.1891456886462,86.85945728443231,0.015103337390218553,-0.5630465212450272,-0.06304652124502719,True,True,C_low_observed_spd,1.5,1.5,0.3,361,Strong latent selection but noisy observed score
2000,1301,0.6505,0.2129136420788364,0.027418299978433786,1.2372777978913228,0.9732727340242228,0.275926617562826,1743.361473350564,87.16807366752819,0.0149765295939595,-0.7423795772250216,-0.24237957722502157,True,True,C_low_observed_spd,1.5,1.5,0.3,362,Strong latent selection but noisy observed score
2000,1323,0.6615,0.21941519885708102,0.02775650853570105,1.2453482365240107,0.9802157759558896,0.31421140044652385,1727.0698606772487,86.35349303386243,0.015209930572178915,-1.1381567046237349,-0.6381567046237349,True,True,C_low_observed_spd,1.5,1.5,0.3,363,Strong latent selection but noisy observed score
2000,1304,0.652,0.23360081919950948,0.028554089892367122,1.2631401702523606,0.9376975371450865,0.25757015577494485,1744.5137228239118,87.2256861411956,0.014916227443405978,-1.0456563522654596,-0.5456563522654596,True,True,C_low_observed_spd,1.5,1.5,0.3,364,Strong latent selection but noisy observed score
2000,1269,0.6345,0.2689353167631452,0.0283801581070844,1.308570495733613,1.012519205594669,0.3608948077957914,1766.8518031995445,88.34259015997723,0.01446590301727098,-0.6781160075084678,-0.1781160075084678,True,True,C_low_observed_spd,1.5,1.5,0.3,365,Strong latent selection but noisy observed score
2000,1320,0.66,0.22818035756440777,0.02730592538842909,1.256311890353062,0.9984557462529117,0.2994495063345362,1727.983900650348,86.3991950325174,0.015237363761535063,-0.9258074074615888,-0.42580740746158885,True,True,C_low_observed_spd,1.5,1.5,0.3,366,Strong latent selection but noisy observed score
2000,1339,0.6695,0.22931439918491503,0.027280412162850275,1.2577374084707247,0.8931266193718425,0.3224021804892383,1714.8564812635468,85.74282406317734,0.015463268288505779,-1.0823164921149975,-0.5823164921149975,True,True,C_low_observed_spd,1.5,1.5,0.3,367,Strong latent selection but noisy observed score
2000,1299,0.6495,0.18165363153701902,0.0283256062761751,1.199198757306581,0.9259029339916592,0.2335459885980431,1749.151310246722,87.4575655123361,0.014819562110384302,-0.8516119814937145,-0.35161198149371453,True,True,C_low_observed_spd,1.5,1.5,0.3,368,Strong latent selection but noisy observed score
2000,1277,0.6385,0.22303649377851847,0.02822384338817596,1.2498661852434527,0.9761827320370418,0.29879922580505136,1760.0144252012474,88.00072126006238,0.014596541056487854,-0.2683583608854482,0.23164163911455182,True,True,C_low_observed_spd,1.5,1.5,0.3,369,Strong latent selection but noisy observed score
2000,1285,0.6425,0.21651240693901827,0.02804262812685266,1.2417384914319975,0.9056067102807038,0.29058263131418605,1755.7894708606555,87.78947354303277,0.014687593356018103,-0.5270277699035513,-0.02702776990355127,True,True,C_low_observed_spd,1.5,1.5,0.3,370,Strong latent selection but noisy observed score
2000,1293,0.6465,0.2696838824368344,0.02889221781613764,1.3095504134089309,0.942110203084475,0.34041521723088647,1744.0810023470663,87.20405011735332,0.014966424717300177,-0.699981499568098,-0.19998149956809796,True,True,C_low_observed_spd,1.5,1.5,0.3,371,Strong latent selection but noisy observed score
2000,1346,0.673,0.24067873316892846,0.02808169921564073,1.272112282170672,0.9727194003758081,0.3352044142881928,1709.77223486416,85.48861174320801,0.015569557320525576,-1.0967920762401648,-0.5967920762401648,True,True,C_low_observed_spd,1.5,1.5,0.3,372,Strong latent selection but noisy observed score
2000,1251,0.6255,0.25584568633984833,0.028697612192082864,1.2915534082275173,0.89944182292335,0.33253649406770486,1768.4443363350167,88.42221681675083,0.014510859001229288,-0.8988035951366367,-0.39880359513663666,True,True,C_low_observed_spd,1.5,1.5,0.3,373,Strong latent selection but noisy observed score
2000,1291,0.6455,0.26418857833104825,0.028574339155629368,1.3023737726174216,0.9996894742295737,0.35920272491507654,1751.965393882749,87.59826969413744,0.014755577364470474,-0.6038270106737962,-0.10382701067379618,True,True,C_low_observed_spd,1.5,1.5,0.3,374,Strong latent selection but noisy observed score
2000,1274,0.637,0.24572388296096023,0.028040730740523254,1.2785464963258235,0.9450077045058076,0.3485336234210607,1762.0558449445439,88.10279224722719,0.01461043757780054,-1.0152542558830222,-0.5152542558830222,True,True,C_low_observed_spd,1.5,1.5,0.3,375,Strong latent selection but noisy observed score
2000,1312,0.656,0.26389463839764377,0.027949462650837902,1.3019910092149112,0.9811593398496976,0.3778747739597347,1729.627702287908,86.48138511439541,0.015237635375035552,-0.688377836156644,-0.18837783615664405,True,True,C_low_observed_spd,1.5,1.5,0.3,376,Strong latent selection but noisy observed score
2000,1278,0.639,0.23513257635984564,0.028514257522128595,1.2650764768498073,0.9923393815102326,0.30748226140376506,1767.0006720281406,88.35003360140703,0.014452442062973015,-0.8933969201507844,-0.3933969201507844,True,True,C_low_observed_spd,1.5,1.5,0.3,377,Strong latent selection but noisy observed score
2000,1296,0.648,0.23440165081955533,0.02755420395356778,1.2641521379950482,0.9229080989486842,0.3040769739452444,1745.524223612421,87.27621118062106,0.014872589481199825,-0.7451176670549393,-0.24511766705493931,True,True,C_low_observed_spd,1.5,1.5,0.3,378,Strong latent selection but noisy observed score
2000,1286,0.643,0.20825155961572198,0.02791918694670946,1.231522932020902,0.8914163508380308,0.29538889179325817,1755.3696634461187,87.76848317230593,0.01471261799405832,-0.8120834267571777,-0.3120834267571777,True,True,C_low_observed_spd,1.5,1.5,0.3,379,Strong latent selection but noisy observed score
2000,1307,0.6535,0.2860178898028863,0.028563150089196784,1.3311162684469455,0.960731917936139,0.41420790316343575,1739.8365566027353,86.99182783013677,0.014991196272181331,-0.47021203297750225,0.029787967022497752,True,True,C_low_observed_spd,1.5,1.5,0.3,380,Strong latent selection but noisy observed score
2000,1312,0.656,0.2319235393039286,0.027866700340578764,1.2610233064223428,0.982238786310758,0.32700954662690435,1743.943476531238,87.19717382656191,0.014893504595628819,-0.5287685576437041,-0.028768557643704118,True,True,C_low_observed_spd,1.5,1.5,0.3,381,Strong latent selection but noisy observed score
2000,1304,0.652,0.2426670585123455,0.02814565151330896,1.2746441715367418,0.9182559075818019,0.326442187557249,1744.7778735207244,87.23889367603621,0.014931577799892548,-0.8562784232002117,-0.35627842320021175,True,True,C_low_observed_spd,1.5,1.5,0.3,382,Strong latent selection but noisy observed score
2000,1293,0.6465,0.24347573851493395,0.02765375010421213,1.275675367686335,0.8952913973022967,0.3204522364313863,1739.654161619187,86.98270808095936,0.015075692703825453,-0.880822999188459,-0.38082299918845897,True,True,C_low_observed_spd,1.5,1.5,0.3,383,Strong latent selection but noisy observed score
2000,1299,0.6495,0.23003684741292077,0.027424919361239378,1.258646386938177,0.9939686585212988,0.35267754706078774,1744.7023863759277,87.23511931879638,0.01489944187264726,-1.0630192841573767,-0.5630192841573767,True,True,C_low_observed_spd,1.5,1.5,0.3,384,Strong latent selection but noisy observed score
2000,1291,0.6455,0.22644578066700735,0.027575919448178245,1.2541346096484398,0.9823427117275073,0.2902814398797283,1757.6279218965274,87.88139609482637,0.014661952930718624,-0.8116362695650488,-0.31163626956504875,True,True,C_low_observed_spd,1.5,1.5,0.3,385,Strong latent selection but noisy observed score
2000,1261,0.6305,0.24555209538894407,0.0282186315433293,1.2783268767920033,1.0637464608055984,0.3291514638123635,1774.4696924518291,88.72348462259146,0.01433700134358755,-0.5777634217964279,-0.07776342179642792,True,True,C_low_observed_spd,1.5,1.5,0.3,386,Strong latent selection but noisy observed score
2000,1301,0.6505,0.26045478288662877,0.028989754624381157,1.2975200424150624,0.9291529673587507,0.31094218388097905,1739.1425704087092,86.95712852043546,0.015013357806129208,-1.1507619830410976,-0.6507619830410976,True,True,C_low_observed_spd,1.5,1.5,0.3,387,Strong latent selection but noisy observed score
2000,1294,0.647,0.23771863204476185,0.028401179565607334,1.2683522689293618,0.9874047594057157,0.3010047944238407,1748.2272647467216,87.41136323733608,0.014843448060449448,-1.362941589127238,-0.8629415891272381,True,True,C_low_observed_spd,1.5,1.5,0.3,388,Strong latent selection but noisy observed score
2000,1320,0.66,0.2666964748214136,0.028002403240670107,1.3056440903259974,1.0111381173366374,0.3691570582771605,1727.777264632179,86.38886323160895,0.01525733621296182,-0.612244774565614,-0.11224477456561399,True,True,C_low_observed_spd,1.5,1.5,0.3,389,Strong latent selection but noisy observed score
2000,1268,0.634,0.18539013476758692,0.028835369642233988,1.2036879490541137,0.910050856536762,0.22018211335528867,1767.8907832876057,88.39453916438029,0.014451161043353975,-0.8962366798569642,-0.3962366798569642,True,True,C_low_observed_spd,1.5,1.5,0.3,390,Strong latent selection but noisy observed score
2000,1314,0.657,0.26616676091017405,0.028221896710753213,1.3049526556356787,1.0165490764568461,0.3861178596023973,1738.2476297059827,86.91238148529914,0.015034091893675473,-0.9638939149547812,-0.46389391495478116,True,True,C_low_observed_spd,1.5,1.5,0.3,391,Strong latent selection but noisy observed score
2000,1308,0.654,0.23827571861294639,0.02764588647781172,1.2690590477923356,0.9287463058209285,0.3242837005777988,1740.445923665769,87.02229618328845,0.014987487430526974,-0.6859108271910982,-0.1859108271910982,True,True,C_low_observed_spd,1.5,1.5,0.3,392,Strong latent selection but noisy observed score
2000,1275,0.6375,0.22371561575640986,0.028340546690796452,1.2507152851278371,1.03077896769601,0.2895156107113237,1762.033792644852,88.10168963224261,0.014582425004787878,-0.8579731880815876,-0.3579731880815876,True,True,C_low_observed_spd,1.5,1.5,0.3,393,Strong latent selection but noisy observed score
2000,1295,0.6475,0.25259077432414356,0.027879883238784677,1.2873563497536424,1.031992638551457,0.3802321129825732,1753.2664369126128,87.66332184563063,0.014742265630554653,-1.24552640616594,-0.7455264061659399,True,True,C_low_observed_spd,1.5,1.5,0.3,394,Strong latent selection but noisy observed score
2000,1270,0.635,0.15073147180031762,0.028361755434303318,1.162684402609565,1.0241920722582953,0.1914128166985521,1766.8505965566735,88.34252982783367,0.014522273933780498,-0.7666193069936807,-0.26661930699368075,True,True,C_low_observed_spd,1.5,1.5,0.3,395,Strong latent selection but noisy observed score
2000,1282,0.641,0.19673326203491787,0.028579966106970472,1.21741926545537,0.9431399007432671,0.2505669519840991,1751.7782521987262,87.5889126099363,0.01482866514333875,-1.0426515745594762,-0.5426515745594762,True,True,C_low_observed_spd,1.5,1.5,0.3,396,Strong latent selection but noisy observed score
2000,1284,0.642,0.23334860931187945,0.027976904252231753,1.2628216339826472,0.9661462090984249,0.2984958958794527,1753.9334609478376,87.69667304739188,0.01474415412012311,-1.1637279806444176,-0.6637279806444176,True,True,C_low_observed_spd,1.5,1.5,0.3,397,Strong latent selection but noisy observed score
2000,1292,0.646,0.2331645743479785,0.02845228236179835,1.2625892520326816,1.014664680913206,0.31721822389516324,1753.4147885598832,87.67073942799415,0.014735737019865454,-0.8042865101697121,-0.3042865101697121,True,True,C_low_observed_spd,1.5,1.5,0.3,398,Strong latent selection but noisy observed score
2000,1268,0.634,0.21734270215518162,0.028304830153750238,1.2427699291007852,0.9013887518106167,0.29922817053257506,1765.874125185689,88.29370625928446,0.01454466048500392,-0.6156628590227098,-0.11566285902270979,True,True,C_low_observed_spd,1.5,1.5,0.3,399,Strong latent selection but noisy observed score
2000,1267,0.6335,0.22613750147326536,0.028328450897403053,1.253748045630017,0.9756596622481108,0.2995714458392849,1766.0599708618404,88.30299854309202,0.014541846569180653,-0.9094077008785183,-0.4094077008785183,True,True,C_low_observed_spd,1.5,1.5,0.3,400,Strong latent selection but noisy observed score
2000,1265,0.6325,0.21714389557310176,0.028249269675833428,1.2425228828168964,0.9903257462503404,0.2889899432659282,1767.6742408219106,88.38371204109554,0.014494580951145742,-0.5661012262255971,-0.06610122622559711,True,True,C_low_observed_spd,1.5,1.5,0.3,401,Strong latent selection but noisy observed score
2000,1295,0.6475,0.2397749868838143,0.02797272234992168,1.2709631347684747,1.0007394986480298,0.33656591513365136,1757.1211385511044,87.85605692755523,0.014643678178198083,-0.7489573352810861,-0.2489573352810861,True,True,C_low_observed_spd,1.5,1.5,0.3,402,Strong latent selection but noisy observed score
2000,1290,0.645,0.29274700817083965,0.02878236087867875,1.3401037122520583,0.9555287242014189,0.37676650563590675,1751.315319583499,87.56576597917496,0.014773818257230304,-1.2703706763037124,-0.7703706763037124,True,True,C_low_observed_spd,1.5,1.5,0.3,403,Strong latent selection but noisy observed score
2000,1287,0.6435,0.26323565382229885,0.02823044658132712,1.3011332998622567,1.0403044544382607,0.38745324367939066,1754.6727861661955,87.73363930830978,0.014732572241539245,-0.7641318347290829,-0.26413183472908286,True,True,C_low_observed_spd,1.5,1.5,0.3,404,Strong latent selection but noisy observed score
2000,1288,0.644,0.28060175899296674,0.029151961912825215,1.3239262572107722,0.960959582046281,0.3797334777907186,1758.6803585981716,87.93401792990858,0.014616001558881774,-0.8569898675461556,-0.3569898675461556,True,True,C_low_observed_spd,1.5,1.5,0.3,405,Strong latent selection but noisy observed score
2000,1300,0.65,0.2573787818386195,0.02820278456269488,1.2935350015418638,0.9598896921193464,0.3251456601624795,1746.0437717552384,87.30218858776192,0.014895579075993181,-0.6534741430588941,-0.15347414305889406,True,True,C_low_observed_spd,1.5,1.5,0.3,406,Strong latent selection but noisy observed score
2000,1324,0.662,0.2791230524206983,0.02829233297560884,1.3219700054706458,0.9385876522539643,0.3956724998376657,1723.23713981173,86.1618569905865,0.015296415608223068,-0.9813888713776009,-0.4813888713776009,True,True,C_low_observed_spd,1.5,1.5,0.3,407,Strong latent selection but noisy observed score
2000,1294,0.647,0.27257000523262276,0.028341715890335885,1.3133353960443221,1.0127980996974644,0.3849041326617352,1754.2593443760777,87.71296721880388,0.014686826867700562,-1.0717602322754045,-0.5717602322754045,True,True,C_low_observed_spd,1.5,1.5,0.3,408,Strong latent selection but noisy observed score
2000,1291,0.6455,0.24388481503220683,0.028452170503248757,1.2761973232755273,0.9337299565804806,0.343693806978226,1747.6727385030306,87.38363692515154,0.014846688660672364,-0.9119810528677125,-0.41198105286771247,True,True,C_low_observed_spd,1.5,1.5,0.3,409,Strong latent selection but noisy observed score
2000,1278,0.639,0.24448172942108568,0.02878184093599274,1.2769593312249683,0.884503461165541,0.3304299961294502,1760.0006834349238,88.00003417174618,0.01459928207805332,-0.7428174678842361,-0.24281746788423608,True,True,C_low_observed_spd,1.5,1.5,0.3,410,Strong latent selection but noisy observed score
2000,1338,0.669,0.22881982551038335,0.02784828836566624,1.2571155184569123,0.9769940884203062,0.30187571024532184,1716.860259751522,85.8430129875761,0.015427219937954928,-1.1733418436568066,-0.6733418436568066,True,True,C_low_observed_spd,1.5,1.5,0.3,411,Strong latent selection but noisy observed score
2000,1314,0.657,0.27026013095640333,0.02787424795964271,1.3103052573639264,0.9084874837648316,0.38403693520138793,1735.7984118833565,86.78992059416782,0.015041537948817909,-0.7341760623493374,-0.2341760623493374,True,True,C_low_observed_spd,1.5,1.5,0.3,412,Strong latent selection but noisy observed score
2000,1298,0.649,0.20337046530302086,0.027374578375322055,1.2255263991683074,1.0257609883924506,0.2818658620129271,1744.7318482819653,87.23659241409827,0.014901528576529217,-0.9143829716139636,-0.41438297161396365,True,True,C_low_observed_spd,1.5,1.5,0.3,413,Strong latent selection but noisy observed score
2000,1306,0.653,0.22973669925845333,0.028202850032706655,1.2582686632373818,1.0400426105703018,0.28479906432111474,1738.7665538668887,86.93832769334443,0.01503713490091775,-0.7816270999100208,-0.2816270999100208,True,True,C_low_observed_spd,1.5,1.5,0.3,414,Strong latent selection but noisy observed score
2000,1298,0.649,0.2514450272236712,0.027866596145404425,1.2858822096058007,0.9922625514810537,0.3648788579740403,1743.0584142842893,87.15292071421446,0.014925812788517727,-0.7037567389589676,-0.20375673895896762,True,True,C_low_observed_spd,1.5,1.5,0.3,415,Strong latent selection but noisy observed score
2000,1298,0.649,0.2596567885076787,0.02797703531906616,1.2964850417319274,0.9510245181100858,0.37133623358063866,1744.5403629916418,87.2270181495821,0.014931475078385631,-0.7813461065332975,-0.2813461065332975,True,True,C_low_observed_spd,1.5,1.5,0.3,416,Strong latent selection but noisy observed score
2000,1321,0.6605,0.2371802935763013,0.027869920367804626,1.2676696498679738,1.010167855614818,0.2831353623006233,1726.39344207199,86.3196721035995,0.015248108235194967,-0.7872058413439162,-0.28720584134391625,True,True,C_low_observed_spd,1.5,1.5,0.3,417,Strong latent selection but noisy observed score
2000,1297,0.6485,0.18442782712572323,0.02799090864299056,1.202530188092774,0.9103480749810988,0.22473813210496865,1740.0450043256021,87.0022502162801,0.015007564849053181,-0.7612823625665277,-0.2612823625665277,True,True,C_low_observed_spd,1.5,1.5,0.3,418,Strong latent selection but noisy observed score
2000,1329,0.6645,0.24872041863507863,0.028134396437429255,1.2823834524299318,0.9342942559796286,0.3339423095235137,1722.3576751168453,86.11788375584227,0.015322014748358545,-1.3140608277363155,-0.8140608277363155,True,True,C_low_observed_spd,1.5,1.5,0.3,419,Strong latent selection but noisy observed score
2000,1273,0.6365,0.2516187824515182,0.028389026881904117,1.2861056577741967,1.0343695943453273,0.3596035771113878,1765.3493624087369,88.26746812043685,0.014527871840115354,-0.8508090415113048,-0.35080904151130476,True,True,C_low_observed_spd,1.5,1.5,0.3,420,Strong latent selection but noisy observed score
2000,1329,0.6645,0.21415714636288768,0.027147613433984818,1.238817315133325,0.9028805535180182,0.30894740187877223,1719.3629832310537,85.96814916155269,0.015409596802991633,-0.6043972261623632,-0.10439722616236324,True,True,C_low_observed_spd,1.5,1.5,0.3,421,Strong latent selection but noisy observed score
2000,1305,0.6525,0.21744283747476317,0.027938068609691582,1.2428943804956882,0.9461997109189727,0.2945259067331088,1738.8881323289481,86.94440661644741,0.015062989954449633,-0.9652653693864162,-0.46526536938641616,True,True,C_low_observed_spd,1.5,1.5,0.3,422,Strong latent selection but noisy observed score
2000,1285,0.6425,0.2050766962943895,0.02911137465192582,1.2276192151973715,1.0145599192375654,0.21577147591633788,1756.6299340815585,87.83149670407794,0.01470632658092143,-0.9112270054013846,-0.41122700540138457,True,True,C_low_observed_spd,1.5,1.5,0.3,423,Strong latent selection but noisy observed score
2000,1250,0.625,0.21329790796762074,0.02854762409244889,1.2377533329040933,0.8868533507562731,0.275308562289107,1773.996965580274,88.69984827901371,0.01440093049049527,-0.6736298272893537,-0.17362982728935372,True,True,C_low_observed_spd,1.5,1.5,0.3,424,Strong latent selection but noisy observed score
2000,1317,0.6585,0.2708512229624715,0.028118371427812653,1.3110799972757907,0.958034891360148,0.38385924601721,1735.2055130828032,86.76027565414016,0.015037872097163662,-0.8795514175703631,-0.37955141757036315,True,True,C_low_observed_spd,1.5,1.5,0.3,425,Strong latent selection but noisy observed score
2000,1303,0.6515,0.2058081872549605,0.02869148443307288,1.2285175360730556,0.9479071785387142,0.2600873287572142,1743.5328765766637,87.17664382883318,0.014952681736587047,-0.9322947732165043,-0.43229477321650434,True,True,C_low_observed_spd,1.5,1.5,0.3,426,Strong latent selection but noisy observed score
2000,1262,0.631,0.2522193952168729,0.02877034514182305,1.286878341268408,0.9043181679712587,0.32785192513486416,1770.0111982924661,88.5005599146233,0.014441463101854136,-0.9041593184552337,-0.4041593184552337,True,True,C_low_observed_spd,1.5,1.5,0.3,427,Strong latent selection but noisy observed score
2000,1303,0.6515,0.2562224409901668,0.02865834484237185,1.292040098655886,0.890551735863294,0.3535016402512207,1739.6439681713587,86.98219840856792,0.01503118062400916,-1.0685335491332848,-0.5685335491332848,True,True,C_low_observed_spd,1.5,1.5,0.3,428,Strong latent selection but noisy observed score
2000,1295,0.6475,0.21883869631398062,0.02747943818715076,1.244630497007816,0.9303677311964277,0.31620442895118944,1748.453487822187,87.42267439110935,0.014821990507404301,-0.8386532713436441,-0.3386532713436441,True,True,C_low_observed_spd,1.5,1.5,0.3,429,Strong latent selection but noisy observed score
2000,1314,0.657,0.23024072812971155,0.027913986689169244,1.2589030268268053,1.043720120196109,0.3448648896725485,1742.4814142556825,87.12407071278413,0.014904682758069077,-0.8439474931388221,-0.3439474931388221,True,True,C_low_observed_spd,1.5,1.5,0.3,430,Strong latent selection but noisy observed score
2000,1338,0.669,0.2529834413719101,0.027799419091488427,1.2878619514309861,0.9539496174887284,0.34498022641003956,1722.2485647291712,86.11242823645857,0.015306684084569979,-0.9281446241429276,-0.42814462414292764,True,True,C_low_observed_spd,1.5,1.5,0.3,431,Strong latent selection but noisy observed score
2000,1300,0.65,0.26480423508857115,0.028128412849672033,1.3031758347034916,1.0474378425234803,0.36905176781741283,1750.3915640282103,87.51957820141051,0.0148065147120283,-0.4333915789827763,0.0666084210172237,True,True,C_low_observed_spd,1.5,1.5,0.3,432,Strong latent selection but noisy observed score
2000,1330,0.665,0.2198913587387317,0.028056615106151494,1.2459413625931406,0.9541892726298559,0.2974629272108405,1728.44421645581,86.4222108227905,0.015148368843850107,-0.8362159288430514,-0.3362159288430514,True,True,C_low_observed_spd,1.5,1.5,0.3,433,Strong latent selection but noisy observed score
2000,1314,0.657,0.2383485931871628,0.027681177956430145,1.269151533299979,0.9886306029891554,0.37726229811250717,1745.8687210960977,87.29343605480489,0.014806652458845241,-0.884578601678339,-0.384578601678339,True,True,C_low_observed_spd,1.5,1.5,0.3,434,Strong latent selection but noisy observed score
2000,1282,0.641,0.22819004927664405,0.028151821882288125,1.2563240662253847,0.9420112729458227,0.29999778115582537,1752.7229938296473,87.63614969148236,0.014800879803685593,-0.5739091302821172,-0.07390913028211721,True,True,C_low_observed_spd,1.5,1.5,0.3,435,Strong latent selection but noisy observed score
2000,1265,0.6325,0.26285018060551624,0.028227900427289652,1.3006318444787148,0.9987439001308582,0.3745787670480571,1767.8895055226628,88.39447527613315,0.014492547245592324,-0.9023018655385466,-0.40230186553854663,True,True,C_low_observed_spd,1.5,1.5,0.3,436,Strong latent selection but noisy observed score
2000,1257,0.6285,0.21661130437131568,0.02797117723098751,1.2418613022531222,0.8722949990490076,0.3144795200110821,1765.9200080723606,88.29600040361804,0.014546296753985518,-0.7778200990624354,-0.27782009906243543,True,True,C_low_observed_spd,1.5,1.5,0.3,437,Strong latent selection but noisy observed score
2000,1293,0.6465,0.24416423072568966,0.028085586535758298,1.2765539626586313,0.946971221028957,0.35408435865740573,1749.2427335825623,87.46213667912812,0.014822941370035267,-1.1364585332253894,-0.6364585332253894,True,True,C_low_observed_spd,1.5,1.5,0.3,438,Strong latent selection but noisy observed score
2000,1300,0.65,0.24719657273905993,0.027499830388029622,1.280430785828176,0.9131063951033819,0.3460178500859675,1742.7995456985695,87.13997728492848,0.014966752709152322,-0.8927079182495561,-0.3927079182495561,True,True,C_low_observed_spd,1.5,1.5,0.3,439,Strong latent selection but noisy observed score
2000,1288,0.644,0.25727697646051784,0.028711771849809307,1.2934033194250316,0.9275737585523732,0.33323429054000203,1749.898489457579,87.49492447287895,0.014841956830949143,-0.5869539365808136,-0.08695393658081363,True,True,C_low_observed_spd,1.5,1.5,0.3,440,Strong latent selection but noisy observed score
2000,1286,0.643,0.2731521979864319,0.02844133718967548,1.3141002330148879,1.0002409516291182,0.3961607928392768,1753.4104241231432,87.67052120615716,0.01476946357186959,-0.49058558390566154,0.009414416094338462,True,True,C_low_observed_spd,1.5,1.5,0.3,441,Strong latent selection but noisy observed score
2000,1335,0.6675,0.2649803044540178,0.02787692223791522,1.303405304246459,0.8994396868418737,0.35027956873788635,1717.4224816696299,85.87112408348149,0.015447795579239688,-0.5661896561815283,-0.06618965618152828,True,True,C_low_observed_spd,1.5,1.5,0.3,442,Strong latent selection but noisy observed score
2000,1282,0.641,0.23433405554544925,0.02832762607593599,1.2640666901727358,0.9425291372502914,0.31776404654674273,1749.416476010171,87.47082380050854,0.014858990708818298,-0.8432679399722272,-0.34326793997222715,True,True,C_low_observed_spd,1.5,1.5,0.3,443,Strong latent selection but noisy observed score
2000,1290,0.645,0.2306401349638167,0.028214465304229202,1.259405941726334,0.9760077597535407,0.3277770050726665,1751.7323169771262,87.58661584885631,0.014771843593628133,-0.7700569266259977,-0.2700569266259977,True,True,C_low_observed_spd,1.5,1.5,0.3,444,Strong latent selection but noisy observed score
2000,1319,0.6595,0.19704067073990783,0.027351075020025817,1.2177935682642167,0.8819967586586882,0.2796823207449632,1735.8472271602325,86.79236135801162,0.015059187584411816,-0.8757739308485518,-0.3757739308485518,True,True,C_low_observed_spd,1.5,1.5,0.3,445,Strong latent selection but noisy observed score
2000,1302,0.651,0.2738601596947739,0.02851607041608989,1.3150308950584593,0.9509346572637735,0.3370574388209623,1739.9115057755478,86.99557528877739,0.014972995223152073,-0.39934314649635144,0.10065685350364856,True,True,C_low_observed_spd,1.5,1.5,0.3,446,Strong latent selection but noisy observed score
2000,1239,0.6195,0.22954307227637208,0.02876327985029273,1.2580250520590817,1.00137042824603,0.2823937407237033,1783.8137080714337,89.19068540357168,0.014212783452501977,-0.7109743010754589,-0.2109743010754589,True,True,C_low_observed_spd,1.5,1.5,0.3,447,Strong latent selection but noisy observed score
2000,1303,0.6515,0.20084721235292205,0.027689078150868008,1.2224379841309705,0.9747066339527974,0.268375250131453,1741.7094936308383,87.08547468154192,0.014975177176791398,-0.5429830789823513,-0.04298307898235132,True,True,C_low_observed_spd,1.5,1.5,0.3,448,Strong latent selection but noisy observed score
2000,1241,0.6205,0.22875141676579994,0.028600863368052138,1.2570295237039284,0.952739088962377,0.3066667293734969,1779.9454230224092,88.99727115112046,0.014289090954965984,-0.5120393306448953,-0.012039330644895263,True,True,C_low_observed_spd,1.5,1.5,0.3,449,Strong latent selection but noisy observed score
2000,1281,0.6405,0.25486010622493377,0.028387609781585166,1.2902811059519192,1.1023760020718185,0.35228954301990895,1757.2937112129334,87.86468556064668,0.014735132536995293,-0.4522129537782497,0.047787046221750284,True,True,C_low_observed_spd,1.5,1.5,0.3,450,Strong latent selection but noisy observed score
2000,1273,0.6365,0.25847678142260266,0.028290908995369065,1.2949560824657844,0.9428300985079419,0.347127546202793,1763.1617185262812,88.15808592631406,0.014544995636077845,-0.8534625490931969,-0.35346254909319685,True,True,C_low_observed_spd,1.5,1.5,0.3,451,Strong latent selection but noisy observed score
2000,1305,0.6525,0.3038994454438327,0.02829286924298679,1.3551327844627306,1.0734257446988908,0.406523630534209,1750.4353987514583,87.52176993757291,0.014812781947984919,-0.7955893052083816,-0.29558930520838156,True,True,C_low_observed_spd,1.5,1.5,0.3,452,Strong latent selection but noisy observed score
2000,1298,0.649,0.24442243569524355,0.02790330180472812,1.2768836177931588,1.1192964819412898,0.3353346074426646,1748.4566047519659,87.42283023759829,0.014841974498039064,-0.6779930509177436,-0.17799305091774364,True,True,C_low_observed_spd,1.5,1.5,0.3,453,Strong latent selection but noisy observed score
2000,1302,0.651,0.21476016151350327,0.028302929281703942,1.2395645660223555,0.9765224642545288,0.28920457098192265,1748.0763964461373,87.40381982230686,0.014820847198792477,-1.001119101469992,-0.5011191014699921,True,True,C_low_observed_spd,1.5,1.5,0.3,454,Strong latent selection but noisy observed score
2000,1315,0.6575,0.23892382423668013,0.028162071860633964,1.269881798684001,0.9065677838341591,0.32461999808363645,1735.065328621084,86.7532664310542,0.015066707839933654,-1.3139143693592314,-0.8139143693592314,True,True,C_low_observed_spd,1.5,1.5,0.3,455,Strong latent selection but noisy observed score
2000,1315,0.6575,0.25968338818607134,0.028094890258454262,1.2965195282757418,0.9481934332271381,0.38882319441337915,1735.6714278687678,86.78357139343838,0.015063154017369323,-1.0463373833463099,-0.5463373833463099,True,True,C_low_observed_spd,1.5,1.5,0.3,456,Strong latent selection but noisy observed score
2000,1240,0.62,0.2807833845876663,0.02918074484922361,1.3241667379426434,0.9491588883880074,0.3854033992997873,1781.372780946956,89.0686390473478,0.014232492586240134,-0.6400450558280285,-0.1400450558280285,True,True,C_low_observed_spd,1.5,1.5,0.3,457,Strong latent selection but noisy observed score
2000,1313,0.6565,0.23289987266861964,0.027741699003216085,1.262255086766333,1.0958099238132222,0.3197362033155525,1740.043916720628,87.0021958360314,0.014979931196637325,-0.7667726148436478,-0.2667726148436478,True,True,C_low_observed_spd,1.5,1.5,0.3,458,Strong latent selection but noisy observed score
2000,1296,0.648,0.25333355031017707,0.02776367759399566,1.2883129223513048,0.9431116534650584,0.4029990876911104,1742.6568051222612,87.13284025611307,0.014934592706500415,-1.0175727924582458,-0.5175727924582458,True,True,C_low_observed_spd,1.5,1.5,0.3,459,Strong latent selection but noisy observed score
2000,1319,0.6595,0.2609689885750927,0.028171736605804066,1.2981874061681826,1.042457277333418,0.3826673405794639,1741.0809382853256,87.05404691426628,0.014910952112398006,-1.041478036609949,-0.541478036609949,True,True,C_low_observed_spd,1.5,1.5,0.3,460,Strong latent selection but noisy observed score
2000,1307,0.6535,0.22999676464440025,0.027948690892159123,1.2585959379174751,0.9426427890200473,0.3099138028865477,1744.4267789742735,87.22133894871368,0.01490092779266302,-0.7340637350664635,-0.2340637350664635,True,True,C_low_observed_spd,1.5,1.5,0.3,461,Strong latent selection but noisy observed score
2000,1322,0.661,0.25471657511225165,0.027791352132751534,1.2900959237591303,0.8464476608849423,0.34722074673622644,1722.8268205387471,86.14134102693735,0.01528828419387189,-0.5575118733267002,-0.05751187332670016,True,True,C_low_observed_spd,1.5,1.5,0.3,462,Strong latent selection but noisy observed score
2000,1304,0.652,0.23866443053766642,0.02806570890058106,1.2695524420652926,0.9786792446375429,0.3278890187923367,1740.7057497874707,87.03528748937354,0.014994242975069377,-1.5592028366378023,-1.0592028366378023,True,True,C_low_observed_spd,1.5,1.5,0.3,463,Strong latent selection but noisy observed score
2000,1254,0.627,0.22099744734737392,0.027894123888582006,1.247320246584698,1.005837722314671,0.2894060461639739,1774.2346751120083,88.71173375560042,0.014356327637361178,-0.7625247222340695,-0.26252472223406953,True,True,C_low_observed_spd,1.5,1.5,0.3,464,Strong latent selection but noisy observed score
2000,1275,0.6375,0.29018104810384693,0.028410992747763174,1.336669467592418,0.9585750863264495,0.4220369095444793,1764.8154863306554,88.24077431653276,0.014486850267038671,-0.8263834338707177,-0.32638343387071767,True,True,C_low_observed_spd,1.5,1.5,0.3,465,Strong latent selection but noisy observed score
2000,1268,0.634,0.25388897749644773,0.02820438970411347,1.289028685131455,0.9333187130451488,0.3383329863960659,1760.5724693135076,88.02862346567538,0.014689029502592927,-0.7221321141181445,-0.22213211411814449,True,True,C_low_observed_spd,1.5,1.5,0.3,466,Strong latent selection but noisy observed score
2000,1318,0.659,0.23100606093489226,0.027912724427265664,1.2598668753971956,0.9460845735068197,0.27334134874374205,1732.187253070158,86.6093626535079,0.015169547573391073,-0.6566406801459861,-0.1566406801459861,True,True,C_low_observed_spd,1.5,1.5,0.3,467,Strong latent selection but noisy observed score
2000,1281,0.6405,0.20712137549726448,0.02863144563392296,1.2301318705874544,0.9930378410288486,0.2553318000220724,1759.532223095098,87.9766111547549,0.014594750300817343,-0.6839143578875437,-0.18391435788754373,True,True,C_low_observed_spd,1.5,1.5,0.3,468,Strong latent selection but noisy observed score
2000,1327,0.6635,0.2690502721216564,0.02761398453186219,1.3087209315706243,0.8906860763720427,0.37527747936037137,1723.582117711866,86.17910588559329,0.01530026554905228,-0.8254727134730192,-0.3254727134730192,True,True,C_low_observed_spd,1.5,1.5,0.3,469,Strong latent selection but noisy observed score
2000,1270,0.635,0.24922594973418555,0.028670502409989886,1.283031901037774,0.965766881705871,0.31271348463383863,1767.4222430826178,88.3711121541309,0.014491892221780633,-0.6730312147887569,-0.17303121478875694,True,True,C_low_observed_spd,1.5,1.5,0.3,470,Strong latent selection but noisy observed score
2000,1329,0.6645,0.2387076681966192,0.027870565969295186,1.2696073357275335,0.9557498283102233,0.3290472596950583,1724.884986274684,86.2442493137342,0.015245894235928611,-0.8818603248511239,-0.38186032485112387,True,True,C_low_observed_spd,1.5,1.5,0.3,471,Strong latent selection but noisy observed score
2000,1289,0.6445,0.21802080458220743,0.028025479224872696,1.2436129401975755,0.8835158658895397,0.2810072543701265,1741.8696657489133,87.09348328744566,0.014964214374671134,-0.4527798437205678,0.04722015627943221,True,True,C_low_observed_spd,1.5,1.5,0.3,472,Strong latent selection but noisy observed score
2000,1287,0.6435,0.289043708772845,0.028451438870803654,1.335150085024934,0.9495594715376016,0.3855263384388606,1755.1649785945992,87.75824892972996,0.01471313730592927,-1.1843988890143937,-0.6843988890143937,True,True,C_low_observed_spd,1.5,1.5,0.3,473,Strong latent selection but noisy observed score
2000,1323,0.6615,0.26041657456369727,0.02827189488226625,1.297470467297369,0.9238047372793983,0.37343854603449694,1726.8856072504427,86.34428036252214,0.015250894356378915,-0.8339519341170396,-0.3339519341170396,True,True,C_low_observed_spd,1.5,1.5,0.3,474,Strong latent selection but noisy observed score
2000,1346,0.673,0.22069798674228236,0.027315063937278315,1.2469467792310838,0.9391132323291455,0.3359904355234804,1710.236245588908,85.51181227944541,0.015511649715056596,-1.232763685542978,-0.732763685542978,True,True,C_low_observed_spd,1.5,1.5,0.3,475,Strong latent selection but noisy observed score
2000,1308,0.654,0.23499178778322877,0.028142242645144578,1.26489838107054,0.9393552976181192,0.30179586681904563,1743.6874263015281,87.1843713150764,0.014876215070429352,-0.9724934072767464,-0.4724934072767464,True,True,C_low_observed_spd,1.5,1.5,0.3,476,Strong latent selection but noisy observed score
2000,1315,0.6575,0.2575545273052312,0.02828466713955605,1.293762354431823,1.0234408652380813,0.35098288681564566,1737.7687100072417,86.88843550036209,0.015035488090404257,-1.1028882265738627,-0.6028882265738627,True,True,C_low_observed_spd,1.5,1.5,0.3,477,Strong latent selection but noisy observed score
2000,1304,0.652,0.24821067979531464,0.027571025196415078,1.281729938351662,1.0055695965698046,0.3719292838748197,1740.7402230568914,87.03701115284457,0.014943841229176599,-0.719254537619328,-0.219254537619328,True,True,C_low_observed_spd,1.5,1.5,0.3,478,Strong latent selection but noisy observed score
2000,1292,0.646,0.253768669730662,0.028307758455830515,1.2888736142986128,0.9924088820227421,0.3536989932198095,1739.133506487813,86.95667532439066,0.015018447753776362,-0.7450712576860979,-0.24507125768609794,True,True,C_low_observed_spd,1.5,1.5,0.3,479,Strong latent selection but noisy observed score
2000,1316,0.658,0.25746496708324323,0.027674818718022312,1.293646489976661,0.9503911134162881,0.3760884986950652,1732.569437612483,86.62847188062415,0.015159030019970252,-0.8376896744696721,-0.33768967446967213,True,True,C_low_observed_spd,1.5,1.5,0.3,480,Strong latent selection but noisy observed score
2000,1293,0.6465,0.224041415905404,0.028095420162905706,1.2511228347403383,0.9156558184923131,0.30573357116503347,1754.5717886605912,87.72858943302955,0.014714972157558171,-0.8702488213518881,-0.3702488213518881,True,True,C_low_observed_spd,1.5,1.5,0.3,481,Strong latent selection but noisy observed score
2000,1281,0.6405,0.23226016981452746,0.027834450287186806,1.261447876799523,1.0879561415015255,0.32742729393533565,1762.4037342843433,88.12018671421717,0.014574261041765948,-0.8301971970759118,-0.3301971970759118,True,True,C_low_observed_spd,1.5,1.5,0.3,482,Strong latent selection but noisy observed score
2000,1294,0.647,0.22510036630363975,0.027874002126038622,1.2524484135016343,0.920801323589014,0.3181799144982115,1744.8467246437172,87.24233623218586,0.014935895935470882,-0.9863937887280546,-0.4863937887280546,True,True,C_low_observed_spd,1.5,1.5,0.3,483,Strong latent selection but noisy observed score
2000,1282,0.641,0.2153967894675925,0.028393835118858037,1.2403539587240529,0.9330157311639663,0.2786412802929407,1756.6546663276438,87.83273331638219,0.014660130956910763,-1.0703943463592218,-0.5703943463592218,True,True,C_low_observed_spd,1.5,1.5,0.3,484,Strong latent selection but noisy observed score
2000,1275,0.6375,0.21859805162514404,0.028180402226097884,1.244331019324449,1.0071276943945795,0.291622696082304,1763.1177046791088,88.15588523395544,0.014600216645225463,-0.6636875024821304,-0.16368750248213038,True,True,C_low_observed_spd,1.5,1.5,0.3,485,Strong latent selection but noisy observed score
2000,1323,0.6615,0.19025546979744914,0.027700178044173133,1.2095585638711182,0.9459890202561603,0.23906922360617788,1727.0706769305464,86.35353384652733,0.015217796860477452,-0.556420382777028,-0.05642038277702799,True,True,C_low_observed_spd,1.5,1.5,0.3,486,Strong latent selection but noisy observed score
2000,1275,0.6375,0.22820930935640227,0.02817875655704441,1.256348263360121,1.0286537195258711,0.31232495983325587,1768.8798004045452,88.44399002022726,0.014465307091426079,-0.5859394832967323,-0.08593948329673229,True,True,C_low_observed_spd,1.5,1.5,0.3,487,Strong latent selection but noisy observed score
2000,1248,0.624,0.2656236359761644,0.02908905878211574,1.3042440957463903,0.9582246624094183,0.31348815186241863,1774.813671717104,88.7406835858552,0.014383927399945451,-0.9303640583492956,-0.4303640583492956,True,True,C_low_observed_spd,1.5,1.5,0.3,488,Strong latent selection but noisy observed score
2000,1346,0.673,0.17950859319682194,0.02741220227503821,1.1966291868934253,0.9187484266690689,0.2359289656263905,1710.6720471033923,85.5336023551696,0.015557698779673753,-1.148989838274603,-0.6489898382746031,True,True,C_low_observed_spd,1.5,1.5,0.3,489,Strong latent selection but noisy observed score
2000,1297,0.6485,0.25990977319318004,0.02812090203984652,1.2968130740842985,0.9133751346657403,0.3327750601491878,1753.025269572607,87.65126347863036,0.014735520180350101,-0.8804643985396506,-0.38046439853965064,True,True,C_low_observed_spd,1.5,1.5,0.3,490,Strong latent selection but noisy observed score
2000,1322,0.661,0.19296238040855085,0.02741837599948103,1.212837166222197,0.9321654277084191,0.27264690507664796,1737.5260797207584,86.87630398603793,0.01499850505054864,-0.8381534860182138,-0.3381534860182138,True,True,C_low_observed_spd,1.5,1.5,0.3,491,Strong latent selection but noisy observed score
2000,1314,0.657,0.25543894206156526,0.028077813475532388,1.2910281830920243,0.9315756639711725,0.3468629713719199,1738.7678022959549,86.93839011479774,0.015005679620397097,-0.854797652864247,-0.354797652864247,True,True,C_low_observed_spd,1.5,1.5,0.3,492,Strong latent selection but noisy observed score
2000,1304,0.652,0.23618245724826287,0.027798404706360916,1.2664053539244973,0.9049923295716642,0.34512439268882966,1743.5676455413814,87.17838227706906,0.014957886063693618,-0.8068919517696738,-0.30689195176967377,True,True,C_low_observed_spd,1.5,1.5,0.3,493,Strong latent selection but noisy observed score
2000,1333,0.6665,0.2775880138804641,0.028501359626980454,1.3199422872741715,1.0334175211415848,0.36666241561804025,1727.215140891645,86.36075704458224,0.015202747033323881,-0.6155138952750313,-0.11551389527503131,True,True,C_low_observed_spd,1.5,1.5,0.3,494,Strong latent selection but noisy observed score
2000,1323,0.6615,0.27805335704506395,0.02736604483381673,1.3205566563303548,0.9723360257929544,0.4288390726909383,1728.5888327324603,86.42944163662301,0.01518228721281414,-0.8825230269691967,-0.3825230269691967,True,True,C_low_observed_spd,1.5,1.5,0.3,495,Strong latent selection but noisy observed score
2000,1276,0.638,0.2904769262782114,0.028631799672752457,1.337065017428614,0.9868059382977666,0.40465760729899203,1758.8636825682881,87.9431841284144,0.014649296140103204,-0.6308562871981331,-0.13085628719813314,True,True,C_low_observed_spd,1.5,1.5,0.3,496,Strong latent selection but noisy observed score
2000,1294,0.647,0.22429630554421975,0.028150188618481602,1.2514417736331822,1.0457871025461392,0.31966679621799243,1758.6171695343785,87.93085847671892,0.014646055035025097,-0.4131943156236489,0.08680568437635111,True,True,C_low_observed_spd,1.5,1.5,0.3,497,Strong latent selection but noisy observed score
2000,1268,0.634,0.2626105183194372,0.028855377804196437,1.3003201694273894,1.0539069253295097,0.34632358788053225,1769.4802344219004,88.47401172109501,0.014419524771222473,-1.0282919075964436,-0.5282919075964436,True,True,C_low_observed_spd,1.5,1.5,0.3,498,Strong latent selection but noisy observed score
2000,1298,0.649,0.21068885899619744,0.02854091830433467,1.2345281829605783,0.9048815510422034,0.239851205293055,1743.7797473165183,87.18898736582592,0.014919661227625036,-0.8558621772173481,-0.35586217721734814,True,True,C_low_observed_spd,1.5,1.5,0.3,499,Strong latent selection but noisy observed score
2000,1276,0.638,0.2675962588965567,0.028628654692505414,1.3068194167769926,1.011834661493914,0.36236409400652464,1769.6707401643305,88.48353700821652,0.01439902754070526,-0.7924847143543738,-0.29248471435437384,True,True,C_low_observed_spd,1.5,1.5,0.3,500,Strong latent selection but noisy observed score
2000,1439,0.7195,0.01481858483551119,0.026384132820682273,1.0149289244155444,0.09678148764864382,-0.1043638601380277,1603.4488208688188,80.17244104344094,0.01794547351361612,-0.5479591625231466,-0.04795916252314658,True,True,D_near_zero_baseline_spd,0.0,2.0,1.0,1,No baseline prognostic sorting; treatment-related deviation
2000,1426,0.713,0.04682724949833425,0.02710447592180174,1.047940961115294,0.0954428754040133,-0.07393044061377226,1599.8422656289295,79.99211328144648,0.018098349869104118,-0.2595551216806699,0.2404448783193301,True,True,D_near_zero_baseline_spd,0.0,2.0,1.0,2,No baseline prognostic sorting; treatment-related deviation
2000,1438,0.719,0.03042147070612324,0.027117489383793183,1.0308889318901422,0.10591965552932424,-0.11867755125817156,1589.338645535981,79.46693227679906,0.018384104573347097,-0.4217957676219319,0.07820423237806812,True,True,D_near_zero_baseline_spd,0.0,2.0,1.0,3,No baseline prognostic sorting; treatment-related deviation
2000,1460,0.73,-0.02249449746819829,0.026937716375326368,0.9777566173154153,0.14018607843930395,-0.1699710435110403,1577.4562920710514,78.87281460355257,0.018520542937603753,-0.3171620106144627,0.1828379893855373,True,True,D_near_zero_baseline_spd,0.0,2.0,1.0,4,No baseline prognostic sorting; treatment-related deviation
2000,1450,0.725,0.01024273804783759,0.02686489755259405,1.0102953744493186,0.14415123626906454,-0.15369071477429821,1574.4866030992407,78.72433015496203,0.018572955679548888,-0.4857782289205991,0.014221771079400924,True,True,D_near_zero_baseline_spd,0.0,2.0,1.0,5,No baseline prognostic sorting; treatment-related deviation
2000,1426,0.713,-0.001817013065038698,0.027205306217031815,0.9981846367038321,0.1725622239063432,-0.20413431558709327,1595.4273391439585,79.77136695719793,0.01815410949899356,-0.6459404461483326,-0.14594044614833257,True,True,D_near_zero_baseline_spd,0.0,2.0,1.0,6,No baseline prognostic sorting; treatment-related deviation
2000,1427,0.7135,0.019988307774408395,0.026734730048957413,1.020189411672274,0.13273339210080806,-0.12759921560368695,1614.5451684602665,80.72725842301332,0.017680915455031095,-0.5029380112040184,-0.002938011204018376,True,True,D_near_zero_baseline_spd,0.0,2.0,1.0,7,No baseline prognostic sorting; treatment-related deviation
2000,1410,0.705,0.0003870673545444227,0.026934247921700433,1.000387142274779,0.1307763302782528,-0.13049164970834098,1638.803176040829,81.94015880204145,0.017226988413608063,-0.6323205675492942,-0.13232056754929422,True,True,D_near_zero_baseline_spd,0.0,2.0,1.0,8,No baseline prognostic sorting; treatment-related deviation
2000,1447,0.7235,0.053771632957098046,0.026889118137519867,1.0552435917781182,0.14492263059789498,-0.10029219651539169,1582.1324391428952,79.10662195714475,0.018527472646779237,-0.38770344400973106,0.11229655599026894,True,True,D_near_zero_baseline_spd,0.0,2.0,1.0,9,No baseline prognostic sorting; treatment-related deviation
2000,1455,0.7275,0.005101670435318924,0.026508523967961512,1.0051147061144194,0.13433507039995593,-0.16951722378017264,1562.751421379129,78.13757106895645,0.018953026985266422,-0.814765032987837,-0.314765032987837,True,True,D_near_zero_baseline_spd,0.0,2.0,1.0,10,No baseline prognostic sorting; treatment-related deviation
2000,1468,0.734,0.006408660383713985,0.026309167627548452,1.0064292397863168,0.13448353386779477,-0.13280701533957892,1569.8028701539176,78.49014350769589,0.01875021143541134,-0.2595493615183097,0.2404506384816903,True,True,D_near_zero_baseline_spd,0.0,2.0,1.0,11,No baseline prognostic sorting; treatment-related deviation
2000,1450,0.725,-0.025222273043207934,0.026481472545537687,0.9750931510170725,0.14472653294055285,-0.18047032374368638,1583.594361536496,79.17971807682481,0.018393570731338172,-0.32304897159785334,0.17695102840214666,True,True,D_near_zero_baseline_spd,0.0,2.0,1.0,12,No baseline prognostic sorting; treatment-related deviation
2000,1384,0.692,-0.019474269080389787,0.027297192732024068,0.9807141295404411,0.16364583442322495,-0.16228918321298777,1651.7395623120653,82.58697811560327,0.017100697577304143,-0.43964581617562704,0.060354183824372964,True,True,D_near_zero_baseline_spd,0.0,2.0,1.0,13,No baseline prognostic sorting; treatment-related deviation
2000,1448,0.724,-0.0020997569495646478,0.026846003995968537,0.9979024459979045,0.0611459752061175,-0.15697789861472014,1599.410777390514,79.9705388695257,0.01807715070357789,-0.2838261674663408,0.21617383253365918,True,True,D_near_zero_baseline_spd,0.0,2.0,1.0,14,No baseline prognostic sorting; treatment-related deviation
2000,1450,0.725,0.029693050789952692,0.02619716245051318,1.0301382852869523,0.019642978360564122,-0.08405280796713921,1591.3929144328758,79.56964572164378,0.01827868200965566,-0.2810735550689295,0.2189264449310705,True,True,D_near_zero_baseline_spd,0.0,2.0,1.0,15,No baseline prognostic sorting; treatment-related deviation
2000,1446,0.723,0.03279341488900228,0.026479526822859353,1.033337045141545,0.13581850732326445,-0.12126310165857404,1583.7820203709716,79.18910101854858,0.01852237526406843,-0.5342342792978775,-0.03423427929787748,True,True,D_near_zero_baseline_spd,0.0,2.0,1.0,16,No baseline prognostic sorting; treatment-related deviation
2000,1449,0.7245,-0.0025175782948462133,0.026872413059796076,0.9974855881475762,0.11556996899198968,-0.13544643289442349,1602.9541606230512,80.14770803115256,0.01789415689769743,-0.5421410287560765,-0.042141028756076504,True,True,D_near_zero_baseline_spd,0.0,2.0,1.0,17,No baseline prognostic sorting; treatment-related deviation
2000,1434,0.717,-0.0112690147818029,0.026568060601312386,0.9887942427257034,0.0435685196549865,-0.15069515970742592,1600.5922262859183,80.0296113142959,0.018156475627616242,-0.6865854779250505,-0.18658547792505054,True,True,D_near_zero_baseline_spd,0.0,2.0,1.0,18,No baseline prognostic sorting; treatment-related deviation
2000,1451,0.7255,0.0024166147385476654,0.02680328186793559,1.002419537105549,0.07936000161244443,-0.12874278601703923,1576.5503863795227,78.82751931897613,0.01856314572256321,-0.6783997410691103,-0.17839974106911027,True,True,D_near_zero_baseline_spd,0.0,2.0,1.0,19,No baseline prognostic sorting; treatment-related deviation
2000,1427,0.7135,0.026689840454165593,0.026934899487941196,1.0270492042431196,0.06184641837040617,-0.09601340023389802,1615.4722768569536,80.77361384284768,0.01769921379789985,-0.38230782143196435,0.11769217856803565,True,True,D_near_zero_baseline_spd,0.0,2.0,1.0,20,No baseline prognostic sorting; treatment-related deviation
2000,1435,0.7175,-0.017380886460836943,0.027241633264748814,0.9827692898218587,0.16963220272377755,-0.19458464517809632,1608.6158280047962,80.4307914002398,0.017784663331684707,-0.45764893292153797,0.042351067078462035,True,True,D_near_zero_baseline_spd,0.0,2.0,1.0,21,No baseline prognostic sorting; treatment-related deviation
2000,1403,0.7015,-0.020926631292474688,0.027474474347140003,0.9792908112348906,0.19708879354933606,-0.20757049377615014,1630.1010304604717,81.5050515230236,0.017447517876080232,-0.8417799236954969,-0.3417799236954969,True,True,D_near_zero_baseline_spd,0.0,2.0,1.0,22,No baseline prognostic sorting; treatment-related deviation
2000,1437,0.7185,0.002519418366729176,0.027365361398487706,1.0025225947681837,0.11282375169293973,-0.1413853260675188,1597.6924360757255,79.88462180378627,0.018141951586633138,-0.5440040323848949,-0.04400403238489492,True,True,D_near_zero_baseline_spd,0.0,2.0,1.0,23,No baseline prognostic sorting; treatment-related deviation
2000,1411,0.7055,-0.01669137344325395,0.027349439696624556,0.9834471557122931,0.13373304240399383,-0.18770547509442068,1617.4615530397473,80.87307765198736,0.017868250404680628,-0.3694816975589231,0.13051830244107693,True,True,D_near_zero_baseline_spd,0.0,2.0,1.0,24,No baseline prognostic sorting; treatment-related deviation
2000,1459,0.7295,0.02442834396326196,0.026083988781591298,1.0247291604459876,0.06257185688101552,-0.09330490208488666,1565.4455867316028,78.27227933658013,0.01888745873831957,-0.5503892339506682,-0.05038923395066819,True,True,D_near_zero_baseline_spd,0.0,2.0,1.0,25,No baseline prognostic sorting; treatment-related deviation
2000,1437,0.7185,0.07673178619208927,0.027468815196902932,1.079752433039497,0.04024763110439726,-0.06094587669749462,1591.1367666363979,79.55683833181989,0.0182624585019764,-0.31808759869700853,0.18191240130299147,True,True,D_near_zero_baseline_spd,0.0,2.0,1.0,26,No baseline prognostic sorting; treatment-related deviation
2000,1461,0.7305,-0.03313308267492149,0.027272906405621522,0.9674098055370891,0.14936017439645213,-0.20890460418598178,1569.8848577439733,78.49424288719867,0.018675566517504433,-0.8595378702098295,-0.3595378702098295,True,True,D_near_zero_baseline_spd,0.0,2.0,1.0,27,No baseline prognostic sorting; treatment-related deviation
2000,1410,0.705,-0.004504311648570824,0.026640360317252487,0.9955058175490817,0.10492304348062911,-0.13987803127769063,1623.0937063248307,81.15468531624154,0.017584907677128846,-0.6038797034753604,-0.10387970347536035,True,True,D_near_zero_baseline_spd,0.0,2.0,1.0,28,No baseline prognostic sorting; treatment-related deviation
2000,1477,0.7385,0.04362477697714953,0.02569602177818515,1.0445903270039607,0.061800499932844435,-0.0501955865783639,1564.2016784493467,78.21008392246733,0.018758470606394163,-0.46413039386922195,0.03586960613077805,True,True,D_near_zero_baseline_spd,0.0,2.0,1.0,29,No baseline prognostic sorting; treatment-related deviation
2000,1446,0.723,-0.01749753606651232,0.026834791039453153,0.9826546568578062,0.13859263193219096,-0.16362715753859897,1599.7484187290434,79.98742093645217,0.017934087262243163,-0.1188417175040022,0.3811582824959978,True,True,D_near_zero_baseline_spd,0.0,2.0,1.0,30,No baseline prognostic sorting; treatment-related deviation
2000,1475,0.7375,0.04494698754476486,0.026341618692096908,1.0459724088734295,0.1168202034196873,-0.11191393243460152,1547.7422651529016,77.38711325764508,0.01928751076345759,-0.33675307742942673,0.16324692257057327,True,True,D_near_zero_baseline_spd,0.0,2.0,1.0,31,No baseline prognostic sorting; treatment-related deviation
2000,1420,0.71,-0.00603692361291579,0.02741013144808909,0.9939812619969897,0.1764834755771344,-0.1675036279040795,1602.1916220812332,80.10958110406165,0.018078109192469227,-0.8086512870794367,-0.3086512870794367,True,True,D_near_zero_baseline_spd,0.0,2.0,1.0,32,No baseline prognostic sorting; treatment-related deviation
2000,1425,0.7125,-0.006373003251126238,0.027342528249161866,0.9936472612626365,0.13469992131287312,-0.20461195871886334,1598.874896032876,79.9437448016438,0.01822519745535125,-0.47455908367322,0.025440916326780028,True,True,D_near_zero_baseline_spd,0.0,2.0,1.0,33,No baseline prognostic sorting; treatment-related deviation
2000,1447,0.7235,0.026461646238195958,0.02688179222251277,1.0268148642937225,0.10553528870139456,-0.1268672046193016,1574.668920818047,78.73344604090235,0.018701895747358546,-0.5538037578871009,-0.0538037578871009,True,True,D_near_zero_baseline_spd,0.0,2.0,1.0,34,No baseline prognostic sorting; treatment-related deviation
2000,1441,0.7205,-0.025511723341698704,0.02677557127863064,0.9748109508568849,0.20146178405321247,-0.2074435475721039,1584.3015701534287,79.21507850767144,0.01859492303190942,-0.7913905495226622,-0.2913905495226622,True,True,D_near_zero_baseline_spd,0.0,2.0,1.0,35,No baseline prognostic sorting; treatment-related deviation
2000,1427,0.7135,-0.023112816696842366,0.02706058237121468,0.9771522384667823,0.09188936114309543,-0.14448750183692224,1619.2680792139192,80.96340396069596,0.017632152217690503,-0.6587154163932495,-0.1587154163932495,True,True,D_near_zero_baseline_spd,0.0,2.0,1.0,36,No baseline prognostic sorting; treatment-related deviation
2000,1488,0.744,0.03329425260368333,0.025612685543192296,1.033854708927682,0.05886426853753332,-0.07028961649931449,1557.2642723011907,77.86321361505954,0.018951215835178604,-0.7188975115244182,-0.21889751152441816,True,True,D_near_zero_baseline_spd,0.0,2.0,1.0,37,No baseline prognostic sorting; treatment-related deviation
2000,1472,0.736,-0.04425329711195194,0.026357621945468496,0.9567115944955648,0.15989717478791166,-0.24444943331551994,1552.4863605654175,77.62431802827088,0.019263928677897325,-0.31139038255263124,0.18860961744736876,True,True,D_near_zero_baseline_spd,0.0,2.0,1.0,38,No baseline prognostic sorting; treatment-related deviation
2000,1451,0.7255,-0.004797205294565738,0.02652490158090318,0.9952142829169754,0.07262947223451946,-0.15734765267099846,1584.7100382488698,79.2355019124435,0.018332075353948596,-0.7684222404468907,-0.26842224044689067,True,True,D_near_zero_baseline_spd,0.0,2.0,1.0,39,No baseline prognostic sorting; treatment-related deviation
2000,1435,0.7175,-0.03852636251386866,0.027030575648703037,0.9622063382275204,0.19041675295156288,-0.22944641632252266,1599.8581341228564,79.99290670614282,0.018098503195628963,-0.18336595283292423,0.31663404716707577,True,True,D_near_zero_baseline_spd,0.0,2.0,1.0,40,No baseline prognostic sorting; treatment-related deviation
2000,1442,0.721,0.001115998159643234,0.026687497500763924,1.0011166211173077,0.09979144659972505,-0.11681072008121926,1597.3932728843222,79.8696636442161,0.018110333431473523,-0.41404815680464113,0.08595184319535887,True,True,D_near_zero_baseline_spd,0.0,2.0,1.0,41,No baseline prognostic sorting; treatment-related deviation
2000,1406,0.703,0.027952590804785404,0.02699719135957383,1.0283469301653736,0.06539587909184832,-0.12679185783687721,1611.112787083883,80.55563935419416,0.017932391633014657,-0.5139054872985723,-0.013905487298572328,True,True,D_near_zero_baseline_spd,0.0,2.0,1.0,42,No baseline prognostic sorting; treatment-related deviation
2000,1403,0.7015,-0.007621702605277097,0.027299931357825973,0.9924072689191847,0.16556312534982032,-0.16581876037470616,1635.9552338538133,81.79776169269066,0.01736287292340991,-0.4601953411586798,0.03980465884132017,True,True,D_near_zero_baseline_spd,0.0,2.0,1.0,43,No baseline prognostic sorting; treatment-related deviation
2000,1450,0.725,-0.022353592293282713,0.026975934708303527,0.97789439798938,0.08788935466329299,-0.16178378723038117,1586.2831472292385,79.31415736146192,0.01843209671074081,-0.06052466838024247,0.43947533161975755,True,True,D_near_zero_baseline_spd,0.0,2.0,1.0,44,No baseline prognostic sorting; treatment-related deviation
2000,1412,0.706,0.013231812260052708,0.02680026164900801,1.0133197400746727,0.15164562260581263,-0.13721278651297766,1615.5086162937987,80.77543081468993,0.01783311076310406,-0.3925375219175747,0.10746247808242532,True,True,D_near_zero_baseline_spd,0.0,2.0,1.0,45,No baseline prognostic sorting; treatment-related deviation
2000,1454,0.727,0.012481306422366962,0.026056479142940334,1.0125595230036626,0.09509170052880016,-0.12598108192075486,1577.5048543493647,78.87524271746824,0.01854451816198972,-0.5099189988234037,-0.009918998823403746,True,True,D_near_zero_baseline_spd,0.0,2.0,1.0,46,No baseline prognostic sorting; treatment-related deviation
2000,1453,0.7265,0.00573842366478176,0.026999990395569575,1.0057549199570028,0.14975365248183212,-0.1857544453166013,1574.5266243648002,78.72633121824,0.018741792497575738,-0.42596823148489327,0.07403176851510673,True,True,D_near_zero_baseline_spd,0.0,2.0,1.0,47,No baseline prognostic sorting; treatment-related deviation
2000,1448,0.724,0.005507468010446048,0.02684811258128569,1.0055226619930402,0.06435361662706222,-0.12170695423951877,1586.7147380595384,79.33573690297692,0.018317744913566088,-0.38315231218787676,0.11684768781212324,True,True,D_near_zero_baseline_spd,0.0,2.0,1.0,48,No baseline prognostic sorting; treatment-related deviation
2000,1435,0.7175,-0.0058520758817656214,0.02631819902556992,0.9941650141606376,0.1660462900702068,-0.1533206456500272,1591.3297888908032,79.56648944454015,0.018262790524951215,-0.38308344820673185,0.11691655179326815,True,True,D_near_zero_baseline_spd,0.0,2.0,1.0,49,No baseline prognostic sorting; treatment-related deviation
2000,1465,0.7325,-0.05001591381699321,0.026098148272375395,0.9512142869301825,0.20708798368880016,-0.2560926676083947,1563.7080995087242,78.1854049754362,0.019007826098165193,-0.5103414905162833,-0.010341490516283303,True,True,D_near_zero_baseline_spd,0.0,2.0,1.0,50,No baseline prognostic sorting; treatment-related deviation
2000,1436,0.718,-0.002700024695414724,0.026884209996139097,0.9973036170928864,0.12111735206560931,-0.1808683685981353,1592.5361668545538,79.62680834272768,0.018298051694813054,-0.35014399273880464,0.14985600726119536,True,True,D_near_zero_baseline_spd,0.0,2.0,1.0,51,No baseline prognostic sorting; treatment-related deviation
2000,1422,0.711,-0.017374276229344957,0.026610161818507762,0.9827757861758388,0.14469095691379105,-0.19646148470105196,1597.7462299621016,79.88731149810508,0.018242306263237015,-0.45611391517762123,0.04388608482237877,True,True,D_near_zero_baseline_spd,0.0,2.0,1.0,52,No baseline prognostic sorting; treatment-related deviation
2000,1450,0.725,-0.0016659120365885274,0.026928996144720472,0.9983354748246318,0.13073891270178212,-0.17970798498795681,1584.6286359521098,79.2314317976055,0.018494092245289424,-0.3468806075811495,0.15311939241885048,True,True,D_near_zero_baseline_spd,0.0,2.0,1.0,53,No baseline prognostic sorting; treatment-related deviation
2000,1440,0.72,0.014420273084906551,0.02617146956272668,1.0145247467986118,0.09368503065674742,-0.09674331836926207,1596.546250604778,79.8273125302389,0.018163435346608265,-0.8294977037384084,-0.32949770373840837,True,True,D_near_zero_baseline_spd,0.0,2.0,1.0,54,No baseline prognostic sorting; treatment-related deviation
2000,1435,0.7175,-0.012468444797135509,0.026149669034848198,0.9876089642034065,0.1573461326542308,-0.1883041024587759,1616.6175201501703,80.83087600750852,0.017613435857665213,-0.5517576259245258,-0.05175762592452582,True,True,D_near_zero_baseline_spd,0.0,2.0,1.0,55,No baseline prognostic sorting; treatment-related deviation
2000,1442,0.721,0.04703408117798945,0.026950051721415,1.0481577309211194,0.0775575818222475,-0.04269101884828562,1610.4440875016471,80.52220437508235,0.017744099397387,-0.4134316058600184,0.08656839413998157,True,True,D_near_zero_baseline_spd,0.0,2.0,1.0,56,No baseline prognostic sorting; treatment-related deviation
2000,1454,0.727,0.04767084891333202,0.02690867358573333,1.0488253764907394,0.024749131433002967,-0.005035868657309743,1595.6353719319898,79.78176859659949,0.01808543617524294,-0.8030429244458682,-0.3030429244458682,True,True,D_near_zero_baseline_spd,0.0,2.0,1.0,57,No baseline prognostic sorting; treatment-related deviation
2000,1431,0.7155,0.015524883921141586,0.02678456336322345,1.0156460209993587,0.07345097740609223,-0.1248090683891289,1607.3383950603813,80.36691975301908,0.017916214766767927,-0.5209058966452368,-0.020905896645236788,True,True,D_near_zero_baseline_spd,0.0,2.0,1.0,58,No baseline prognostic sorting; treatment-related deviation
2000,1442,0.721,0.023752248196751105,0.027192722941629267,1.0240365795506772,0.05119021824319247,-0.12792898287503585,1597.165310925244,79.8582655462622,0.018154198139716117,-0.28041821058120037,0.21958178941879963,True,True,D_near_zero_baseline_spd,0.0,2.0,1.0,59,No baseline prognostic sorting; treatment-related deviation
2000,1422,0.711,-0.02915018229310481,0.02752699696093177,0.9712705858688768,0.21228291125809948,-0.23505892373986872,1609.4600771229077,80.47300385614538,0.01798220333813232,-0.6178897467549719,-0.11788974675497188,True,True,D_near_zero_baseline_spd,0.0,2.0,1.0,60,No baseline prognostic sorting; treatment-related deviation
2000,1433,0.7165,0.039271583170134454,0.02700221359495727,1.0400529061631847,0.10198794602474777,-0.10733867675052407,1603.0411628686252,80.15205814343126,0.017942334264597955,-0.5970648023459253,-0.0970648023459253,True,True,D_near_zero_baseline_spd,0.0,2.0,1.0,61,No baseline prognostic sorting; treatment-related deviation
2000,1455,0.7275,0.025822920980387336,0.02732192484140363,1.0261592211150241,0.1658155089483479,-0.11097518393834459,1583.177251659179,79.15886258295896,0.01843437899461544,-0.3411202486931883,0.1588797513068117,True,True,D_near_zero_baseline_spd,0.0,2.0,1.0,62,No baseline prognostic sorting; treatment-related deviation
2000,1414,0.707,0.003521454427379856,0.02685875788228366,1.0035276620324827,0.17253870171903188,-0.1454132592929756,1620.0118683085711,81.00059341542857,0.017678788877224575,-0.31109288413491815,0.18890711586508185,True,True,D_near_zero_baseline_spd,0.0,2.0,1.0,63,No baseline prognostic sorting; treatment-related deviation
2000,1406,0.703,-0.001343127487140048,0.02677419691510846,0.9986577741048871,0.09099070903362333,-0.1435192890332492,1626.0247328602557,81.30123664301279,0.017530442815894998,-0.38714974308181765,0.11285025691818235,True,True,D_near_zero_baseline_spd,0.0,2.0,1.0,64,No baseline prognostic sorting; treatment-related deviation
2000,1450,0.725,-7.536810336829667e-05,0.027194987821715453,0.9999246347367359,0.1525085980535382,-0.17393143932400712,1584.309389127609,79.21546945638045,0.01857004156206426,-0.22635572244088686,0.27364427755911314,True,True,D_near_zero_baseline_spd,0.0,2.0,1.0,65,No baseline prognostic sorting; treatment-related deviation
2000,1450,0.725,-0.004987616102490161,0.02654988497057027,0.9950248014015439,0.17836433314111802,-0.18156057574593165,1587.596711981353,79.37983559906765,0.018320276030138655,-0.3276260166113542,0.1723739833886458,True,True,D_near_zero_baseline_spd,0.0,2.0,1.0,66,No baseline prognostic sorting; treatment-related deviation
2000,1458,0.729,0.05069629104562739,0.026708768711597285,1.0520033419253831,0.08032280197103164,-0.048736814084593176,1583.412345940022,79.17061729700112,0.01840837845242199,-0.4878707375548761,0.012129262445123912,True,True,D_near_zero_baseline_spd,0.0,2.0,1.0,67,No baseline prognostic sorting; treatment-related deviation
2000,1442,0.721,-0.0015819528614015737,0.027080606169364967,0.9984192977664612,0.18077160611367207,-0.16454536822614657,1585.5917389563353,79.27958694781677,0.018468044673991026,-0.48196384898920064,0.01803615101079936,True,True,D_near_zero_baseline_spd,0.0,2.0,1.0,68,No baseline prognostic sorting; treatment-related deviation
2000,1423,0.7115,-0.025613107752603812,0.027228100702418365,0.9747121252326619,0.20905019939139968,-0.2255517935318671,1602.6127012122242,80.13063506061121,0.01800422645017191,-0.22881121731284917,0.27118878268715085,True,True,D_near_zero_baseline_spd,0.0,2.0,1.0,69,No baseline prognostic sorting; treatment-related deviation
2000,1397,0.6985,0.0015147679492477765,0.027185632386373112,1.0015159157897153,0.13825033321633767,-0.14945835343043948,1635.1923686384769,81.75961843192384,0.017371328726425866,-0.8221176486079078,-0.3221176486079078,True,True,D_near_zero_baseline_spd,0.0,2.0,1.0,70,No baseline prognostic sorting; treatment-related deviation
2000,1476,0.738,0.01159458039586709,0.02599724028238221,1.0116620580827915,0.10465589784471377,-0.10027224962027999,1570.3623336931344,78.51811668465672,0.01861217439675745,-0.548961259137115,-0.04896125913711502,True,True,D_near_zero_baseline_spd,0.0,2.0,1.0,71,No baseline prognostic sorting; treatment-related deviation
2000,1443,0.7215,0.033240234274868316,0.026157418571008385,1.0337988633324247,0.08100539510007325,-0.11094481537787304,1592.5287251284801,79.626436256424,0.018246385269463313,-0.9745691053850215,-0.4745691053850215,True,True,D_near_zero_baseline_spd,0.0,2.0,1.0,72,No baseline prognostic sorting; treatment-related deviation
2000,1452,0.726,0.0027694902195149616,0.027258485033419762,1.0027733288003724,0.1788209047185964,-0.16143535227446326,1574.8923939100425,78.74461969550212,0.01878483905351992,-0.45620303496538556,0.04379696503461444,True,True,D_near_zero_baseline_spd,0.0,2.0,1.0,73,No baseline prognostic sorting; treatment-related deviation
2000,1423,0.7115,-0.013988456728202354,0.02706118181736995,0.9861089271205319,0.13671082814687727,-0.20733915849617512,1590.7666024304829,79.53833012152414,0.018352296720628276,-0.2791664009900274,0.22083359900997263,True,True,D_near_zero_baseline_spd,0.0,2.0,1.0,74,No baseline prognostic sorting; treatment-related deviation
2000,1439,0.7195,0.011289369618606677,0.026689614478857714,1.0113533350349166,0.11336380532853192,-0.11059570038796288,1607.2774253457196,80.36387126728599,0.01791034253298008,-0.6271146963436776,-0.12711469634367756,True,True,D_near_zero_baseline_spd,0.0,2.0,1.0,75,No baseline prognostic sorting; treatment-related deviation
2000,1482,0.741,0.026387927787195387,0.02579460539469158,1.0267391718824603,0.11640744746150432,-0.09616292378230194,1567.4643269559733,78.37321634779866,0.01879169942524718,-1.1484248045961045,-0.6484248045961045,True,True,D_near_zero_baseline_spd,0.0,2.0,1.0,76,No baseline prognostic sorting; treatment-related deviation
2000,1406,0.703,0.008694866270688684,0.026757437254957803,1.0087327764153091,0.1084664790208347,-0.13623221256707527,1621.1055764135822,81.05527882067912,0.017689645445714816,-0.576114050253069,-0.07611405025306905,True,True,D_near_zero_baseline_spd,0.0,2.0,1.0,77,No baseline prognostic sorting; treatment-related deviation
2000,1452,0.726,0.041475858078880455,0.02713650143596353,1.0423479972645848,0.1238709892780605,-0.09448732296966038,1569.1835475597306,78.45917737798653,0.018912896602331756,-0.529983640583965,-0.029983640583964966,True,True,D_near_zero_baseline_spd,0.0,2.0,1.0,78,No baseline prognostic sorting; treatment-related deviation
2000,1459,0.7295,-0.04581727152526895,0.026981325894291874,0.9552164914970213,0.23764632572560232,-0.23722703059663577,1578.130538893982,78.9065269446991,0.018494320935878463,-0.6492601717492306,-0.14926017174923056,True,True,D_near_zero_baseline_spd,0.0,2.0,1.0,79,No baseline prognostic sorting; treatment-related deviation
2000,1466,0.733,-0.007639442798909026,0.02639332545745822,0.992389663578234,0.16074136163365313,-0.18013763681716133,1557.3148433278132,77.86574216639066,0.019159249345482462,-0.6091167503938232,-0.10911675039382318,True,True,D_near_zero_baseline_spd,0.0,2.0,1.0,80,No baseline prognostic sorting; treatment-related deviation
2000,1453,0.7265,-0.0352644528225147,0.026312310677378034,0.9653500929417754,0.1547921759293587,-0.19950741625645718,1592.14468861099,79.60723443054951,0.01828962758664714,-0.5518366077700835,-0.051836607770083476,True,True,D_near_zero_baseline_spd,0.0,2.0,1.0,81,No baseline prognostic sorting; treatment-related deviation
2000,1465,0.7325,0.03387855662393583,0.026941203686748978,1.0344589709096261,0.0900957083372903,-0.07442441232917969,1570.7351812756642,78.53675906378322,0.01870900383647747,-0.440770182248423,0.059229817751576985,True,True,D_near_zero_baseline_spd,0.0,2.0,1.0,82,No baseline prognostic sorting; treatment-related deviation
2000,1459,0.7295,-0.0002369339718055247,0.027247799585285247,0.9997630940948313,0.19168896632264756,-0.1754325097985275,1571.2372169917808,78.56186084958904,0.01871239078404858,-0.6665348723160475,-0.16653487231604747,True,True,D_near_zero_baseline_spd,0.0,2.0,1.0,83,No baseline prognostic sorting; treatment-related deviation
2000,1459,0.7295,0.009058112069712835,0.026614493708325165,1.0090992609166278,0.13873608913872645,-0.16134725071989536,1583.9221531723956,79.19610765861978,0.01852669847527854,-0.25978064020551683,0.24021935979448317,True,True,D_near_zero_baseline_spd,0.0,2.0,1.0,84,No baseline prognostic sorting; treatment-related deviation
2000,1419,0.7095,0.021746736600631398,0.02691564094059251,1.0219849203163913,0.11438794052180432,-0.1374730498034321,1616.003039066737,80.80015195333685,0.017682159340991776,-0.2740125112735032,0.22598748872649682,True,True,D_near_zero_baseline_spd,0.0,2.0,1.0,85,No baseline prognostic sorting; treatment-related deviation
2000,1464,0.732,-0.018628796583196102,0.02640580534592845,0.981543646982255,0.18231335029450235,-0.20514754675807542,1552.6312997803,77.63156498901499,0.01934177044540567,-0.6707280731214945,-0.17072807312149452,True,True,D_near_zero_baseline_spd,0.0,2.0,1.0,86,No baseline prognostic sorting; treatment-related deviation
2000,1440,0.72,-0.0174766479399194,0.02625725500160844,0.9826751828870501,0.14965756900363952,-0.20170454146738975,1597.1973999597549,79.85986999798774,0.01823418658441261,-0.42187693504190615,0.07812306495809385,True,True,D_near_zero_baseline_spd,0.0,2.0,1.0,87,No baseline prognostic sorting; treatment-related deviation
2000,1434,0.717,-0.029585547836800227,0.027247822192190106,0.9708478201576742,0.19015313464408667,-0.2132323867903928,1594.135503085516,79.70677515427579,0.01840013622226108,-0.5909953099201296,-0.09099530992012961,True,True,D_near_zero_baseline_spd,0.0,2.0,1.0,88,No baseline prognostic sorting; treatment-related deviation
2000,1447,0.7235,-0.007927415327287097,0.026031709169216235,0.9921039237622603,0.19238203649588276,-0.16721186800150006,1582.6022156202046,79.13011078101023,0.018539383535501042,-0.8479466784574742,-0.3479466784574742,True,True,D_near_zero_baseline_spd,0.0,2.0,1.0,89,No baseline prognostic sorting; treatment-related deviation
2000,1443,0.7215,-0.0026864078871859844,0.027309581387154978,0.9973171972774454,0.058033122013445654,-0.14088748081565233,1609.9741712911173,80.49870856455587,0.01786282188250001,-0.48442030029772754,0.015579699702272465,True,True,D_near_zero_baseline_spd,0.0,2.0,1.0,90,No baseline prognostic sorting; treatment-related deviation
2000,1435,0.7175,-0.010604082325748986,0.026793228842509047,0.989451942748864,0.22193854502829935,-0.1949775640467769,1596.9422354713874,79.84711177356937,0.018130500625544263,-0.6028427149326873,-0.10284271493268726,True,True,D_near_zero_baseline_spd,0.0,2.0,1.0,91,No baseline prognostic sorting; treatment-related deviation
2000,1430,0.715,0.0402314082192491,0.026737312172421864,1.0410516542299548,0.1118625294918589,-0.12420244065576427,1602.0325818391645,80.10162909195823,0.017928577107048246,-0.4161036582369975,0.08389634176300248,True,True,D_near_zero_baseline_spd,0.0,2.0,1.0,92,No baseline prognostic sorting; treatment-related deviation
2000,1440,0.72,0.010314869864709229,0.027019621992155997,1.0103682515186008,0.11107211406275805,-0.14478134915458665,1582.7815790512977,79.13907895256489,0.018593317599720504,-0.7103652741978321,-0.21036527419783213,True,True,D_near_zero_baseline_spd,0.0,2.0,1.0,93,No baseline prognostic sorting; treatment-related deviation
2000,1440,0.72,0.02636457239933757,0.026688011851417517,1.0267151922709,0.09235664694184748,-0.12583152312842594,1591.035112213362,79.5517556106681,0.018266050851287362,-0.4717728035038047,0.028227196496195317,True,True,D_near_zero_baseline_spd,0.0,2.0,1.0,94,No baseline prognostic sorting; treatment-related deviation
2000,1427,0.7135,0.02706784618394134,0.027105997630445224,1.0274375081130054,0.10264512490446391,-0.11855255587478654,1594.152058226362,79.7076029113181,0.01826238680797906,-0.5019340052616188,-0.0019340052616187986,True,True,D_near_zero_baseline_spd,0.0,2.0,1.0,95,No baseline prognostic sorting; treatment-related deviation
2000,1438,0.719,-0.020480389166031964,0.026167753931749374,0.9797279095674932,0.24416050397674266,-0.2055466623553633,1590.5041873682715,79.52520936841357,0.018423316404596487,-0.5341209862033238,-0.03412098620332382,True,True,D_near_zero_baseline_spd,0.0,2.0,1.0,96,No baseline prognostic sorting; treatment-related deviation
2000,1436,0.718,0.013064759601225592,0.02684697291768167,1.0131504764562136,0.09254127040771755,-0.1146501817528018,1593.6429551190622,79.68214775595311,0.018305168388234292,-0.6166760277714265,-0.1166760277714265,True,True,D_near_zero_baseline_spd,0.0,2.0,1.0,97,No baseline prognostic sorting; treatment-related deviation
2000,1401,0.7005,-0.03191783287344609,0.027692423504585742,0.9685861647515905,0.21201682129576224,-0.23478485896105045,1620.6648424757577,81.03324212378789,0.017650732692419947,-0.5209524055943919,-0.020952405594391932,True,True,D_near_zero_baseline_spd,0.0,2.0,1.0,98,No baseline prognostic sorting; treatment-related deviation
2000,1440,0.72,0.041459475826443326,0.02689095720990662,1.0423309213964373,0.12719718369545766,-0.10155235871232683,1598.0010839596064,79.90005419798032,0.01816245559873938,-0.4367751517236881,0.06322484827631192,True,True,D_near_zero_baseline_spd,0.0,2.0,1.0,99,No baseline prognostic sorting; treatment-related deviation
2000,1460,0.73,-0.012301838368810655,0.026044886728637192,0.9877735199131529,0.13468648500007308,-0.20259984182980947,1568.0650224549915,78.40325112274957,0.0187860858209888,-0.33008089782273975,0.16991910217726025,True,True,D_near_zero_baseline_spd,0.0,2.0,1.0,100,No baseline prognostic sorting; treatment-related deviation
2000,1446,0.723,0.008596560324452785,0.026873389897491946,1.0086336168592913,0.09888916908273455,-0.1272644932250942,1585.151791196202,79.2575895598101,0.01844809834568477,-0.5021740761183275,-0.0021740761183275392,True,True,D_near_zero_baseline_spd,0.0,2.0,1.0,101,No baseline prognostic sorting; treatment-related deviation
2000,1450,0.725,-0.03990301369440164,0.026498261888738297,0.9608826270893883,0.151691666460721,-0.19374840139056465,1583.9116668714037,79.19558334357018,0.01845549169829967,-0.536539540558401,-0.03653954055840103,True,True,D_near_zero_baseline_spd,0.0,2.0,1.0,102,No baseline prognostic sorting; treatment-related deviation
2000,1439,0.7195,0.02452457262051239,0.02689818476320863,1.0248277735017675,0.15168247555232256,-0.1442639315632288,1586.9198929667891,79.34599464833946,0.018377938571728418,-1.1239842316787767,-0.6239842316787767,True,True,D_near_zero_baseline_spd,0.0,2.0,1.0,103,No baseline prognostic sorting; treatment-related deviation
2000,1432,0.716,0.04405139571661999,0.0271337616973567,1.0450360638856229,0.12298955309345978,-0.051690068556103905,1610.9578085535536,80.54789042767767,0.017741964785377963,-0.5136812591207096,-0.01368125912070961,True,True,D_near_zero_baseline_spd,0.0,2.0,1.0,104,No baseline prognostic sorting; treatment-related deviation
2000,1426,0.713,0.037782281578303815,0.02692888730282494,1.0385051065707336,0.12356496639028085,-0.1231704278673447,1587.8010479615207,79.39005239807604,0.018398565386321366,-0.562333503125924,-0.062333503125924006,True,True,D_near_zero_baseline_spd,0.0,2.0,1.0,105,No baseline prognostic sorting; treatment-related deviation
2000,1428,0.714,-0.0009918149561191515,0.026654491252481524,0.9990086767297672,0.107952337573315,-0.14135144764488494,1594.2119360452903,79.7105968022645,0.018312861912189324,-0.5585591942391166,-0.058559194239116596,True,True,D_near_zero_baseline_spd,0.0,2.0,1.0,106,No baseline prognostic sorting; treatment-related deviation
2000,1454,0.727,-0.02183988281944087,0.02684933155975113,0.9783968806600479,0.1527597522670153,-0.1704500102609211,1573.149703434883,78.65748517174414,0.01874947469257229,-0.579308028167507,-0.07930802816750704,True,True,D_near_zero_baseline_spd,0.0,2.0,1.0,107,No baseline prognostic sorting; treatment-related deviation
2000,1435,0.7175,-0.0030627348804388803,0.026532748147425168,0.9969419505074475,0.15593931382526843,-0.10573599158571119,1611.3395702776238,80.56697851388118,0.017824859375851997,-0.19856571551312255,0.3014342844868775,True,True,D_near_zero_baseline_spd,0.0,2.0,1.0,108,No baseline prognostic sorting; treatment-related deviation
2000,1447,0.7235,-0.03616451157425249,0.026903261408499853,0.9644816120426795,0.18818689816619377,-0.19817992293386527,1581.6640209303607,79.08320104651804,0.018552560149089722,-0.6000858870090602,-0.10008588700906018,True,True,D_near_zero_baseline_spd,0.0,2.0,1.0,109,No baseline prognostic sorting; treatment-related deviation
2000,1462,0.731,-0.0241465297837375,0.02657236942855414,0.9761426653043849,0.15076476476912673,-0.21723262655816886,1578.6313633851885,78.93156816925942,0.01851385587669418,-0.34827271746251737,0.15172728253748263,True,True,D_near_zero_baseline_spd,0.0,2.0,1.0,110,No baseline prognostic sorting; treatment-related deviation
2000,1455,0.7275,0.054996432032937866,0.026919526234333843,1.0565368449801065,0.08706333265221924,-0.0691046354531544,1581.5733497435256,79.07866748717628,0.018433173544012756,-0.5974159205898182,-0.09741592058981818,True,True,D_near_zero_baseline_spd,0.0,2.0,1.0,111,No baseline prognostic sorting; treatment-related deviation
2000,1452,0.726,0.006400897598619011,0.026825601203142563,1.006421427122739,0.19035842765365793,-0.11361813832409715,1582.9558495465092,79.14779247732547,0.018505181187672116,-0.47088361021013403,0.02911638978986597,True,True,D_near_zero_baseline_spd,0.0,2.0,1.0,112,No baseline prognostic sorting; treatment-related deviation
2000,1432,0.716,0.047893165652056126,0.026895235039803386,1.0490585738488094,0.11119373684760173,-0.07014357254538227,1599.8033759997013,79.99016879998507,0.01806991375712767,-0.21622072048918398,0.28377927951081605,True,True,D_near_zero_baseline_spd,0.0,2.0,1.0,113,No baseline prognostic sorting; treatment-related deviation
2000,1465,0.7325,0.026177593908354,0.026362677397958098,1.026523236559933,0.07189336990911131,-0.10861024106199739,1564.4231099380738,78.22115549690369,0.018915795470148558,-0.6784611022938298,-0.17846110229382983,True,True,D_near_zero_baseline_spd,0.0,2.0,1.0,114,No baseline prognostic sorting; treatment-related deviation
2000,1422,0.711,-0.013449709851267378,0.027301215990983247,0.9866403333592082,0.13817066120081808,-0.13680558420783517,1621.9740362239454,81.09870181119727,0.017607372013850518,-0.5603304385986397,-0.060330438598639735,True,True,D_near_zero_baseline_spd,0.0,2.0,1.0,115,No baseline prognostic sorting; treatment-related deviation
2000,1407,0.7035,-0.005163256070343442,0.02752229996169021,0.9948500506244723,0.11331611616646432,-0.13492357165349783,1625.9586893916817,81.29793446958408,0.017597777937662224,-0.5550410732480728,-0.055041073248072836,True,True,D_near_zero_baseline_spd,0.0,2.0,1.0,116,No baseline prognostic sorting; treatment-related deviation
2000,1417,0.7085,-0.04227363128186977,0.02689882753045072,0.9586074396992519,0.13757249725397927,-0.22826257974444195,1597.8547442164493,79.89273721082246,0.018347141089368756,-0.5388771760123321,-0.03887717601233209,True,True,D_near_zero_baseline_spd,0.0,2.0,1.0,117,No baseline prognostic sorting; treatment-related deviation
2000,1431,0.7155,-0.0020617701639158896,0.027695668701927825,0.9979403538242126,0.14422411074147268,-0.2191855669187251,1586.6870123895699,79.3343506194785,0.018492348630702576,-0.48063538772091896,0.01936461227908104,True,True,D_near_zero_baseline_spd,0.0,2.0,1.0,118,No baseline prognostic sorting; treatment-related deviation
2000,1441,0.7205,-0.041250467209049096,0.02718372702118291,0.9595887543288187,0.17875367338705034,-0.23335464197477035,1588.0689859492118,79.40344929746058,0.018376259951165274,-0.29730026493063033,0.20269973506936967,True,True,D_near_zero_baseline_spd,0.0,2.0,1.0,119,No baseline prognostic sorting; treatment-related deviation
2000,1430,0.715,0.022072284402614436,0.02722921628641179,1.0223176794224191,0.07514003932891507,-0.12994089314884422,1606.2781807682895,80.31390903841448,0.01788652796472285,-0.27652143604937,0.22347856395062998,True,True,D_near_zero_baseline_spd,0.0,2.0,1.0,120,No baseline prognostic sorting; treatment-related deviation
2000,1453,0.7265,0.0024507985535983682,0.027267621401213547,1.0024538042152957,0.10066961726866219,-0.14695463599123476,1563.7986576570308,78.18993288285154,0.01891754311358981,-0.45649032412486507,0.043509675875134934,True,True,D_near_zero_baseline_spd,0.0,2.0,1.0,121,No baseline prognostic sorting; treatment-related deviation
2000,1475,0.7375,0.03809985825423444,0.02680430304148676,1.038834963945147,0.09003392930069828,-0.11981518780169617,1552.6806020382323,77.63403010191162,0.01920934387176085,-0.33009561593666137,0.16990438406333863,True,True,D_near_zero_baseline_spd,0.0,2.0,1.0,122,No baseline prognostic sorting; treatment-related deviation
2000,1422,0.711,0.020889677238342355,0.027116056389361258,1.0211093938150015,0.12222760175664939,-0.13540587491498537,1608.0088315624805,80.40044157812403,0.017942532366296157,-0.8799504503357743,-0.37995045033577435,True,True,D_near_zero_baseline_spd,0.0,2.0,1.0,123,No baseline prognostic sorting; treatment-related deviation
2000,1470,0.735,-0.02195367514661169,0.02643508288051883,0.9782855529363415,0.08989147073427046,-0.16967799924861185,1562.8292157533172,78.14146078766585,0.01895770745997054,-0.47947253823271396,0.020527461767286037,True,True,D_near_zero_baseline_spd,0.0,2.0,1.0,124,No baseline prognostic sorting; treatment-related deviation
2000,1457,0.7285,0.032469237486408904,0.026408581160853237,1.0330021149135864,0.06879623261961718,-0.10117207896497388,1583.6694408256647,79.18347204128324,0.018431741007318876,-0.5036805853275906,-0.0036805853275906353,True,True,D_near_zero_baseline_spd,0.0,2.0,1.0,125,No baseline prognostic sorting; treatment-related deviation
2000,1449,0.7245,0.006121040740095786,0.02633750429639651,1.006139812591511,0.11146453846137222,-0.15166471379440472,1582.3141334859304,79.11570667429652,0.018596224156166196,-0.22822775666449988,0.2717722433355001,True,True,D_near_zero_baseline_spd,0.0,2.0,1.0,126,No baseline prognostic sorting; treatment-related deviation
2000,1452,0.726,-0.0032957075112277855,0.027470827751443546,0.9967097173715267,0.10255570774198484,-0.13706000499258425,1598.3787588364344,79.91893794182171,0.018051504607525783,-0.641513978269968,-0.14151397826996803,True,True,D_near_zero_baseline_spd,0.0,2.0,1.0,127,No baseline prognostic sorting; treatment-related deviation
2000,1442,0.721,-0.036829183770559035,0.026848750671176834,0.9638407609328564,0.15186812340338074,-0.18846627874691377,1596.607544821456,79.8303772410728,0.018199842414200612,-0.2476438233948701,0.2523561766051299,True,True,D_near_zero_baseline_spd,0.0,2.0,1.0,128,No baseline prognostic sorting; treatment-related deviation
2000,1420,0.71,0.0021006497459357264,0.026844477145216004,1.002102857656358,0.05652603109417466,-0.12808314068827084,1620.4685681885383,81.02342840942691,0.017595957099831142,-0.9417931201722425,-0.4417931201722425,True,True,D_near_zero_baseline_spd,0.0,2.0,1.0,129,No baseline prognostic sorting; treatment-related deviation
2000,1448,0.724,-0.05060721241797707,0.026478350264374513,0.9506520015087592,0.13750605948225494,-0.25734049529322733,1588.3499581761873,79.41749790880937,0.018390032485374904,-0.38147450151261264,0.11852549848738736,True,True,D_near_zero_baseline_spd,0.0,2.0,1.0,130,No baseline prognostic sorting; treatment-related deviation
2000,1479,0.7395,0.06345992893678713,0.02632802565975071,1.065516788555422,0.039746255205690834,-0.020441886097886535,1575.6271368569467,78.78135684284733,0.0186095816367181,-0.102362682047617,0.397637317952383,True,True,D_near_zero_baseline_spd,0.0,2.0,1.0,131,No baseline prognostic sorting; treatment-related deviation
2000,1433,0.7165,0.041756315046435996,0.0267605517362935,1.0426403720203876,0.14018377817809308,-0.1380134826575306,1589.3187198087792,79.46593599043895,0.018441801775172104,-0.5718105960256822,-0.07181059602568218,True,True,D_near_zero_baseline_spd,0.0,2.0,1.0,132,No baseline prognostic sorting; treatment-related deviation
2000,1464,0.732,0.03659283969829341,0.026135607531150302,1.037270599437162,0.07524668509391533,-0.08838544697080349,1587.3916329658307,79.36958164829154,0.01825290008738707,-0.5965496547349638,-0.0965496547349638,True,True,D_near_zero_baseline_spd,0.0,2.0,1.0,133,No baseline prognostic sorting; treatment-related deviation
2000,1426,0.713,0.050013611655740524,0.026690582335549176,1.0512854060136665,0.0725298605328061,-0.05825159952072509,1616.0911706236586,80.80455853118293,0.01759952336599326,-0.8608948189326129,-0.3608948189326129,True,True,D_near_zero_baseline_spd,0.0,2.0,1.0,134,No baseline prognostic sorting; treatment-related deviation
2000,1447,0.7235,-0.005304825262141309,0.026162323732977437,0.9947092204756857,0.1672770565882868,-0.18119853204243971,1576.2088028823828,78.81044014411914,0.018684170735565737,-0.8654337590327265,-0.36543375903272646,True,True,D_near_zero_baseline_spd,0.0,2.0,1.0,135,No baseline prognostic sorting; treatment-related deviation
2000,1416,0.708,0.007935269662738676,0.02730881866055672,1.0079668373591986,0.10437529020326496,-0.0958469621733097,1624.8812451142549,81.24406225571275,0.017561574970932928,-0.29652354072131765,0.20347645927868235,True,True,D_near_zero_baseline_spd,0.0,2.0,1.0,136,No baseline prognostic sorting; treatment-related deviation
2000,1445,0.7225,0.003542816035168547,0.026675869417779607,1.0035490992257696,0.14522311482845626,-0.16881344840404322,1586.5981399516209,79.32990699758105,0.018472969048832066,-0.11686974412730068,0.38313025587269933,True,True,D_near_zero_baseline_spd,0.0,2.0,1.0,137,No baseline prognostic sorting; treatment-related deviation
2000,1424,0.712,0.022182918872476434,0.026823989098605793,1.0224307892537203,0.1219680433131019,-0.10910152738651381,1601.9189103457672,80.09594551728836,0.018208151720924038,-0.5055221792018019,-0.005522179201801869,True,True,D_near_zero_baseline_spd,0.0,2.0,1.0,138,No baseline prognostic sorting; treatment-related deviation
2000,1390,0.695,-0.0009271593240432379,0.02714997626560634,0.9990732703553589,0.20334780212375686,-0.14036428837017756,1631.7682171620193,81.58841085810096,0.017508483593864223,-0.37824697307811217,0.12175302692188783,True,True,D_near_zero_baseline_spd,0.0,2.0,1.0,139,No baseline prognostic sorting; treatment-related deviation
2000,1452,0.726,0.0014527085431791814,0.02687893076348155,1.0014537642353774,0.12847239215140724,-0.1511207103413445,1588.1227009733052,79.40613504866526,0.018283010458469848,-0.5480941003626427,-0.04809410036264272,True,True,D_near_zero_baseline_spd,0.0,2.0,1.0,140,No baseline prognostic sorting; treatment-related deviation
2000,1437,0.7185,0.006778155853613998,0.026891737159589008,1.0068011795419884,0.18047533101668756,-0.17584950105893782,1580.578768622091,79.02893843110456,0.018572334956788134,-0.26091537440474666,0.23908462559525334,True,True,D_near_zero_baseline_spd,0.0,2.0,1.0,141,No baseline prognostic sorting; treatment-related deviation
2000,1442,0.721,0.016264678817113333,0.02687440140298325,1.0163976687401082,0.11304715845499673,-0.15348570057179636,1603.7376707356789,80.18688353678395,0.01786606278834173,-0.4732706040723041,0.02672939592769591,True,True,D_near_zero_baseline_spd,0.0,2.0,1.0,142,No baseline prognostic sorting; treatment-related deviation
2000,1458,0.729,-0.04190107356362142,0.02652576617371591,0.9589646428349431,0.19058743346574747,-0.2390344680659105,1551.5219003235673,77.57609501617837,0.019382112459217886,-0.841815367773222,-0.34181536777322197,True,True,D_near_zero_baseline_spd,0.0,2.0,1.0,143,No baseline prognostic sorting; treatment-related deviation
2000,1468,0.734,0.028778595140971884,0.02664184607539201,1.0291967000973032,0.04338944357232387,-0.1025456265530215,1567.0573988396486,78.35286994198242,0.01888794936364106,-1.0110492633639683,-0.5110492633639683,True,True,D_near_zero_baseline_spd,0.0,2.0,1.0,144,No baseline prognostic sorting; treatment-related deviation
2000,1482,0.741,-0.008121332837483697,0.02621804472922753,0.9919115560918408,0.14341425306047448,-0.1796957876879998,1545.3296422848252,77.26648211424126,0.019208437106315025,-0.5570752918680091,-0.05707529186800908,True,True,D_near_zero_baseline_spd,0.0,2.0,1.0,145,No baseline prognostic sorting; treatment-related deviation
2000,1458,0.729,0.0352928728330516,0.02631811425734144,1.0359230580969192,0.12588195996133303,-0.11505415748320075,1567.3658812276217,78.36829406138108,0.018779519860876847,0.03683597167083139,0.5368359716708314,True,True,D_near_zero_baseline_spd,0.0,2.0,1.0,146,No baseline prognostic sorting; treatment-related deviation
2000,1517,0.7585,0.014912783173465383,0.02646869926512078,1.0150245335364054,0.14813970870058654,-0.18470524897158017,1509.7588950898794,75.48794475449398,0.02019115705980959,-0.6387371034735077,-0.13873710347350765,True,True,D_near_zero_baseline_spd,0.0,2.0,1.0,147,No baseline prognostic sorting; treatment-related deviation
2000,1450,0.725,-0.012231092836981322,0.027063518773988493,0.9878434029480732,0.1459582266654388,-0.17892175123995374,1572.4626472846985,78.62313236423493,0.018849850863791127,-0.7071790516855182,-0.2071790516855182,True,True,D_near_zero_baseline_spd,0.0,2.0,1.0,148,No baseline prognostic sorting; treatment-related deviation
2000,1440,0.72,-0.010560207288117452,0.02749582467573201,0.9894953559424576,0.09430523567270305,-0.13391762471808946,1596.5226461249817,79.82613230624908,0.018150776250271144,-0.08432911578501126,0.41567088421498877,True,True,D_near_zero_baseline_spd,0.0,2.0,1.0,149,No baseline prognostic sorting; treatment-related deviation
2000,1428,0.714,0.03157801923169321,0.027239487539342477,1.0320818946910544,0.10858070145484061,-0.09375036606585295,1609.5107244239234,80.47553622119618,0.017744354125849966,-0.6567555059465113,-0.15675550594651133,True,True,D_near_zero_baseline_spd,0.0,2.0,1.0,150,No baseline prognostic sorting; treatment-related deviation
2000,1379,0.6895,0.009915469942464466,0.027795064824450443,1.0099647910939002,0.07637427792537464,-0.17287544880227662,1626.6824633321996,81.33412316660998,0.017711391151637963,-0.33348295479339346,0.16651704520660654,True,True,D_near_zero_baseline_spd,0.0,2.0,1.0,151,No baseline prognostic sorting; treatment-related deviation
2000,1414,0.707,0.015474452865273325,0.02675580228707708,1.0155948021896517,0.10992244131413892,-0.14622826936568648,1617.1227852934444,80.85613926467222,0.017752592531469887,-0.4948719534055893,0.0051280465944106846,True,True,D_near_zero_baseline_spd,0.0,2.0,1.0,152,No baseline prognostic sorting; treatment-related deviation
2000,1441,0.7205,0.027012949125244993,0.02718827265184227,1.0273811063639748,0.040968647215546515,-0.0657247230784872,1609.1833585011204,80.45916792505602,0.017810937425416378,-0.3357775670018774,0.1642224329981226,True,True,D_near_zero_baseline_spd,0.0,2.0,1.0,153,No baseline prognostic sorting; treatment-related deviation
2000,1425,0.7125,0.01189382258601978,0.026462932511645693,1.011964835352354,0.10731234331109492,-0.14298491627898585,1577.9448848892807,78.89724424446403,0.018769826748797323,-0.8083689258804836,-0.3083689258804836,True,True,D_near_zero_baseline_spd,0.0,2.0,1.0,154,No baseline prognostic sorting; treatment-related deviation
2000,1436,0.718,-0.007005802342413386,0.026294456403508436,0.9930186810821084,0.17949082453340612,-0.1794857729473288,1594.5220965891472,79.72610482945736,0.018320233492005924,-0.5360989929081367,-0.03609899290813667,True,True,D_near_zero_baseline_spd,0.0,2.0,1.0,155,No baseline prognostic sorting; treatment-related deviation
2000,1449,0.7245,0.009418128019114713,0.026933456181563717,1.0094626181483624,0.06637884129231307,-0.11438060115305344,1593.1565812316749,79.65782906158374,0.018285861454636385,-0.22920142842619584,0.27079857157380416,True,True,D_near_zero_baseline_spd,0.0,2.0,1.0,156,No baseline prognostic sorting; treatment-related deviation
2000,1469,0.7345,0.006363742786116353,0.026265125420354293,1.0063840344179793,0.1345982290418294,-0.13725868142829864,1564.9247034677594,78.24623517338797,0.019023536512370983,-0.5820363067689757,-0.08203630676897566,True,True,D_near_zero_baseline_spd,0.0,2.0,1.0,157,No baseline prognostic sorting; treatment-related deviation
2000,1413,0.7065,0.005286130216920638,0.027134840091462692,1.005300126454366,0.10838182581923117,-0.14614704943873782,1617.889717534315,80.89448587671575,0.0177647099838137,-0.5029497487355192,-0.002949748735519231,True,True,D_near_zero_baseline_spd,0.0,2.0,1.0,158,No baseline prognostic sorting; treatment-related deviation
2000,1456,0.728,0.029388081805397953,0.026238033125155116,1.0298241729598308,0.06680178481931126,-0.09574198498580276,1587.7555806246448,79.38777903123224,0.01831265383350023,-0.32901852788822494,0.17098147211177506,True,True,D_near_zero_baseline_spd,0.0,2.0,1.0,159,No baseline prognostic sorting; treatment-related deviation
2000,1420,0.71,-0.0009470792450104197,0.026665125752382213,0.9990533690929894,0.11236228197106676,-0.1311313616864877,1626.7451856690548,81.33725928345274,0.01738627423720956,-0.5637026702605743,-0.0637026702605743,True,True,D_near_zero_baseline_spd,0.0,2.0,1.0,160,No baseline prognostic sorting; treatment-related deviation
2000,1420,0.71,-0.05783753358095999,0.02745464056727572,0.9438032713192397,0.22403054123078806,-0.26793349442297554,1602.4282906863632,80.12141453431816,0.018056344371619255,-0.45897189574568487,0.041028104254315134,True,True,D_near_zero_baseline_spd,0.0,2.0,1.0,161,No baseline prognostic sorting; treatment-related deviation
2000,1458,0.729,0.0401857135007289,0.026399014356763385,1.0410040847544948,0.06207078246767912,-0.07129595744427676,1584.44169994296,79.222084997148,0.01836215399870115,-0.43067854303269576,0.06932145696730424,True,True,D_near_zero_baseline_spd,0.0,2.0,1.0,162,No baseline prognostic sorting; treatment-related deviation
2000,1449,0.7245,-0.0006257561342073159,0.026819150194361735,0.9993744396103309,0.14844557042246942,-0.08857283613695945,1580.99665763622,79.049832881811,0.018474844413420073,-0.3008784642774193,0.19912153572258068,True,True,D_near_zero_baseline_spd,0.0,2.0,1.0,163,No baseline prognostic sorting; treatment-related deviation
2000,1457,0.7285,-0.002095689432112407,0.025877432085783504,0.9979065049917742,0.10197078470738367,-0.12317621256781382,1568.071720872309,78.40358604361545,0.018836997416423862,-0.8786903748125348,-0.37869037481253476,True,True,D_near_zero_baseline_spd,0.0,2.0,1.0,164,No baseline prognostic sorting; treatment-related deviation
2000,1402,0.701,-0.0057306322417403225,0.027593518535893837,0.9942857565102899,0.15189258158234512,-0.17855057153056603,1621.2855486986605,81.06427743493303,0.017590473453374146,-0.5482655190996895,-0.04826551909968946,True,True,D_near_zero_baseline_spd,0.0,2.0,1.0,165,No baseline prognostic sorting; treatment-related deviation
2000,1448,0.724,-0.015317851452155315,0.026796939223786235,0.9847988700999581,0.09874110035873968,-0.15888751333144507,1577.772152054657,78.88860760273285,0.018501554623278498,-0.4428096341577092,0.05719036584229081,True,True,D_near_zero_baseline_spd,0.0,2.0,1.0,166,No baseline prognostic sorting; treatment-related deviation
2000,1429,0.7145,-0.03548782401681771,0.02727204101986474,0.9651344856197235,0.21101520035125101,-0.19128252542310592,1608.8861346192036,80.44430673096018,0.017882269337937295,-0.7756319698649636,-0.27563196986496363,True,True,D_near_zero_baseline_spd,0.0,2.0,1.0,167,No baseline prognostic sorting; treatment-related deviation
2000,1452,0.726,0.0016227950669300626,0.02665117913339767,1.0016241125113958,0.18217107670006097,-0.20094192634944474,1576.9732234402095,78.84866117201047,0.018525897009258652,-0.43457452578470446,0.06542547421529554,True,True,D_near_zero_baseline_spd,0.0,2.0,1.0,168,No baseline prognostic sorting; treatment-related deviation
2000,1473,0.7365,-0.01298531917593777,0.026015477115021217,0.9870986263351804,0.0947830654888096,-0.13175346791198148,1549.113150719451,77.45565753597253,0.019418648014515857,-0.5151508434117911,-0.01515084341179107,True,True,D_near_zero_baseline_spd,0.0,2.0,1.0,169,No baseline prognostic sorting; treatment-related deviation
2000,1446,0.723,-0.008121050019396201,0.026658618276974456,0.9919118366224097,0.12030804705826079,-0.14514599395103547,1587.106966513323,79.35534832566614,0.018463982743798228,-0.9877171417194344,-0.48771714171943437,True,True,D_near_zero_baseline_spd,0.0,2.0,1.0,170,No baseline prognostic sorting; treatment-related deviation
2000,1432,0.716,0.0155350737136776,0.026856461492861868,1.0156563702743313,0.10710685396802681,-0.1592554409655496,1594.2571698076467,79.71285849038233,0.018237939488167737,-0.29909624381064553,0.20090375618935447,True,True,D_near_zero_baseline_spd,0.0,2.0,1.0,171,No baseline prognostic sorting; treatment-related deviation
2000,1465,0.7325,-0.07890541471388178,0.027296815224961177,0.9241273291592599,0.21486791622154416,-0.2500185647722067,1569.6594417970705,78.48297208985353,0.018786968761021403,-0.7080952649584774,-0.2080952649584774,True,True,D_near_zero_baseline_spd,0.0,2.0,1.0,172,No baseline prognostic sorting; treatment-related deviation
2000,1407,0.7035,0.040107265544319086,0.027061283688821745,1.04092242331456,0.07449981826122733,-0.09086771049393166,1637.7545873154445,81.88772936577222,0.017253707760377764,-0.2138328508353095,0.2861671491646905,True,True,D_near_zero_baseline_spd,0.0,2.0,1.0,173,No baseline prognostic sorting; treatment-related deviation
2000,1453,0.7265,-0.001243421903837952,0.026098641858992026,0.9987573508248684,0.055285127411635666,-0.13479733237070252,1588.415542707296,79.4207771353648,0.018290947163292017,-0.6958951579582383,-0.1958951579582383,True,True,D_near_zero_baseline_spd,0.0,2.0,1.0,174,No baseline prognostic sorting; treatment-related deviation
2000,1411,0.7055,0.03793762592661975,0.02725863421278046,1.0386664450009186,0.03296982616047606,-0.06232762819894695,1626.145981704181,81.30729908520904,0.01756147187817962,-0.46438137913986,0.035618620860140005,True,True,D_near_zero_baseline_spd,0.0,2.0,1.0,175,No baseline prognostic sorting; treatment-related deviation
2000,1454,0.727,0.015049038576930919,0.025939849950887356,1.0151628455364146,0.11235556613608665,-0.12206211712384858,1588.4298659341327,79.42149329670664,0.01824310606093033,-0.4039136372798098,0.09608636272019022,True,True,D_near_zero_baseline_spd,0.0,2.0,1.0,176,No baseline prognostic sorting; treatment-related deviation
2000,1430,0.715,0.03404420793615348,0.02751019623349276,1.0346303445893383,0.06083394193335702,-0.0923681651515614,1589.9629406028732,79.49814703014367,0.018380483901322266,-0.5206279116242414,-0.02062791162424138,True,True,D_near_zero_baseline_spd,0.0,2.0,1.0,177,No baseline prognostic sorting; treatment-related deviation
2000,1427,0.7135,0.07677746705488138,0.02703966392537434,1.0798017581888393,0.05317748711625334,0.011622325887162917,1616.297020383426,80.8148510191713,0.017620913452307957,-0.3541149765757724,0.1458850234242276,True,True,D_near_zero_baseline_spd,0.0,2.0,1.0,178,No baseline prognostic sorting; treatment-related deviation
2000,1448,0.724,0.0010809542918504475,0.026996344333960778,1.001081538733507,0.1254908108202516,-0.14116396889208355,1586.9704788296776,79.34852394148389,0.01842085289008994,-0.560365270940071,-0.06036527094007105,True,True,D_near_zero_baseline_spd,0.0,2.0,1.0,179,No baseline prognostic sorting; treatment-related deviation
2000,1461,0.7305,0.02979525921083611,0.026069718429384787,1.0302435794752678,0.09006563739652754,-0.0872303848891515,1580.6361852746918,79.03180926373459,0.018453544232631396,-0.42483545282653773,0.07516454717346227,True,True,D_near_zero_baseline_spd,0.0,2.0,1.0,180,No baseline prognostic sorting; treatment-related deviation
2000,1471,0.7355,0.02586460332737785,0.026568938040599052,1.0262019947311924,0.09291561335603436,-0.1434569356314363,1549.8558005417326,77.49279002708663,0.019214466657957948,-0.4492669618704101,0.0507330381295899,True,True,D_near_zero_baseline_spd,0.0,2.0,1.0,181,No baseline prognostic sorting; treatment-related deviation
2000,1412,0.706,-0.033649513214314926,0.027304940814422654,0.9669103345515371,0.15678601252745278,-0.19060424345460023,1629.0117598489853,81.45058799244926,0.017456520546147877,-0.4571406948523279,0.04285930514767211,True,True,D_near_zero_baseline_spd,0.0,2.0,1.0,182,No baseline prognostic sorting; treatment-related deviation
2000,1437,0.7185,0.012695207279056734,0.026828703668976252,1.0127761335188439,0.08223047083640722,-0.13469539571970046,1592.5619007778828,79.62809503889414,0.018322553152314028,-0.3917253731933677,0.1082746268066323,True,True,D_near_zero_baseline_spd,0.0,2.0,1.0,183,No baseline prognostic sorting; treatment-related deviation
2000,1449,0.7245,0.0036923234031716106,0.0265583101605046,1.003699148426708,0.11852641253979296,-0.14162352469287956,1588.4162074959143,79.4208103747957,0.018336301703590747,-0.4002358976744436,0.09976410232555638,True,True,D_near_zero_baseline_spd,0.0,2.0,1.0,184,No baseline prognostic sorting; treatment-related deviation
2000,1427,0.7135,0.02455033481078518,0.026463513732489376,1.0248541756499523,0.10668403472110284,-0.1038042498285671,1607.840348281579,80.39201741407895,0.017888871962644742,-0.43782235579240003,0.06217764420759997,True,True,D_near_zero_baseline_spd,0.0,2.0,1.0,185,No baseline prognostic sorting; treatment-related deviation
2000,1447,0.7235,0.06541617620268937,0.026568194219749593,1.0676032430048241,0.05228241430879665,-0.032280614340285695,1599.6101444863887,79.98050722431942,0.01805860825531453,-0.5272805659484389,-0.027280565948438862,True,True,D_near_zero_baseline_spd,0.0,2.0,1.0,186,No baseline prognostic sorting; treatment-related deviation
2000,1429,0.7145,-0.0014935596416156265,0.026762880825672054,0.9985075551635075,0.15257570944437204,-0.14526054349833098,1606.9863880660564,80.34931940330283,0.017940729144040567,-0.7535234225040311,-0.25352342250403115,True,True,D_near_zero_baseline_spd,0.0,2.0,1.0,187,No baseline prognostic sorting; treatment-related deviation
2000,1418,0.709,0.011276375183474222,0.02713219705802669,1.0113401931549943,0.15364832125550243,-0.13151932111156536,1598.6385426732288,79.93192713366145,0.01819843383370891,-0.2708174794835023,0.22918252051649768,True,True,D_near_zero_baseline_spd,0.0,2.0,1.0,188,No baseline prognostic sorting; treatment-related deviation
2000,1452,0.726,0.05744159336401501,0.026677479745250674,1.0591234090127712,0.027965172801767253,-0.026439024396533384,1583.6875099209392,79.18437549604697,0.01835628021714238,-0.5064001968223915,-0.006400196822391457,True,True,D_near_zero_baseline_spd,0.0,2.0,1.0,189,No baseline prognostic sorting; treatment-related deviation
2000,1459,0.7295,-0.0032842390863489983,0.02661516007984452,0.9967211481275925,0.14463525189754764,-0.15931257480060235,1572.5355711891239,78.62677855945618,0.01865913591239065,-0.5478206707362364,-0.047820670736236415,True,True,D_near_zero_baseline_spd,0.0,2.0,1.0,190,No baseline prognostic sorting; treatment-related deviation
2000,1412,0.706,0.008969410130093454,0.026740146590704183,1.0090097558246125,0.13291602394987326,-0.14441626347685704,1619.8057662830097,80.99028831415049,0.017649155384249025,-0.8115507655032977,-0.31155076550329774,True,True,D_near_zero_baseline_spd,0.0,2.0,1.0,191,No baseline prognostic sorting; treatment-related deviation
2000,1421,0.7105,0.03747685694755939,0.02685243321124588,1.0381879699651637,0.08702690899191408,-0.06159175429027872,1625.254444654822,81.2627222327411,0.017470170736005364,-0.23608069430603135,0.26391930569396865,True,True,D_near_zero_baseline_spd,0.0,2.0,1.0,192,No baseline prognostic sorting; treatment-related deviation
2000,1484,0.742,0.0062922709022772815,0.02660742275234943,1.0063121088255333,0.07703131909523377,-0.12468757625764795,1546.7870287149303,77.33935143574652,0.019261550726926334,-0.21146533863945569,0.2885346613605443,True,True,D_near_zero_baseline_spd,0.0,2.0,1.0,193,No baseline prognostic sorting; treatment-related deviation
2000,1444,0.722,0.03813671387412581,0.0262101103417688,1.0388732515572607,0.09580990114588765,-0.07374526921103859,1589.688186279822,79.4844093139911,0.018394363867588914,-0.5783573506427662,-0.07835735064276617,True,True,D_near_zero_baseline_spd,0.0,2.0,1.0,194,No baseline prognostic sorting; treatment-related deviation
2000,1428,0.714,-0.05770245092331142,0.026918795860830673,0.9439307713847569,0.19114230755260103,-0.24009527772068184,1592.0573907444987,79.60286953722493,0.018334461665405047,-0.6727813933231196,-0.1727813933231196,True,True,D_near_zero_baseline_spd,0.0,2.0,1.0,195,No baseline prognostic sorting; treatment-related deviation
2000,1476,0.738,0.06714252820798874,0.026522073371614625,1.06944789380442,0.13130466110892558,-0.060907873373220886,1552.1387821294477,77.6069391064724,0.01919495983453635,-0.6990292294813643,-0.19902922948136426,True,True,D_near_zero_baseline_spd,0.0,2.0,1.0,196,No baseline prognostic sorting; treatment-related deviation
2000,1472,0.736,0.042668255270333605,0.02645208555398632,1.0435916313946108,0.04907383527568996,-0.03940503122916933,1564.4886241243237,78.22443120621618,0.01873346502408104,-0.5986171594780999,-0.0986171594780999,True,True,D_near_zero_baseline_spd,0.0,2.0,1.0,197,No baseline prognostic sorting; treatment-related deviation
2000,1465,0.7325,0.04525084564329073,0.026695571599592058,1.046290284352774,0.11716225323671028,-0.10500786153161712,1563.556746116235,78.17783730581175,0.01884273807464235,-0.5722372066520834,-0.07223720665208344,True,True,D_near_zero_baseline_spd,0.0,2.0,1.0,198,No baseline prognostic sorting; treatment-related deviation
2000,1418,0.709,-0.028910495686211984,0.02670433086361845,0.9715034143217948,0.2020667545442011,-0.24909523076033271,1605.63860759102,80.281930379551,0.018005087594887316,-0.03275839845863591,0.46724160154136407,True,True,D_near_zero_baseline_spd,0.0,2.0,1.0,199,No baseline prognostic sorting; treatment-related deviation
2000,1433,0.7165,0.019717072429878794,0.026718449503652104,1.0199127377692805,0.11131564388084317,-0.10905983717911713,1599.0665233442955,79.95332616721478,0.018104220477210647,-0.5672151708140968,-0.06721517081409678,True,True,D_near_zero_baseline_spd,0.0,2.0,1.0,200,No baseline prognostic sorting; treatment-related deviation
2000,1440,0.72,0.0428336596259218,0.026821985494839055,1.0437642602722894,0.05301153689174553,-0.07228871434330426,1593.3673823470037,79.66836911735018,0.018212823983151823,-0.46520551338925475,0.034794486610745246,True,True,D_near_zero_baseline_spd,0.0,2.0,1.0,201,No baseline prognostic sorting; treatment-related deviation
2000,1457,0.7285,0.0013370649001924802,0.026541665422300846,1.0013379591699874,0.08849437492946886,-0.12424138920127484,1577.9870751123706,78.89935375561853,0.01856518760975919,-0.682252605977487,-0.18225260597748705,True,True,D_near_zero_baseline_spd,0.0,2.0,1.0,202,No baseline prognostic sorting; treatment-related deviation
2000,1437,0.7185,0.009961879387321654,0.027651447812134616,1.0100116640868466,0.1315068463413134,-0.13792048839957138,1596.7942660779725,79.83971330389862,0.0181226218817969,-0.6100351164077973,-0.11003511640779728,True,True,D_near_zero_baseline_spd,0.0,2.0,1.0,203,No baseline prognostic sorting; treatment-related deviation
2000,1445,0.7225,-0.008164387650842243,0.02677733807993342,0.9918688504442735,0.1170945270286817,-0.15274379278157105,1596.65889923294,79.832944961647,0.018098783881146146,-0.643002303818168,-0.14300230381816803,True,True,D_near_zero_baseline_spd,0.0,2.0,1.0,204,No baseline prognostic sorting; treatment-related deviation
2000,1450,0.725,0.059677548997031045,0.026767374216792504,1.0614942114820454,0.060354560449211545,-0.05468411183791539,1587.3282677677205,79.36641338838602,0.01846651878914794,-0.5738862572914694,-0.07388625729146936,True,True,D_near_zero_baseline_spd,0.0,2.0,1.0,205,No baseline prognostic sorting; treatment-related deviation
2000,1488,0.744,-0.06591014725487285,0.02643452999794394,0.9362149819986205,0.2172856427513081,-0.26621478319228276,1535.20588420502,76.760294210251,0.019633525567617653,-0.487016789697299,0.012983210302700998,True,True,D_near_zero_baseline_spd,0.0,2.0,1.0,206,No baseline prognostic sorting; treatment-related deviation
2000,1424,0.712,-0.05124779935745599,0.026615026937109425,0.9500432212617587,0.1458560962053306,-0.23975491802063198,1602.5799630822464,80.12899815411232,0.01817189055407176,-0.6851738756969247,-0.18517387569692467,True,True,D_near_zero_baseline_spd,0.0,2.0,1.0,207,No baseline prognostic sorting; treatment-related deviation
2000,1442,0.721,0.005369475287108629,0.02647328227798493,1.005383916755671,0.14159037776080508,-0.11770092925053566,1601.7216059474636,80.08608029737317,0.017960939062192795,-0.674761329436419,-0.17476132943641898,True,True,D_near_zero_baseline_spd,0.0,2.0,1.0,208,No baseline prognostic sorting; treatment-related deviation
2000,1455,0.7275,0.051396061831176384,0.026413742467831517,1.0527397607625057,0.06882328591442918,-0.07150707410136006,1582.0712490668998,79.10356245334499,0.018449738757282747,-0.5256746555640515,-0.025674655564051463,True,True,D_near_zero_baseline_spd,0.0,2.0,1.0,209,No baseline prognostic sorting; treatment-related deviation
2000,1470,0.735,0.010127347491912742,0.026072334571086084,1.0101788026301854,0.15969833894189697,-0.12756920001975702,1578.8795775187184,78.94397887593593,0.018465353096518363,-0.6815536804964991,-0.18155368049649911,True,True,D_near_zero_baseline_spd,0.0,2.0,1.0,210,No baseline prognostic sorting; treatment-related deviation
2000,1446,0.723,0.014099861470135915,0.02656195920458526,1.0141997333580866,0.12807033711702362,-0.12750436593982872,1578.0646001752261,78.90323000876131,0.0186474119534873,-0.4925474589241817,0.007452541075818275,True,True,D_near_zero_baseline_spd,0.0,2.0,1.0,211,No baseline prognostic sorting; treatment-related deviation
2000,1452,0.726,0.02869216223979422,0.026670759473270005,1.0291077474849029,0.12101179419315611,-0.1312425202667943,1579.9386977569773,78.99693488784887,0.018560771993749482,-1.0453636912527713,-0.5453636912527713,True,True,D_near_zero_baseline_spd,0.0,2.0,1.0,212,No baseline prognostic sorting; treatment-related deviation
2000,1417,0.7085,0.017655561979775972,0.027163083115460302,1.0178123427391874,0.1056498772836913,-0.15352976458871853,1620.431202813724,81.02156014068619,0.017652612907964466,-0.6119410259824851,-0.11194102598248512,True,True,D_near_zero_baseline_spd,0.0,2.0,1.0,213,No baseline prognostic sorting; treatment-related deviation
2000,1408,0.704,-0.017115515042697763,0.02671017517970174,0.9830301233093479,0.1816153754036446,-0.19284226667368498,1616.705671413595,80.83528357067975,0.017692676281217713,-0.7686910714932217,-0.2686910714932217,True,True,D_near_zero_baseline_spd,0.0,2.0,1.0,214,No baseline prognostic sorting; treatment-related deviation
2000,1455,0.7275,0.004995531417999528,0.02708864058845297,1.0050080298885742,0.1015834584607778,-0.16946918782348225,1579.4759422426232,78.97379711213115,0.018589142466066282,-0.7177782648499825,-0.21777826484998253,True,True,D_near_zero_baseline_spd,0.0,2.0,1.0,215,No baseline prognostic sorting; treatment-related deviation
2000,1413,0.7065,0.036965992346480764,0.02655618174877399,1.037657731933495,0.08016649951280932,-0.06475459665638096,1621.4438200936781,81.0721910046839,0.01762288810066497,-0.3508835285629455,0.14911647143705448,True,True,D_near_zero_baseline_spd,0.0,2.0,1.0,216,No baseline prognostic sorting; treatment-related deviation
2000,1463,0.7315,-0.01768902015520488,0.026512789965202746,0.982466512140273,0.16795920266820094,-0.19989250877669368,1563.6811823381752,78.18405911690876,0.018911251627164213,-0.5853551019243345,-0.08535510192433449,True,True,D_near_zero_baseline_spd,0.0,2.0,1.0,217,No baseline prognostic sorting; treatment-related deviation
2000,1484,0.742,-0.0007959585333085123,0.02651405809161881,0.999204358157655,0.20048765974989274,-0.21069754616920333,1530.0457739299122,76.50228869649561,0.019917637081395646,-0.612970680906474,-0.112970680906474,True,True,D_near_zero_baseline_spd,0.0,2.0,1.0,218,No baseline prognostic sorting; treatment-related deviation
2000,1445,0.7225,0.016244535855329888,0.02716768793219284,1.0163771956869045,0.05356977068647742,-0.11928172168980859,1591.5001359869157,79.57500679934577,0.018161154948667258,-0.6724228812763456,-0.17242288127634564,True,True,D_near_zero_baseline_spd,0.0,2.0,1.0,219,No baseline prognostic sorting; treatment-related deviation
2000,1451,0.7255,0.0025513448221662354,0.02719307954549366,1.0025546022720706,0.12360380458999128,-0.12885412729552437,1574.3914071630684,78.71957035815342,0.018656067675335244,-0.44678709944671163,0.05321290055328837,True,True,D_near_zero_baseline_spd,0.0,2.0,1.0,220,No baseline prognostic sorting; treatment-related deviation
2000,1426,0.713,-0.0019987019210471624,0.027004320427206928,0.9980032941535633,0.2041204438012544,-0.20370391135740712,1607.6148744407315,80.38074372203657,0.017935963655763807,-0.5143358318171277,-0.01433583181712772,True,True,D_near_zero_baseline_spd,0.0,2.0,1.0,221,No baseline prognostic sorting; treatment-related deviation
2000,1431,0.7155,0.04850571131744353,0.027136204488379747,1.0497013669809327,0.10198354636636373,-0.06366130103027942,1595.1816516166068,79.75908258083034,0.018192402979389843,-0.7412623552613768,-0.24126235526137685,True,True,D_near_zero_baseline_spd,0.0,2.0,1.0,222,No baseline prognostic sorting; treatment-related deviation
2000,1444,0.722,0.018657059965877312,0.02715588998154797,1.0188321903530935,0.11568517478206818,-0.12234232820862934,1578.2250363875455,78.91125181937727,0.018681048899232496,-0.46740933892320935,0.03259066107679065,True,True,D_near_zero_baseline_spd,0.0,2.0,1.0,223,No baseline prognostic sorting; treatment-related deviation
2000,1437,0.7185,0.04368469416880995,0.027097434026752926,1.0446529177979038,0.05843259606371531,-0.06350273272689577,1600.3256448537438,80.01628224268718,0.018074653371011315,-0.2635698401063777,0.23643015989362232,True,True,D_near_zero_baseline_spd,0.0,2.0,1.0,224,No baseline prognostic sorting; treatment-related deviation
2000,1429,0.7145,0.019521221150114024,0.026487647039752742,1.0197130061138286,0.13242936123760282,-0.13253266103539688,1597.483528935032,79.87417644675159,0.018136788266964226,-0.4139772617381705,0.08602273826182949,True,True,D_near_zero_baseline_spd,0.0,2.0,1.0,225,No baseline prognostic sorting; treatment-related deviation
2000,1480,0.74,0.01649047599137187,0.02604840109853131,1.016627194373777,0.08082773225659792,-0.0798751417203433,1565.1402617522153,78.25701308761077,0.018875310501772498,-0.8604090822081768,-0.3604090822081768,True,True,D_near_zero_baseline_spd,0.0,2.0,1.0,226,No baseline prognostic sorting; treatment-related deviation
2000,1422,0.711,0.023789906179832607,0.027404921987006583,1.0240751434289792,0.07698929788914871,-0.08159305731116342,1601.9366442954877,80.0968322147744,0.01796842034950507,-0.5132214166707815,-0.013221416670781472,True,True,D_near_zero_baseline_spd,0.0,2.0,1.0,227,No baseline prognostic sorting; treatment-related deviation
2000,1452,0.726,0.002107670126357241,0.02698388715955078,1.002109892824335,0.1336350501897787,-0.14899862322194404,1589.423878346289,79.47119391731445,0.018325085248590264,-0.553027593622592,-0.05302759362259202,True,True,D_near_zero_baseline_spd,0.0,2.0,1.0,228,No baseline prognostic sorting; treatment-related deviation
2000,1448,0.724,0.02871901838044065,0.026665641705001637,1.0291353857184362,0.10329087682625371,-0.1378638176331224,1562.0792201210909,78.10396100605453,0.019110501528513454,-0.667673686139036,-0.167673686139036,True,True,D_near_zero_baseline_spd,0.0,2.0,1.0,229,No baseline prognostic sorting; treatment-related deviation
2000,1458,0.729,0.02247877331685847,0.026647826325824103,1.0227333246978152,0.04640075691484296,-0.07766142068763736,1564.849343299928,78.2424671649964,0.018946181831657662,-0.4817134753775699,0.018286524622430078,True,True,D_near_zero_baseline_spd,0.0,2.0,1.0,230,No baseline prognostic sorting; treatment-related deviation
2000,1456,0.728,-0.01118848449474021,0.026530311955017784,0.9888738738162303,0.24557719181459495,-0.17152879590144074,1582.0799559226664,79.10399779613331,0.018364096312235307,-0.1319688566848634,0.3680311433151366,True,True,D_near_zero_baseline_spd,0.0,2.0,1.0,231,No baseline prognostic sorting; treatment-related deviation
2000,1447,0.7235,-0.001716935339174065,0.02723191949059985,0.9982845377511178,0.08990323128834614,-0.13984122529630838,1579.0697156021113,78.95348578010557,0.018639776741566756,-0.431245976104899,0.06875402389510099,True,True,D_near_zero_baseline_spd,0.0,2.0,1.0,232,No baseline prognostic sorting; treatment-related deviation
2000,1432,0.716,-0.004437935276560394,0.02674217562887782,0.9955718978066255,0.17111730517421547,-0.162966377012117,1599.5702480981067,79.97851240490535,0.018173265189433335,-0.4896632522111544,0.01033674778884558,True,True,D_near_zero_baseline_spd,0.0,2.0,1.0,233,No baseline prognostic sorting; treatment-related deviation
2000,1471,0.7355,0.013921321162339706,0.026375126949598416,1.0140186739892048,0.15823889055871382,-0.13530133248797419,1559.3590954190295,77.96795477095148,0.019052781521168405,-0.4766092955078488,0.023390704492151193,True,True,D_near_zero_baseline_spd,0.0,2.0,1.0,234,No baseline prognostic sorting; treatment-related deviation
2000,1452,0.726,-0.0004174776587688736,0.02663315312200299,0.9995826094729033,0.07009596260372125,-0.16174265725963774,1591.9050903809793,79.59525451904896,0.018163311724343326,-0.6676086474033154,-0.16760864740331538,True,True,D_near_zero_baseline_spd,0.0,2.0,1.0,235,No baseline prognostic sorting; treatment-related deviation
2000,1421,0.7105,-0.03814456686983469,0.02726331952520146,0.9625737745544488,0.21445475991553223,-0.22299799759944786,1603.0200353302794,80.15100176651397,0.01809837614465788,-0.5667206354030755,-0.06672063540307549,True,True,D_near_zero_baseline_spd,0.0,2.0,1.0,236,No baseline prognostic sorting; treatment-related deviation
2000,1430,0.715,-0.029514173512741746,0.02673467074569648,0.9709171162375526,0.14898552617144722,-0.1893636397989651,1610.2583035965156,80.51291517982578,0.01795068832169679,-0.3731645283556667,0.1268354716443333,True,True,D_near_zero_baseline_spd,0.0,2.0,1.0,237,No baseline prognostic sorting; treatment-related deviation
2000,1437,0.7185,-0.017251229979497046,0.027102301341961312,0.9828967204908735,0.15332424838824663,-0.18734851559268745,1589.9789875675508,79.49894937837755,0.018346850665894133,-0.1982973820891057,0.3017026179108943,True,True,D_near_zero_baseline_spd,0.0,2.0,1.0,238,No baseline prognostic sorting; treatment-related deviation
2000,1462,0.731,-0.033692941851419966,0.026428532673521608,0.9668683438653104,0.14395606883705597,-0.20555872303786674,1576.3525183926336,78.81762591963168,0.0186820939642964,-0.552259563804805,-0.05225956380480501,True,True,D_near_zero_baseline_spd,0.0,2.0,1.0,239,No baseline prognostic sorting; treatment-related deviation
2000,1442,0.721,0.01062316436600258,0.026500317356809435,1.0106797905152376,0.1325089240388146,-0.15536214290946732,1592.926845628247,79.64634228141234,0.01827716961714781,-0.6012700400806505,-0.10127004008065055,True,True,D_near_zero_baseline_spd,0.0,2.0,1.0,240,No baseline prognostic sorting; treatment-related deviation
2000,1454,0.727,-0.004420621699452906,0.026596341617871472,0.9955891348666613,0.1359222979416347,-0.1904845411754669,1575.0839282780319,78.7541964139016,0.018670160777094595,-0.6949191299202602,-0.19491912992026017,True,True,D_near_zero_baseline_spd,0.0,2.0,1.0,241,No baseline prognostic sorting; treatment-related deviation
2000,1434,0.717,0.01933415835976481,0.027034416340277586,1.0195222735935845,0.09180229377500285,-0.14065033034256866,1586.4939985387387,79.32469992693693,0.018386604512486755,-0.3859814332851255,0.11401856671487448,True,True,D_near_zero_baseline_spd,0.0,2.0,1.0,242,No baseline prognostic sorting; treatment-related deviation
2000,1450,0.725,0.03233835449144426,0.02681498700811343,1.0328669213504438,0.04633623065901404,-0.0952866183522512,1575.9965194546896,78.79982597273448,0.01867282031372142,-0.29661027536714474,0.20338972463285526,True,True,D_near_zero_baseline_spd,0.0,2.0,1.0,243,No baseline prognostic sorting; treatment-related deviation
2000,1441,0.7205,-0.030681739308762283,0.026459424080308193,0.9697841681462867,0.18117352500536923,-0.1851288042179974,1606.2489902728303,80.31244951364151,0.017818350288400134,-1.034932005547639,-0.534932005547639,True,True,D_near_zero_baseline_spd,0.0,2.0,1.0,244,No baseline prognostic sorting; treatment-related deviation
2000,1425,0.7125,0.011837151633856948,0.02734572112997048,1.0119074879665602,0.1679289941901364,-0.16179487852686716,1604.8292556264364,80.24146278132183,0.01790207527345481,-0.35883989097515256,0.14116010902484744,True,True,D_near_zero_baseline_spd,0.0,2.0,1.0,245,No baseline prognostic sorting; treatment-related deviation
2000,1418,0.709,0.006909781155140555,0.027110108210379357,1.0069337087727315,0.1253987972792902,-0.15947951508583957,1611.9032463693113,80.59516231846557,0.017883722419763465,-0.37500478203834703,0.12499521796165297,True,True,D_near_zero_baseline_spd,0.0,2.0,1.0,246,No baseline prognostic sorting; treatment-related deviation
2000,1412,0.706,-0.00525062457826193,0.02729698011452313,0.9947631358568086,0.1678604994484759,-0.21242156344696367,1608.1182035295835,80.40591017647917,0.01788096453960061,-0.6618651557485353,-0.16186515574853533,True,True,D_near_zero_baseline_spd,0.0,2.0,1.0,247,No baseline prognostic sorting; treatment-related deviation
2000,1439,0.7195,-0.005087940286480517,0.026682752335929844,0.9949249813575591,0.16758767741737657,-0.15203647442879645,1601.3883687151801,80.06941843575902,0.01812109432809832,-0.6803673752694472,-0.18036737526944724,True,True,D_near_zero_baseline_spd,0.0,2.0,1.0,248,No baseline prognostic sorting; treatment-related deviation
2000,1438,0.719,0.010495292312081845,0.02743888856558237,1.0105505610771612,0.10159192993891847,-0.12769071749274422,1596.7129224970404,79.83564612485202,0.01824723091910715,-0.4293321491645609,0.07066785083543908,True,True,D_near_zero_baseline_spd,0.0,2.0,1.0,249,No baseline prognostic sorting; treatment-related deviation
2000,1466,0.733,0.01214392973428054,0.02655802448728161,1.0122179666451174,0.07408745437048343,-0.13076703025450742,1564.0765504192595,78.20382752096297,0.018895935490881227,-0.4390434414788923,0.06095655852110771,True,True,D_near_zero_baseline_spd,0.0,2.0,1.0,250,No baseline prognostic sorting; treatment-related deviation
2000,1438,0.719,0.007881646074319987,0.02726009142055229,1.0079127880095453,0.08493723058655564,-0.12101541727021131,1590.8524738665328,79.54262369332663,0.018269267909788885,-0.3308387548332487,0.1691612451667513,True,True,D_near_zero_baseline_spd,0.0,2.0,1.0,251,No baseline prognostic sorting; treatment-related deviation
2000,1424,0.712,0.02190786822471136,0.02726085665300145,1.0221496076742016,0.07528799956317184,-0.12534152573455346,1610.42850583464,80.521425291732,0.017958233304054882,-0.6872485827310566,-0.1872485827310566,True,True,D_near_zero_baseline_spd,0.0,2.0,1.0,252,No baseline prognostic sorting; treatment-related deviation
2000,1408,0.704,-0.012543587365451895,0.027418162856189865,0.9875347555174945,0.11153787473734988,-0.1856960032843914,1626.8689583733922,81.34344791866961,0.01755105005982208,-0.7284941943712219,-0.22849419437122187,True,True,D_near_zero_baseline_spd,0.0,2.0,1.0,253,No baseline prognostic sorting; treatment-related deviation
2000,1457,0.7285,-0.023479064530513013,0.026776626341580668,0.9767944241046447,0.11276459624267296,-0.1563687558761639,1568.7293561268434,78.43646780634218,0.018799850224893937,-0.5460959884291312,-0.04609598842913121,True,True,D_near_zero_baseline_spd,0.0,2.0,1.0,254,No baseline prognostic sorting; treatment-related deviation
2000,1456,0.728,-0.04372123127015144,0.026727312132470843,0.9572207634991556,0.2144341132677326,-0.2746421596599071,1562.193742675772,78.1096871337886,0.01895381791399346,-0.7396906676737598,-0.2396906676737598,True,True,D_near_zero_baseline_spd,0.0,2.0,1.0,255,No baseline prognostic sorting; treatment-related deviation
2000,1463,0.7315,0.028223546665215836,0.02638193439909366,1.0286256045451807,0.11620136820938941,-0.08464629293038906,1580.5720590579233,79.02860295289616,0.018505587228368363,-0.711456720612083,-0.21145672061208298,True,True,D_near_zero_baseline_spd,0.0,2.0,1.0,256,No baseline prognostic sorting; treatment-related deviation
2000,1441,0.7205,0.028271516000804468,0.026603959857550364,1.0286749482154824,0.038239558297418264,-0.05261031247965297,1600.7337707245508,80.03668853622753,0.018077813682719025,-0.6990651701099675,-0.1990651701099675,True,True,D_near_zero_baseline_spd,0.0,2.0,1.0,257,No baseline prognostic sorting; treatment-related deviation
2000,1445,0.7225,0.01694101853844235,0.026662714260909305,1.0170853313767079,0.11417656632371263,-0.16680327447136659,1583.1839469051135,79.15919734525568,0.018364829510852974,-0.8117864913015942,-0.3117864913015942,True,True,D_near_zero_baseline_spd,0.0,2.0,1.0,258,No baseline prognostic sorting; treatment-related deviation
2000,1440,0.72,-0.047469482431968656,0.026227693738504154,0.9536395754491792,0.15559920304566566,-0.23288992380416684,1603.486175812118,80.1743087906059,0.018060338010624545,-0.3615456646246287,0.13845433537537127,True,True,D_near_zero_baseline_spd,0.0,2.0,1.0,259,No baseline prognostic sorting; treatment-related deviation
2000,1458,0.729,0.0136980841730743,0.026908848341520037,1.0137923327781697,0.08036630649961478,-0.14273280488963197,1572.716539368281,78.63582696841405,0.01884145161629097,-0.3809939481577625,0.1190060518422375,True,True,D_near_zero_baseline_spd,0.0,2.0,1.0,260,No baseline prognostic sorting; treatment-related deviation
2000,1369,0.6845,0.018971215958559814,0.027717549849866744,1.0191523128728017,0.07185734506267721,-0.12795367795947696,1656.177216635472,82.80886083177359,0.016854346540442974,-0.2680387187290937,0.23196128127090632,True,True,D_near_zero_baseline_spd,0.0,2.0,1.0,261,No baseline prognostic sorting; treatment-related deviation
2000,1432,0.716,0.01192407103008814,0.026845720786082224,1.0119954461770377,0.11475994586274382,-0.11646980377587121,1592.139876468683,79.60699382343415,0.018321204554955613,-0.6324328206018275,-0.13243282060182748,True,True,D_near_zero_baseline_spd,0.0,2.0,1.0,262,No baseline prognostic sorting; treatment-related deviation
2000,1443,0.7215,0.023731107344815764,0.026838122539587284,1.0240149307738102,0.07462361856936521,-0.1385547711687689,1593.4800596958064,79.67400298479032,0.018133243356262745,-0.25077612436938196,0.24922387563061804,True,True,D_near_zero_baseline_spd,0.0,2.0,1.0,263,No baseline prognostic sorting; treatment-related deviation
2000,1416,0.708,0.04978182525438334,0.026705834650458376,1.051041760590546,0.03612033344906827,-0.024866225279215056,1622.450372517627,81.12251862588136,0.017497802368192178,-0.5651458029503359,-0.0651458029503359,True,True,D_near_zero_baseline_spd,0.0,2.0,1.0,264,No baseline prognostic sorting; treatment-related deviation
2000,1442,0.721,0.03185709044058927,0.026477604323114284,1.032369959226475,0.060831473688202936,-0.10936463418929433,1598.9852586778138,79.94926293389068,0.018006990061323135,-0.4437234939612641,0.05627650603873591,True,True,D_near_zero_baseline_spd,0.0,2.0,1.0,265,No baseline prognostic sorting; treatment-related deviation
2000,1444,0.722,0.02757364072966119,0.02687297612549707,1.027957311846542,0.07379604039144368,-0.09908959136200401,1583.6058182665781,79.1802909133289,0.018588448363174994,-0.6972970095167613,-0.19729700951676132,True,True,D_near_zero_baseline_spd,0.0,2.0,1.0,266,No baseline prognostic sorting; treatment-related deviation
2000,1427,0.7135,0.021662621289659862,0.027097465340779354,1.021898959352378,0.11296038464189896,-0.12033889622092553,1609.2240896389312,80.46120448194657,0.01794986521608067,-0.5774368211182282,-0.07743682111822825,True,True,D_near_zero_baseline_spd,0.0,2.0,1.0,267,No baseline prognostic sorting; treatment-related deviation
2000,1426,0.713,0.018495837849494982,0.02695890439684993,1.0186679453114487,0.09905290186898415,-0.12736346442881166,1605.0711650185647,80.25355825092824,0.018069198015784098,-0.4052027825198502,0.0947972174801498,True,True,D_near_zero_baseline_spd,0.0,2.0,1.0,268,No baseline prognostic sorting; treatment-related deviation
2000,1448,0.724,0.06586521347940616,0.02675591375586042,1.0680827443065994,0.047585210172824584,-0.07484132940763576,1592.7927936589722,79.6396396829486,0.018137201065930118,-0.44640946674049575,0.05359053325950425,True,True,D_near_zero_baseline_spd,0.0,2.0,1.0,269,No baseline prognostic sorting; treatment-related deviation
2000,1474,0.737,0.013542530759265082,0.02689995112769899,1.0136346461845742,0.09831150348695226,-0.16508567664928878,1554.332831403693,77.71664157018466,0.019015312305820143,-0.302937631475787,0.197062368524213,True,True,D_near_zero_baseline_spd,0.0,2.0,1.0,270,No baseline prognostic sorting; treatment-related deviation
2000,1422,0.711,-0.055728362709059044,0.02668837142536195,0.945796014467069,0.22778977803639167,-0.2812442317306454,1601.3658066697462,80.06829033348731,0.018153571192082493,-0.4346825819516434,0.06531741804835661,True,True,D_near_zero_baseline_spd,0.0,2.0,1.0,271,No baseline prognostic sorting; treatment-related deviation
2000,1437,0.7185,-0.018032136635259436,0.026993088580538855,0.9821294695146023,0.1329906667394556,-0.1562852519463877,1583.5353079001743,79.17676539500872,0.018522048521766508,-0.4409490880812146,0.05905091191878542,True,True,D_near_zero_baseline_spd,0.0,2.0,1.0,272,No baseline prognostic sorting; treatment-related deviation
2000,1483,0.7415,0.028551415015740458,0.026497964999890385,1.0289629136189136,0.13820089813157116,-0.14768205508102336,1536.2524369926257,76.81262184963128,0.01954558545352441,-0.3715079518612724,0.1284920481387276,True,True,D_near_zero_baseline_spd,0.0,2.0,1.0,273,No baseline prognostic sorting; treatment-related deviation
2000,1446,0.723,-0.02410379231589296,0.026386629777967335,0.9761843840616257,0.1517310634412463,-0.15692534659432417,1600.2946957001482,80.01473478500742,0.017959347029024426,-0.24114672995043523,0.25885327004956477,True,True,D_near_zero_baseline_spd,0.0,2.0,1.0,274,No baseline prognostic sorting; treatment-related deviation
2000,1470,0.735,0.02032532185799922,0.026404392966976036,1.0205332878142346,0.12184541003846082,-0.074495649622966,1559.9792347315472,77.99896173657736,0.019009674134927084,-0.4947072458062858,0.005292754193714222,True,True,D_near_zero_baseline_spd,0.0,2.0,1.0,275,No baseline prognostic sorting; treatment-related deviation
2000,1460,0.73,0.0022659934255109017,0.027075541152349895,1.0022685627289214,0.11864723205178211,-0.19890287156605221,1579.1173726396592,78.95586863198295,0.01858877018117566,-0.8442684274957142,-0.3442684274957142,True,True,D_near_zero_baseline_spd,0.0,2.0,1.0,276,No baseline prognostic sorting; treatment-related deviation
2000,1451,0.7255,0.03356483407828384,0.02659732208256707,1.0341344887092523,0.09184832168070878,-0.08501501814848837,1575.838589419981,78.79192947099905,0.01857996932819155,-0.46157910398451807,0.03842089601548193,True,True,D_near_zero_baseline_spd,0.0,2.0,1.0,277,No baseline prognostic sorting; treatment-related deviation
2000,1470,0.735,0.034532559600545146,0.026594112133336924,1.0351357314333578,0.0776209807793864,-0.09008939826211543,1575.3228327286063,78.76614163643032,0.018509273969085333,-0.3751344603783262,0.1248655396216738,True,True,D_near_zero_baseline_spd,0.0,2.0,1.0,278,No baseline prognostic sorting; treatment-related deviation
2000,1415,0.7075,0.030486201132627788,0.026722264605415432,1.0309556639301558,0.1029635721970212,-0.09233526495306034,1610.1166723302501,80.5058336165125,0.017898648794177647,-0.3545727945030619,0.1454272054969381,True,True,D_near_zero_baseline_spd,0.0,2.0,1.0,279,No baseline prognostic sorting; treatment-related deviation
2000,1415,0.7075,0.0008235540967260297,0.027140526920966447,1.0008238933105151,0.07104580756397884,-0.1461443016098853,1623.4978504341368,81.17489252170685,0.017556878845096713,-0.21980644742663483,0.2801935525733652,True,True,D_near_zero_baseline_spd,0.0,2.0,1.0,280,No baseline prognostic sorting; treatment-related deviation
2000,1455,0.7275,0.009284428518052324,0.02651086261055148,1.0093276625219256,0.08605238822778556,-0.13438906220965796,1584.0406766177466,79.20203383088733,0.018391910704468672,-0.2853685135426635,0.21463148645733648,True,True,D_near_zero_baseline_spd,0.0,2.0,1.0,281,No baseline prognostic sorting; treatment-related deviation
2000,1428,0.714,0.028558381004104724,0.02688543761338045,1.0289700813875624,0.17512159365584562,-0.09838037059575469,1616.7564880295572,80.83782440147786,0.017653788243298642,-0.5464675077892122,-0.04646750778921216,True,True,D_near_zero_baseline_spd,0.0,2.0,1.0,282,No baseline prognostic sorting; treatment-related deviation
2000,1456,0.728,0.024399131360865675,0.02638407783510904,1.024699225877695,0.08204761793484254,-0.105342458101432,1574.3003013318578,78.7150150665929,0.018781596253328026,-0.24400543927462973,0.2559945607253703,True,True,D_near_zero_baseline_spd,0.0,2.0,1.0,283,No baseline prognostic sorting; treatment-related deviation
2000,1418,0.709,0.02665123027772411,0.027153450097040455,1.0270095504576544,0.056821654442003475,-0.10664999249051249,1622.9640980710828,81.14820490355415,0.01754340059374357,-0.6615328937790613,-0.16153289377906133,True,True,D_near_zero_baseline_spd,0.0,2.0,1.0,284,No baseline prognostic sorting; treatment-related deviation
2000,1425,0.7125,-0.01277442464421156,0.02718115242469873,0.9873068219906399,0.17022576467715314,-0.16759000437919483,1605.9977201445122,80.29988600722561,0.01800325144368546,-0.14509752062444423,0.35490247937555575,True,True,D_near_zero_baseline_spd,0.0,2.0,1.0,285,No baseline prognostic sorting; treatment-related deviation
2000,1442,0.721,0.04630818963870146,0.026916880852526814,1.0473971581724628,0.037392801271164886,-0.07923934368535808,1587.749037970237,79.38745189851184,0.01838962632842041,-0.4136797647082236,0.0863202352917764,True,True,D_near_zero_baseline_spd,0.0,2.0,1.0,286,No baseline prognostic sorting; treatment-related deviation
2000,1439,0.7195,0.03594461259217575,0.026598802221755202,1.0365984304008595,0.09688206361271615,-0.11005372789321956,1602.157509878021,80.10787549390105,0.018004215600158656,-0.6112921319413114,-0.11129213194131138,True,True,D_near_zero_baseline_spd,0.0,2.0,1.0,287,No baseline prognostic sorting; treatment-related deviation
2000,1387,0.6935,-8.693874731993619e-05,0.026907950181263813,0.9999130650317435,0.1046832233145459,-0.1676478894313355,1652.4070727107953,82.62035363553977,0.016970757879328086,-0.6076597209041418,-0.10765972090414178,True,True,D_near_zero_baseline_spd,0.0,2.0,1.0,288,No baseline prognostic sorting; treatment-related deviation
2000,1432,0.716,0.05150350506798528,0.027245656712163058,1.052852876606577,0.07675680770530766,-0.0570097572659821,1598.623816253059,79.93119081265294,0.018124323111836652,-0.19146366307711868,0.3085363369228813,True,True,D_near_zero_baseline_spd,0.0,2.0,1.0,289,No baseline prognostic sorting; treatment-related deviation
2000,1453,0.7265,0.020216127200629853,0.026864422333189402,1.0204218571154668,0.09326798047990448,-0.11120470122822514,1577.2790955761682,78.8639547788084,0.018649324590873994,-1.0006409589600027,-0.5006409589600027,True,True,D_near_zero_baseline_spd,0.0,2.0,1.0,290,No baseline prognostic sorting; treatment-related deviation
2000,1474,0.737,-0.0710434113936302,0.02630242847644273,0.9314214569464215,0.21156538104953426,-0.2634403225574444,1560.2305117239623,78.01152558619812,0.018996752955946584,-0.5931246900501846,-0.09312469005018464,True,True,D_near_zero_baseline_spd,0.0,2.0,1.0,291,No baseline prognostic sorting; treatment-related deviation
2000,1431,0.7155,0.006870527942703303,0.02648006873306698,1.0068941841656898,0.1431309043407508,-0.13389009856649778,1606.8539519693534,80.34269759846767,0.0179322724086503,-0.5371150238904026,-0.037115023890402554,True,True,D_near_zero_baseline_spd,0.0,2.0,1.0,292,No baseline prognostic sorting; treatment-related deviation
2000,1459,0.7295,0.06835006963307359,0.026754938941994977,1.0707400764631863,0.024943777839126147,-0.05346061225700247,1581.7218866993178,79.08609433496589,0.018350187410931054,-0.3726730038823119,0.1273269961176881,True,True,D_near_zero_baseline_spd,0.0,2.0,1.0,293,No baseline prognostic sorting; treatment-related deviation
2000,1458,0.729,-0.014115178476830938,0.02696593439347282,0.9859839735902811,0.1499884076458932,-0.20291687072205547,1572.0350302988563,78.60175151494282,0.018786456243572364,-0.5845017861899493,-0.0845017861899493,True,True,D_near_zero_baseline_spd,0.0,2.0,1.0,294,No baseline prognostic sorting; treatment-related deviation
2000,1476,0.738,-0.002195043729348029,0.027040147764034995,0.9978073636174062,0.16441321009451876,-0.17971737980903343,1563.2250963926538,78.16125481963269,0.01883703122337449,-0.40855930961197745,0.09144069038802255,True,True,D_near_zero_baseline_spd,0.0,2.0,1.0,295,No baseline prognostic sorting; treatment-related deviation
2000,1433,0.7165,0.022537636024791603,0.026923577967585273,1.0227935273226276,0.10215324974801523,-0.13353631739667954,1597.102332587834,79.8551166293917,0.01823228235253842,-1.3380023699863575,-0.8380023699863575,True,True,D_near_zero_baseline_spd,0.0,2.0,1.0,296,No baseline prognostic sorting; treatment-related deviation
2000,1453,0.7265,0.014934547210420531,0.026986784945019767,1.0150466248082604,0.1251893620712924,-0.1580107944756277,1579.5243110712856,78.97621555356429,0.018579228697560294,-0.6662959180962554,-0.16629591809625544,True,True,D_near_zero_baseline_spd,0.0,2.0,1.0,297,No baseline prognostic sorting; treatment-related deviation
2000,1419,0.7095,0.007261531836328656,0.026801580293963068,1.007287960691228,0.08405468525330494,-0.10698556825549378,1613.7994880690476,80.68997440345238,0.01777104783527368,-0.5354781284582809,-0.03547812845828091,True,True,D_near_zero_baseline_spd,0.0,2.0,1.0,298,No baseline prognostic sorting; treatment-related deviation
2000,1435,0.7175,0.0415579990396323,0.026878372312705616,1.0424336202470468,0.044806370538804895,-0.07770370103059397,1595.7447802425643,79.78723901212821,0.018290778239330226,-0.3184600069166445,0.1815399930833555,True,True,D_near_zero_baseline_spd,0.0,2.0,1.0,299,No baseline prognostic sorting; treatment-related deviation
2000,1434,0.717,0.011224280954521498,0.02684519081272667,1.0112875095396912,0.1720054368960865,-0.15973344076586607,1592.051428496552,79.6025714248276,0.018301492369745927,-0.7931751391598187,-0.29317513915981874,True,True,D_near_zero_baseline_spd,0.0,2.0,1.0,300,No baseline prognostic sorting; treatment-related deviation
2000,1467,0.7335,0.06154583947906004,0.026735817885983813,1.063479244746065,0.08513575172574486,-0.10222546957013424,1555.4012316511732,77.77006158255865,0.019052128001613464,-0.269361304991449,0.230638695008551,True,True,D_near_zero_baseline_spd,0.0,2.0,1.0,301,No baseline prognostic sorting; treatment-related deviation
2000,1434,0.717,-0.003949994560126282,0.027183329613232915,0.996057796406918,0.14232303570147348,-0.16255489562903386,1593.6941578389717,79.68470789194858,0.018219453362752276,-0.6228448261619339,-0.12284482616193393,True,True,D_near_zero_baseline_spd,0.0,2.0,1.0,302,No baseline prognostic sorting; treatment-related deviation
2000,1419,0.7095,0.03248487397254727,0.02746387248158989,1.033018267563122,0.06772366648857168,-0.09522923488658926,1622.9665576814923,81.14832788407462,0.01756026722667171,-0.4014079827433995,0.0985920172566005,True,True,D_near_zero_baseline_spd,0.0,2.0,1.0,303,No baseline prognostic sorting; treatment-related deviation
2000,1418,0.709,0.01649683661221234,0.026884471982712863,1.0166336607744617,0.06879101128541219,-0.14333753156824136,1600.175832636946,80.0087916318473,0.0180897216449074,-0.17538736399802243,0.32461263600197754,True,True,D_near_zero_baseline_spd,0.0,2.0,1.0,304,No baseline prognostic sorting; treatment-related deviation
2000,1477,0.7385,-0.022114717544159637,0.026986079674145468,0.9781280201704776,0.12167765193569853,-0.1737984707092221,1547.153494968399,77.35767474841994,0.01938109097210922,-0.420494057253829,0.07950594274617101,True,True,D_near_zero_baseline_spd,0.0,2.0,1.0,305,No baseline prognostic sorting; treatment-related deviation
2000,1488,0.744,-0.015119817389373492,0.026796378286756403,0.9849939131331718,0.1095862980157702,-0.1499160023865544,1540.8791576538572,77.04395788269287,0.019440538875600568,-0.48202059631993943,0.01797940368006057,True,True,D_near_zero_baseline_spd,0.0,2.0,1.0,306,No baseline prognostic sorting; treatment-related deviation
2000,1441,0.7205,0.031099177336465667,0.026716592684780306,1.0315878089444888,0.15931128559722413,-0.12512321069053955,1587.2104985751428,79.36052492875713,0.01828085401013459,-0.5337261834956109,-0.03372618349561085,True,True,D_near_zero_baseline_spd,0.0,2.0,1.0,307,No baseline prognostic sorting; treatment-related deviation
2000,1423,0.7115,-0.024784171780434766,0.026711524217133863,0.97552043414766,0.13258757424806936,-0.19299106467887162,1619.942364956203,80.99711824781014,0.017644432257151593,-0.3189391316433057,0.18106086835669433,True,True,D_near_zero_baseline_spd,0.0,2.0,1.0,308,No baseline prognostic sorting; treatment-related deviation
2000,1449,0.7245,-0.03694295537359286,0.026666034266462104,0.9637311094621459,0.16179180419036088,-0.19100847918954442,1593.382652569231,79.66913262846155,0.01822348187885487,-0.6729535395861934,-0.17295353958619342,True,True,D_near_zero_baseline_spd,0.0,2.0,1.0,309,No baseline prognostic sorting; treatment-related deviation
2000,1427,0.7135,-0.03206793929582393,0.027074311449984893,0.9684407846591507,0.08623291855928801,-0.14121710100979817,1632.2981633174554,81.61490816587276,0.01728831650788457,-0.26032016640987365,0.23967983359012635,True,True,D_near_zero_baseline_spd,0.0,2.0,1.0,310,No baseline prognostic sorting; treatment-related deviation
2000,1447,0.7235,-0.007991690778023952,0.02693080267413054,0.9920401578846949,0.1022044107214171,-0.1436680688380199,1592.7361630798277,79.63680815399138,0.018189738493153404,-0.37325180295300625,0.12674819704699375,True,True,D_near_zero_baseline_spd,0.0,2.0,1.0,311,No baseline prognostic sorting; treatment-related deviation
2000,1426,0.713,-0.007340821611262947,0.027370088195211733,0.9926860564105666,0.1377334157106664,-0.16430673665880963,1613.5728229013253,80.67864114506625,0.017739633566205306,-0.5734584691237095,-0.07345846912370946,True,True,D_near_zero_baseline_spd,0.0,2.0,1.0,312,No baseline prognostic sorting; treatment-related deviation
2000,1441,0.7205,-0.04193098702325425,0.02691539754091998,0.9589359573138541,0.21545540392536075,-0.25651802232609616,1585.4845889976714,79.27422944988356,0.018441644836520343,-0.2679963185500968,0.2320036814499032,True,True,D_near_zero_baseline_spd,0.0,2.0,1.0,313,No baseline prognostic sorting; treatment-related deviation
2000,1459,0.7295,0.02036304568893195,0.026581600411737356,1.0205717869656084,0.12811423788533263,-0.12887625545692008,1578.3511367083331,78.91755683541666,0.018543867218635376,-0.36730998248077085,0.13269001751922915,True,True,D_near_zero_baseline_spd,0.0,2.0,1.0,314,No baseline prognostic sorting; treatment-related deviation
2000,1461,0.7305,0.023544967517741343,0.02632214409562337,1.0238243385506265,0.03849402297187616,-0.06993540686472417,1582.9933946626268,79.14966973313133,0.018465291123639156,-0.7759900967691377,-0.27599009676913766,True,True,D_near_zero_baseline_spd,0.0,2.0,1.0,315,No baseline prognostic sorting; treatment-related deviation
2000,1415,0.7075,0.0214614247289216,0.026739858263712453,1.0216933774782109,0.07916643735449892,-0.08223550692992575,1617.989556919753,80.89947784598766,0.01771245836206985,-0.16574165666473462,0.3342583433352654,True,True,D_near_zero_baseline_spd,0.0,2.0,1.0,316,No baseline prognostic sorting; treatment-related deviation
2000,1455,0.7275,0.004513538671491952,0.026809438128885553,1.0045237400294615,0.17347302061350278,-0.18729708506437912,1569.1581516790482,78.4579075839524,0.018786486011273917,-0.5540046229768287,-0.05400462297682873,True,True,D_near_zero_baseline_spd,0.0,2.0,1.0,317,No baseline prognostic sorting; treatment-related deviation
2000,1443,0.7215,-0.012078913012284684,0.027250682927837666,0.9879937442231258,0.07439467503591694,-0.170603746752083,1582.3225789936896,79.11612894968448,0.018437176944631647,-0.44598160893731204,0.054018391062687965,True,True,D_near_zero_baseline_spd,0.0,2.0,1.0,318,No baseline prognostic sorting; treatment-related deviation
2000,1430,0.715,0.002712945266209528,0.026923478169855745,1.0027166286323888,0.15256419660279108,-0.1579835512403521,1609.0722604144614,80.45361302072307,0.017827226250351737,-0.46924389443112524,0.03075610556887476,True,True,D_near_zero_baseline_spd,0.0,2.0,1.0,319,No baseline prognostic sorting; treatment-related deviation
2000,1459,0.7295,0.0013550945154642538,0.026857027154093695,1.0013560130709,0.1318204413295984,-0.13764069905647425,1567.5821985270584,78.37910992635292,0.01877697197912221,-0.7366046940919164,-0.23660469409191642,True,True,D_near_zero_baseline_spd,0.0,2.0,1.0,320,No baseline prognostic sorting; treatment-related deviation
2000,1429,0.7145,-0.01869249774099459,0.02726714668892325,0.9814811235069425,0.1475187658814919,-0.1857690779870036,1594.1182752558313,79.70591376279157,0.01832029236957333,-0.34176408083833265,0.15823591916166735,True,True,D_near_zero_baseline_spd,0.0,2.0,1.0,321,No baseline prognostic sorting; treatment-related deviation
2000,1447,0.7235,-0.006760729919665391,0.0265540447620165,0.993262072399147,0.11923041377246757,-0.18560199755276127,1589.1151988592994,79.45575994296497,0.01827291457727463,-0.28978697187576397,0.21021302812423603,True,True,D_near_zero_baseline_spd,0.0,2.0,1.0,322,No baseline prognostic sorting; treatment-related deviation
2000,1426,0.713,0.07511580207463223,0.02735949496618178,1.0780089793330743,0.06519844656617421,-0.032208772124867405,1607.8161620800606,80.39080810400304,0.017942652869686864,-0.5356210916879829,-0.035621091687982886,True,True,D_near_zero_baseline_spd,0.0,2.0,1.0,323,No baseline prognostic sorting; treatment-related deviation
2000,1452,0.726,-0.013122338865105495,0.026898868250149605,0.9869633836538887,0.1824714467373769,-0.22158747582244848,1570.685654070278,78.5342827035139,0.018734700990327965,-0.11624299596784772,0.3837570040321523,True,True,D_near_zero_baseline_spd,0.0,2.0,1.0,324,No baseline prognostic sorting; treatment-related deviation
2000,1428,0.714,0.023851541648648472,0.02739077535969492,1.0241382647257826,0.04861601846153929,-0.08167432116081498,1612.3183715604955,80.61591857802478,0.017739962181603453,-0.4629032828245898,0.03709671717541019,True,True,D_near_zero_baseline_spd,0.0,2.0,1.0,325,No baseline prognostic sorting; treatment-related deviation
2000,1424,0.712,0.006589734282894496,0.02719819927797544,1.0066114943532887,0.14825915399085746,-0.15166505086542637,1606.8078657443164,80.34039328721582,0.017982200215899257,-0.43943011926989045,0.06056988073010955,True,True,D_near_zero_baseline_spd,0.0,2.0,1.0,326,No baseline prognostic sorting; treatment-related deviation
2000,1427,0.7135,-0.037668061203019534,0.027291045128504974,0.963032555709981,0.20672870034480925,-0.25297093569066664,1594.4247734168023,79.72123867084012,0.018252236805731376,-0.6918181274996806,-0.19181812749968064,True,True,D_near_zero_baseline_spd,0.0,2.0,1.0,327,No baseline prognostic sorting; treatment-related deviation
2000,1433,0.7165,0.017070069038829176,0.026890502481470305,1.017216595217308,0.11505807039457652,-0.12250652482096272,1593.155092666755,79.65775463333776,0.018171786397960982,-0.38311681324867036,0.11688318675132964,True,True,D_near_zero_baseline_spd,0.0,2.0,1.0,328,No baseline prognostic sorting; treatment-related deviation
2000,1428,0.714,0.030945729148232754,0.02695575186960821,1.0314295258086439,0.08297167430782591,-0.07748608582171729,1607.88683398627,80.3943416993135,0.017983404382982765,-0.7893531644695069,-0.2893531644695069,True,True,D_near_zero_baseline_spd,0.0,2.0,1.0,329,No baseline prognostic sorting; treatment-related deviation
2000,1462,0.731,-0.0013136713480013077,0.02717516412169546,0.9986871911404872,0.1314256629728454,-0.15981088099687452,1563.0689284396913,78.15344642198457,0.018947871192667977,-0.4817272396532132,0.01827276034678682,True,True,D_near_zero_baseline_spd,0.0,2.0,1.0,330,No baseline prognostic sorting; treatment-related deviation
2000,1423,0.7115,0.0470049322190741,0.027241923386234036,1.0481271786597695,0.04573420364982026,-0.05821806428734788,1616.311555027827,80.81557775139134,0.017639515372351502,-0.9550406205885642,-0.4550406205885642,True,True,D_near_zero_baseline_spd,0.0,2.0,1.0,331,No baseline prognostic sorting; treatment-related deviation
2000,1440,0.72,0.033561245483220155,0.026907042701468133,1.0341307776259896,0.10712106330795862,-0.10038334735794859,1604.6365823122642,80.23182911561321,0.017996539105584086,-0.7293153866409451,-0.22931538664094508,True,True,D_near_zero_baseline_spd,0.0,2.0,1.0,332,No baseline prognostic sorting; treatment-related deviation
2000,1424,0.712,-0.035110626317201764,0.027007492873490486,0.9654986007949053,0.1878775188129673,-0.17475841591384053,1597.32953247562,79.866476623781,0.01822228870233864,-0.20285562071410473,0.29714437928589527,True,True,D_near_zero_baseline_spd,0.0,2.0,1.0,333,No baseline prognostic sorting; treatment-related deviation
2000,1438,0.719,0.05111069960105729,0.02714258276573053,1.0524393914557055,0.07106004003770744,-0.06639507850232028,1591.1259797336227,79.55629898668114,0.01839544896420296,-0.25485043432449217,0.24514956567550783,True,True,D_near_zero_baseline_spd,0.0,2.0,1.0,334,No baseline prognostic sorting; treatment-related deviation
2000,1496,0.748,0.024154036861583277,0.026505411233308816,1.0244481085090134,0.10603178353840681,-0.1168212021989455,1535.516864033216,76.7758432016608,0.019427428175466836,-0.8209758001581863,-0.3209758001581863,True,True,D_near_zero_baseline_spd,0.0,2.0,1.0,335,No baseline prognostic sorting; treatment-related deviation
2000,1483,0.7415,-0.00013983379547336292,0.026345754597251345,0.9998601759808161,0.13053458828040707,-0.17305932323598985,1545.97357537738,77.298678768869,0.019538624045566857,-0.6587599739968849,-0.1587599739968849,True,True,D_near_zero_baseline_spd,0.0,2.0,1.0,336,No baseline prognostic sorting; treatment-related deviation
2000,1455,0.7275,0.04281612770483943,0.026774811900814877,1.0437459612400588,0.13307427426211615,-0.13446626186744678,1565.6868478111485,78.28434239055743,0.01879952966097078,-0.5366539636170505,-0.03665396361705053,True,True,D_near_zero_baseline_spd,0.0,2.0,1.0,337,No baseline prognostic sorting; treatment-related deviation
2000,1464,0.732,0.05135989773827115,0.026736854759501112,1.0527016900723927,0.031165997119181166,-0.08066403888474566,1575.055998907908,78.7527999453954,0.018605089681790667,-0.37773669350609224,0.12226330649390776,True,True,D_near_zero_baseline_spd,0.0,2.0,1.0,338,No baseline prognostic sorting; treatment-related deviation
2000,1464,0.732,0.049308027360246046,0.027177679604935286,1.0505438971703616,0.014972454754809883,-0.047959245942495336,1568.9392649612685,78.44696324806341,0.018827845729914344,-0.7291492363925516,-0.22914923639255158,True,True,D_near_zero_baseline_spd,0.0,2.0,1.0,339,No baseline prognostic sorting; treatment-related deviation
2000,1441,0.7205,-0.01729176389462359,0.027092811753415016,0.9828568806460649,0.15538180621580933,-0.20785294014045996,1587.7728416111242,79.38864208055621,0.018432291356773906,-0.5855254276204004,-0.08552542762040038,True,True,D_near_zero_baseline_spd,0.0,2.0,1.0,340,No baseline prognostic sorting; treatment-related deviation
2000,1465,0.7325,-0.02169702019234538,0.02612824449050986,0.9785366669936447,0.203931600915837,-0.24219205816494305,1560.7958002288303,78.03979001144151,0.019015655384915932,-0.4122849788139361,0.08771502118606389,True,True,D_near_zero_baseline_spd,0.0,2.0,1.0,341,No baseline prognostic sorting; treatment-related deviation
2000,1422,0.711,0.00803439119563413,0.026409331128598144,1.0080667535290655,0.11363597362525824,-0.16857067368706954,1607.2666539255233,80.36333269627616,0.01806317248527973,-0.5496148192723844,-0.049614819272384425,True,True,D_near_zero_baseline_spd,0.0,2.0,1.0,342,No baseline prognostic sorting; treatment-related deviation
2000,1432,0.716,0.02984829303759438,0.027571856662406285,1.030298218683631,0.1061117255180896,-0.1188318830562467,1614.4109272711542,80.7205463635577,0.017741817578155062,-0.3441880763365686,0.15581192366343138,True,True,D_near_zero_baseline_spd,0.0,2.0,1.0,343,No baseline prognostic sorting; treatment-related deviation
2000,1463,0.7315,0.04547097774702663,0.02646313543186733,1.0465206317866893,0.08745467916241922,-0.08851967151153751,1564.3880008959436,78.21940004479718,0.018938845568073293,-0.6570253465851009,-0.15702534658510092,True,True,D_near_zero_baseline_spd,0.0,2.0,1.0,344,No baseline prognostic sorting; treatment-related deviation
2000,1441,0.7205,0.046672780140875676,0.02686217950691677,1.0477790988500777,0.06757158035063664,-0.03984709091184618,1600.5667116680029,80.02833558340014,0.018015626125911274,-0.7679378860676479,-0.2679378860676479,True,True,D_near_zero_baseline_spd,0.0,2.0,1.0,345,No baseline prognostic sorting; treatment-related deviation
2000,1440,0.72,0.026693993688559833,0.026569082364738206,1.0270534698280573,0.09859591917770652,-0.10671266457558863,1601.4944765947707,80.07472382973853,0.018018873831947127,-0.5031452513834134,-0.003145251383413372,True,True,D_near_zero_baseline_spd,0.0,2.0,1.0,346,No baseline prognostic sorting; treatment-related deviation
2000,1439,0.7195,-0.061596906299465355,0.02684756714606718,0.9402618240304709,0.175995849245882,-0.26537758940958606,1601.050862602482,80.0525431301241,0.018100012217917814,-0.5155894613288544,-0.015589461328854415,True,True,D_near_zero_baseline_spd,0.0,2.0,1.0,347,No baseline prognostic sorting; treatment-related deviation
2000,1437,0.7185,0.006301171661798633,0.027086339022546476,1.0063210658074793,0.14846204517923217,-0.17268289945639298,1594.4287457025744,79.72143728512872,0.018245358947878067,-0.5605107525369349,-0.06051075253693494,True,True,D_near_zero_baseline_spd,0.0,2.0,1.0,348,No baseline prognostic sorting; treatment-related deviation
2000,1447,0.7235,0.010791429859321364,0.026922659498725885,1.0108498673574067,0.12456576369618189,-0.17955352154439516,1573.629961494411,78.68149807472055,0.0188391981171824,-0.18655853799085614,0.31344146200914386,True,True,D_near_zero_baseline_spd,0.0,2.0,1.0,349,No baseline prognostic sorting; treatment-related deviation
2000,1414,0.707,0.02848715620204216,0.026954006763299527,1.0288967958070936,0.1070983651708478,-0.09294712209226495,1625.4773774798948,81.27386887399474,0.017592952802743016,-0.3508950956927553,0.1491049043072447,True,True,D_near_zero_baseline_spd,0.0,2.0,1.0,350,No baseline prognostic sorting; treatment-related deviation
2000,1468,0.734,0.028752795587750058,0.026729364998596034,1.0291701476247859,0.11073623033671127,-0.12192637288371058,1571.095822090068,78.5547911045034,0.018629117570522657,-0.4174234899258506,0.0825765100741494,True,True,D_near_zero_baseline_spd,0.0,2.0,1.0,351,No baseline prognostic sorting; treatment-related deviation
2000,1454,0.727,0.018322600506032384,0.026894937507408317,1.0184914892675618,0.13277760387726448,-0.1431650243808606,1577.0974151250928,78.85487075625463,0.018531720506793966,-0.5629593113817801,-0.06295931138178013,True,True,D_near_zero_baseline_spd,0.0,2.0,1.0,352,No baseline prognostic sorting; treatment-related deviation
2000,1466,0.733,-0.0013693086148250594,0.026232565875476267,0.9986316284604524,0.19501801640779556,-0.1607948775039399,1575.2510007918606,78.76255003959302,0.01861791692393201,-0.2585990214151625,0.2414009785848375,True,True,D_near_zero_baseline_spd,0.0,2.0,1.0,353,No baseline prognostic sorting; treatment-related deviation
2000,1454,0.727,0.002222447180805893,0.027067862670587563,1.0022249186471035,0.17591204309687025,-0.16570326330628476,1585.5708358679635,79.27854179339818,0.018310539656897204,-0.44971413272304867,0.050285867276951335,True,True,D_near_zero_baseline_spd,0.0,2.0,1.0,354,No baseline prognostic sorting; treatment-related deviation
2000,1414,0.707,0.051208968391503976,0.026857017759110657,1.0525428184834635,0.049578592860556873,-0.08803683785426236,1628.8929811790556,81.44464905895278,0.01742352875037581,-0.32571191584580883,0.17428808415419117,True,True,D_near_zero_baseline_spd,0.0,2.0,1.0,355,No baseline prognostic sorting; treatment-related deviation
2000,1416,0.708,-0.04590145501422217,0.02741210113971432,0.9551360814247091,0.2265798659738204,-0.24530834593553427,1617.2984899656778,80.86492449828388,0.01768793468942305,-0.5283493984548047,-0.028349398454804664,True,True,D_near_zero_baseline_spd,0.0,2.0,1.0,356,No baseline prognostic sorting; treatment-related deviation
2000,1454,0.727,0.040635708972770586,0.026773638016044238,1.0414726372943652,0.138163042443438,-0.12729733346566097,1572.8931139165784,78.64465569582892,0.01868070273433107,-0.5813355022254585,-0.08133550222545849,True,True,D_near_zero_baseline_spd,0.0,2.0,1.0,357,No baseline prognostic sorting; treatment-related deviation
2000,1420,0.71,-0.01655484557127432,0.02659274046055104,0.9835814328257427,0.1451728058399014,-0.20133037301249254,1592.6398284618467,79.63199142309233,0.018305351947070222,-0.17953957765120002,0.3204604223488,True,True,D_near_zero_baseline_spd,0.0,2.0,1.0,358,No baseline prognostic sorting; treatment-related deviation
2000,1417,0.7085,-0.000970330172092027,0.027156834815526103,0.9990301404459988,0.14335962317376574,-0.146817761978813,1625.404465482053,81.27022327410265,0.017470514807767592,-0.3301202042178508,0.16987979578214918,True,True,D_near_zero_baseline_spd,0.0,2.0,1.0,359,No baseline prognostic sorting; treatment-related deviation
2000,1472,0.736,0.02266650228342872,0.026519910047123497,1.0229253393907336,0.12080920431777194,-0.1055541109084954,1566.160327646201,78.30801638231004,0.018840417844640744,-0.350957103029207,0.14904289697079298,True,True,D_near_zero_baseline_spd,0.0,2.0,1.0,360,No baseline prognostic sorting; treatment-related deviation
2000,1418,0.709,-0.0021557272322500756,0.02743975354626872,0.9978465946789311,0.18263099035804206,-0.21158183679922574,1589.4725670639384,79.47362835319693,0.01844950936781809,-0.7504589419882702,-0.25045894198827023,True,True,D_near_zero_baseline_spd,0.0,2.0,1.0,361,No baseline prognostic sorting; treatment-related deviation
2000,1422,0.711,0.025386487898762886,0.026936990723877337,1.0257114689979407,0.09386573616529391,-0.11859661470140061,1620.1632689687776,81.00816344843888,0.017612231314068423,-0.31418177080494153,0.18581822919505847,True,True,D_near_zero_baseline_spd,0.0,2.0,1.0,362,No baseline prognostic sorting; treatment-related deviation
2000,1437,0.7185,-0.03727166252307988,0.02690675860866135,0.9634143762153758,0.14640766751966217,-0.19700405944688065,1597.5349932364797,79.87674966182398,0.018209297781756905,-0.59923653126956,-0.09923653126956,True,True,D_near_zero_baseline_spd,0.0,2.0,1.0,363,No baseline prognostic sorting; treatment-related deviation
2000,1465,0.7325,-0.03895038797247168,0.026548704712539235,0.961798424732648,0.22027394663383046,-0.23045935327027564,1577.2770318091343,78.86385159045672,0.018551083000979716,-0.7171542246201056,-0.21715422462010558,True,True,D_near_zero_baseline_spd,0.0,2.0,1.0,364,No baseline prognostic sorting; treatment-related deviation
2000,1436,0.718,-0.038345666516545605,0.026934878530817084,0.9623802207709037,0.2437887124497181,-0.23177834277737974,1598.2367011433394,79.91183505716697,0.018153458787857773,-0.6328965667395099,-0.1328965667395099,True,True,D_near_zero_baseline_spd,0.0,2.0,1.0,365,No baseline prognostic sorting; treatment-related deviation
2000,1449,0.7245,0.05218285205305856,0.02696926437875006,1.0535683720413411,0.06398740029368065,-0.041103575130396405,1589.1010998918762,79.45505499459381,0.0182576876880601,-0.6260131508115434,-0.1260131508115434,True,True,D_near_zero_baseline_spd,0.0,2.0,1.0,366,No baseline prognostic sorting; treatment-related deviation
2000,1411,0.7055,0.014955593470406913,0.026418646343144704,1.015067987968231,0.14246823828176133,-0.10420342990469666,1629.4997324987219,81.4749866249361,0.017397834218310877,-0.22514214152956563,0.27485785847043437,True,True,D_near_zero_baseline_spd,0.0,2.0,1.0,367,No baseline prognostic sorting; treatment-related deviation
2000,1434,0.717,0.020465174979637502,0.02658110097864242,1.0206760225609883,0.11365965969871734,-0.128788260637318,1584.1245731058411,79.20622865529205,0.018510965455904537,-0.42674830533266267,0.07325169466733733,True,True,D_near_zero_baseline_spd,0.0,2.0,1.0,368,No baseline prognostic sorting; treatment-related deviation
2000,1420,0.71,-0.020856158611210956,0.026973884145655717,0.9793598269159267,0.13260317768062213,-0.18132373164211668,1580.4981461662094,79.02490730831047,0.01872478057549699,-0.46701430093265445,0.03298569906734555,True,True,D_near_zero_baseline_spd,0.0,2.0,1.0,369,No baseline prognostic sorting; treatment-related deviation
2000,1433,0.7165,-0.030479613815536176,0.026999540197320503,0.9699802060610587,0.16015544350282584,-0.20903966947321184,1601.2145042850982,80.06072521425492,0.018026236360600453,-0.11489523927975862,0.38510476072024136,True,True,D_near_zero_baseline_spd,0.0,2.0,1.0,370,No baseline prognostic sorting; treatment-related deviation
2000,1431,0.7155,0.04406560564489036,0.02726171561967295,1.045050913878639,0.13734583257171326,-0.11568659554246986,1584.0864266865603,79.20432133432803,0.018601317159228296,-0.455572826668167,0.04442717333183299,True,True,D_near_zero_baseline_spd,0.0,2.0,1.0,371,No baseline prognostic sorting; treatment-related deviation
2000,1452,0.726,-0.026798413235979535,0.02678287312516673,0.9735574780459167,0.18581468385737,-0.18910777531328168,1588.1610363644143,79.40805181822071,0.018342557370805316,-0.8409347345225139,-0.3409347345225139,True,True,D_near_zero_baseline_spd,0.0,2.0,1.0,372,No baseline prognostic sorting; treatment-related deviation
2000,1454,0.727,0.007493460807058479,0.02670533158832151,1.0075216070448114,0.08771900901114296,-0.10764242746304249,1574.0324307261665,78.70162153630832,0.018737890607666747,-0.7889908508901762,-0.2889908508901762,True,True,D_near_zero_baseline_spd,0.0,2.0,1.0,373,No baseline prognostic sorting; treatment-related deviation
2000,1455,0.7275,-0.004355728065917057,0.02643120205662403,0.9956537443594814,0.17830234651141066,-0.18297848294873625,1549.8175607904263,77.4908780395213,0.019428049258184407,-0.5058899222202202,-0.005889922220220223,True,True,D_near_zero_baseline_spd,0.0,2.0,1.0,374,No baseline prognostic sorting; treatment-related deviation
2000,1426,0.713,-0.03882331157156375,0.026849550692150274,0.9619206543809493,0.17550243772357257,-0.22272795635769374,1598.2148314180356,79.91074157090178,0.018191878612221934,-0.4610044239214247,0.03899557607857529,True,True,D_near_zero_baseline_spd,0.0,2.0,1.0,375,No baseline prognostic sorting; treatment-related deviation
2000,1416,0.708,-0.0329749249608301,0.02674155270720317,0.9675628209604883,0.11443843379792981,-0.16635219532062712,1633.3105585315488,81.66552792657744,0.017395803306454558,-0.39593728292309394,0.10406271707690606,True,True,D_near_zero_baseline_spd,0.0,2.0,1.0,376,No baseline prognostic sorting; treatment-related deviation
2000,1453,0.7265,0.01174590414927244,0.026255744301882926,1.0118151581661459,0.09192334457073117,-0.15212115304843185,1581.2691400784872,79.06345700392436,0.01858746989005477,-0.3918877068793341,0.10811229312066589,True,True,D_near_zero_baseline_spd,0.0,2.0,1.0,377,No baseline prognostic sorting; treatment-related deviation
2000,1438,0.719,0.011739939218698602,0.026688223724594017,1.0118091227769743,0.08817064574505322,-0.16523960101295815,1600.750934165706,80.0375467082853,0.018039237832186288,-0.4655423938432359,0.034457606156764076,True,True,D_near_zero_baseline_spd,0.0,2.0,1.0,378,No baseline prognostic sorting; treatment-related deviation
2000,1456,0.728,0.0079308054488871,0.027106387410733238,1.0079623375897253,0.1456436817299804,-0.1591746860394556,1571.389335437581,78.56946677187905,0.01887180014265402,-0.4622619084461985,0.03773809155380148,True,True,D_near_zero_baseline_spd,0.0,2.0,1.0,379,No baseline prognostic sorting; treatment-related deviation
2000,1454,0.727,-0.023229818011738224,0.026315650788695636,0.9770379170580363,0.1139058885868705,-0.187851935223344,1581.8099309457434,79.09049654728717,0.018516259910281444,-0.7548210146117026,-0.2548210146117026,True,True,D_near_zero_baseline_spd,0.0,2.0,1.0,380,No baseline prognostic sorting; treatment-related deviation
2000,1452,0.726,-0.03270306563431469,0.027534583522596266,0.9678258976956676,0.2381761507530498,-0.21907936882779888,1588.2449541058188,79.41224770529094,0.018408163935480157,-0.5355657293517867,-0.0355657293517867,True,True,D_near_zero_baseline_spd,0.0,2.0,1.0,381,No baseline prognostic sorting; treatment-related deviation
2000,1440,0.72,0.008448973054389904,0.026929021568543834,1.0084847663617749,0.055782085627842044,-0.1099799392065804,1601.9233972246855,80.09616986123427,0.018060542353109218,-0.5505363303204772,-0.05053633032047722,True,True,D_near_zero_baseline_spd,0.0,2.0,1.0,382,No baseline prognostic sorting; treatment-related deviation
2000,1454,0.727,0.0286325704639627,0.02612993170354298,1.0290464229539453,0.13551726265871902,-0.1273652261741721,1581.0388975571,79.051944877855,0.018545621667460124,-0.2842662318825946,0.2157337681174054,True,True,D_near_zero_baseline_spd,0.0,2.0,1.0,383,No baseline prognostic sorting; treatment-related deviation
2000,1430,0.715,0.026235834359572493,0.026812392204118133,1.0265830234774083,0.062074977635313264,-0.08540503819256275,1601.9859372574304,80.09929686287151,0.018123302646551247,-0.3206840647003661,0.1793159352996339,True,True,D_near_zero_baseline_spd,0.0,2.0,1.0,384,No baseline prognostic sorting; treatment-related deviation
2000,1404,0.702,0.009937880756166643,0.027016170748481984,1.0099874254803056,0.09269765715952179,-0.142541825190429,1632.6767303684292,81.63383651842146,0.017289875283027275,-0.5475823240186761,-0.047582324018676125,True,True,D_near_zero_baseline_spd,0.0,2.0,1.0,385,No baseline prognostic sorting; treatment-related deviation
2000,1474,0.737,-0.02452645153199327,0.026877343010172625,0.9757718779159917,0.18347895372665915,-0.20580601051139208,1544.682572018222,77.23412860091109,0.01945234910894043,-0.7362787202343364,-0.23627872023433638,True,True,D_near_zero_baseline_spd,0.0,2.0,1.0,386,No baseline prognostic sorting; treatment-related deviation
2000,1428,0.714,-0.017993652815388932,0.02686977112651139,0.982167266335475,0.20289038686839492,-0.16960599028606402,1615.5111017746694,80.77555508873347,0.017715172639954323,-0.5539877322925639,-0.05398773229256393,True,True,D_near_zero_baseline_spd,0.0,2.0,1.0,387,No baseline prognostic sorting; treatment-related deviation
2000,1465,0.7325,0.020444829213308785,0.026769769697961823,1.020655256336389,0.09378016880685913,-0.08978321625127127,1583.965828240334,79.1982914120167,0.018284493959678273,-0.3530170687281245,0.1469829312718755,True,True,D_near_zero_baseline_spd,0.0,2.0,1.0,388,No baseline prognostic sorting; treatment-related deviation
2000,1468,0.734,0.006791173433375227,0.02667911731718322,1.0068142857419522,0.15082702717994564,-0.1645726604539264,1575.2871393900243,78.76435696950121,0.018715054018142198,-1.104424053881471,-0.6044240538814709,True,True,D_near_zero_baseline_spd,0.0,2.0,1.0,389,No baseline prognostic sorting; treatment-related deviation
2000,1426,0.713,-0.027749329157742,0.026652174025766584,0.9726321467651428,0.12065865448837906,-0.15269605669336825,1610.6406562846798,80.53203281423399,0.0178518501053524,-0.38375568950756367,0.11624431049243633,True,True,D_near_zero_baseline_spd,0.0,2.0,1.0,390,No baseline prognostic sorting; treatment-related deviation
2000,1429,0.7145,0.03672914375599955,0.026445020808795183,1.037411993264862,0.09061086712869666,-0.09723145473385009,1608.1369026377693,80.40684513188846,0.01786985357626634,-0.35984353404831315,0.14015646595168685,True,True,D_near_zero_baseline_spd,0.0,2.0,1.0,391,No baseline prognostic sorting; treatment-related deviation
2000,1438,0.719,0.018622366444515936,0.026797288449225683,1.0187968440898805,0.13231146424980922,-0.13980209988784634,1590.980728155876,79.54903640779379,0.018331305184120364,-0.4588568836493267,0.0411431163506733,True,True,D_near_zero_baseline_spd,0.0,2.0,1.0,392,No baseline prognostic sorting; treatment-related deviation
2000,1438,0.719,0.04330361439739083,0.02748520469569267,1.0442548975463273,0.103294186346262,-0.08457951939972838,1604.9103168765928,80.24551584382964,0.01792432732494637,-0.048242632935359214,0.45175736706464076,True,True,D_near_zero_baseline_spd,0.0,2.0,1.0,393,No baseline prognostic sorting; treatment-related deviation
2000,1445,0.7225,0.043121085507082275,0.026345792858751545,1.044064308253234,0.11846562825108214,-0.09734000593079833,1572.3514931167604,78.61757465583801,0.01880408838980152,-0.2804917633010335,0.21950823669896652,True,True,D_near_zero_baseline_spd,0.0,2.0,1.0,394,No baseline prognostic sorting; treatment-related deviation
2000,1452,0.726,-0.008652412421670887,0.026976408486917774,0.9913849119724292,0.18809257879574268,-0.1893029834220088,1588.2448135867232,79.41224067933616,0.01830774854408791,-0.9317627358640789,-0.4317627358640789,True,True,D_near_zero_baseline_spd,0.0,2.0,1.0,395,No baseline prognostic sorting; treatment-related deviation
2000,1439,0.7195,-0.026064502643535048,0.026565908170704148,0.974272244446642,0.17606853324666238,-0.19697448913245708,1597.915722862433,79.89578614312165,0.01801474832655839,-0.5123620469458767,-0.012362046945876726,True,True,D_near_zero_baseline_spd,0.0,2.0,1.0,396,No baseline prognostic sorting; treatment-related deviation
2000,1413,0.7065,0.01609969059553839,0.026579553795226814,1.016229988929307,0.03592014747527929,-0.08734523597895467,1631.6695703600424,81.58347851800211,0.017350988038154803,-0.5343904948388835,-0.034390494838883456,True,True,D_near_zero_baseline_spd,0.0,2.0,1.0,397,No baseline prognostic sorting; treatment-related deviation
2000,1446,0.723,-0.0027360495071584246,0.02713107837396239,0.9972676900649654,0.10031608214427012,-0.18369053731064508,1577.3818701026985,78.86909350513493,0.0186846429810107,-0.4233721703784753,0.0766278296215247,True,True,D_near_zero_baseline_spd,0.0,2.0,1.0,398,No baseline prognostic sorting; treatment-related deviation
2000,1435,0.7175,0.016333725352334665,0.027510676207965736,1.0164678499003967,0.1291537086077894,-0.17207799107227068,1589.4865814893544,79.47432907446772,0.018373879569241545,-0.36424921684920847,0.13575078315079153,True,True,D_near_zero_baseline_spd,0.0,2.0,1.0,399,No baseline prognostic sorting; treatment-related deviation
2000,1464,0.732,-0.028445338257539556,0.026945015503810735,0.9719554214710387,0.1771018684233099,-0.19974716438942974,1572.5949689190506,78.62974844595253,0.018646232317432385,-0.5701880826955746,-0.07018808269557464,True,True,D_near_zero_baseline_spd,0.0,2.0,1.0,400,No baseline prognostic sorting; treatment-related deviation
2000,1442,0.721,-0.05328765678647182,0.026604271974749526,0.94810724376932,0.17585416025757358,-0.2363292611993946,1595.5017672084605,79.77508836042301,0.01823102869949835,-0.29067353330768503,0.20932646669231497,True,True,D_near_zero_baseline_spd,0.0,2.0,1.0,401,No baseline prognostic sorting; treatment-related deviation
2000,1451,0.7255,0.015812640095696218,0.02712885934131118,1.0159383214666784,0.1299290859403288,-0.14554924124517124,1579.3515001926655,78.96757500963328,0.01862646673866134,-0.639243703823386,-0.13924370382338602,True,True,D_near_zero_baseline_spd,0.0,2.0,1.0,402,No baseline prognostic sorting; treatment-related deviation
2000,1427,0.7135,0.0005289650356954159,0.027045088757623358,1.000529104962371,0.08056774057467206,-0.15813533901652022,1596.8936702248602,79.84468351124302,0.01824331953067021,-0.3610660352888838,0.1389339647111162,True,True,D_near_zero_baseline_spd,0.0,2.0,1.0,403,No baseline prognostic sorting; treatment-related deviation
2000,1438,0.719,-0.004340324836636966,0.02718780794900588,0.9956690807605041,0.12804102818409566,-0.13986271383641663,1591.9985354987416,79.59992677493707,0.018289040428711857,-0.26869025029738114,0.23130974970261886,True,True,D_near_zero_baseline_spd,0.0,2.0,1.0,404,No baseline prognostic sorting; treatment-related deviation
2000,1462,0.731,0.017654677344343492,0.02667487175836879,1.0178114423467237,0.0934577161024076,-0.13093407791583658,1573.2582821477995,78.66291410738998,0.01866054623834991,-0.4166076567296472,0.08339234327035278,True,True,D_near_zero_baseline_spd,0.0,2.0,1.0,405,No baseline prognostic sorting; treatment-related deviation
2000,1432,0.716,-0.04990378585053816,0.02711150899805699,0.9513209506337194,0.2198533856682369,-0.2184761295717888,1606.257025535372,80.31285127676858,0.017939855873197567,-0.42533265734469056,0.07466734265530944,True,True,D_near_zero_baseline_spd,0.0,2.0,1.0,406,No baseline prognostic sorting; treatment-related deviation
2000,1479,0.7395,0.024998700650440294,0.027287103779508305,1.025313788282544,0.07627535012426843,-0.15679245535357228,1554.1960137031656,77.70980068515827,0.019075095596592984,-0.08222206697370983,0.4177779330262902,True,True,D_near_zero_baseline_spd,0.0,2.0,1.0,407,No baseline prognostic sorting; treatment-related deviation
2000,1437,0.7185,-0.02067296657693881,0.027237378586663863,0.979539254269233,0.14649673273000746,-0.20688528632047612,1591.938707961465,79.59693539807326,0.01824565399682227,-0.5426735819558508,-0.0426735819558508,True,True,D_near_zero_baseline_spd,0.0,2.0,1.0,408,No baseline prognostic sorting; treatment-related deviation
2000,1445,0.7225,0.0034461751455403178,0.026480254301656896,1.0034521200341882,0.17293849928162452,-0.14838863535271188,1588.8837827870814,79.44418913935407,0.018261139890613926,-0.6350374288608517,-0.13503742886085168,True,True,D_near_zero_baseline_spd,0.0,2.0,1.0,409,No baseline prognostic sorting; treatment-related deviation
2000,1455,0.7275,-0.003394041064528597,0.026813976258571095,0.9966117121820863,0.1088759636084191,-0.132789904341617,1578.3635524794056,78.91817762397028,0.018614121711704085,-0.44104860218891895,0.05895139781108105,True,True,D_near_zero_baseline_spd,0.0,2.0,1.0,410,No baseline prognostic sorting; treatment-related deviation
2000,1460,0.73,-0.0003276442230338584,0.027202874258770514,0.999672409446473,0.09934597160835612,-0.16559822348495837,1565.4000583653014,78.27000291826508,0.018908690785837137,-0.47021826607351713,0.029781733926482867,True,True,D_near_zero_baseline_spd,0.0,2.0,1.0,411,No baseline prognostic sorting; treatment-related deviation
2000,1471,0.7355,0.032424286234021146,0.02603441565935727,1.032955681218436,0.14636249191524497,-0.14740628778363793,1552.4071070784394,77.62035535392197,0.01920694257042562,-0.6258162433592677,-0.12581624335926767,True,True,D_near_zero_baseline_spd,0.0,2.0,1.0,412,No baseline prognostic sorting; treatment-related deviation
2000,1399,0.6995,-0.02020465085177667,0.02790248645772298,0.9799980953382789,0.11693711609347018,-0.18973885742951851,1635.530765075287,81.77653825376434,0.017316051820566173,-0.5687270611441964,-0.06872706114419636,True,True,D_near_zero_baseline_spd,0.0,2.0,1.0,413,No baseline prognostic sorting; treatment-related deviation
2000,1479,0.7395,0.01971578771705968,0.02612072061719326,1.0199114274751535,0.10000793505848964,-0.12034007838292045,1549.045950077363,77.45229750386815,0.019317617966929865,-0.6988795178759258,-0.19887951787592584,True,True,D_near_zero_baseline_spd,0.0,2.0,1.0,414,No baseline prognostic sorting; treatment-related deviation
2000,1457,0.7285,0.012161067804301056,0.026603324855376503,1.0122353142561578,0.12428645240436781,-0.17205190458213285,1559.8949132859439,77.9947456642972,0.01910644802712807,-0.5940104277748258,-0.09401042777482582,True,True,D_near_zero_baseline_spd,0.0,2.0,1.0,415,No baseline prognostic sorting; treatment-related deviation
2000,1455,0.7275,-0.019341622978543846,0.026298402572899057,0.9808442260749581,0.19246631978528536,-0.18425098391333225,1570.790468090233,78.53952340451166,0.01881619538705373,-0.5256281471546553,-0.025628147154655334,True,True,D_near_zero_baseline_spd,0.0,2.0,1.0,416,No baseline prognostic sorting; treatment-related deviation
2000,1451,0.7255,-0.00804811589892521,0.026960473865005257,0.9919841834780436,0.14452116439702725,-0.21468287244918774,1580.529149932,79.0264574966,0.018507465185701528,-0.3413271106112389,0.15867288938876112,True,True,D_near_zero_baseline_spd,0.0,2.0,1.0,417,No baseline prognostic sorting; treatment-related deviation
2000,1431,0.7155,-0.031502604031097094,0.0272071978080446,0.9689884331744416,0.12101240820794879,-0.1618553233056379,1612.450535058651,80.62252675293254,0.01776811027547466,-0.7014464470829,-0.20144644708290005,True,True,D_near_zero_baseline_spd,0.0,2.0,1.0,418,No baseline prognostic sorting; treatment-related deviation
2000,1438,0.719,0.0025159318465131954,0.026701447902469297,1.0025190994589832,0.1257581706971575,-0.16857308863402104,1598.6263888937858,79.9313194446893,0.01812763845060144,-0.2044340985560757,0.2955659014439243,True,True,D_near_zero_baseline_spd,0.0,2.0,1.0,419,No baseline prognostic sorting; treatment-related deviation
2000,1458,0.729,0.006321953939093926,0.02603297759421921,1.0063419796682351,0.09731891698097973,-0.1571022231309856,1575.909621836852,78.79548109184259,0.018558337707615898,-0.29196945374475924,0.20803054625524076,True,True,D_near_zero_baseline_spd,0.0,2.0,1.0,420,No baseline prognostic sorting; treatment-related deviation
2000,1448,0.724,0.03475344075306127,0.026609472140668628,1.035364398659938,0.084477516491036,-0.10581054707745566,1588.630764778972,79.4315382389486,0.01825594936534675,-0.4360653247464325,0.0639346752535675,True,True,D_near_zero_baseline_spd,0.0,2.0,1.0,421,No baseline prognostic sorting; treatment-related deviation
2000,1431,0.7155,0.010937979237197205,0.02716431034267181,1.010998017631994,0.12557035311923162,-0.09792655706786783,1612.4325545311144,80.62162772655572,0.017729701725501503,-0.31703207199853206,0.18296792800146794,True,True,D_near_zero_baseline_spd,0.0,2.0,1.0,422,No baseline prognostic sorting; treatment-related deviation
2000,1423,0.7115,-0.020881952533520473,0.026277214159042068,0.9793345657104324,0.09279537481882512,-0.15513249278130795,1624.6037897005608,81.23018948502803,0.017488635251139396,-0.3468465174378596,0.1531534825621404,True,True,D_near_zero_baseline_spd,0.0,2.0,1.0,423,No baseline prognostic sorting; treatment-related deviation
2000,1411,0.7055,-0.022012207843829634,0.02696963150729984,0.9782282929200866,0.12377820238461931,-0.17993355244898993,1603.382658880231,80.16913294401155,0.01811577456074594,-0.3980108390992575,0.1019891609007425,True,True,D_near_zero_baseline_spd,0.0,2.0,1.0,424,No baseline prognostic sorting; treatment-related deviation
2000,1417,0.7085,0.008261014295014999,0.02684884808255952,1.0082952306292494,0.1051330802899009,-0.14046901063664236,1625.0948409228395,81.25474204614197,0.017571486929727934,-0.5772961582538653,-0.07729615825386527,True,True,D_near_zero_baseline_spd,0.0,2.0,1.0,425,No baseline prognostic sorting; treatment-related deviation
2000,1452,0.726,-0.022381798016736273,0.026223162896103172,0.9778668161594081,0.1627120285701688,-0.1780590494940488,1587.9876561915735,79.39938280957867,0.018433931680055395,-0.1831853169318667,0.3168146830681333,True,True,D_near_zero_baseline_spd,0.0,2.0,1.0,426,No baseline prognostic sorting; treatment-related deviation
2000,1462,0.731,0.027596892977013128,0.02691002214358027,1.0279812144421177,0.09330626478983976,-0.1366441216793995,1578.2104778934547,78.91052389467274,0.018525765192494048,-1.0429710906538525,-0.5429710906538525,True,True,D_near_zero_baseline_spd,0.0,2.0,1.0,427,No baseline prognostic sorting; treatment-related deviation
2000,1474,0.737,-0.018505129131644555,0.026851549470254935,0.9816650394896602,0.2371008704716173,-0.18816998393723264,1545.5947918099491,77.27973959049746,0.019370791582511496,-0.31072897778375513,0.18927102221624487,True,True,D_near_zero_baseline_spd,0.0,2.0,1.0,428,No baseline prognostic sorting; treatment-related deviation
2000,1435,0.7175,-0.006167958514579068,0.027065568185018166,0.9938510242930975,0.17556236641227202,-0.2159272857677579,1595.6364376080871,79.78182188040435,0.018172219035927126,-0.5192014987467175,-0.019201498746717505,True,True,D_near_zero_baseline_spd,0.0,2.0,1.0,429,No baseline prognostic sorting; treatment-related deviation
2000,1415,0.7075,-3.189360391887389e-05,0.027164734178564947,0.9999681069046767,0.10448580767268474,-0.14984939644100054,1599.211029471319,79.96055147356596,0.018248819538804757,-0.9904573778193996,-0.4904573778193996,True,True,D_near_zero_baseline_spd,0.0,2.0,1.0,430,No baseline prognostic sorting; treatment-related deviation
2000,1457,0.7285,-0.004988846722452644,0.026376226412904043,0.9950235769049136,0.0795462254191801,-0.17642143137962837,1583.1839680805574,79.15919840402788,0.018416874321988644,-0.28859224584918547,0.21140775415081453,True,True,D_near_zero_baseline_spd,0.0,2.0,1.0,431,No baseline prognostic sorting; treatment-related deviation
2000,1432,0.716,0.0038468726525845336,0.02638909520597262,1.0038542813642644,0.11945104505718193,-0.12465488761301824,1610.2779913016602,80.51389956508301,0.01780910511349797,-0.05868678480578114,0.44131321519421884,True,True,D_near_zero_baseline_spd,0.0,2.0,1.0,432,No baseline prognostic sorting; treatment-related deviation
2000,1455,0.7275,0.0623036380394249,0.02640292403125188,1.0642854532199408,0.0810239403477759,-0.0571290802006185,1579.1516261859929,78.95758130929964,0.018509216662938116,-0.40097585063102553,0.09902414936897447,True,True,D_near_zero_baseline_spd,0.0,2.0,1.0,433,No baseline prognostic sorting; treatment-related deviation
2000,1414,0.707,-0.03814561369472754,0.02674483738594373,0.9625727669087878,0.19230142889641355,-0.20656418116385614,1619.9429241404912,80.99714620702456,0.017809305386472508,-0.41475110829159545,0.08524889170840455,True,True,D_near_zero_baseline_spd,0.0,2.0,1.0,434,No baseline prognostic sorting; treatment-related deviation
2000,1450,0.725,0.024269321281027115,0.026971721565323035,1.0245662182224273,0.16989832245814868,-0.149250413882381,1576.995586060296,78.8497793030148,0.018612981239671582,-0.45119298410647135,0.04880701589352865,True,True,D_near_zero_baseline_spd,0.0,2.0,1.0,435,No baseline prognostic sorting; treatment-related deviation
2000,1413,0.7065,-0.033596244536375545,0.027251923670854005,0.9669618419585981,0.14362543278994883,-0.17764485443441938,1623.7883775432008,81.18941887716005,0.01756128250512793,-0.6214739255634216,-0.12147392556342163,True,True,D_near_zero_baseline_spd,0.0,2.0,1.0,436,No baseline prognostic sorting; treatment-related deviation
2000,1433,0.7165,-0.0071359686876128715,0.027288903396772424,0.9928894318818077,0.1478935472151035,-0.15351074119877914,1613.314518691895,80.66572593459475,0.017778750680777142,-0.6932875017417307,-0.1932875017417307,True,True,D_near_zero_baseline_spd,0.0,2.0,1.0,437,No baseline prognostic sorting; treatment-related deviation
2000,1426,0.713,0.02000120502742523,0.026704179814431683,1.0202025693980905,0.03126469281215124,-0.10558289575052139,1621.1876796860502,81.0593839843025,0.017494316149269436,-0.536819888278133,-0.036819888278132984,True,True,D_near_zero_baseline_spd,0.0,2.0,1.0,438,No baseline prognostic sorting; treatment-related deviation
2000,1444,0.722,0.014519321297431055,0.02665837630701737,1.0146252386380306,0.10856046903432247,-0.12693899687599022,1575.4257026388018,78.77128513194009,0.01875776650925384,-0.590153703376035,-0.09015370337603501,True,True,D_near_zero_baseline_spd,0.0,2.0,1.0,439,No baseline prognostic sorting; treatment-related deviation
2000,1450,0.725,-0.036729566033455494,0.02665462851405326,0.9639367813509777,0.18487378521924053,-0.24382277710408518,1581.1404378371267,79.05702189185634,0.018617892411736815,-0.6862472969314696,-0.18624729693146957,True,True,D_near_zero_baseline_spd,0.0,2.0,1.0,440,No baseline prognostic sorting; treatment-related deviation
2000,1452,0.726,0.02982682841015347,0.02727773534895641,1.0302761039535568,0.054233549002889514,-0.11946893180584198,1587.3294737600474,79.36647368800237,0.01831571861998784,-0.63941005674842,-0.13941005674842,True,True,D_near_zero_baseline_spd,0.0,2.0,1.0,441,No baseline prognostic sorting; treatment-related deviation
2000,1432,0.716,0.0267470845911284,0.026856651777094138,1.0271079984712312,0.11043800150660016,-0.12957174360511745,1603.8430177328796,80.19215088664399,0.018081601575979284,-0.604455450034557,-0.10445545003455703,True,True,D_near_zero_baseline_spd,0.0,2.0,1.0,442,No baseline prognostic sorting; treatment-related deviation
2000,1470,0.735,-0.014486547257800887,0.026771513965040575,0.9856178779064143,0.13763921921844852,-0.17354635818656228,1563.9862940463145,78.19931470231572,0.019009176790178113,-0.12189586916473412,0.3781041308352659,True,True,D_near_zero_baseline_spd,0.0,2.0,1.0,443,No baseline prognostic sorting; treatment-related deviation
2000,1454,0.727,-0.03234672815784107,0.026662389576591984,0.9681708317865402,0.20624718274692438,-0.16986374619515068,1581.022982322934,79.0511491161467,0.0185906339005356,-0.5089206731763711,-0.00892067317637113,True,True,D_near_zero_baseline_spd,0.0,2.0,1.0,444,No baseline prognostic sorting; treatment-related deviation
2000,1440,0.72,0.020665274771535423,0.02645973336699416,1.0208802800559575,0.09953014815800126,-0.14564740191888367,1593.261527735519,79.66307638677596,0.018180161277557238,-0.5019776454100096,-0.001977645410009554,True,True,D_near_zero_baseline_spd,0.0,2.0,1.0,445,No baseline prognostic sorting; treatment-related deviation
2000,1451,0.7255,-0.015836469100554706,0.026716027290006456,0.9842882684407609,0.1274509349156023,-0.1664816910995728,1589.386598607728,79.46932993038641,0.018298065934356577,-0.5713997015359573,-0.07139970153595732,True,True,D_near_zero_baseline_spd,0.0,2.0,1.0,446,No baseline prognostic sorting; treatment-related deviation
2000,1404,0.702,0.015304239915846092,0.0270089521409565,1.0154219495142471,0.062350116641887963,-0.11412276672653096,1636.3439008928867,81.81719504464434,0.017250191864615343,-0.39695195900277847,0.10304804099722153,True,True,D_near_zero_baseline_spd,0.0,2.0,1.0,447,No baseline prognostic sorting; treatment-related deviation
2000,1440,0.72,-0.0333470230163004,0.0271382851536384,0.967202859690861,0.18302606871345578,-0.21819187134332646,1587.767143998988,79.3883571999494,0.018369064766025414,-0.6221203081958192,-0.1221203081958192,True,True,D_near_zero_baseline_spd,0.0,2.0,1.0,448,No baseline prognostic sorting; treatment-related deviation
2000,1477,0.7385,0.07515152778908303,0.026616462788272413,1.0780474926619994,0.0822602184271497,-0.02939580326786183,1551.9522821067453,77.59761410533727,0.019232291571153255,-0.402861206665873,0.097138793334127,True,True,D_near_zero_baseline_spd,0.0,2.0,1.0,449,No baseline prognostic sorting; treatment-related deviation
2000,1474,0.737,-0.017032184941920433,0.026416773583308246,0.9831120427217195,0.1994486050050313,-0.1943084355287432,1570.4616849566398,78.523084247832,0.01873160867556049,-0.5844513265705672,-0.0844513265705672,True,True,D_near_zero_baseline_spd,0.0,2.0,1.0,450,No baseline prognostic sorting; treatment-related deviation
2000,1397,0.6985,-0.02943833700029558,0.02703266300854105,0.9709907499975509,0.15965024055906135,-0.19389281259768218,1620.3699883352144,81.01849941676072,0.017757402861069107,-0.6272559226223764,-0.1272559226223764,True,True,D_near_zero_baseline_spd,0.0,2.0,1.0,451,No baseline prognostic sorting; treatment-related deviation
2000,1429,0.7145,0.011522887855779849,0.026959161409494493,1.0115895320599562,0.08522992119088915,-0.1070617991991149,1597.3090405296705,79.86545202648352,0.018039794033109464,-0.7076150329015312,-0.20761503290153116,True,True,D_near_zero_baseline_spd,0.0,2.0,1.0,452,No baseline prognostic sorting; treatment-related deviation
2000,1440,0.72,0.004696947531361686,0.02687479461510263,1.0047079954798568,0.1348029061488873,-0.1679532702309759,1602.5611918727009,80.12805959363504,0.018025659427819505,-0.5902346337317925,-0.09023463373179252,True,True,D_near_zero_baseline_spd,0.0,2.0,1.0,453,No baseline prognostic sorting; treatment-related deviation
2000,1470,0.735,-0.012750933639899554,0.02668173980482668,0.9873300150918661,0.20406136481770762,-0.21245028634099594,1559.4452873914233,77.97226436957118,0.019141906622524907,-0.6702601561576031,-0.17026015615760315,True,True,D_near_zero_baseline_spd,0.0,2.0,1.0,454,No baseline prognostic sorting; treatment-related deviation
2000,1457,0.7285,0.02518713148349599,0.027015572243489255,1.0255070072174441,0.10918977561794198,-0.12458982875849106,1578.7571769742183,78.9378588487109,0.018650905264574635,-0.772358594424786,-0.27235859442478605,True,True,D_near_zero_baseline_spd,0.0,2.0,1.0,455,No baseline prognostic sorting; treatment-related deviation
2000,1422,0.711,0.020133877081215928,0.027107717644595474,1.0203379307473908,0.07906219955860631,-0.10780594812820858,1617.2770495621826,80.86385247810912,0.017720114421764282,-0.13455592793650786,0.36544407206349216,True,True,D_near_zero_baseline_spd,0.0,2.0,1.0,456,No baseline prognostic sorting; treatment-related deviation
2000,1415,0.7075,-0.01696310668132669,0.027425610153634112,0.9831799567372635,0.08732849035663524,-0.17517007306660495,1624.7687652066804,81.23843826033402,0.017516493967737117,-0.3964634518928178,0.10353654810718221,True,True,D_near_zero_baseline_spd,0.0,2.0,1.0,457,No baseline prognostic sorting; treatment-related deviation
2000,1409,0.7045,0.0039217324213708885,0.027260880208226226,1.0039294324765249,0.1313635821928949,-0.16488432409491532,1619.3662958455968,80.96831479227984,0.017669059322169202,-0.6449440289074967,-0.1449440289074967,True,True,D_near_zero_baseline_spd,0.0,2.0,1.0,458,No baseline prognostic sorting; treatment-related deviation
2000,1416,0.708,0.013665701584224454,0.02665192249753679,1.01375950408942,0.08766174902082732,-0.14910426784447484,1614.5449603140376,80.72724801570187,0.017822583147338634,-0.24933622711088943,0.25066377288911057,True,True,D_near_zero_baseline_spd,0.0,2.0,1.0,459,No baseline prognostic sorting; treatment-related deviation
2000,1445,0.7225,-0.0007595042061741786,0.026955348701360488,0.9992407841441397,0.1485264977926856,-0.17148592130842438,1597.5779094126851,79.87889547063426,0.018136663978704642,-0.702533766861939,-0.20253376686193902,True,True,D_near_zero_baseline_spd,0.0,2.0,1.0,460,No baseline prognostic sorting; treatment-related deviation
2000,1411,0.7055,-0.0009108233971512295,0.027297887917987453,0.9990895912765715,0.1952175695370531,-0.13754322544506095,1613.6412394648025,80.68206197324012,0.017916848769164283,-0.713674963101866,-0.21367496310186596,True,True,D_near_zero_baseline_spd,0.0,2.0,1.0,461,No baseline prognostic sorting; treatment-related deviation
2000,1445,0.7225,-0.007821855024880439,0.026544763528675238,0.9922086560801618,0.18436277250719244,-0.18219831197769687,1560.18489753161,78.0092448765805,0.019084984662892872,-0.4947674021207089,0.00523259787929109,True,True,D_near_zero_baseline_spd,0.0,2.0,1.0,462,No baseline prognostic sorting; treatment-related deviation
2000,1454,0.727,0.049155715939480746,0.026633612585182848,1.050383899521851,0.06691003400953001,-0.059400418806410324,1581.6568866266198,79.08284433133099,0.018410483525178902,-0.9435710386715336,-0.4435710386715336,True,True,D_near_zero_baseline_spd,0.0,2.0,1.0,463,No baseline prognostic sorting; treatment-related deviation
2000,1457,0.7285,0.02129447095581398,0.026717168003079626,1.0215228161522063,0.14718261327349189,-0.14351333566266794,1570.0832982019585,78.50416491009793,0.01871851251084531,-0.6349209358382332,-0.13492093583823317,True,True,D_near_zero_baseline_spd,0.0,2.0,1.0,464,No baseline prognostic sorting; treatment-related deviation
2000,1450,0.725,0.01104613242779019,0.027226381182046837,1.0111073662063759,0.12111419225015585,-0.1283663976240369,1590.4274533491164,79.52137266745581,0.01828542000097686,-0.22988636200823542,0.2701136379917646,True,True,D_near_zero_baseline_spd,0.0,2.0,1.0,465,No baseline prognostic sorting; treatment-related deviation
2000,1444,0.722,0.012748315555452592,0.02686615938950487,1.0128299217419572,0.11593507236197885,-0.12375942148436717,1594.766484847729,79.73832424238645,0.018160317450268443,0.1295315152438682,0.6295315152438682,True,True,D_near_zero_baseline_spd,0.0,2.0,1.0,466,No baseline prognostic sorting; treatment-related deviation
2000,1399,0.6995,0.016665785144178394,0.027008655087170864,1.0168054340490096,0.1091460219350407,-0.1281144938556483,1635.1258958640171,81.75629479320085,0.017363563699552127,-0.4657717386080018,0.034228261391998194,True,True,D_near_zero_baseline_spd,0.0,2.0,1.0,467,No baseline prognostic sorting; treatment-related deviation
2000,1459,0.7295,0.01211863620570333,0.026799853346869077,1.0121923644048387,0.13446908746952102,-0.15085357207621355,1565.7899967683738,78.28949983841869,0.018914650277123943,-0.3898583652577096,0.11014163474229038,True,True,D_near_zero_baseline_spd,0.0,2.0,1.0,468,No baseline prognostic sorting; treatment-related deviation
2000,1429,0.7145,0.022328703644657964,0.02666439256014667,1.0225798549588938,0.0362465549775634,-0.09104215225659829,1595.281389257684,79.76406946288421,0.01826144293380278,-0.2882617554879142,0.21173824451208578,True,True,D_near_zero_baseline_spd,0.0,2.0,1.0,469,No baseline prognostic sorting; treatment-related deviation
2000,1445,0.7225,0.02230244108988816,0.02687375745185604,1.0225529997520912,0.10493005057607115,-0.12162644182722067,1586.089931906105,79.30449659530524,0.018425504845156773,-0.4508864682517223,0.049113531748277706,True,True,D_near_zero_baseline_spd,0.0,2.0,1.0,470,No baseline prognostic sorting; treatment-related deviation
2000,1442,0.721,0.03099123077893112,0.026870788312997496,1.03147645860177,0.0638161483683177,-0.08285605424046551,1595.9552430089848,79.79776215044924,0.018191505793637954,-0.4509417110739017,0.049058288926098315,True,True,D_near_zero_baseline_spd,0.0,2.0,1.0,471,No baseline prognostic sorting; treatment-related deviation
2000,1442,0.721,-0.031436490725335296,0.026826527272848517,0.9690524983207597,0.20508807857423583,-0.24263733617240457,1578.9935402936044,78.94967701468022,0.018700568230515257,-0.6264161491393111,-0.1264161491393111,True,True,D_near_zero_baseline_spd,0.0,2.0,1.0,472,No baseline prognostic sorting; treatment-related deviation
2000,1439,0.7195,-0.04529460308581828,0.027278596855246074,0.955715883506822,0.16071754632151097,-0.20755476188352265,1599.172949722261,79.95864748611304,0.018076650980488246,-0.24488623280483235,0.25511376719516765,True,True,D_near_zero_baseline_spd,0.0,2.0,1.0,473,No baseline prognostic sorting; treatment-related deviation
2000,1461,0.7305,-0.0020788770639624614,0.02594689444625285,0.9979232823043481,0.19796919210398128,-0.17349922637755633,1564.8397114784,78.24198557392,0.01900631676217578,-0.4382189997291117,0.06178100027088829,True,True,D_near_zero_baseline_spd,0.0,2.0,1.0,474,No baseline prognostic sorting; treatment-related deviation
2000,1439,0.7195,0.019830014480979315,0.026610564680252587,1.0200279353110286,0.1560548729019364,-0.14714597213285258,1591.8513376472677,79.59256688236339,0.0183405713122068,-0.5461533776792499,-0.046153377679249874,True,True,D_near_zero_baseline_spd,0.0,2.0,1.0,475,No baseline prognostic sorting; treatment-related deviation
2000,1426,0.713,0.019392253632999915,0.02681451454958101,1.0195815047391463,0.11107677007543457,-0.13908543106647073,1611.0465266110323,80.55232633055162,0.01783055077269648,-0.45315987777759226,0.04684012222240774,True,True,D_near_zero_baseline_spd,0.0,2.0,1.0,476,No baseline prognostic sorting; treatment-related deviation
2000,1456,0.728,-0.016633924663348322,0.027306604665115503,0.9835036551743875,0.1257032523139006,-0.16511263921832434,1582.4873044804992,79.12436522402497,0.018384816995948988,-0.41146871297756327,0.08853128702243673,True,True,D_near_zero_baseline_spd,0.0,2.0,1.0,477,No baseline prognostic sorting; treatment-related deviation
2000,1386,0.693,-0.008609740341024814,0.027123402234706762,0.9914272173319666,0.1913287337938417,-0.22417068181758237,1632.076245905915,81.60381229529575,0.017473132190083424,-0.4013395665341227,0.09866043346587727,True,True,D_near_zero_baseline_spd,0.0,2.0,1.0,478,No baseline prognostic sorting; treatment-related deviation
2000,1425,0.7125,-0.005178797533573963,0.02702322999379144,0.9948345893191366,0.19158939489418922,-0.21796846179185494,1598.7730138561017,79.93865069280508,0.018099241938715562,-0.4467978446651444,0.053202155334855616,True,True,D_near_zero_baseline_spd,0.0,2.0,1.0,479,No baseline prognostic sorting; treatment-related deviation
2000,1447,0.7235,-0.00992318884312792,0.02725201665125611,0.9901258835429583,0.17493205330743075,-0.2172698624291971,1570.0049427962742,78.50024713981371,0.018887971351712086,-0.4422016817617824,0.05779831823821763,True,True,D_near_zero_baseline_spd,0.0,2.0,1.0,480,No baseline prognostic sorting; treatment-related deviation
2000,1449,0.7245,0.03599699904332371,0.026299802149158075,1.0366527355363082,0.11409858674362401,-0.11262345737789857,1582.5921577575282,79.1296078878764,0.018501510911114065,-0.6879148147720123,-0.18791481477201233,True,True,D_near_zero_baseline_spd,0.0,2.0,1.0,481,No baseline prognostic sorting; treatment-related deviation
2000,1448,0.724,0.0008633346064209319,0.026340641979516806,1.0008637073870126,0.140583926650338,-0.16867030270171726,1601.333761063386,80.0666880531693,0.01793055621311543,-0.45218029602629534,0.047819703973704664,True,True,D_near_zero_baseline_spd,0.0,2.0,1.0,482,No baseline prognostic sorting; treatment-related deviation
2000,1430,0.715,-0.02209044470459581,0.026675265629923124,0.9781517624031286,0.18363229456471827,-0.18942501239654472,1610.193963902685,80.50969819513425,0.017903141783383734,-0.5620984874836942,-0.062098487483694176,True,True,D_near_zero_baseline_spd,0.0,2.0,1.0,483,No baseline prognostic sorting; treatment-related deviation
2000,1446,0.723,0.04864467702521335,0.026748092017070638,1.0498472496104487,0.14381176361825615,-0.12178645605904864,1555.4929998892103,77.77464999446052,0.01924234364706668,-0.18688438895453405,0.3131156110454659,True,True,D_near_zero_baseline_spd,0.0,2.0,1.0,484,No baseline prognostic sorting; treatment-related deviation
2000,1449,0.7245,-0.02390254034058901,0.027236630359150447,0.9763808628673897,0.210467501811059,-0.2578828943377084,1573.3603073605796,78.66801536802897,0.018709089758677994,-0.6797089785700448,-0.17970897857004475,True,True,D_near_zero_baseline_spd,0.0,2.0,1.0,485,No baseline prognostic sorting; treatment-related deviation
2000,1444,0.722,-0.008196193889692772,0.027056691777917148,0.991837303328408,0.17146340731825296,-0.1802932264610466,1586.057273148832,79.3028636574416,0.018506567021333794,-0.26428748644596817,0.23571251355403183,True,True,D_near_zero_baseline_spd,0.0,2.0,1.0,486,No baseline prognostic sorting; treatment-related deviation
2000,1426,0.713,0.00712088175834485,0.02734568300597507,1.0071462955238464,0.09139353243287773,-0.1503851548120885,1605.5149726762008,80.27574863381004,0.017944296100058786,-0.2821876332392991,0.21781236676070093,True,True,D_near_zero_baseline_spd,0.0,2.0,1.0,487,No baseline prognostic sorting; treatment-related deviation
2000,1408,0.704,0.03683043231297253,0.02694805081704453,1.0375170765504236,0.06963018078151373,-0.06549517529399371,1625.010639777004,81.2505319888502,0.017643921919584547,-0.4684811766110374,0.031518823388962613,True,True,D_near_zero_baseline_spd,0.0,2.0,1.0,488,No baseline prognostic sorting; treatment-related deviation
2000,1456,0.728,-0.007453366613921882,0.02587166442932809,0.9925743408423408,0.136276741841249,-0.16051416750735656,1580.5065651478333,79.02532825739166,0.018524634566296473,-0.04134579745140243,0.45865420254859757,True,True,D_near_zero_baseline_spd,0.0,2.0,1.0,489,No baseline prognostic sorting; treatment-related deviation
2000,1474,0.737,0.026285465281344005,0.02689161428008683,1.0266339750035134,0.1430092192251594,-0.17033732753905723,1549.2675669649548,77.46337834824774,0.01941192344988335,-0.24136104595147645,0.25863895404852355,True,True,D_near_zero_baseline_spd,0.0,2.0,1.0,490,No baseline prognostic sorting; treatment-related deviation
2000,1416,0.708,-0.0068966789348942304,0.027216814972630475,0.9931270485769259,0.15327360924620492,-0.16384245425275074,1619.114187796967,80.95570938984834,0.01757539332217556,-0.6290109393634258,-0.12901093936342578,True,True,D_near_zero_baseline_spd,0.0,2.0,1.0,491,No baseline prognostic sorting; treatment-related deviation
2000,1469,0.7345,0.020849614170876926,0.026608260113056777,1.0210684858599222,0.11506946554458344,-0.13450811714773453,1551.2431317965238,77.56215658982619,0.01913443573193163,-0.6514925810559449,-0.15149258105594487,True,True,D_near_zero_baseline_spd,0.0,2.0,1.0,492,No baseline prognostic sorting; treatment-related deviation
2000,1415,0.7075,0.020314609752266708,0.026763063189684366,1.0205223558123044,0.0823320167795038,-0.13994931924133086,1630.773533241196,81.5386766620598,0.017356335384365734,-0.3001045367381821,0.1998954632618179,True,True,D_near_zero_baseline_spd,0.0,2.0,1.0,493,No baseline prognostic sorting; treatment-related deviation
2000,1472,0.736,0.018994181841461663,0.026516763395115356,1.0191757188742472,0.09541556412430359,-0.15720425329576745,1555.229581519161,77.76147907595805,0.01909227407154636,-0.5356440197411635,-0.03564401974116349,True,True,D_near_zero_baseline_spd,0.0,2.0,1.0,494,No baseline prognostic sorting; treatment-related deviation
2000,1480,0.74,0.02343918077306967,0.026847893744860428,1.0237160372352583,0.1373053831522087,-0.1337375524703333,1558.3371462119533,77.91685731059766,0.01908761538192345,-0.33732998056064734,0.16267001943935266,True,True,D_near_zero_baseline_spd,0.0,2.0,1.0,495,No baseline prognostic sorting; treatment-related deviation
2000,1444,0.722,0.03100605994532448,0.027078993036361756,1.0314917546512188,0.09295975876409462,-0.17914785856611629,1583.654721391606,79.1827360695803,0.018507503537444715,-0.1091647091234513,0.39083529087654867,True,True,D_near_zero_baseline_spd,0.0,2.0,1.0,496,No baseline prognostic sorting; treatment-related deviation
2000,1472,0.736,-0.011142667326317744,0.026539764450528875,0.9889191822549998,0.21427749181341796,-0.20369618157631383,1552.9687341769397,77.64843670884699,0.019155735840900964,-0.5598267196016449,-0.05982671960164487,True,True,D_near_zero_baseline_spd,0.0,2.0,1.0,497,No baseline prognostic sorting; treatment-related deviation
2000,1427,0.7135,-0.024015924734541876,0.02725818183240959,0.9762701627909354,0.13592030479264905,-0.1660741391165826,1609.5290575644938,80.47645287822469,0.01795172282922626,-0.5650741455172714,-0.06507414551727142,True,True,D_near_zero_baseline_spd,0.0,2.0,1.0,498,No baseline prognostic sorting; treatment-related deviation
2000,1437,0.7185,-0.02941475497600415,0.02687288458334078,0.9710136481949959,0.1609357318630288,-0.2005002431162544,1592.2615937063013,79.61307968531507,0.018351053019906152,-0.6866540992928885,-0.18665409929288845,True,True,D_near_zero_baseline_spd,0.0,2.0,1.0,499,No baseline prognostic sorting; treatment-related deviation
2000,1453,0.7265,0.0546592904139807,0.026960694183254905,1.0561807024763055,0.0438158900278932,-0.07436187223988774,1591.1164757133683,79.55582378566841,0.018199567906112015,-0.4497877993342369,0.050212200665763096,True,True,D_near_zero_baseline_spd,0.0,2.0,1.0,500,No baseline prognostic sorting; treatment-related deviation
