replicate,score,SPD,AUC,Brier
1,Oracle reference-risk logit,0.507243953624719,0.7659798513446227,0.1361860091061385
1,Linear logistic,0.3141288957244957,0.6819328508527152,0.1522302005358622
1,Gradient boosting,0.566419686606684,0.7405796687220481,0.1433930841721734
2,Oracle reference-risk logit,0.626698027462653,0.7672897853725921,0.1309606029311593
2,Linear logistic,0.3465124079226033,0.670211813460899,0.1477320379727723
2,Gradient boosting,0.626016329760732,0.7407555447545471,0.1358459745271813
3,Oracle reference-risk logit,0.4468236990345225,0.7547565478956249,0.1374876292139972
3,Linear logistic,0.3363372024866831,0.671984666552542,0.1529229731242138
3,Gradient boosting,0.5035298797587755,0.7167668313320779,0.1475166764880502
4,Oracle reference-risk logit,0.4474657677170494,0.784936394373564,0.1265985669948243
4,Linear logistic,0.355840468539004,0.6913025610371174,0.1474719324813398
4,Gradient boosting,0.5478692514236554,0.7625078611946524,0.1307269821496333
5,Oracle reference-risk logit,0.4300283025744478,0.7924834486373844,0.124359844967683
5,Linear logistic,0.3161066105405821,0.6783664144862445,0.1429714841525537
5,Gradient boosting,0.5252862345402779,0.7535076592522603,0.1303096594406948
6,Oracle reference-risk logit,0.4542305363200158,0.7870816173092849,0.124807040104605
6,Linear logistic,0.3134502945955704,0.7058044662456546,0.143328809421064
6,Gradient boosting,0.5099429622635563,0.7730286321029884,0.1295887226648377
7,Oracle reference-risk logit,0.4798847433151655,0.7915857574373032,0.1202478933406539
7,Linear logistic,0.3831577444431123,0.7007135876738755,0.1422123396003678
7,Gradient boosting,0.5813845228052462,0.7582860569600975,0.129642077892484
8,Oracle reference-risk logit,0.5026466379107306,0.7779532715680798,0.123388402697826
8,Linear logistic,0.3292834638382202,0.7026696457807655,0.1401253787638967
8,Gradient boosting,0.5866502005800747,0.7373211086927209,0.130192169986553
9,Oracle reference-risk logit,0.4963766824397183,0.7951230878885903,0.1252607085397396
9,Linear logistic,0.3613414172086571,0.6998647586673247,0.1497984332549033
9,Gradient boosting,0.5476600649043833,0.76218161936266,0.1351009080543861
10,Oracle reference-risk logit,0.547401593854021,0.7650514635832103,0.1324150394732307
10,Linear logistic,0.3182595370305058,0.6798361135498976,0.1491873083126979
10,Gradient boosting,0.5253547436559591,0.7474774126862558,0.1385093535725263
11,Oracle reference-risk logit,0.4855815631387787,0.7947818243815515,0.1281750376196017
11,Linear logistic,0.3671859852060636,0.692404512320256,0.1453432766742299
11,Gradient boosting,0.578181899881218,0.7383778211822607,0.1405580949756308
12,Oracle reference-risk logit,0.4726156727480131,0.7664305291423936,0.1298417801567414
12,Linear logistic,0.3691111487873728,0.6863751270530931,0.1487481309812583
12,Gradient boosting,0.5458707853702665,0.7476382391636629,0.1378508821558736
13,Oracle reference-risk logit,0.4580848098076456,0.7819631932895718,0.1346651431162938
13,Linear logistic,0.3400407886062923,0.6869628136394157,0.1542391354117042
13,Gradient boosting,0.5165897003857985,0.7404577538705707,0.1415615338247555
14,Oracle reference-risk logit,0.464884674725416,0.7741484974200583,0.1302080946664173
14,Linear logistic,0.3752148082788255,0.7023182923040372,0.1493472280752519
14,Gradient boosting,0.5409869605999555,0.730659575634629,0.141708029375969
15,Oracle reference-risk logit,0.5060116652316313,0.78109330245248,0.1344356670497082
15,Linear logistic,0.3737569608076683,0.7016972540756572,0.1573527009589049
15,Gradient boosting,0.5727390101013867,0.7562607447190735,0.1420233267615226
16,Oracle reference-risk logit,0.5492026143247861,0.7758495499208229,0.1349799805827914
16,Linear logistic,0.3408413179250844,0.7071005783173998,0.1507367104548982
16,Gradient boosting,0.5420366095267348,0.7410433262534362,0.1413614681434677
17,Oracle reference-risk logit,0.4847701975830971,0.7916324929971988,0.1292570535740242
17,Linear logistic,0.3731848003495953,0.6961703081232493,0.1522854688677682
17,Gradient boosting,0.6154009047928041,0.7611204481792717,0.1352485327841929
18,Oracle reference-risk logit,0.4319860166194578,0.7904685727097412,0.1262260338052021
18,Linear logistic,0.3223323060977998,0.6861391493248863,0.1509306264026769
18,Gradient boosting,0.5529884399430759,0.7773465371732935,0.1326894124472935
19,Oracle reference-risk logit,0.4876909969540226,0.757055088923065,0.128139859207808
19,Linear logistic,0.4074758215531847,0.7058101660160101,0.1443039431505546
19,Gradient boosting,0.54809423315369,0.7171497298789384,0.137763346581421
20,Oracle reference-risk logit,0.49490402544009,0.7716934815159487,0.1368038901638504
20,Linear logistic,0.3505462539051659,0.6928909330613073,0.1529434427805935
20,Gradient boosting,0.5320334422266966,0.7564800066813417,0.1430459956386135
21,Oracle reference-risk logit,0.4652025832392469,0.7801298521373334,0.1293581163519426
21,Linear logistic,0.3291292868924848,0.675012279906295,0.1469993231320943
21,Gradient boosting,0.5627265909253806,0.7448479495705181,0.133879625012697
22,Oracle reference-risk logit,0.4619938892679052,0.7737878140004969,0.1229184505825137
22,Linear logistic,0.3640516835926605,0.6908948940219273,0.1368657856866153
22,Gradient boosting,0.5652007356847711,0.7230069007012248,0.1307984706447556
23,Oracle reference-risk logit,0.5345646091941231,0.7638682941531042,0.1368873973530143
23,Linear logistic,0.3445903866500008,0.6764361060880049,0.1546630485112416
23,Gradient boosting,0.5409073645022344,0.7412763713080169,0.1446217412815575
24,Oracle reference-risk logit,0.4794457174178043,0.7856038003472647,0.1294551105853614
24,Linear logistic,0.3668160525566373,0.6945767406030667,0.1486117028297446
24,Gradient boosting,0.6029111177592751,0.7431341860067008,0.138955676066618
25,Oracle reference-risk logit,0.5240913850024012,0.7607355386789068,0.1341854431357365
25,Linear logistic,0.353351966631056,0.6932337409237559,0.1533931816845449
25,Gradient boosting,0.5960650445491443,0.7145522138070574,0.14511394903497
26,Oracle reference-risk logit,0.5231542806589918,0.776098842373775,0.1272661544383133
26,Linear logistic,0.3323412418891835,0.7000384767025941,0.1424117563292424
26,Gradient boosting,0.5583085582243984,0.741187964234084,0.1351095686942772
27,Oracle reference-risk logit,0.4857217078287617,0.8038642746034722,0.1183250270970316
27,Linear logistic,0.3188481213672896,0.7101794047395917,0.1419275845076839
27,Gradient boosting,0.5856239957155707,0.7816177024210588,0.124450389527912
28,Oracle reference-risk logit,0.5066031330058633,0.7751464465858917,0.1265508957239543
28,Linear logistic,0.3050711504868031,0.6819520041360888,0.1470390525100583
28,Gradient boosting,0.5892070486312069,0.7384562112341406,0.1343110209408476
29,Oracle reference-risk logit,0.4370962973137493,0.7744848971662338,0.1261059771845353
29,Linear logistic,0.3917787036773084,0.6977829874407686,0.1464787925454241
29,Gradient boosting,0.4917811962941951,0.7425902402879221,0.1355961325644145
30,Oracle reference-risk logit,0.5498589732345601,0.7793016437084233,0.124514106232236
30,Linear logistic,0.3528688133681985,0.6924274042918112,0.1471497983805759
30,Gradient boosting,0.6131049997849624,0.7163511739782927,0.1378405000492198
31,Oracle reference-risk logit,0.4488410560880662,0.7999138894170408,0.1248176489065104
31,Linear logistic,0.3723455415129504,0.7136508844405405,0.144830594770102
31,Gradient boosting,0.513752013369112,0.7530669038374208,0.1357760538658858
32,Oracle reference-risk logit,0.5138929139422347,0.7890252166265374,0.1239814001734532
32,Linear logistic,0.3795158681490862,0.7155492117501374,0.1408604609077041
32,Gradient boosting,0.5319384290912642,0.7368826604253873,0.1338163724738499
33,Oracle reference-risk logit,0.4886721301298639,0.783639303509949,0.1259536718204243
33,Linear logistic,0.3580068543691602,0.6862007790807851,0.1470474355583882
33,Gradient boosting,0.4915276861624717,0.7573661475413701,0.133726583803536
34,Oracle reference-risk logit,0.4680380773535489,0.7862088730759669,0.1266681721270253
34,Linear logistic,0.3635960253414649,0.7064829285362544,0.1433944095723201
34,Gradient boosting,0.59203048057193,0.7488848881563009,0.1325138459215652
35,Oracle reference-risk logit,0.4718174282818341,0.7947307450863647,0.1204460865274972
35,Linear logistic,0.2861992192697246,0.6774474336489364,0.1448245142080924
35,Gradient boosting,0.4953448762832569,0.7624798568460837,0.1308012102239561
36,Oracle reference-risk logit,0.5478371980387671,0.7947602063304144,0.1280447214778234
36,Linear logistic,0.3391916821500222,0.7157706777945089,0.1495299329427958
36,Gradient boosting,0.5628021683434004,0.7467834207585005,0.1391558464462056
37,Oracle reference-risk logit,0.4678364770342348,0.7739439637698784,0.1234336731183581
37,Linear logistic,0.3417364936847318,0.689624875281083,0.1401071800594963
37,Gradient boosting,0.5356804067205415,0.7368484625859795,0.1314249882902332
38,Oracle reference-risk logit,0.4627965804881581,0.779474207091774,0.1189125092547304
38,Linear logistic,0.3727911649830962,0.6907623895099995,0.135626611538241
38,Gradient boosting,0.5161897257912416,0.7282643458379549,0.1280432467386612
39,Oracle reference-risk logit,0.4596826680764594,0.7836385523418941,0.1270224417911606
39,Linear logistic,0.3344683648780148,0.6793087296755875,0.1509831604081933
39,Gradient boosting,0.4890937366103436,0.7459900431929524,0.1350477830592194
40,Oracle reference-risk logit,0.5125759627497696,0.7744909342596072,0.1348625190619335
40,Linear logistic,0.3774811552257011,0.6877674774583019,0.1516606306071669
40,Gradient boosting,0.567896347649893,0.7521130247464295,0.1387051936077101
41,Oracle reference-risk logit,0.4624182496903466,0.7924887593399241,0.1221683180784427
41,Linear logistic,0.3575153916860831,0.7057902460858485,0.1456542980691186
41,Gradient boosting,0.552984424303142,0.7600058640141361,0.1296689144965107
42,Oracle reference-risk logit,0.4876367192876825,0.7648994441130935,0.1306486464787269
42,Linear logistic,0.3551405719895059,0.6676685467572742,0.1492418407247231
42,Gradient boosting,0.5302528773785684,0.7294837656289381,0.1376953424573782
43,Oracle reference-risk logit,0.4631580360488911,0.7947547433074732,0.1231971463533734
43,Linear logistic,0.3296381419926686,0.6762571260319054,0.1481622524992449
43,Gradient boosting,0.5993688737131483,0.7499001695175973,0.1336552783660592
44,Oracle reference-risk logit,0.5649819258705505,0.7846859176565039,0.1254741520860317
44,Linear logistic,0.3709933436586091,0.6934718157164441,0.144402630205117
44,Gradient boosting,0.5493366093032104,0.7475630724883211,0.135095709870474
45,Oracle reference-risk logit,0.5384368390988004,0.8087576140673486,0.1251923425716852
45,Linear logistic,0.2668351372595325,0.7271275533967663,0.146637154015212
45,Gradient boosting,0.4868750597075788,0.7758848045294249,0.1303885423952586
46,Oracle reference-risk logit,0.5091116873769659,0.7868264014466546,0.1306390351951827
46,Linear logistic,0.3105671248623429,0.6912070524412297,0.1511659841706686
46,Gradient boosting,0.6134947742947465,0.7488471971066908,0.1393255610238642
47,Oracle reference-risk logit,0.5462719521026786,0.7918554548685146,0.125007993744763
47,Linear logistic,0.3733015466013369,0.706435932581988,0.1442143838083811
47,Gradient boosting,0.6491708806797726,0.7621141740278201,0.1292771754896439
48,Oracle reference-risk logit,0.4491147174443975,0.7716545513155683,0.130856892040672
48,Linear logistic,0.3141923478334276,0.6976637654603757,0.1477774551976856
48,Gradient boosting,0.4604036486637608,0.7373544576934408,0.1404390636687444
49,Oracle reference-risk logit,0.4677865061496128,0.7838099041161234,0.1280917760835652
49,Linear logistic,0.3431450415980613,0.6969954520805915,0.1469111835893954
49,Gradient boosting,0.5304315093150557,0.749709054352842,0.1350020866589832
50,Oracle reference-risk logit,0.5178113014566701,0.7660003780433644,0.1283623353492039
50,Linear logistic,0.3155808063739632,0.681825795773598,0.1489343677837598
50,Gradient boosting,0.5500400892044645,0.7448360966868955,0.1380366412211069
51,Oracle reference-risk logit,0.5813590660091867,0.7854205484350592,0.1213347216044104
51,Linear logistic,0.3453401999947921,0.702904346953243,0.14420873830384268
51,Gradient boosting,0.5331238802227873,0.7423587977339883,0.13093296365446752
52,Oracle reference-risk logit,0.4933749574041431,0.7707787864309603,0.13030125657972666
52,Linear logistic,0.3271834374454853,0.7039050804268194,0.1432527236587441
52,Gradient boosting,0.5448230329622502,0.7394449753145406,0.136320940928283
53,Oracle reference-risk logit,0.4746645608047838,0.7724317255220763,0.1314816475250336
53,Linear logistic,0.3245266544364078,0.6952478719693138,0.14877130222960813
53,Gradient boosting,0.5319818061505958,0.7331259729622156,0.14153322945872726
54,Oracle reference-risk logit,0.5492288712467324,0.7871924312602279,0.12881280212916454
54,Linear logistic,0.32880892138128165,0.692175997260743,0.1485772350348276
54,Gradient boosting,0.5638290172922285,0.7560588323300188,0.13721178199254228
55,Oracle reference-risk logit,0.4523956964673252,0.7725533516344512,0.12807576432347384
55,Linear logistic,0.36130389308223954,0.6935233213543246,0.145358529860858
55,Gradient boosting,0.49660310212624015,0.7472434399606531,0.13531739272324894
56,Oracle reference-risk logit,0.5587716024599799,0.7543171797648516,0.12967764140615998
56,Linear logistic,0.23310879542009985,0.6523405270214522,0.14685566886541085
56,Gradient boosting,0.5142038661522383,0.7318449618399341,0.13192850758789565
57,Oracle reference-risk logit,0.5227130605506508,0.7752795841954873,0.12895902737838702
57,Linear logistic,0.36483189420411977,0.6777130135973988,0.1499322957950005
57,Gradient boosting,0.5689860176874504,0.75943904571879,0.1337686589824142
58,Oracle reference-risk logit,0.5016722869689718,0.7804725771627532,0.12325920331462055
58,Linear logistic,0.3188804149011287,0.6989167512297406,0.13748672401631837
58,Gradient boosting,0.6093483112827273,0.7428424299641048,0.13087218825306185
59,Oracle reference-risk logit,0.48977715331940425,0.7901648717896925,0.12521894699206182
59,Linear logistic,0.2842764324723452,0.6599874765184721,0.15065976949247262
59,Gradient boosting,0.5068847073539711,0.7652204583345634,0.13353586636808815
60,Oracle reference-risk logit,0.47647138419390356,0.7728141423793597,0.12594954910366546
60,Linear logistic,0.3662759030864688,0.6950087593565855,0.14364208842348292
60,Gradient boosting,0.565238127957333,0.7338397834050008,0.13654106828343698
61,Oracle reference-risk logit,0.4602615991638287,0.7730625600276799,0.13406275406114196
61,Linear logistic,0.3124385333236546,0.6886420172879718,0.15433019396686945
61,Gradient boosting,0.5281757563821423,0.7575463368947271,0.14026539316259395
62,Oracle reference-risk logit,0.4679520426789926,0.7718352396561233,0.1272920619188714
62,Linear logistic,0.32968811163656786,0.6952423902915031,0.1450317965828514
62,Gradient boosting,0.554432742401078,0.7419809519619229,0.1346065863873532
63,Oracle reference-risk logit,0.4648258519809118,0.767229172329652,0.13068647101366662
63,Linear logistic,0.30617126498417485,0.6834823093602038,0.14629375723541946
63,Gradient boosting,0.5814185824882034,0.7291976155407072,0.13857406942909245
64,Oracle reference-risk logit,0.4451735361215123,0.8065577695946777,0.11797673452492656
64,Linear logistic,0.3127252069002385,0.7135271390573328,0.13982600067279458
64,Gradient boosting,0.48462073743933975,0.7824862961836407,0.1251470976040206
65,Oracle reference-risk logit,0.4913341417444346,0.7716289330082433,0.1271540354513735
65,Linear logistic,0.3416248777713501,0.7019327373350361,0.14590877592323082
65,Gradient boosting,0.6180153240260619,0.7373675451836371,0.13597517412773602
66,Oracle reference-risk logit,0.6441984744669563,0.7875922567319077,0.12326215394257256
66,Linear logistic,0.3571154061174033,0.6935077080027205,0.14527460770321746
66,Gradient boosting,0.598059542482998,0.7354451623466587,0.13300913202951886
67,Oracle reference-risk logit,0.5948802922477874,0.7741448628556618,0.12499892862336764
67,Linear logistic,0.37483318905550994,0.6689065749631775,0.1468275278070571
67,Gradient boosting,0.5542230194117754,0.7206272796808922,0.13923580429218232
68,Oracle reference-risk logit,0.45232002641552593,0.7713609375000001,0.12983931770204293
68,Linear logistic,0.3934577645577729,0.679025,0.1479437853737227
68,Gradient boosting,0.6064579527639544,0.7391234375,0.13723945873659385
69,Oracle reference-risk logit,0.5109375474345628,0.785106824310309,0.12698741155208185
69,Linear logistic,0.3924256707445805,0.6982888159467722,0.14414242118898948
69,Gradient boosting,0.6428741864109594,0.74441652376451,0.13619787104455514
70,Oracle reference-risk logit,0.5332253005956333,0.7554774878770388,0.13390579644436423
70,Linear logistic,0.3265894287651666,0.6702009207542368,0.15301383893374257
70,Gradient boosting,0.4861935003711468,0.7331994164617769,0.13838784586243172
71,Oracle reference-risk logit,0.42740004890565575,0.7650276505074391,0.13056686356275402
71,Linear logistic,0.33049337529952566,0.6749248694452654,0.15013541762393065
71,Gradient boosting,0.5236117674653309,0.7432813577692383,0.13465985440169556
72,Oracle reference-risk logit,0.4757367864230353,0.7743012098456404,0.12815241926837617
72,Linear logistic,0.26844561751455825,0.689903112721748,0.1476468760603119
72,Gradient boosting,0.4658383718575676,0.7221449075025373,0.1358366279365827
73,Oracle reference-risk logit,0.4864074559337698,0.7944776003256393,0.1266712383719827
73,Linear logistic,0.3834042964026854,0.7142425294512019,0.1492390478177119
73,Gradient boosting,0.5396123353028206,0.7549683938320084,0.14051925876319435
74,Oracle reference-risk logit,0.6163609972920175,0.7669347812439229,0.1327663757188774
74,Linear logistic,0.3789321603494583,0.6737102249498146,0.152522197698967
74,Gradient boosting,0.5737809356022912,0.7513057378969465,0.135774230937591
75,Oracle reference-risk logit,0.43388362163927763,0.7738964470207815,0.12574103029341496
75,Linear logistic,0.3198565419325173,0.6830852951614812,0.1460010942419536
75,Gradient boosting,0.483888086922149,0.7470657360306006,0.1336026824259472
76,Oracle reference-risk logit,0.44258358278800447,0.7829554146569653,0.12373352270520334
76,Linear logistic,0.2894657794314534,0.6758997035229564,0.14606634526745454
76,Gradient boosting,0.49716602658914677,0.7488937423747243,0.13389603544526044
77,Oracle reference-risk logit,0.44797934182552057,0.7595022163978695,0.12643456305196818
77,Linear logistic,0.4014100281818329,0.6566279314116279,0.1426764129208606
77,Gradient boosting,0.5525601909442818,0.7288118485866845,0.13234279933173576
78,Oracle reference-risk logit,0.5261061148966408,0.7513410099772344,0.137575073773678
78,Linear logistic,0.31024355300919093,0.6787898173343184,0.153432722899983
78,Gradient boosting,0.5851775768244063,0.7141711567224694,0.14545002143119035
79,Oracle reference-risk logit,0.4922841796286454,0.738167301531621,0.1402879723482058
79,Linear logistic,0.3530552360557277,0.6640717404893932,0.1562405875770507
79,Gradient boosting,0.5403271508991241,0.720007315563111,0.14634926736718018
80,Oracle reference-risk logit,0.4396163818275857,0.7860855723758948,0.12280669925102222
80,Linear logistic,0.3278881131845576,0.7037677340096694,0.1396894137060799
80,Gradient boosting,0.49439785887142734,0.7472391746585295,0.13190460865609266
81,Oracle reference-risk logit,0.44146266434982767,0.7891292735042735,0.1256664426254006
81,Linear logistic,0.3688054605345795,0.7037198912198912,0.14885994547649614
81,Gradient boosting,0.5360619034798815,0.741014410936286,0.13778792385494526
82,Oracle reference-risk logit,0.49143994476335734,0.7891517512656917,0.12604139241392298
82,Linear logistic,0.35191848349257154,0.7008623015200848,0.14540862932761683
82,Gradient boosting,0.5450811008589653,0.7661763875557562,0.1310240283684049
83,Oracle reference-risk logit,0.4780668198757228,0.7946026086313922,0.12386738554229314
83,Linear logistic,0.3203463081283219,0.7129473962952015,0.14651839951102724
83,Gradient boosting,0.58650379292255,0.7633757020396099,0.13291472031980947
84,Oracle reference-risk logit,0.4633914576674114,0.7883233776791518,0.12625947887625902
84,Linear logistic,0.3363487670673851,0.6795467782560521,0.1496445209277611
84,Gradient boosting,0.5360304571443776,0.7504883060122726,0.13484096462753842
85,Oracle reference-risk logit,0.4772886698847296,0.7780385115374688,0.12435712753389772
85,Linear logistic,0.2743122796851955,0.6771076286792357,0.14601542804159945
85,Gradient boosting,0.4911699299570386,0.73676868534766,0.13548807267162966
86,Oracle reference-risk logit,0.4946176279858401,0.7915312117985726,0.12282688258294093
86,Linear logistic,0.4285569644100388,0.7249165976576363,0.14225992501044107
86,Gradient boosting,0.5792667282819597,0.7536495918608779,0.1320480443709372
87,Oracle reference-risk logit,0.43586662741142596,0.7833806711072012,0.11697054787933488
87,Linear logistic,0.3423476897952993,0.6855146411964308,0.1389287209452424
87,Gradient boosting,0.5252954019251582,0.7391428930501446,0.12738581378105457
88,Oracle reference-risk logit,0.5923139879841192,0.778210287975913,0.1297081006216095
88,Linear logistic,0.2744571747359839,0.6975494123931625,0.14966771407501817
88,Gradient boosting,0.5337269420882759,0.7320409625097124,0.14246095342956147
89,Oracle reference-risk logit,0.43218102741335235,0.7765071642253667,0.12739679637750878
89,Linear logistic,0.3413232172399199,0.7020940859331339,0.14415576367751357
89,Gradient boosting,0.5360722786415285,0.7430850705777561,0.1354646880271688
90,Oracle reference-risk logit,0.5359049397066173,0.7898367966080011,0.12683019256458086
90,Linear logistic,0.33319284035542585,0.7093971404377677,0.14717666817366723
90,Gradient boosting,0.5374514966201993,0.7538714354466314,0.13856269494435333
91,Oracle reference-risk logit,0.5209622689737271,0.7775515230149148,0.13194986810375336
91,Linear logistic,0.38823340750154933,0.6702992569633408,0.15458631557115485
91,Gradient boosting,0.6107403774376433,0.7417106662101527,0.14255111871428958
92,Oracle reference-risk logit,0.4803427760987665,0.7835662854722576,0.12944183529783287
92,Linear logistic,0.3369017329226419,0.684751030537311,0.15273593061086263
92,Gradient boosting,0.4710941523780976,0.7424954214912516,0.1391824329632177
93,Oracle reference-risk logit,0.43222094068880856,0.784446776992145,0.1194087730187891
93,Linear logistic,0.3297730108195483,0.676572121587619,0.1418984767081355
93,Gradient boosting,0.5268954214481651,0.7438730801109296,0.126438023363226
94,Oracle reference-risk logit,0.47839624144109727,0.7515335791113983,0.1373873571450131
94,Linear logistic,0.4137939505444756,0.6863577971190757,0.15149430285265367
94,Gradient boosting,0.5969398009196418,0.7136726084147316,0.14603950847307243
95,Oracle reference-risk logit,0.47904096525950324,0.7709273778411342,0.1317756041381432
95,Linear logistic,0.3246611440506338,0.6792663462299955,0.15119278582605752
95,Gradient boosting,0.5618199784458044,0.7269480539259584,0.140224614627327
96,Oracle reference-risk logit,0.4779716241860039,0.7877548720385498,0.12966632665607558
96,Linear logistic,0.39056952655802585,0.7082335776206055,0.14831112590382403
96,Gradient boosting,0.5419399207406431,0.7455422141808458,0.13699558053547603
97,Oracle reference-risk logit,0.47280610170131226,0.7592127303182579,0.13539031251370615
97,Linear logistic,0.3530498473610402,0.6721859912306631,0.15197228923506845
97,Gradient boosting,0.49604185884651586,0.736615060597103,0.14279894776868093
98,Oracle reference-risk logit,0.5364840040140848,0.8168703871634047,0.11808870732508389
98,Linear logistic,0.29615183280415597,0.7062063905891836,0.14352003020925577
98,Gradient boosting,0.5467988878840194,0.7877827527141741,0.12725603828239498
99,Oracle reference-risk logit,0.4732667621058337,0.7785286108522032,0.1298197807423927
99,Linear logistic,0.3787705117563485,0.6929580081753995,0.15084570053180182
99,Gradient boosting,0.5550819286201946,0.7369814987420119,0.139951772039445
100,Oracle reference-risk logit,0.5773865325968461,0.7751911257210509,0.12535792109286134
100,Linear logistic,0.3164749394931572,0.6692485956825108,0.14803180549324685
100,Gradient boosting,0.5364928453331644,0.7257723746190079,0.1358490025545637
101,Oracle reference-risk logit,0.46978823753656307,0.7810766767011219,0.12723481535105619
101,Linear logistic,0.3058470482030838,0.6965900071853587,0.14544886116268724
101,Gradient boosting,0.5184792199632245,0.755326010216046,0.13381276342284582
102,Oracle reference-risk logit,0.4658794832349972,0.7760688416857259,0.1262666369294106
102,Linear logistic,0.42617335129569905,0.7107963537826454,0.14526714313934538
102,Gradient boosting,0.5757451315734926,0.7491793193164048,0.13347773686093184
103,Oracle reference-risk logit,0.4515732039708751,0.7670629554943161,0.1339524901166741
103,Linear logistic,0.3472133196961697,0.7009664706276835,0.146769056701178
103,Gradient boosting,0.48756227292768806,0.7285086221282315,0.14371587676670475
104,Oracle reference-risk logit,0.48591168291503406,0.7752463942684711,0.1287288709317757
104,Linear logistic,0.3922344005370598,0.6990131682131004,0.145288503556982
104,Gradient boosting,0.5999809818505858,0.7371674226312587,0.13812454419383796
105,Oracle reference-risk logit,0.5403120041526955,0.7659976817505999,0.13242499982755065
105,Linear logistic,0.3565366549379744,0.665470792966854,0.1535635063346518
105,Gradient boosting,0.5967262168239429,0.7388325149024849,0.13991803185607377
106,Oracle reference-risk logit,0.4706580664914339,0.7771032198207959,0.13080978085711434
106,Linear logistic,0.32506746056864805,0.6779354167834171,0.14943978216614698
106,Gradient boosting,0.553252938360912,0.7506818224272879,0.13533693308522696
107,Oracle reference-risk logit,0.4397979550964643,0.7837251723970474,0.13056097651732948
107,Linear logistic,0.3573375187781185,0.7197880244755246,0.14768963386200798
107,Gradient boosting,0.5268130442246223,0.732057655885781,0.1438787221172836
108,Oracle reference-risk logit,0.5743956685639978,0.7830829291375844,0.12581511802893625
108,Linear logistic,0.3741450491468528,0.7120817066919043,0.14367346848070459
108,Gradient boosting,0.5736033691543562,0.7440656177294057,0.13414193110351796
109,Oracle reference-risk logit,0.5533749414317003,0.7830230406120412,0.12766324407475663
109,Linear logistic,0.37014648086525503,0.7018910420431165,0.1497390255823128
109,Gradient boosting,0.527172796235925,0.7612383932709276,0.1336335145323868
110,Oracle reference-risk logit,0.5424270885264323,0.7869283833525887,0.12096083377948423
110,Linear logistic,0.3391310433479552,0.6967879308955103,0.13811379954869232
110,Gradient boosting,0.5013700895987718,0.7540201241301485,0.12784039650502516
111,Oracle reference-risk logit,0.5497129039881304,0.7686564953340246,0.13390181991708344
111,Linear logistic,0.3590274113460515,0.6900903569841506,0.15458242848323112
111,Gradient boosting,0.5703242261663088,0.7416293882387794,0.14170327847562805
112,Oracle reference-risk logit,0.5347763088441566,0.7959422620722931,0.12102248713237947
112,Linear logistic,0.3344456992526796,0.7165694986128424,0.14021365533698818
112,Gradient boosting,0.5055440172073451,0.7669735836918499,0.12564075233548508
113,Oracle reference-risk logit,0.4771896192082413,0.7556911935939825,0.13399174862908603
113,Linear logistic,0.2992801393875489,0.6668067671654244,0.15065475203183232
113,Gradient boosting,0.530187672020662,0.7276150536429244,0.14006218338659046
114,Oracle reference-risk logit,0.4746221346481022,0.7914363968063658,0.12165755438668331
114,Linear logistic,0.3047279768213353,0.6791673672317805,0.14627260359232166
114,Gradient boosting,0.5505690115694584,0.7568633120204403,0.13043015348332954
115,Oracle reference-risk logit,0.433237611103067,0.7833429036484416,0.12978301513256105
115,Linear logistic,0.36203426710030406,0.6862776519046411,0.15520192688048673
115,Gradient boosting,0.5716643594525842,0.7496761672445951,0.13892559697458903
116,Oracle reference-risk logit,0.553344068916516,0.7851663495394808,0.12457332600438031
116,Linear logistic,0.27877451672738024,0.6868595558533671,0.145657337097055
116,Gradient boosting,0.5297868935636146,0.7703567206731103,0.12830056835445117
117,Oracle reference-risk logit,0.4943929458075126,0.7980365816784729,0.12852113525476977
117,Linear logistic,0.36622579004401656,0.7179443978945752,0.14943168790340172
117,Gradient boosting,0.5284600952679148,0.7693916141037579,0.13822642770661073
118,Oracle reference-risk logit,0.44588434049922115,0.7712354437359777,0.1347146862914901
118,Linear logistic,0.3056599535349501,0.6950315931714515,0.15058257806583936
118,Gradient boosting,0.5808501393407591,0.7368563771850491,0.1403458635013062
119,Oracle reference-risk logit,0.4711849883592905,0.7787167388613863,0.12511392280429479
119,Linear logistic,0.35329314958032654,0.696002217409241,0.14247701131885088
119,Gradient boosting,0.5398318229963175,0.7426064872112211,0.13308174673434908
120,Oracle reference-risk logit,0.4704982705898531,0.7607701365378462,0.13320390760636527
120,Linear logistic,0.33286141907655226,0.6665962310838353,0.15189521534874026
120,Gradient boosting,0.5323259187688165,0.7125386055898292,0.14404981909597459
121,Oracle reference-risk logit,0.615397387805945,0.7636088965438252,0.1344891663679209
121,Linear logistic,0.35043441712901774,0.6789624081733843,0.15804339081022312
121,Gradient boosting,0.5791555076899516,0.7299808191651771,0.14296022159392402
122,Oracle reference-risk logit,0.5009397650908034,0.7966818780314022,0.1278485431744996
122,Linear logistic,0.2975082136820503,0.7230753504182743,0.14707105958560984
122,Gradient boosting,0.5305341636518227,0.7506190582990429,0.13910278396512052
123,Oracle reference-risk logit,0.45731262645234094,0.748527388090835,0.13179098306907427
123,Linear logistic,0.2989847206664082,0.665429112260973,0.14975240888763028
123,Gradient boosting,0.5535861694802353,0.7124468396440825,0.1426349842695555
124,Oracle reference-risk logit,0.5576059750295871,0.785356190848842,0.1302809943272633
124,Linear logistic,0.35654748961928584,0.6994387518035754,0.14952601720181347
124,Gradient boosting,0.555009427288532,0.7523431195128513,0.1394477973512408
125,Oracle reference-risk logit,0.5199581350852798,0.7953935616282164,0.12531754107871843
125,Linear logistic,0.39186880151942716,0.7064649766257458,0.1477758946830001
125,Gradient boosting,0.5770884573499099,0.7573015088746152,0.13381843321955023
126,Oracle reference-risk logit,0.44470167838763913,0.7567259092682821,0.13628284126457013
126,Linear logistic,0.34777117441942784,0.6980447319430371,0.14804330589526388
126,Gradient boosting,0.4697257790389633,0.7316623248826639,0.1433092311504795
127,Oracle reference-risk logit,0.5297468793004576,0.7580945620884104,0.13299090464626237
127,Linear logistic,0.3369008654286621,0.6735155171733901,0.14840245128241525
127,Gradient boosting,0.5453377177016397,0.7338160022082889,0.13954545159124698
128,Oracle reference-risk logit,0.4805927707656056,0.7844247653072859,0.1302125481741529
128,Linear logistic,0.35691730639430636,0.6691467447075368,0.153910744379736
128,Gradient boosting,0.5106344050333458,0.7523089202234806,0.1384523353922333
129,Oracle reference-risk logit,0.46735599852615983,0.8010833316889319,0.11906270439103755
129,Linear logistic,0.3127484845116225,0.6940475955561695,0.13964650373638698
129,Gradient boosting,0.5510155678646272,0.76621050969868,0.12846700498056898
130,Oracle reference-risk logit,0.4858462526313507,0.7380639093279877,0.13300709450514733
130,Linear logistic,0.3314526638826963,0.6518855959376202,0.14878325185799957
130,Gradient boosting,0.5107599252206269,0.6864797933975245,0.14562743781932364
131,Oracle reference-risk logit,0.47649483515424634,0.783355953907254,0.12924929386987133
131,Linear logistic,0.3594437919527609,0.6902233722970762,0.14732405856061637
131,Gradient boosting,0.5395219511518782,0.7518530868082135,0.1354570859470245
132,Oracle reference-risk logit,0.46286498968083034,0.7808699015438265,0.12948135161106927
132,Linear logistic,0.36406245157801514,0.7119490205068941,0.1459676205731755
132,Gradient boosting,0.5173078415889876,0.7362581663414945,0.1394781244901256
133,Oracle reference-risk logit,0.4846533272785108,0.755830458489708,0.13447431378569527
133,Linear logistic,0.3483815437852474,0.6867300893153814,0.15020540671978352
133,Gradient boosting,0.5526459920036335,0.7115861940132817,0.14712942720700983
134,Oracle reference-risk logit,0.5042649339904763,0.7689524401031373,0.1293225505390031
134,Linear logistic,0.38392521381333244,0.6995526948098796,0.14541753479492037
134,Gradient boosting,0.6080679142018047,0.7418827909836323,0.13547789509638652
135,Oracle reference-risk logit,0.49774081042185453,0.7566757275945117,0.13302059974013494
135,Linear logistic,0.42379300649604024,0.6570666963516102,0.15426960970703435
135,Gradient boosting,0.5332470935895571,0.7322172396312048,0.13908939131148354
136,Oracle reference-risk logit,0.46233549830584986,0.7966796621182586,0.12168724263408273
136,Linear logistic,0.30284290694759325,0.7079093567251462,0.14008228728102431
136,Gradient boosting,0.553154410438537,0.7557017543859649,0.12845155813879458
137,Oracle reference-risk logit,0.5140918905154774,0.7677453237991355,0.1383040401232312
137,Linear logistic,0.3136068443286601,0.6951668196062815,0.1578222820190492
137,Gradient boosting,0.5577901734470422,0.7372721055456481,0.14771075919246174
138,Oracle reference-risk logit,0.45458913495944014,0.7429987081425391,0.13310406337346603
138,Linear logistic,0.3772467403282477,0.6746038090609092,0.1468417486043319
138,Gradient boosting,0.5045350790379707,0.696933117597401,0.1455068435007484
139,Oracle reference-risk logit,0.49340715713819805,0.7986483739837399,0.11285804111477588
139,Linear logistic,0.369232075744792,0.6960213414634147,0.13608902381321553
139,Gradient boosting,0.5727704612705484,0.7824457994579945,0.12053216427492922
140,Oracle reference-risk logit,0.49977502598785106,0.76250999315439,0.12963668615568563
140,Linear logistic,0.3711093246916188,0.700289941102223,0.1426778454526404
140,Gradient boosting,0.6130027338577478,0.723727777697992,0.13529117315082637
141,Oracle reference-risk logit,0.5506808607749413,0.7781242613091128,0.12558712951618423
141,Linear logistic,0.2898447143446309,0.6867152265423082,0.14740300731787684
141,Gradient boosting,0.5201914404422059,0.7318640135629517,0.1376615639152455
142,Oracle reference-risk logit,0.48837411780006157,0.789122599471588,0.12536513180571732
142,Linear logistic,0.3583442544721951,0.6861516621317876,0.14566969495418108
142,Gradient boosting,0.5462836372030256,0.7439835955676486,0.1319511498012832
143,Oracle reference-risk logit,0.4866427867467354,0.7642797975149562,0.13205876699249547
143,Linear logistic,0.4176165446900092,0.6922794907194355,0.1503117251122581
143,Gradient boosting,0.613217624381984,0.7440358950759318,0.1360232947897087
144,Oracle reference-risk logit,0.44447795845084925,0.753299827393644,0.13234593282412033
144,Linear logistic,0.35337740252360633,0.6668380038582598,0.14742759327776758
144,Gradient boosting,0.52339536524761,0.7160228830338106,0.14031031925327245
145,Oracle reference-risk logit,0.47268076349761995,0.7713176867617733,0.13074466783009428
145,Linear logistic,0.3090074927712171,0.6844101856112901,0.15059294674129173
145,Gradient boosting,0.5629712054217234,0.7284522165976377,0.14034535487123845
146,Oracle reference-risk logit,0.5009918760471282,0.7726808059907381,0.12889710230809276
146,Linear logistic,0.38363270137068073,0.6808337028278648,0.15025432037805075
146,Gradient boosting,0.5821506012185425,0.75342398265839,0.1338356410465969
147,Oracle reference-risk logit,0.47925126104221843,0.7784599156118144,0.13093693914490515
147,Linear logistic,0.33872841967034295,0.6904761904761905,0.15150262311471982
147,Gradient boosting,0.5647781742005755,0.7317842073538275,0.13895990500700275
148,Oracle reference-risk logit,0.5460149762403377,0.7744859474890434,0.12522488348144734
148,Linear logistic,0.39176540229742596,0.7112379880181738,0.14037264162239485
148,Gradient boosting,0.5971465468713248,0.7572465924168711,0.1307178946716901
149,Oracle reference-risk logit,0.5398524312698523,0.7528653114688026,0.13002460626924137
149,Linear logistic,0.3551156870727134,0.6581463009143808,0.14856057792470148
149,Gradient boosting,0.527346956302771,0.7261061361747148,0.1355416175991467
150,Oracle reference-risk logit,0.4726717057036086,0.768264833349296,0.1352309654382153
150,Linear logistic,0.34569377066171325,0.6619831074609712,0.15582823416459934
150,Gradient boosting,0.5617753442469945,0.7414893808064362,0.1405815747212165
151,Oracle reference-risk logit,0.45307651133293203,0.7731830035281485,0.13113687627100273
151,Linear logistic,0.3525098587501459,0.7096119036662065,0.14774886256527378
151,Gradient boosting,0.4816053954546312,0.7349010584445468,0.1418296497791939
152,Oracle reference-risk logit,0.5172398222952325,0.7937668493556509,0.12921922536170424
152,Linear logistic,0.3531562873839753,0.7004547474448231,0.15188587058975866
152,Gradient boosting,0.6312401065204386,0.7535179973337284,0.1364271423948695
153,Oracle reference-risk logit,0.4245363282276787,0.7660302062384163,0.13116693412594538
153,Linear logistic,0.3298994980317378,0.6907606766828345,0.14648075262120727
153,Gradient boosting,0.49791130867125477,0.7381253203990694,0.13900215186380693
154,Oracle reference-risk logit,0.4441124018317833,0.7675643268166956,0.13111940342761066
154,Linear logistic,0.3483865687892407,0.690784716084331,0.1487484713985047
154,Gradient boosting,0.5649900034970571,0.7335095895321743,0.139218486886532
155,Oracle reference-risk logit,0.4545579620258946,0.7538829642647179,0.13220923008188537
155,Linear logistic,0.38149920307739327,0.679965990479863,0.14657042605955337
155,Gradient boosting,0.5508395291743412,0.7200646686600376,0.13865025510470064
156,Oracle reference-risk logit,0.4695386928776619,0.7904308043023753,0.12648640664377253
156,Linear logistic,0.3588814347148344,0.7159941056449783,0.1421738168569864
156,Gradient boosting,0.5569764281906664,0.749828396181264,0.13316879826727915
157,Oracle reference-risk logit,0.505441907007242,0.7796507472384665,0.12555892993733067
157,Linear logistic,0.36784906682015234,0.7031091617933722,0.14197189979119693
157,Gradient boosting,0.5870566064700367,0.7497238466536713,0.13237187272688725
158,Oracle reference-risk logit,0.45494837486819417,0.7704872343147469,0.1334159411031118
158,Linear logistic,0.298174630274744,0.6786160303622883,0.1530266142700931
158,Gradient boosting,0.49393451883912065,0.726915309684376,0.14147523128221592
159,Oracle reference-risk logit,0.47335682286696046,0.7801861766705518,0.13359628937032586
159,Linear logistic,0.3732529620148998,0.6975023674242423,0.1501239235755476
159,Gradient boosting,0.5139899169868145,0.753592111013986,0.14264835675720008
160,Oracle reference-risk logit,0.4506455253550655,0.799422307806251,0.12996617357353374
160,Linear logistic,0.3551349115115956,0.6939727447785513,0.1533034981145084
160,Gradient boosting,0.5575446716529531,0.7614679306769369,0.1367152391425081
161,Oracle reference-risk logit,0.46532919772465986,0.7632948273782849,0.13428560142877635
161,Linear logistic,0.3408910482004153,0.685024364607077,0.15413753843503136
161,Gradient boosting,0.5455660976635807,0.7213397630685261,0.14379784631211437
162,Oracle reference-risk logit,0.4667055184900375,0.765638657527602,0.12837623022928074
162,Linear logistic,0.3924255525201944,0.7004748038199164,0.1410329009909783
162,Gradient boosting,0.515607993785964,0.7220354873941783,0.13661991590887698
163,Oracle reference-risk logit,0.5096584832796026,0.7772409633709942,0.12394065705906698
163,Linear logistic,0.3675219274372344,0.6936834063769048,0.1435437052408956
163,Gradient boosting,0.5893512016549709,0.7449784890032569,0.13512313134514034
164,Oracle reference-risk logit,0.5415154614992143,0.8090129708599858,0.12044653320781744
164,Linear logistic,0.3425710259633894,0.6951990684333436,0.1466776836394281
164,Gradient boosting,0.5212944586705596,0.7597186262564728,0.1298332953677267
165,Oracle reference-risk logit,0.5221295651845448,0.7534413817579558,0.13126546158902078
165,Linear logistic,0.38014679002698865,0.6970495682006388,0.14560056342593825
165,Gradient boosting,0.5299286736814046,0.7302496155211167,0.13872442327043766
166,Oracle reference-risk logit,0.463133012733733,0.7599754577432887,0.1301639377476778
166,Linear logistic,0.3767135561970783,0.6910187102916936,0.14462642400895173
166,Gradient boosting,0.5068625521939807,0.7301194209680524,0.13790928235110977
167,Oracle reference-risk logit,0.5007566808445101,0.7852164501184259,0.12913924378169814
167,Linear logistic,0.38891214481073905,0.7067201659322594,0.1494353373514665
167,Gradient boosting,0.566576300242365,0.7621018690022779,0.13334444149124994
168,Oracle reference-risk logit,0.5166617638800295,0.773794905606736,0.13547130941130864
168,Linear logistic,0.38277785213321897,0.686658823244757,0.15186688926712344
168,Gradient boosting,0.5949278632968936,0.7393040122429968,0.14270083180028184
169,Oracle reference-risk logit,0.4803632953292785,0.7718152414731085,0.1279644271986714
169,Linear logistic,0.3489679958842595,0.6891967877276202,0.1440612799047799
169,Gradient boosting,0.5925150354477058,0.7429765583574028,0.13674341535040863
170,Oracle reference-risk logit,0.6031513478225711,0.7911513796729341,0.12979132506151483
170,Linear logistic,0.3818242826889827,0.6755545994864305,0.15300604913086352
170,Gradient boosting,0.6390939464889672,0.7419215083962759,0.14203938879179492
171,Oracle reference-risk logit,0.42117621766162466,0.7761958455955171,0.1315988851237631
171,Linear logistic,0.35269199982261534,0.702686685412797,0.14596527460972214
171,Gradient boosting,0.5059590263960453,0.7362940366407309,0.14166723279720794
172,Oracle reference-risk logit,0.44697686078038507,0.7563274992489497,0.13115781982015112
172,Linear logistic,0.340114526158025,0.6892702334534484,0.1447341010075605
172,Gradient boosting,0.5697903920768896,0.7359370802662136,0.13544730738468422
173,Oracle reference-risk logit,0.4997063973735071,0.7824002764859042,0.11985164779784362
173,Linear logistic,0.338631377774346,0.6802068327243664,0.14016581550846102
173,Gradient boosting,0.5332120381409996,0.7327524470830238,0.13264960822369226
174,Oracle reference-risk logit,0.5194406008588908,0.7705943536624631,0.13335316198083746
174,Linear logistic,0.34199339126137884,0.6948197145523689,0.15313750972391318
174,Gradient boosting,0.5420182815137171,0.7293974856037237,0.14542223972875465
175,Oracle reference-risk logit,0.5011814414484558,0.7811140853583716,0.1283807447060994
175,Linear logistic,0.421144471861812,0.6976675134939426,0.14874936716598552
175,Gradient boosting,0.5963804454088907,0.7474901948308694,0.1373862797742605
176,Oracle reference-risk logit,0.44477171097223034,0.7698874240853208,0.13505212720428164
176,Linear logistic,0.28188883170904416,0.6864597837357428,0.15600105084187138
176,Gradient boosting,0.4967997840800454,0.7248155828766109,0.14708212191063716
177,Oracle reference-risk logit,0.45132593042519153,0.8002709083168853,0.12579358219118592
177,Linear logistic,0.3172679744348622,0.6907480939664848,0.14774400435217347
177,Gradient boosting,0.5171598345159701,0.7783954487402764,0.1327546972081894
178,Oracle reference-risk logit,0.5195741497090357,0.7864427059364935,0.13284514240492853
178,Linear logistic,0.3671926030195411,0.7076407424451603,0.14840682981943518
178,Gradient boosting,0.5923255126379071,0.7624727718975304,0.13993425672553844
179,Oracle reference-risk logit,0.5886199798104874,0.7700936683987532,0.13003727649866914
179,Linear logistic,0.2916531442709091,0.6787002719206109,0.1496771699825622
179,Gradient boosting,0.5798751675119923,0.7134900694222728,0.14064258504230862
180,Oracle reference-risk logit,0.5063888749984474,0.7984309121166078,0.1203215978231868
180,Linear logistic,0.37597382442908595,0.714069827864054,0.13744882872276526
180,Gradient boosting,0.5954132127844759,0.7649821418000275,0.12535565924667474
181,Oracle reference-risk logit,0.4105193325703936,0.7807674031836542,0.13109443314374125
181,Linear logistic,0.3694113922850004,0.6765097379851478,0.1516697458369631
181,Gradient boosting,0.5387415666270359,0.7531327862760506,0.1397383707839655
182,Oracle reference-risk logit,0.48998472509600677,0.7804331472713366,0.1235421637368813
182,Linear logistic,0.3520250565066606,0.6891842772344823,0.1456182472376903
182,Gradient boosting,0.5615990176054122,0.7433166235752982,0.13203443258508413
183,Oracle reference-risk logit,0.4316544201213436,0.7603281351526965,0.12668466399140596
183,Linear logistic,0.36860307239837764,0.7051364522417154,0.14111046710234024
183,Gradient boosting,0.5509859324410811,0.7355685510071475,0.13326326469368507
184,Oracle reference-risk logit,0.4992769940534635,0.7569235923661902,0.1293282968340933
184,Linear logistic,0.3191919884167287,0.6825641155312249,0.14714727073501502
184,Gradient boosting,0.5755652888374263,0.7330458117086307,0.1347304139632493
185,Oracle reference-risk logit,0.6302883793113307,0.7937717367312728,0.13055172525944425
185,Linear logistic,0.325476763411365,0.6898172175790873,0.1527847473168664
185,Gradient boosting,0.5334285204693268,0.7376797847653478,0.1423876427294901
186,Oracle reference-risk logit,0.5264419337622794,0.8110546875,0.12156649892963245
186,Linear logistic,0.39711653066043495,0.7397640625,0.14144033586510865
186,Gradient boosting,0.6034199066920877,0.762134375,0.13123975133284
187,Oracle reference-risk logit,0.43089672988913125,0.7805890625,0.12226193890859059
187,Linear logistic,0.3466618220860366,0.6972031249999999,0.14438523662159197
187,Gradient boosting,0.5267894891892893,0.740096875,0.13199142991776983
188,Oracle reference-risk logit,0.4643384564101501,0.7820647997850378,0.12770355594420268
188,Linear logistic,0.3364279789598724,0.7135581741413691,0.14481544052214593
188,Gradient boosting,0.5301256654672059,0.7551678134983053,0.1342206127475418
189,Oracle reference-risk logit,0.48646524822915,0.7927097500764941,0.119060437915526
189,Linear logistic,0.33100419142705506,0.7105414502003266,0.1406289199836709
189,Gradient boosting,0.5428629597559537,0.7594207913416667,0.12618261144833656
190,Oracle reference-risk logit,0.4798966886558048,0.7725074324282561,0.13304545942329826
190,Linear logistic,0.32624608777567915,0.691881810483896,0.14924545026270974
190,Gradient boosting,0.5138110446573967,0.7334725046510621,0.14263382133121957
191,Oracle reference-risk logit,0.4532539828138004,0.7843197637820236,0.13007759812712513
191,Linear logistic,0.37398630830554985,0.6983495838862145,0.15050964364107602
191,Gradient boosting,0.49229152531584663,0.7349748429666731,0.1426376756955824
192,Oracle reference-risk logit,0.5854913137912726,0.7458381496175048,0.1429968780768035
192,Linear logistic,0.32894385911239266,0.6744419402993744,0.1591397356135677
192,Gradient boosting,0.557523283597154,0.7099657874406798,0.153753595615585
193,Oracle reference-risk logit,0.44431838093101983,0.7722381869352688,0.13238254547986752
193,Linear logistic,0.38431518468658404,0.6773352095985778,0.1558061582567881
193,Gradient boosting,0.5437717614644986,0.7318323211376092,0.1414361607687098
194,Oracle reference-risk logit,0.5043719224731861,0.7840218038262012,0.12440251883146763
194,Linear logistic,0.28898117936701667,0.6921055277103587,0.14488133351434862
194,Gradient boosting,0.5658740597852685,0.7470411486582444,0.1339067994981459
195,Oracle reference-risk logit,0.49932621404606403,0.7713390747097,0.127570016950454
195,Linear logistic,0.33603254018712997,0.6640353354747806,0.1483524622011927
195,Gradient boosting,0.5230700268153259,0.745043315636873,0.1334382625900251
196,Oracle reference-risk logit,0.4590494546229502,0.7746856017762138,0.12102008825549143
196,Linear logistic,0.3164866282300411,0.6913996062167485,0.1392488010177223
196,Gradient boosting,0.5366372854806524,0.7432281848267772,0.12755722266009561
197,Oracle reference-risk logit,0.483508440214597,0.7668826192964124,0.13068396423086398
197,Linear logistic,0.3159329213340372,0.6638027787453076,0.15079471551460732
197,Gradient boosting,0.5086618148376704,0.7399434962653353,0.13635846958362793
198,Oracle reference-risk logit,0.6326999134750108,0.7855778900488459,0.1321321603187824
198,Linear logistic,0.29209521952110823,0.6769511421319796,0.15488061547422866
198,Gradient boosting,0.5105793233355214,0.7651251676084667,0.13686664545307875
199,Oracle reference-risk logit,0.43773036097874274,0.7729831941700129,0.12262392907706664
199,Linear logistic,0.34737521338062083,0.694229666057061,0.1404849850223395
199,Gradient boosting,0.5318760931587652,0.7591943399834278,0.12739841359327053
200,Oracle reference-risk logit,0.45248220648590315,0.7595013049516329,0.13371376539629634
200,Linear logistic,0.3639444724723638,0.6856144047505028,0.15128105270961964
200,Gradient boosting,0.6068778478377148,0.7313879776841299,0.1405009424164055
201,Oracle reference-risk logit,0.4753956181142789,0.7718481009616828,0.1331122836496626
201,Linear logistic,0.34626139715908777,0.7048096156271962,0.15118270004268225
201,Gradient boosting,0.5633612820689572,0.7464244739576764,0.14149022609121523
202,Oracle reference-risk logit,0.4459404290145193,0.7790905137240498,0.12752085093673635
202,Linear logistic,0.3463900399424312,0.6825772722173472,0.1494787822936301
202,Gradient boosting,0.5253449340324801,0.7611565053425517,0.13518884190075642
203,Oracle reference-risk logit,0.46694579388019336,0.7802308601627148,0.1290317129825031
203,Linear logistic,0.37405486268442706,0.6987028339159624,0.14513352633674978
203,Gradient boosting,0.5749804666357322,0.7334393233496217,0.13846106283325543
204,Oracle reference-risk logit,0.46253318241483643,0.7559808393044924,0.13019537926071
204,Linear logistic,0.33947994580754726,0.6907632486366193,0.1500559664320478
204,Gradient boosting,0.52976451597261,0.7119491452886944,0.14038233206148554
205,Oracle reference-risk logit,0.45173405953343987,0.7880816556691352,0.12298291156236241
205,Linear logistic,0.40793643578399685,0.7221637502783423,0.13992264120201173
205,Gradient boosting,0.582712895351926,0.7461356452979746,0.13101640581007803
206,Oracle reference-risk logit,0.45284247196047256,0.7616548628042881,0.13188220963252129
206,Linear logistic,0.33023435940955226,0.6759657881496961,0.14958800330731178
206,Gradient boosting,0.5380124730582038,0.7392546151166841,0.13840566322102915
207,Oracle reference-risk logit,0.44616057386619395,0.7699796875,0.12834957392579657
207,Linear logistic,0.33459403798874177,0.6855671875,0.14816985561770477
207,Gradient boosting,0.49878568176535343,0.7430078125,0.13381046394682397
208,Oracle reference-risk logit,0.4977034452608496,0.7837300819925743,0.12458163213506797
208,Linear logistic,0.23728949123627682,0.674757954311056,0.1449859742388116
208,Gradient boosting,0.5047214411619172,0.7473329852516502,0.13614219106322212
209,Oracle reference-risk logit,0.5856575411465663,0.7930935558054202,0.12498830756143582
209,Linear logistic,0.4024968882441377,0.6930551506822693,0.14907815469334662
209,Gradient boosting,0.5359068259499677,0.7437745912322183,0.13912431730738764
210,Oracle reference-risk logit,0.47800963964486654,0.8045483162483119,0.11684932887946874
210,Linear logistic,0.3256780247470315,0.713562767629291,0.14078256538718642
210,Gradient boosting,0.5347972764590977,0.7515855508617804,0.12970356167256653
211,Oracle reference-risk logit,0.5349076137363569,0.7893127491958318,0.12486001472006447
211,Linear logistic,0.31514397426240603,0.685119196666474,0.14364930036340826
211,Gradient boosting,0.5000029217854602,0.7321863102002555,0.1371952566754781
212,Oracle reference-risk logit,0.5414276542169089,0.7738193077947837,0.12856715807375926
212,Linear logistic,0.4048362899741311,0.6877264992587653,0.14666878739892406
212,Gradient boosting,0.5712444278968839,0.7353752901930029,0.13922194944434108
213,Oracle reference-risk logit,0.47259933566471785,0.7658763772907435,0.12446261629946773
213,Linear logistic,0.41655185657333677,0.6901988735136639,0.14463121186383257
213,Gradient boosting,0.5687586300989462,0.7180718245665051,0.13412518875296522
214,Oracle reference-risk logit,0.5074956464275162,0.7966003862297519,0.12405213703618077
214,Linear logistic,0.38339717312032984,0.709095588817613,0.1483699510677286
214,Gradient boosting,0.611790129680145,0.7677923070831125,0.13437876930957765
215,Oracle reference-risk logit,0.4355779504283988,0.7672352291620139,0.12924963026231023
215,Linear logistic,0.3600522721805516,0.69333141020869,0.14707663704977253
215,Gradient boosting,0.5012338323230917,0.7464220576192957,0.13401160550968436
216,Oracle reference-risk logit,0.4844093663109305,0.7539992559523809,0.13601393095026287
216,Linear logistic,0.3030843238025895,0.670422335600907,0.1566765588021671
216,Gradient boosting,0.5677838030686126,0.7199487433862435,0.14347785081653303
217,Oracle reference-risk logit,0.534912620700716,0.8074565632862587,0.12243432498908194
217,Linear logistic,0.366261767737861,0.6925125603474621,0.14554961000790456
217,Gradient boosting,0.5802022715726403,0.7758724156877275,0.13155963779107702
218,Oracle reference-risk logit,0.4697499018194187,0.7855068069865974,0.12699437952475226
218,Linear logistic,0.33022757932164376,0.6837028904619502,0.1501818441056796
218,Gradient boosting,0.5443879118778069,0.7615005229076421,0.13329814844205923
219,Oracle reference-risk logit,0.46688843852908685,0.7984901105695548,0.11838234098426405
219,Linear logistic,0.3200033545889932,0.7068903710427479,0.1394442571021762
219,Gradient boosting,0.5523574834764537,0.7588172806861759,0.12765008004709952
220,Oracle reference-risk logit,0.47612094904900165,0.7556331070269989,0.12882507299459955
220,Linear logistic,0.33907481563567776,0.6937767657021382,0.14168702369381084
220,Gradient boosting,0.5620594028007538,0.7205314807791536,0.13734173149609016
221,Oracle reference-risk logit,0.5020756483032585,0.780221087699563,0.12846934700005808
221,Linear logistic,0.3318112067126889,0.6829628965764474,0.14900900210970575
221,Gradient boosting,0.5479358791347947,0.7423991445754091,0.13618514409080723
222,Oracle reference-risk logit,0.5387886554853011,0.7990668050280569,0.12869555265108076
222,Linear logistic,0.4461499456113945,0.7092951757631341,0.15095191075261286
222,Gradient boosting,0.6158033557009225,0.7672647769518113,0.13382495470654007
223,Oracle reference-risk logit,0.4990721488355468,0.7897131945209505,0.1298268411136012
223,Linear logistic,0.37258044795269635,0.6935051962836473,0.15561036113188553
223,Gradient boosting,0.6506327506015129,0.7688369872571701,0.13700669888777486
224,Oracle reference-risk logit,0.49507442525713824,0.7877225038764812,0.12420716027965745
224,Linear logistic,0.3537455007058071,0.6900643749452529,0.14858851283220634
224,Gradient boosting,0.5877332985228166,0.7661740321090977,0.12971413084350203
225,Oracle reference-risk logit,0.44326068724171747,0.7714816479934241,0.13514430297672955
225,Linear logistic,0.3425298241263532,0.6798573800483412,0.15446862102872239
225,Gradient boosting,0.5694989055884647,0.7384173221219688,0.14140955600097527
226,Oracle reference-risk logit,0.5545637445226655,0.7932955217262784,0.12969596756996984
226,Linear logistic,0.34251001147669025,0.6996532909646271,0.14919551939175973
226,Gradient boosting,0.5544930100890835,0.7472518844221105,0.14031612093868473
227,Oracle reference-risk logit,0.4940826586843191,0.7794776238254499,0.12652164003031924
227,Linear logistic,0.28966180655713575,0.6843175664914796,0.14530994062207112
227,Gradient boosting,0.524175455469373,0.7469947443860487,0.13221707261695032
228,Oracle reference-risk logit,0.5525365919615516,0.7987264730519981,0.12398609230129719
228,Linear logistic,0.300278765217883,0.6889078218906122,0.1440302951143416
228,Gradient boosting,0.514835794162651,0.7681885303098459,0.132648761786931
229,Oracle reference-risk logit,0.450578522880367,0.7967740299576314,0.12790569283225858
229,Linear logistic,0.3985797593384494,0.7001762665605277,0.14685562200068028
229,Gradient boosting,0.5093330886001884,0.7369017963206852,0.14028628851003624
230,Oracle reference-risk logit,0.5742829438547413,0.7780556489262371,0.13406051545718464
230,Linear logistic,0.3393869086621073,0.6994718954248366,0.15260623235611012
230,Gradient boosting,0.541926992501892,0.7394420168067226,0.142972746243508
231,Oracle reference-risk logit,0.5082505561183783,0.7558315580532395,0.1325302740822672
231,Linear logistic,0.31658964988664856,0.6661994045173241,0.1488375773503838
231,Gradient boosting,0.49695902036423045,0.707660359944624,0.14210750087787577
232,Oracle reference-risk logit,0.4509664748553569,0.7590317423388275,0.1347599427002915
232,Linear logistic,0.3489990389411608,0.6835967094391848,0.15400708666968038
232,Gradient boosting,0.516611983375503,0.7204455023235559,0.14571572600977653
233,Oracle reference-risk logit,0.4678695083793835,0.7894311778141082,0.12888519261601267
233,Linear logistic,0.37418239686479143,0.706905843405959,0.15050691818509548
233,Gradient boosting,0.5060160991326152,0.7590615890670689,0.13560322137168962
234,Oracle reference-risk logit,0.5392653238653197,0.7956790678411994,0.12808328212362516
234,Linear logistic,0.4099201547151417,0.7053990281660873,0.15294910311527365
234,Gradient boosting,0.5561373978989963,0.7697944469581186,0.1354058529965587
235,Oracle reference-risk logit,0.4268426225617081,0.7783831009552303,0.1291956067684962
235,Linear logistic,0.4129940097436141,0.7068264636049221,0.14442670330429486
235,Gradient boosting,0.5125074526031265,0.7395657701004571,0.1398765846267543
236,Oracle reference-risk logit,0.46245127202912534,0.7781235479689907,0.13002965159347746
236,Linear logistic,0.30127913325892175,0.702729512606686,0.14805398601448577
236,Gradient boosting,0.4893392301194897,0.7424876500941527,0.13851761830465267
237,Oracle reference-risk logit,0.47234263851115965,0.791315637083668,0.12667062354923894
237,Linear logistic,0.37455326717472026,0.6999358651050132,0.14693566083854495
237,Gradient boosting,0.5534114073529808,0.7577958144197661,0.1352395779770975
238,Oracle reference-risk logit,0.4953808791302384,0.7866613809818481,0.12143356054279048
238,Linear logistic,0.39583001614850044,0.7061610457920792,0.14204161049833663
238,Gradient boosting,0.5720036981593466,0.7248510983910892,0.1358990272201026
239,Oracle reference-risk logit,0.47608239280400605,0.7699742268041238,0.1266081721205177
239,Linear logistic,0.3489378904985523,0.6875799416745543,0.14380175291643363
239,Gradient boosting,0.5370969250221933,0.7349198025120872,0.13706476141739632
240,Oracle reference-risk logit,0.4559265713619944,0.7840200634776695,0.12448776888915873
240,Linear logistic,0.2813019083368393,0.6828005743217714,0.14576688778606645
240,Gradient boosting,0.47859248052814934,0.7513995944482228,0.13085364335612165
241,Oracle reference-risk logit,0.4733738471399614,0.7823175820475874,0.1244759080146797
241,Linear logistic,0.33867823625409976,0.6862731956871062,0.1460956189033397
241,Gradient boosting,0.5081661819240477,0.738617378275002,0.13375062197701937
242,Oracle reference-risk logit,0.5078673317786719,0.7823624884069345,0.13246431733458391
242,Linear logistic,0.33088144502928585,0.6804371477491618,0.15530954858278512
242,Gradient boosting,0.5381941752810103,0.7398471498894201,0.14543179840668724
243,Oracle reference-risk logit,0.4531054411653639,0.7844229109554269,0.12200387632196896
243,Linear logistic,0.35648778093106165,0.6732345923444005,0.14669258198116303
243,Gradient boosting,0.48923055846734176,0.7242327901309777,0.1344296474723743
244,Oracle reference-risk logit,0.44395470642686596,0.7827935794037488,0.12771014076760423
244,Linear logistic,0.4211959058873484,0.7095199976555909,0.14652597065047185
244,Gradient boosting,0.5260291181670547,0.7491466813500712,0.1342511808638151
245,Oracle reference-risk logit,0.4738362326077309,0.7553266694538405,0.1385416743850202
245,Linear logistic,0.29064902865823034,0.6829402151191517,0.1514756078263344
245,Gradient boosting,0.5600116408534042,0.7338740450762039,0.14217448206013994
246,Oracle reference-risk logit,0.47517588387967574,0.7686639055069796,0.12785184239558572
246,Linear logistic,0.372530225442698,0.703192207393772,0.14670393131876283
246,Gradient boosting,0.5277913225822563,0.7274812087743519,0.13674360527307183
247,Oracle reference-risk logit,0.4730704108757472,0.7870342805739101,0.12238013697830744
247,Linear logistic,0.30346345520241647,0.68737016159825,0.14101279473023884
247,Gradient boosting,0.5117191842179841,0.7535270743403724,0.13108557192061224
248,Oracle reference-risk logit,0.5121765837694763,0.7941214090199791,0.12199632728233971
248,Linear logistic,0.30049081413089856,0.7084990790719091,0.14182450011622286
248,Gradient boosting,0.5424312339140777,0.7670355708475097,0.12768461752585636
249,Oracle reference-risk logit,0.4522607236181345,0.7810143148180629,0.13288002646364844
249,Linear logistic,0.31500545142836844,0.6803488684113086,0.15223789567926116
249,Gradient boosting,0.560184218512691,0.7452355146603585,0.13920092694633615
250,Oracle reference-risk logit,0.4831947022574435,0.755738618710821,0.13237119399130676
250,Linear logistic,0.32556960430018106,0.6814792477657766,0.15089601606544067
250,Gradient boosting,0.5258416688298658,0.735184372924929,0.1373239091265596
251,Oracle reference-risk logit,0.5339307067355046,0.7631821300319548,0.13204873578744136
251,Linear logistic,0.31161778836875753,0.6799126651049812,0.14980916843731723
251,Gradient boosting,0.49324683527707985,0.7412139735832031,0.13922086161360994
252,Oracle reference-risk logit,0.4954011294774321,0.7887962061227082,0.1335253129710605
252,Linear logistic,0.3356347213904695,0.6669333228485534,0.1533884014332698
252,Gradient boosting,0.5142680733372084,0.7551597215081146,0.1412876690024933
253,Oracle reference-risk logit,0.4970457264601252,0.7844657613835133,0.12788162502330674
253,Linear logistic,0.2945579830759865,0.7025591658374075,0.14641606849933173
253,Gradient boosting,0.5197246718726827,0.7614947679413565,0.1325573679756663
254,Oracle reference-risk logit,0.4357991097902869,0.787187862709335,0.1199350809240068
254,Linear logistic,0.31382838640289507,0.695445199801028,0.1404321794458467
254,Gradient boosting,0.5069932328362151,0.7532167136461614,0.1285639795807864
255,Oracle reference-risk logit,0.4967842195926024,0.774454356677269,0.13007411779583106
255,Linear logistic,0.36633799872227546,0.6998757834114392,0.14652694382076736
255,Gradient boosting,0.5860434503254833,0.7186306062145935,0.14228755622926356
256,Oracle reference-risk logit,0.5196557661191018,0.7790438097349492,0.12997431725787906
256,Linear logistic,0.3291461883787475,0.6848550349788156,0.15010351482482795
256,Gradient boosting,0.5674476334520494,0.760233458961474,0.13255995167713128
257,Oracle reference-risk logit,0.4899094195298527,0.7841185029920509,0.12860833136076963
257,Linear logistic,0.3337336613988412,0.67703318314595,0.14909135350659858
257,Gradient boosting,0.5147275815183626,0.7390856816682496,0.1394795299089143
258,Oracle reference-risk logit,0.4285598853227943,0.7869100607283801,0.131420791261009
258,Linear logistic,0.2817169698324028,0.707593750563134,0.15046947388069054
258,Gradient boosting,0.5281111494575601,0.7621411709584993,0.13476411796272425
259,Oracle reference-risk logit,0.44393361047295676,0.7614601776145546,0.12810568620050877
259,Linear logistic,0.29285526314715427,0.6749525281035191,0.14702623193602002
259,Gradient boosting,0.4755944022838646,0.726369327441026,0.13617038890338098
260,Oracle reference-risk logit,0.47307807667073826,0.777832489645651,0.12862163060912404
260,Linear logistic,0.2956369032517611,0.685378125479368,0.1500475611872372
260,Gradient boosting,0.5652353256647004,0.7519558214450069,0.1357054644144797
261,Oracle reference-risk logit,0.42485902585469676,0.8041725636673427,0.12011938367349524
261,Linear logistic,0.3404961640947311,0.6996914916209902,0.1411394879774689
261,Gradient boosting,0.4664296244188863,0.7467783327578185,0.1332492417044633
262,Oracle reference-risk logit,0.4805107354292555,0.794686495406606,0.12634987867609213
262,Linear logistic,0.34016053731766677,0.7094405641743851,0.1497523739626683
262,Gradient boosting,0.5897269850379324,0.7429248795428117,0.13794012187258364
263,Oracle reference-risk logit,0.44386128757370497,0.7553185054349469,0.13617780740775118
263,Linear logistic,0.2944890055183412,0.6891902927068273,0.15123059641387498
263,Gradient boosting,0.5427566286570438,0.7118449784961196,0.14503380434009144
264,Oracle reference-risk logit,0.49754275593969755,0.7873938890148366,0.12145460207713599
264,Linear logistic,0.3250354004260391,0.7183320108818863,0.1434267801842028
264,Gradient boosting,0.5437787345747267,0.7451242474621527,0.1309891238443769
265,Oracle reference-risk logit,0.5024458117116802,0.7638281894595709,0.12784067261800397
265,Linear logistic,0.32476785049332346,0.6802305718853136,0.14383680522772838
265,Gradient boosting,0.5276757362356133,0.7200279109942245,0.13879939456985965
266,Oracle reference-risk logit,0.5128441840322764,0.7728896358543418,0.13373589058437546
266,Linear logistic,0.3679197064283609,0.6836212885154062,0.151747298203342
266,Gradient boosting,0.5644202940718991,0.7534760037348273,0.1396689870399793
267,Oracle reference-risk logit,0.5926777531694384,0.7892868042066102,0.12376997924071612
267,Linear logistic,0.3533661969346327,0.6891158077282658,0.143638975119588
267,Gradient boosting,0.5643645577371905,0.7649807608778143,0.1285100926466674
268,Oracle reference-risk logit,0.4711108911122537,0.7921890728374339,0.13192670648605925
268,Linear logistic,0.38786442252793435,0.7179072999553434,0.15007295059058778
268,Gradient boosting,0.5210897285475399,0.7611416764061305,0.14280876037653276
269,Oracle reference-risk logit,0.45711663312205714,0.7704635028701972,0.12312512417177832
269,Linear logistic,0.41842541028598923,0.6829046913324575,0.14335163506952736
269,Gradient boosting,0.547696081627623,0.7647538490412182,0.12579720406903766
270,Oracle reference-risk logit,0.468886680145568,0.7793856120591101,0.13076013987110854
270,Linear logistic,0.34342885715210275,0.6909338914462343,0.1503433497027148
270,Gradient boosting,0.5145753715991066,0.7525329816899449,0.13673468436121186
271,Oracle reference-risk logit,0.5756573042615084,0.7772579194994581,0.1284176833928649
271,Linear logistic,0.3767042154995999,0.7027354911813972,0.14595455462113405
271,Gradient boosting,0.5612896809054563,0.7462527096265642,0.13496144624822262
272,Oracle reference-risk logit,0.441542334311074,0.7953590653022093,0.12178549224926769
272,Linear logistic,0.32233937643596594,0.698754311404244,0.14117886287267015
272,Gradient boosting,0.5245801068477688,0.7646994672496049,0.1292600739692281
273,Oracle reference-risk logit,0.5358796973460691,0.7917235127756368,0.12624158681484324
273,Linear logistic,0.31007959496703696,0.690669888328977,0.1490874729345923
273,Gradient boosting,0.5960026965667368,0.7748327537709833,0.1321038434598629
274,Oracle reference-risk logit,0.49572924199264784,0.7935927722199354,0.1264118122224593
274,Linear logistic,0.37127249319295746,0.7072259904194332,0.1509222867726653
274,Gradient boosting,0.5658778049437538,0.7818183987448623,0.1307067197937615
275,Oracle reference-risk logit,0.4300938270601614,0.7785007295240348,0.12717168552043123
275,Linear logistic,0.34806627491045294,0.6820473993454,0.14675090306931468
275,Gradient boosting,0.5230642886689829,0.7389345005717892,0.1352681687332042
276,Oracle reference-risk logit,0.45151613027143295,0.7896680009105425,0.11797165911468419
276,Linear logistic,0.36609408115047315,0.7150267762640838,0.13580461549870643
276,Gradient boosting,0.5103405769288388,0.7568037299011862,0.12440748222507662
277,Oracle reference-risk logit,0.5148848028427813,0.7874159399940881,0.1265679560942263
277,Linear logistic,0.3641254979148255,0.6862714306828259,0.14988693563959954
277,Gradient boosting,0.5575593027466845,0.7654140802049463,0.1330212923453265
278,Oracle reference-risk logit,0.4854151279784182,0.7805292222733549,0.1277743570614934
278,Linear logistic,0.361993011498227,0.6972756557754257,0.14839769627994776
278,Gradient boosting,0.598120713880479,0.735483969934039,0.13793633072104652
279,Oracle reference-risk logit,0.4850792836845704,0.7989550735992295,0.12914291405294748
279,Linear logistic,0.29239681263022893,0.7014683616151827,0.15157638965242617
279,Gradient boosting,0.6070719856513421,0.7561133930822309,0.14061154024171338
280,Oracle reference-risk logit,0.5175490954952303,0.7875999687633504,0.1314132482009561
280,Linear logistic,0.32023955073711796,0.6917601086545425,0.150710397925008
280,Gradient boosting,0.530489197054273,0.7538490749204921,0.1398746158024614
281,Oracle reference-risk logit,0.48568934718031304,0.7766618038481405,0.1274849107757083
281,Linear logistic,0.3308097811165898,0.6745289807320284,0.1505719846703402
281,Gradient boosting,0.5099198277422732,0.7504843882316761,0.13374479363110117
282,Oracle reference-risk logit,0.5212628988107523,0.7775441296657539,0.13307287148364366
282,Linear logistic,0.321872686710643,0.6761338893164152,0.15491988080406235
282,Gradient boosting,0.5945906617092321,0.736576170278767,0.13965997161622654
283,Oracle reference-risk logit,0.4712875442085316,0.7796186414900609,0.12965599615271325
283,Linear logistic,0.38102348463750824,0.681516234667094,0.1545485379442279
283,Gradient boosting,0.5556101955693767,0.7559421270433364,0.1397977108715775
284,Oracle reference-risk logit,0.4473514003704022,0.7775859822824388,0.12845406338794377
284,Linear logistic,0.4098669439117836,0.7236780068984342,0.14467603641236315
284,Gradient boosting,0.5624856389183569,0.7490741085386734,0.13452884095378545
285,Oracle reference-risk logit,0.6058860150246856,0.7754649516969423,0.13319028682762593
285,Linear logistic,0.37649044975010343,0.6834094603531715,0.1502708190982283
285,Gradient boosting,0.5590599639228588,0.7459608383655457,0.14072426862221393
286,Oracle reference-risk logit,0.4692762262457051,0.7640536014906958,0.1373647675407147
286,Linear logistic,0.37514336673086907,0.6829767745862135,0.15330621065201053
286,Gradient boosting,0.5299552531549968,0.722726666276903,0.14400517711356672
287,Oracle reference-risk logit,0.5112909135140827,0.7803416592767761,0.132765239244193
287,Linear logistic,0.30740237651565094,0.6637861488816632,0.15308826439158646
287,Gradient boosting,0.47627244079121844,0.7329493669327027,0.14066745151134755
288,Oracle reference-risk logit,0.5550414669117814,0.7831781193490054,0.13182451120477
288,Linear logistic,0.3877310541839843,0.7050135623869802,0.14976138746850637
288,Gradient boosting,0.5146159128888635,0.7427622061482821,0.1406182760526596
289,Oracle reference-risk logit,0.4408821658035263,0.7860211884298011,0.1260253119116196
289,Linear logistic,0.3255581866207393,0.687011364646545,0.14721232371839954
289,Gradient boosting,0.5282874098808753,0.7237066807652539,0.14034200147600956
290,Oracle reference-risk logit,0.4510178394082419,0.7953547420970082,0.1270550210996435
290,Linear logistic,0.3777858549518761,0.7205252106231669,0.14758762578290174
290,Gradient boosting,0.5375967062449479,0.757529372515809,0.13460167907165124
291,Oracle reference-risk logit,0.5507715366636738,0.7720822710119964,0.132166034369055
291,Linear logistic,0.3871071854752926,0.697322117037892,0.15043811200430593
291,Gradient boosting,0.5745601281140689,0.7262823979603431,0.14125057233072003
292,Oracle reference-risk logit,0.5338267846286512,0.771990823135019,0.1262635080100122
292,Linear logistic,0.39676751962224355,0.7111827671677916,0.14056151459061914
292,Gradient boosting,0.5009755687035934,0.7187934817077511,0.13839717096402646
293,Oracle reference-risk logit,0.43893158400338483,0.7944024618914882,0.12854327360288947
293,Linear logistic,0.3097330124473882,0.7074139001664554,0.1480533676254375
293,Gradient boosting,0.5413304405212547,0.7668038283206012,0.13429935970970605
294,Oracle reference-risk logit,0.4770968766543054,0.7896630161887149,0.11978673560910005
294,Linear logistic,0.38109070747114515,0.705157027045439,0.1374555400916466
294,Gradient boosting,0.5416427457102262,0.7636411066747087,0.1265130936721862
295,Oracle reference-risk logit,0.5071740933583031,0.775195383806663,0.13260029527985925
295,Linear logistic,0.42215305656832514,0.7302453678245022,0.1456128649091913
295,Gradient boosting,0.570272552386652,0.7513690879261214,0.14010568024214404
296,Oracle reference-risk logit,0.44092699825433795,0.7946554194060014,0.12364287314094298
296,Linear logistic,0.34413081341350166,0.7122003786037707,0.14196047537481038
296,Gradient boosting,0.6055246398260772,0.7646716955309406,0.12996239237450619
297,Oracle reference-risk logit,0.49031805962688985,0.7801969206929498,0.12023808402779193
297,Linear logistic,0.3402765368258605,0.7096518485120263,0.13914711065837188
297,Gradient boosting,0.5437554272757665,0.7473724646338704,0.1301677143272173
298,Oracle reference-risk logit,0.4530161419340671,0.7771999924431345,0.1305408363195581
298,Linear logistic,0.3416784573142149,0.6732899443310915,0.14819993209935114
298,Gradient boosting,0.5048291287368706,0.7451699035240182,0.13748435427271727
299,Oracle reference-risk logit,0.5559930604903641,0.7764979968311975,0.12834599588140672
299,Linear logistic,0.3464862792812876,0.7151258838300403,0.1467495685522004
299,Gradient boosting,0.529523327765204,0.7568812344498931,0.1367701110480873
300,Oracle reference-risk logit,0.5053173063404893,0.7738165362785704,0.13293552056186425
300,Linear logistic,0.34048874721429895,0.682333179935573,0.150255778389701
300,Gradient boosting,0.6292055813897237,0.7394592728946158,0.1400083909768997
301,Oracle reference-risk logit,0.4899730791930098,0.7782389840193643,0.12403163724224585
301,Linear logistic,0.3685774629236177,0.6970468889445331,0.14242316026210197
301,Gradient boosting,0.5773374594116844,0.7418555900122632,0.1301171337973958
302,Oracle reference-risk logit,0.4772339897826122,0.7784434954426669,0.12420993977936248
302,Linear logistic,0.3400908897681698,0.7088487606047681,0.14013314180098954
302,Gradient boosting,0.5277570448346656,0.7463779129914638,0.1311050609555144
303,Oracle reference-risk logit,0.42999922327124396,0.7723670512248497,0.12785567615806365
303,Linear logistic,0.3163521234951352,0.6823153900086784,0.14315952742690516
303,Gradient boosting,0.5181419687961624,0.7471460487586437,0.13332551128456635
304,Oracle reference-risk logit,0.5478534955376833,0.7608989108759012,0.13131505666912283
304,Linear logistic,0.2942541428870511,0.666910569105691,0.15139218635961849
304,Gradient boosting,0.5586419727924219,0.7188709924835098,0.13972985509515662
305,Oracle reference-risk logit,0.4620650388360019,0.7573760024324426,0.1329081088651661
305,Linear logistic,0.31775799061904914,0.6730720991220402,0.1526369616703194
305,Gradient boosting,0.5105258246052086,0.709708486944624,0.14208044486312577
306,Oracle reference-risk logit,0.49441006510733954,0.763904299112824,0.13364163001833548
306,Linear logistic,0.37574425939394096,0.7009445397991363,0.15021765427759437
306,Gradient boosting,0.5512147663743455,0.737053524928333,0.13856404098199954
307,Oracle reference-risk logit,0.46189766217725564,0.8000722051282052,0.11808058098683523
307,Linear logistic,0.3578089638755506,0.6897985641025641,0.14056793890620078
307,Gradient boosting,0.5568775613891649,0.7773956923076923,0.12576150830184452
308,Oracle reference-risk logit,0.502802124758655,0.7911784207353828,0.12647916313795832
308,Linear logistic,0.38249730321928477,0.6973869801084991,0.1500474207150264
308,Gradient boosting,0.5550304170733519,0.7763728149487644,0.13283922589198066
309,Oracle reference-risk logit,0.4902687592808983,0.801036807605751,0.12396043642210862
309,Linear logistic,0.3748471789078006,0.7153785330295275,0.14436478852775422
309,Gradient boosting,0.5277670481017793,0.7849481986091682,0.13102205369869535
310,Oracle reference-risk logit,0.4583304336061757,0.7852920004644143,0.12935750375441565
310,Linear logistic,0.3374086140741493,0.7004682843763304,0.14720419419005015
310,Gradient boosting,0.5040935948128035,0.7576098146213089,0.13761217045310664
311,Oracle reference-risk logit,0.4770700876974054,0.7899767133708305,0.13087751874030687
311,Linear logistic,0.30699980505228863,0.6959487665068165,0.15583532042949177
311,Gradient boosting,0.48393853072614124,0.7551282219109582,0.14002750251959714
312,Oracle reference-risk logit,0.48652828257199204,0.7906638075478318,0.12923654509680435
312,Linear logistic,0.3988403233734489,0.6907342773667878,0.1517718227239915
312,Gradient boosting,0.5696132499704447,0.7518313079561332,0.1393796623180221
313,Oracle reference-risk logit,0.4620933106489221,0.7862641100262382,0.11848934374359067
313,Linear logistic,0.3286004986711834,0.687790149535164,0.1363931801339009
313,Gradient boosting,0.4991528081101919,0.7398521185711047,0.1282169906942365
314,Oracle reference-risk logit,0.4900570940479136,0.7628404902933794,0.12837465820268706
314,Linear logistic,0.2719179564935558,0.6824108198317225,0.14702090763987968
314,Gradient boosting,0.496385876500977,0.7321371000878685,0.13544438637179734
315,Oracle reference-risk logit,0.4332434974141773,0.8017288001563374,0.1262323759573216
315,Linear logistic,0.3283683646988372,0.683880438289924,0.1517670847863776
315,Gradient boosting,0.5673700960289446,0.7782872880470103,0.13233428974072028
316,Oracle reference-risk logit,0.40906535724219073,0.7812950040484328,0.1298302949108707
316,Linear logistic,0.3445972886080671,0.7019488105024383,0.14772168953235326
316,Gradient boosting,0.49588194683981146,0.7381220216204857,0.13932808274958394
317,Oracle reference-risk logit,0.47470997365135703,0.7781302114121215,0.12475181173121666
317,Linear logistic,0.37716295099755875,0.6807319726191106,0.1446804942812197
317,Gradient boosting,0.6392634464384711,0.7471897422588754,0.13277420403686946
318,Oracle reference-risk logit,0.6107243347418454,0.7804456962659019,0.12801114325133425
318,Linear logistic,0.33238907583953714,0.6625462609891781,0.15061882453398767
318,Gradient boosting,0.5525188366340731,0.741141205772311,0.1364560763945105
319,Oracle reference-risk logit,0.611671721167444,0.7690883273314846,0.1338229773505778
319,Linear logistic,0.3263731575194035,0.6735899364798156,0.1561237819392593
319,Gradient boosting,0.5757155031742232,0.7457115343811715,0.14084345157400538
320,Oracle reference-risk logit,0.4215740186123892,0.7975540910808768,0.12862174718804475
320,Linear logistic,0.34116010241143885,0.7140657478269086,0.1510278753534991
320,Gradient boosting,0.4895596876393992,0.762608949829932,0.13688400839119713
321,Oracle reference-risk logit,0.4557100714251261,0.7803051374604119,0.12595340475257608
321,Linear logistic,0.2805403503448502,0.683866338792978,0.14590698441178324
321,Gradient boosting,0.46629131036490057,0.7270720205321415,0.13559988305445272
322,Oracle reference-risk logit,0.5644154137656985,0.7738613313208242,0.12423215064808728
322,Linear logistic,0.36851996651485847,0.6945067403121914,0.1408971553085301
322,Gradient boosting,0.48219273759446624,0.7489482937889602,0.13294642719069696
323,Oracle reference-risk logit,0.4757698173084173,0.7722625517844247,0.13282393411319576
323,Linear logistic,0.3452309560748772,0.6874888829767017,0.1518769913262361
323,Gradient boosting,0.5285298719181167,0.7361947474440348,0.1380106203364777
324,Oracle reference-risk logit,0.5271459987712265,0.8116973855874754,0.1202658460409489
324,Linear logistic,0.32397437502490295,0.731998733723875,0.1413960902761652
324,Gradient boosting,0.5839752500437706,0.7791163567061472,0.12707916263456454
325,Oracle reference-risk logit,0.49008781479469776,0.7728243657151828,0.13365317894943843
325,Linear logistic,0.3197352283221065,0.6945982950883025,0.15095677480803027
325,Gradient boosting,0.5630418917405255,0.7466272366210323,0.13960885080476315
326,Oracle reference-risk logit,0.46612158807057946,0.7733186680420127,0.13996797717512893
326,Linear logistic,0.3491836665852341,0.6849693111682271,0.16118677855715793
326,Gradient boosting,0.5300517559477445,0.7255301445822957,0.15113583272911943
327,Oracle reference-risk logit,0.4982345754918293,0.7781211372064276,0.12415106235340903
327,Linear logistic,0.33686572187582453,0.7102767297225585,0.14010376725519302
327,Gradient boosting,0.5349388120202618,0.747853014839599,0.13266017815581627
328,Oracle reference-risk logit,0.47859612966683956,0.7771460664708463,0.13093590858085877
328,Linear logistic,0.393357322238649,0.6797133572402525,0.15239113322693434
328,Gradient boosting,0.5236740659199868,0.7220084815502257,0.14210421996244643
329,Oracle reference-risk logit,0.43347112505308144,0.7557348475886274,0.1328208182342313
329,Linear logistic,0.3153919463279639,0.6692976852399543,0.14851513093088797
329,Gradient boosting,0.5397359860940786,0.721318663985173,0.14022638261600323
330,Oracle reference-risk logit,0.4651720823907045,0.7646563069860333,0.13739983140043444
330,Linear logistic,0.34659462970663935,0.6815533289116993,0.1553044295014099
330,Gradient boosting,0.5600520967621248,0.7306156605965645,0.14732156442475677
331,Oracle reference-risk logit,0.48240982814866207,0.8107104782211393,0.12001787287694456
331,Linear logistic,0.3313841662824762,0.7285447761194029,0.14106247302002942
331,Gradient boosting,0.5035531961572578,0.7718565971164585,0.12510105036249314
332,Oracle reference-risk logit,0.48214489261753946,0.7871563380366292,0.1306420455992283
332,Linear logistic,0.3607107664189857,0.6999786759891637,0.15102483479907858
332,Gradient boosting,0.5846407490352471,0.7393049573820123,0.14143391939878364
333,Oracle reference-risk logit,0.45489027052050207,0.7661445012787723,0.136469767249686
333,Linear logistic,0.42339773592504354,0.712648701283465,0.15411033051070813
333,Gradient boosting,0.6042199214639626,0.7421557873249021,0.14277171382015158
334,Oracle reference-risk logit,0.46751095200632387,0.7927968750000001,0.12315630501532387
334,Linear logistic,0.3271275514802438,0.7044609374999999,0.14489069470468408
334,Gradient boosting,0.5399122434398885,0.7660390625,0.13312183365805016
335,Oracle reference-risk logit,0.49872792846830655,0.7488889987700181,0.137152052633067
335,Linear logistic,0.3383623295062494,0.6596071474927531,0.1520198275310512
335,Gradient boosting,0.5364118233594227,0.7059045311543906,0.14745657726373013
336,Oracle reference-risk logit,0.45920189413207285,0.7872878085485322,0.1224932007762516
336,Linear logistic,0.4044535558350778,0.7129229094913541,0.14135994542912966
336,Gradient boosting,0.5481399855178899,0.7564341663558374,0.1302053033238052
337,Oracle reference-risk logit,0.507236187056034,0.7957244767133322,0.12316476490448272
337,Linear logistic,0.37165292542429706,0.7072459412115548,0.14489746026391606
337,Gradient boosting,0.4976716922540038,0.7531508346130786,0.13345294138487981
338,Oracle reference-risk logit,0.4809859849937489,0.7741096441684238,0.1297541312266948
338,Linear logistic,0.3714647108164282,0.6914981719756801,0.14771178214874928
338,Gradient boosting,0.48622813278132326,0.7418306035976264,0.13765948959015883
339,Oracle reference-risk logit,0.47064815198596205,0.7714883031650259,0.1281410338452589
339,Linear logistic,0.3777284511956302,0.6795247791082136,0.14856166033367713
339,Gradient boosting,0.5561115433916948,0.7489041027652725,0.13388914145624875
340,Oracle reference-risk logit,0.44507596653989073,0.7948885776247638,0.13074771207726427
340,Linear logistic,0.3744211355311055,0.6978832584990379,0.15529714227484728
340,Gradient boosting,0.5694936371212855,0.7656661125001636,0.13939505596495805
341,Oracle reference-risk logit,0.48014164458023295,0.7993289027989936,0.12016221897099366
341,Linear logistic,0.3628506415294432,0.6973036897629861,0.14423809544587332
341,Gradient boosting,0.5658975513281719,0.7487478521551567,0.13113282279420507
342,Oracle reference-risk logit,0.49819894886711613,0.8055059096169006,0.12417505946763102
342,Linear logistic,0.3573815686257217,0.718234752635162,0.14529362963885126
342,Gradient boosting,0.6063891307730017,0.7868788217341125,0.1277437506202034
343,Oracle reference-risk logit,0.45139729458194383,0.7942138293892131,0.1217837697999582
343,Linear logistic,0.36194886710693863,0.692389937993015,0.14631390672931843
343,Gradient boosting,0.4974452867176998,0.7574730079414651,0.13207430653968982
344,Oracle reference-risk logit,0.43200991079163503,0.7869835131455613,0.11962091649797757
344,Linear logistic,0.3256741942717616,0.6933229669943171,0.13727221447393434
344,Gradient boosting,0.5726860356515542,0.7480323308612308,0.13072243068697112
345,Oracle reference-risk logit,0.5156604441194307,0.7739414119308266,0.12996131915146328
345,Linear logistic,0.37370202957077436,0.700442549221273,0.1458329046291331
345,Gradient boosting,0.5449574291830535,0.7377625825964036,0.1389815433062296
346,Oracle reference-risk logit,0.4940017103174913,0.7885389174923204,0.1264349354219529
346,Linear logistic,0.44531396681956437,0.7103531716844571,0.14606913923399073
346,Gradient boosting,0.5983131784707859,0.7552305134401791,0.13593223130495533
347,Oracle reference-risk logit,0.4956887966466004,0.7767042680977355,0.1286743167111345
347,Linear logistic,0.32881283148834367,0.6771329961525205,0.14906637561605368
347,Gradient boosting,0.5574830279704869,0.7562285655467336,0.13169430264944607
348,Oracle reference-risk logit,0.4355642445797543,0.7663403272261464,0.12949487067516294
348,Linear logistic,0.32849422688218927,0.6730905342561407,0.14698468465010972
348,Gradient boosting,0.5342119827098081,0.7425940264523372,0.13588564457765506
349,Oracle reference-risk logit,0.4670667231178126,0.7855824133400582,0.12494154515938108
349,Linear logistic,0.32160632383749294,0.7271916388022341,0.14361400599908802
349,Gradient boosting,0.46665927260212037,0.7412374921388054,0.13566212769565664
350,Oracle reference-risk logit,0.5875945285754557,0.7844079280023919,0.12839209745091568
350,Linear logistic,0.3662199799600115,0.6902531156122662,0.1468589267295515
350,Gradient boosting,0.6224358708602936,0.7465133790128038,0.13561916696424048
351,Oracle reference-risk logit,0.546662257761028,0.7603165569267265,0.13309526147227352
351,Linear logistic,0.31011838255337026,0.68886297699857,0.14954995654788025
351,Gradient boosting,0.4876514365385367,0.7238779611660968,0.14149400110998947
352,Oracle reference-risk logit,0.5063363434158183,0.7786805191192925,0.12555273632156216
352,Linear logistic,0.32994096937457423,0.6937926304277741,0.14588915038017677
352,Gradient boosting,0.5109189708781854,0.7300541750162779,0.134452753644966
353,Oracle reference-risk logit,0.5091256060285683,0.768600578744435,0.13066090900661043
353,Linear logistic,0.35114736322051987,0.6847533267047682,0.1498912678689811
353,Gradient boosting,0.5849897120505027,0.735984349619421,0.13823829199944176
354,Oracle reference-risk logit,0.5912378974856098,0.8049675113710202,0.12009765401234278
354,Linear logistic,0.3429272462797299,0.7246848602988953,0.1394279677114804
354,Gradient boosting,0.5525739442768186,0.749567901234568,0.13289464268488244
355,Oracle reference-risk logit,0.4764863878186213,0.7488819226750262,0.13485146287266872
355,Linear logistic,0.389512189015942,0.6602840667208483,0.15217683695794412
355,Gradient boosting,0.4999992479178961,0.7190262781067379,0.14263785949879992
356,Oracle reference-risk logit,0.4409237171557278,0.796527608372398,0.12363572467642897
356,Linear logistic,0.32248482695944075,0.6873480207150193,0.14709913342620404
356,Gradient boosting,0.4848154593332145,0.7593502705911052,0.13427544587015086
357,Oracle reference-risk logit,0.48842244856454947,0.7853495873654224,0.11680233319289646
357,Linear logistic,0.30884380605156764,0.7123220644296426,0.13618937685643795
357,Gradient boosting,0.5161249644271324,0.7532319550919526,0.12544882771353164
358,Oracle reference-risk logit,0.4496720248548224,0.7596504478656514,0.13178189993018213
358,Linear logistic,0.2964643426018112,0.6844894553250648,0.14614039426961675
358,Gradient boosting,0.5178633534898529,0.7227816914231788,0.14221821428230946
359,Oracle reference-risk logit,0.48100630575438696,0.7812196902578585,0.1325123327989279
359,Linear logistic,0.36498499009016794,0.7030376076909355,0.15144260740470622
359,Gradient boosting,0.5564808074971141,0.7403604713741117,0.14008442109880795
360,Oracle reference-risk logit,0.4891923156848452,0.777830547112462,0.12393025812683543
360,Linear logistic,0.3231086602376259,0.6676547269678232,0.1440550154650854
360,Gradient boosting,0.5230018999998428,0.7416839167802118,0.13290510242352546
361,Oracle reference-risk logit,0.46909156504237526,0.7921891391019336,0.1315243671509221
361,Linear logistic,0.36571209440821156,0.7040146359051516,0.15217235702660803
361,Gradient boosting,0.5405772371141978,0.7634574210003873,0.13947153152696926
362,Oracle reference-risk logit,0.4518322437749333,0.7768649353878746,0.1244715650829221
362,Linear logistic,0.2973019498844497,0.6895097939484363,0.14261371170240414
362,Gradient boosting,0.512642877197841,0.743881507029586,0.13430918318443072
363,Oracle reference-risk logit,0.4278060167124018,0.7883699132406632,0.12392950120443498
363,Linear logistic,0.3270816750095867,0.6941963415413935,0.14581058729239796
363,Gradient boosting,0.5236838621479238,0.7558761008672814,0.1298958664614862
364,Oracle reference-risk logit,0.48828416957568804,0.7732208179302069,0.13349826175351706
364,Linear logistic,0.3203764424471096,0.6655937207353004,0.15644334090547307
364,Gradient boosting,0.5757599987836289,0.7335123892500941,0.1435647551508744
365,Oracle reference-risk logit,0.566733307078453,0.7747840000000001,0.12331610770001139
365,Linear logistic,0.3465068425183782,0.685950358974359,0.1422724726601899
365,Gradient boosting,0.5117721251171985,0.7334449230769231,0.13117624559106633
366,Oracle reference-risk logit,0.45925933914462735,0.7667921875,0.1310024595906685
366,Linear logistic,0.3221101632407053,0.6764359375,0.14883177274030882
366,Gradient boosting,0.5448942145316724,0.7266078125,0.141693685118482
367,Oracle reference-risk logit,0.46302680209882086,0.7529610279035568,0.12987829855252328
367,Linear logistic,0.30653053397691926,0.6790355663918883,0.14835295737861726
367,Gradient boosting,0.5069240770025781,0.728758852896784,0.1363661065645365
368,Oracle reference-risk logit,0.5200168017849851,0.8041461035442032,0.12985319688668034
368,Linear logistic,0.3723966931443667,0.6983070197622746,0.1555680370676147
368,Gradient boosting,0.5689659080868779,0.7489042234184761,0.14238245924484916
369,Oracle reference-risk logit,0.47347141323929826,0.7898800244686939,0.119228002968283
369,Linear logistic,0.3822552812654538,0.6988476034492965,0.13992014010911197
369,Gradient boosting,0.529486247384793,0.741204096532944,0.13002356540529883
370,Oracle reference-risk logit,0.495157057384555,0.7881776043810512,0.13206669650945393
370,Linear logistic,0.368857053378467,0.6966387482028981,0.15297904069229734
370,Gradient boosting,0.6277080361097945,0.7468382936330392,0.14122427775643767
371,Oracle reference-risk logit,0.5665814324285152,0.7621873911529083,0.13094361266991772
371,Linear logistic,0.31842135211916284,0.6884956848175239,0.14945039013606695
371,Gradient boosting,0.5343114364743479,0.7150787569178374,0.13937970018621523
372,Oracle reference-risk logit,0.48376684515018387,0.7826193756474746,0.12851612616039348
372,Linear logistic,0.3655474140102478,0.7015093884787261,0.14751477224897616
372,Gradient boosting,0.5584904986108723,0.7581286207091211,0.13479325998860117
373,Oracle reference-risk logit,0.45016748210149504,0.7720971883805835,0.12798189499810134
373,Linear logistic,0.3656463735973841,0.6961669638322991,0.14341299989739922
373,Gradient boosting,0.5611851724502654,0.7528398942058309,0.13109063203037624
374,Oracle reference-risk logit,0.4465160793190034,0.7739166128235339,0.1302335366169855
374,Linear logistic,0.3589687324489437,0.6794162137509027,0.1510974928296252
374,Gradient boosting,0.5493165616549545,0.7470624453650565,0.13877718487608928
375,Oracle reference-risk logit,0.4799189645693179,0.7848935689684376,0.12736996095582817
375,Linear logistic,0.3778617602703454,0.7027475078262725,0.14484756986665387
375,Gradient boosting,0.5793077556053271,0.7501207661277675,0.13343342498922797
376,Oracle reference-risk logit,0.4360159384705772,0.7814836556632222,0.1262986673211443
376,Linear logistic,0.31341265814137204,0.6848023802822564,0.14394906685345596
376,Gradient boosting,0.5053573245596821,0.7595263559969443,0.13219697466031294
377,Oracle reference-risk logit,0.5158531608303021,0.7870449638948858,0.1264207296706885
377,Linear logistic,0.351834289201496,0.6923310752127845,0.14789090753228049
377,Gradient boosting,0.6213392151231901,0.7563912876250032,0.135158395125348
378,Oracle reference-risk logit,0.45275026651467526,0.7625361156662402,0.13602411595280406
378,Linear logistic,0.3760086503310672,0.6803275488199713,0.1529328684115335
378,Gradient boosting,0.5635412305110492,0.7330188792580445,0.1451091724339147
379,Oracle reference-risk logit,0.46208328317813435,0.7753842743127402,0.1307086830639505
379,Linear logistic,0.3125174387829215,0.6927452827864813,0.14849943655417497
379,Gradient boosting,0.529248416168289,0.7259628411666174,0.14003328440274293
380,Oracle reference-risk logit,0.4735260439983491,0.7678828751950819,0.1158431533692873
380,Linear logistic,0.3498050909270177,0.688725805004302,0.13368323933082654
380,Gradient boosting,0.5277536251617231,0.7441651373886911,0.12237058875374514
381,Oracle reference-risk logit,0.3847325254459929,0.7856497585288081,0.12568564923031014
381,Linear logistic,0.3425144429880768,0.7207463388670142,0.1387069112953937
381,Gradient boosting,0.49590593045007875,0.7468581073932343,0.13100210706300613
382,Oracle reference-risk logit,0.47897162420541667,0.8060485569237318,0.12733045077348823
382,Linear logistic,0.30911240776325105,0.6940035233432814,0.15189193004507406
382,Gradient boosting,0.5072662504177894,0.7520813237143344,0.13867832922684625
383,Oracle reference-risk logit,0.4859639770023081,0.7975195582144501,0.12430138862455326
383,Linear logistic,0.3691232131986081,0.7107593189139437,0.14720129896680884
383,Gradient boosting,0.5290376331885406,0.7438134683233625,0.13461536238950075
384,Oracle reference-risk logit,0.4114077692691974,0.7681097171764172,0.13482958597948988
384,Linear logistic,0.306616386913423,0.7152674624621939,0.15016793626505912
384,Gradient boosting,0.527382384309572,0.7356067791756895,0.1413540520672643
385,Oracle reference-risk logit,0.48566061694370605,0.7679472363494017,0.12915536094755026
385,Linear logistic,0.283707616331942,0.6947468726557589,0.1477537931353613
385,Gradient boosting,0.5284723389683819,0.7320551030179399,0.13769879583814004
386,Oracle reference-risk logit,0.4992263191937163,0.7828429892797709,0.12766627855565899
386,Linear logistic,0.3229118079009434,0.6976694144510236,0.1483767719347141
386,Gradient boosting,0.5315388531125316,0.7286535856650799,0.13794712378543267
387,Oracle reference-risk logit,0.4823409938156548,0.7556964813022655,0.1292216665404968
387,Linear logistic,0.3496152707605682,0.6575721481922628,0.15094461406892273
387,Gradient boosting,0.5590597773469438,0.7358549529765006,0.13332537386940133
388,Oracle reference-risk logit,0.48304281236155655,0.7792273985827595,0.13169818166795888
388,Linear logistic,0.4222560188314784,0.6830112536746463,0.1528805838103222
388,Gradient boosting,0.5707982424413912,0.7488573180366108,0.13912181055144424
389,Oracle reference-risk logit,0.5097800274925488,0.7804490018015602,0.12454961657996594
389,Linear logistic,0.35154625935590983,0.7070924667971961,0.1426693225546785
389,Gradient boosting,0.5098659909643413,0.759567497873712,0.1294576970179097
390,Oracle reference-risk logit,0.4512550110045091,0.7882957987557616,0.12413818207849911
390,Linear logistic,0.3663792630927989,0.6855962543009194,0.14596530399987
390,Gradient boosting,0.5476763277841128,0.7490891471947634,0.13209993174242884
391,Oracle reference-risk logit,0.4828144845151964,0.7728951394415119,0.13263019889767025
391,Linear logistic,0.4159413013530378,0.6958642154525174,0.15119050261503686
391,Gradient boosting,0.6096166081286064,0.7335906697013505,0.14311668233880057
392,Oracle reference-risk logit,0.5030742336296855,0.7753903060144327,0.13145402064457576
392,Linear logistic,0.34663217454779194,0.6841364271499344,0.15242212029517838
392,Gradient boosting,0.5223662706846574,0.7357805212951929,0.13960009559913908
393,Oracle reference-risk logit,0.5617680083510038,0.7976355491727907,0.12458004579096005
393,Linear logistic,0.3132917774567462,0.6977781009557483,0.14935730814304643
393,Gradient boosting,0.5806286099248618,0.75041015829156,0.13520815325080232
394,Oracle reference-risk logit,0.5579346426726618,0.7998233582709892,0.12461769153242207
394,Linear logistic,0.3678714829860945,0.7080389304516486,0.1450153561755536
394,Gradient boosting,0.6190257378737116,0.753295108189123,0.13261547557149567
395,Oracle reference-risk logit,0.4492066530928286,0.7893184720770927,0.12822582813992842
395,Linear logistic,0.23991490798960333,0.7028553736599713,0.14666452662790058
395,Gradient boosting,0.4883679759501762,0.7586439103680482,0.13714951552747243
396,Oracle reference-risk logit,0.4645906067888454,0.7749989743589744,0.12240291891602538
396,Linear logistic,0.3582942757303196,0.6983384615384616,0.13994431271956415
396,Gradient boosting,0.5552017880938099,0.7519803076923077,0.12871871353529513
397,Oracle reference-risk logit,0.4491244271207181,0.7596963665642205,0.1328689862877482
397,Linear logistic,0.33970549730415917,0.6857767622883979,0.14553790933378924
397,Gradient boosting,0.4816461315855419,0.7349208535811044,0.13808412970847456
398,Oracle reference-risk logit,0.5445184059445133,0.7690374657325616,0.1306661649019381
398,Linear logistic,0.3557498127401334,0.6932937354046096,0.1449572447713918
398,Gradient boosting,0.5052896111222669,0.730421552949538,0.13969023846689535
399,Oracle reference-risk logit,0.4645119334343677,0.7445829882881816,0.13134885874968064
399,Linear logistic,0.30742075914465733,0.6690200717693916,0.1491444200876983
399,Gradient boosting,0.5210157592494729,0.727533420087543,0.1386589290958819
400,Oracle reference-risk logit,0.4335157727081698,0.752097601763521,0.13285925278558552
400,Linear logistic,0.34751925855847704,0.6673634601497472,0.15304478641562128
400,Gradient boosting,0.4966065372735988,0.7346167002394436,0.1389748292224134
401,Oracle reference-risk logit,0.44798615393875546,0.7637928488420621,0.12579097821398472
401,Linear logistic,0.3891790626269351,0.6616586731385352,0.1455944566974777
401,Gradient boosting,0.6052516927256416,0.7265747892469391,0.1355270069921745
402,Oracle reference-risk logit,0.46829330438479494,0.7758549300811173,0.1293976793508538
402,Linear logistic,0.3381856007730789,0.6860927609332554,0.14728813672051558
402,Gradient boosting,0.5413136732453532,0.7431774979767751,0.1384194246187546
403,Oracle reference-risk logit,0.5373634096796219,0.7904613076439608,0.12684114565480317
403,Linear logistic,0.3204825161923763,0.7133791537416622,0.1442860300185112
403,Gradient boosting,0.5767913423253521,0.7614391164053593,0.13380172466853577
404,Oracle reference-risk logit,0.4469112727280409,0.7607706386917817,0.12761200104846343
404,Linear logistic,0.3362117054805972,0.6842871478619219,0.14297023776373727
404,Gradient boosting,0.5593189719473407,0.7329084250509452,0.13483382169912847
405,Oracle reference-risk logit,0.48255999375102754,0.7848338463403,0.12578064379196058
405,Linear logistic,0.38459264753940947,0.6997503072603563,0.14617420352889643
405,Gradient boosting,0.5302098595588479,0.7763362135269137,0.12854291422016345
406,Oracle reference-risk logit,0.46630619647491933,0.7784243414680992,0.12396566278005863
406,Linear logistic,0.3485355017579092,0.7068000957095119,0.14057859170116144
406,Gradient boosting,0.5456217527682488,0.7260103620196009,0.13461265330804895
407,Oracle reference-risk logit,0.44166563151028637,0.7757093052372055,0.12960475061908786
407,Linear logistic,0.3048062722042842,0.6920051877676549,0.1436063709911586
407,Gradient boosting,0.5128914122363788,0.7157321622333083,0.1391705439454078
408,Oracle reference-risk logit,0.5594175500919025,0.783337703962704,0.13366732196536363
408,Linear logistic,0.30441430540824505,0.6924664918414919,0.1566332792650183
408,Gradient boosting,0.592939934740491,0.7401617132867132,0.1432083878443191
409,Oracle reference-risk logit,0.4621743468020506,0.7673216540404041,0.13367198639508507
409,Linear logistic,0.3432504136748604,0.6930194371600622,0.14897083159388969
409,Gradient boosting,0.4958705978658894,0.7419811091686092,0.138941248521817
410,Oracle reference-risk logit,0.613543598959098,0.7675782336471126,0.12905409285973982
410,Linear logistic,0.38393304157253894,0.6848743131570978,0.14945623078027526
410,Gradient boosting,0.5560900234166745,0.7491624997682195,0.13649274762512925
411,Oracle reference-risk logit,0.45257521190189054,0.8013781678420333,0.12580384058676733
411,Linear logistic,0.3461197217134243,0.7090249401047148,0.14625204230347186
411,Gradient boosting,0.5689401755197437,0.7589573994304761,0.13469014203663077
412,Oracle reference-risk logit,0.636119094986194,0.7966827274311122,0.1299834328107602
412,Linear logistic,0.35608973544618083,0.7064906278045946,0.1544404364429447
412,Gradient boosting,0.528474172591656,0.7625920346221475,0.1404707560644955
413,Oracle reference-risk logit,0.4795874609114061,0.7765129919263973,0.13539956188230184
413,Linear logistic,0.36674817360376144,0.6713275036516994,0.15361058112886167
413,Gradient boosting,0.541095874096853,0.732579777031977,0.1434912317454725
414,Oracle reference-risk logit,0.4412624301319597,0.8007113845183169,0.12111169682172354
414,Linear logistic,0.3127461562366923,0.6975590520130921,0.14446706660676814
414,Gradient boosting,0.5359212926477268,0.7598580385661895,0.13122999756028822
415,Oracle reference-risk logit,0.47308762035482993,0.7638554487611636,0.12364846658128019
415,Linear logistic,0.32833717999172246,0.6903085694473872,0.1441923539227426
415,Gradient boosting,0.5471106538372174,0.7361172640946125,0.13264756396028368
416,Oracle reference-risk logit,0.46231605546594784,0.7898308758078874,0.12641543362758428
416,Linear logistic,0.35232404610690854,0.7157738302565889,0.14487442571740608
416,Gradient boosting,0.5457766994032333,0.7487054452571694,0.13463889306749052
417,Oracle reference-risk logit,0.6058941024000962,0.7619234091377887,0.12813396617512832
417,Linear logistic,0.3701526526566148,0.6726178965552805,0.14482646398716364
417,Gradient boosting,0.5675644899094703,0.7338657693894388,0.13579767099904574
418,Oracle reference-risk logit,0.5986184202032004,0.7733609798317549,0.13003650022361063
418,Linear logistic,0.37970239354288554,0.6954557624891811,0.14821040511365852
418,Gradient boosting,0.5747140750728699,0.7336954152890117,0.13952757115091513
419,Oracle reference-risk logit,0.5182767487649705,0.7610037606307655,0.12769322332832547
419,Linear logistic,0.3473065362182592,0.6954987074345523,0.1425882601681863
419,Gradient boosting,0.6066498233904618,0.7196884925344456,0.13701428129948268
420,Oracle reference-risk logit,0.5147478368677844,0.7744980915684222,0.13231911454713616
420,Linear logistic,0.3248981588708638,0.6790976838717873,0.1518851153796125
420,Gradient boosting,0.5012419972487652,0.7443730000786359,0.1420658583529467
421,Oracle reference-risk logit,0.4642184161986358,0.7814079492240413,0.12821462557621094
421,Linear logistic,0.34242731562209744,0.6735725066759549,0.14968332130955558
421,Gradient boosting,0.5853842819843402,0.7528557606718527,0.134397845849205
422,Oracle reference-risk logit,0.5029772291965448,0.7875800909735639,0.1296560072484361
422,Linear logistic,0.33593661653169266,0.7019331882321294,0.1495884361040289
422,Gradient boosting,0.5643219565895634,0.7538669878457362,0.13706225982557776
423,Oracle reference-risk logit,0.4732308262368645,0.776155849793792,0.12399214357076364
423,Linear logistic,0.35745670122126133,0.7006942663009518,0.1400289081982849
423,Gradient boosting,0.52896602600201,0.7385878537929764,0.13331916073643896
424,Oracle reference-risk logit,0.6410735799159218,0.7913302467393144,0.12214310547446745
424,Linear logistic,0.360344809363966,0.7085881969146607,0.14449066559710452
424,Gradient boosting,0.5851725163850242,0.7527995784164268,0.1316258016269819
425,Oracle reference-risk logit,0.5100798770143516,0.7754674433608775,0.12524219714644114
425,Linear logistic,0.3907521026904861,0.6989844661157847,0.14555439791910896
425,Gradient boosting,0.5800500918258534,0.739726792228095,0.13320706267519142
426,Oracle reference-risk logit,0.5072971465061086,0.7828796875000001,0.12736330984893782
426,Linear logistic,0.3714767400760674,0.708225,0.14568788296251295
426,Gradient boosting,0.5731436762269301,0.7491343749999999,0.13334024284760582
427,Oracle reference-risk logit,0.5618264688646541,0.7596856144807875,0.12977134313739033
427,Linear logistic,0.33057671891439183,0.6726754213911668,0.14963896097529397
427,Gradient boosting,0.5496071449224894,0.7297072210910404,0.13665890186381008
428,Oracle reference-risk logit,0.5464487047387185,0.819014100566303,0.11976739260096608
428,Linear logistic,0.3305358521218962,0.7080080574664589,0.1479785669212566
428,Gradient boosting,0.6059488292631883,0.7807092090760518,0.13001012683644544
429,Oracle reference-risk logit,0.47550916121759546,0.7743346889133822,0.13012951451746116
429,Linear logistic,0.36846451051947354,0.6985184903652464,0.15015358421836117
429,Gradient boosting,0.5503565088642187,0.7379103796891033,0.13797643560690748
430,Oracle reference-risk logit,0.4899958465106394,0.7937157698605386,0.11896148107125422
430,Linear logistic,0.39033742596052556,0.7212623667651616,0.1420673871398061
430,Gradient boosting,0.5662944917432119,0.7598212661309041,0.1278729001238916
431,Oracle reference-risk logit,0.5013469759483618,0.7808101307169775,0.13010939969521165
431,Linear logistic,0.35004780579847716,0.7076576195113689,0.15003071110401134
431,Gradient boosting,0.5504786984201688,0.7304816748226157,0.13996188139005283
432,Oracle reference-risk logit,0.4336899064928082,0.7731016242384631,0.13017172470353736
432,Linear logistic,0.3407679970900774,0.6868242685800608,0.14467562478858068
432,Gradient boosting,0.45882696208936213,0.7438159911955671,0.13551535779655682
433,Oracle reference-risk logit,0.4189767188327692,0.7812733712011175,0.12925879370651383
433,Linear logistic,0.385811206257561,0.6780460594223411,0.15018110342989616
433,Gradient boosting,0.5064102939411257,0.7318577671193083,0.13962258722617663
434,Oracle reference-risk logit,0.5064026077237664,0.7856828085981491,0.1345526177842646
434,Linear logistic,0.34962786313897587,0.6692543611703382,0.15661140282911262
434,Gradient boosting,0.5486550471325534,0.7586129126549241,0.14052339360730992
435,Oracle reference-risk logit,0.5658642101882022,0.7803202713833423,0.13248534675942567
435,Linear logistic,0.4313986190221099,0.6636706844769379,0.15677060812737453
435,Gradient boosting,0.6111885770042023,0.7495589577057815,0.13924558876577595
436,Oracle reference-risk logit,0.5893579682994017,0.7992325169744525,0.11727178976181471
436,Linear logistic,0.3736161556359414,0.697948865287575,0.13859174347635195
436,Gradient boosting,0.49076858305148174,0.7320744498163854,0.13108894716391
437,Oracle reference-risk logit,0.4180476175560597,0.7803844440680305,0.12938509837209847
437,Linear logistic,0.258541914649651,0.6873960940783819,0.14746396004702622
437,Gradient boosting,0.43420108738421714,0.7388785375065088,0.13789856752876473
438,Oracle reference-risk logit,0.45529397904293756,0.7666857572174599,0.1313319632724481
438,Linear logistic,0.3583632822026328,0.6946943664400433,0.14813002331901282
438,Gradient boosting,0.5990480088038599,0.7438817863828948,0.13507005260815735
439,Oracle reference-risk logit,0.44893995596191855,0.7694825298540467,0.1239990720141089
439,Linear logistic,0.3220308453408351,0.6800466406658356,0.14351795811574192
439,Gradient boosting,0.4873020801861721,0.7485344376985243,0.12983739156865498
440,Oracle reference-risk logit,0.4675043189624119,0.7887374872412198,0.12452473637042821
440,Linear logistic,0.31521441817301377,0.6908995760041865,0.14946393728503812
440,Gradient boosting,0.5263715745543451,0.7660089315274987,0.13005556769688212
441,Oracle reference-risk logit,0.4790145714103253,0.7548222714044655,0.13388951181403422
441,Linear logistic,0.3871895543239955,0.6730576410457069,0.15221594047999037
441,Gradient boosting,0.5041759962373585,0.7224343376293072,0.14218988627641335
442,Oracle reference-risk logit,0.5282489988254657,0.7876363384468124,0.1249519783749036
442,Linear logistic,0.3651416684615059,0.69620613869367,0.1463169656111946
442,Gradient boosting,0.5904542705866771,0.7499559182850953,0.1339414824741228
443,Oracle reference-risk logit,0.4976460125174188,0.789988628979857,0.12146322362028249
443,Linear logistic,0.3542749766458083,0.6600211176088369,0.14578807516986614
443,Gradient boosting,0.596997164436698,0.7385786224821314,0.13248910564938193
444,Oracle reference-risk logit,0.4977205449460529,0.8194238952336701,0.12033728736699441
444,Linear logistic,0.3378252190843789,0.724245555256658,0.1467308546350795
444,Gradient boosting,0.5665293569683473,0.7788923601770562,0.12995252591697207
445,Oracle reference-risk logit,0.5181933264632341,0.7547900117821443,0.13686421781124614
445,Linear logistic,0.30823787696658894,0.6537721865379499,0.1548965194915748
445,Gradient boosting,0.5572609476466812,0.7272380373227927,0.14205899735099775
446,Oracle reference-risk logit,0.4457558250676199,0.7548587167979661,0.12741275032099314
446,Linear logistic,0.350705001252732,0.6762669260550495,0.14525116476490166
446,Gradient boosting,0.5386746713256622,0.7293837599758589,0.13348670088436443
447,Oracle reference-risk logit,0.42908688082019947,0.7667530950423695,0.1313162741114929
447,Linear logistic,0.3769393601083769,0.6790875265002381,0.14962637849802835
447,Gradient boosting,0.5139823768650155,0.7203266868985295,0.14230461580505066
448,Oracle reference-risk logit,0.5258848846362433,0.770215328556406,0.13555802463836852
448,Linear logistic,0.2946824842521518,0.7000883446235113,0.1499350242090739
448,Gradient boosting,0.512562636851981,0.7314674989606514,0.14395159193667878
449,Oracle reference-risk logit,0.47006830532948957,0.7671875,0.13131217589074914
449,Linear logistic,0.37703903974598296,0.67644375,0.1487490873466575
449,Gradient boosting,0.5862188310263435,0.7339781249999999,0.13808040907688363
450,Oracle reference-risk logit,0.46542468553160554,0.7638768335592298,0.13294683198275561
450,Linear logistic,0.3647558996800592,0.6820366478678739,0.15307441120465892
450,Gradient boosting,0.5525088964369912,0.7414942858991003,0.1395983165652966
451,Oracle reference-risk logit,0.5259263768129737,0.7921323453977236,0.12497481256669324
451,Linear logistic,0.3561228564147108,0.6929406702711312,0.14927373756290438
451,Gradient boosting,0.5494379047227504,0.7528063220529215,0.1341410425234491
452,Oracle reference-risk logit,0.47324520610115417,0.7828948097619987,0.1265859218021268
452,Linear logistic,0.3347298643434293,0.6950998415013199,0.1447591423351235
452,Gradient boosting,0.5211356076876245,0.7418862451330137,0.13494322354363544
453,Oracle reference-risk logit,0.4188205367690407,0.7960634784765555,0.118742267331893
453,Linear logistic,0.29127998036582603,0.684154212039122,0.1428722151267791
453,Gradient boosting,0.5025255631179936,0.77406259980319,0.12647546367450996
454,Oracle reference-risk logit,0.5317210876426997,0.7830048221820374,0.12890656653672597
454,Linear logistic,0.3946605990393291,0.7013999397227245,0.15146897862076275
454,Gradient boosting,0.5985766358232879,0.7480967450271249,0.14099277549579858
455,Oracle reference-risk logit,0.4928626525562364,0.8004759933467762,0.12610835270736206
455,Linear logistic,0.33989116833929195,0.6844392611419983,0.15305016499437665
455,Gradient boosting,0.5921256851719726,0.753575514237513,0.13729893332798454
456,Oracle reference-risk logit,0.5646772771462881,0.7941386024951986,0.11311859153826799
456,Linear logistic,0.374580226008208,0.7061959483473522,0.13695241389063387
456,Gradient boosting,0.5169903328269839,0.7556210381588191,0.12300094514933115
457,Oracle reference-risk logit,0.5002418581829665,0.7579226310185732,0.12917741282434558
457,Linear logistic,0.3693466984503763,0.690191253598328,0.14430657724793153
457,Gradient boosting,0.609022142628321,0.7389013762372333,0.1379422555570672
458,Oracle reference-risk logit,0.4571277966885372,0.7780256387376937,0.12914354743012105
458,Linear logistic,0.2737571132106681,0.6882117849276533,0.14731742435287845
458,Gradient boosting,0.5187326201476137,0.7384873802244525,0.13627180885347662
459,Oracle reference-risk logit,0.5304059807019652,0.781020330391546,0.13386238092132174
459,Linear logistic,0.3470658388894771,0.6874678651576649,0.15222102808488774
459,Gradient boosting,0.5033096577598967,0.7467396367023754,0.1415143504406709
460,Oracle reference-risk logit,0.45884792867805496,0.8128374908035925,0.1205213966479129
460,Linear logistic,0.35240369718278985,0.700321276592463,0.14738302589672617
460,Gradient boosting,0.5653652007364928,0.7754734703887245,0.1257348175638456
461,Oracle reference-risk logit,0.5710585709280607,0.7688315172044872,0.12749377643606485
461,Linear logistic,0.36708268562882,0.6604735815246124,0.15027406018743306
461,Gradient boosting,0.5179554331969429,0.7335039511914397,0.1377147114346899
462,Oracle reference-risk logit,0.49577973139168524,0.7806828617982522,0.1336184785298957
462,Linear logistic,0.3774638044632519,0.6790875425862837,0.15545789864272508
462,Gradient boosting,0.6472319497750745,0.7424189009035698,0.14095091869431473
463,Oracle reference-risk logit,0.4494583211102185,0.781979091395235,0.1319244134582936
463,Linear logistic,0.36633474203228145,0.67674678955509,0.1534865559864512
463,Gradient boosting,0.5292655149241519,0.7415586166568956,0.1399641232232944
464,Oracle reference-risk logit,0.5515877365478788,0.78780689792589,0.12248084722023904
464,Linear logistic,0.41526492101471885,0.6874638073711542,0.14772809675274487
464,Gradient boosting,0.5438688629490213,0.747051662837253,0.13145684057832777
465,Oracle reference-risk logit,0.4408540068374388,0.7736244393823432,0.1316699541619094
465,Linear logistic,0.33583504194402425,0.6823511296889224,0.1523376250825076
465,Gradient boosting,0.5087598778325274,0.7385117724047043,0.1422187897391829
466,Oracle reference-risk logit,0.49167275839908514,0.7825446156803691,0.13187675083842912
466,Linear logistic,0.340033233917512,0.6907607360652761,0.14952664563106033
466,Gradient boosting,0.5543677712779094,0.7474501511219334,0.14308100737098003
467,Oracle reference-risk logit,0.5786064767976709,0.8014812103935128,0.12320239261319287
467,Linear logistic,0.3411636752473643,0.6969762633947776,0.14352773695831808
467,Gradient boosting,0.5586664702067695,0.7563948225051524,0.13306681465824532
468,Oracle reference-risk logit,0.4637652335973132,0.7936883230284236,0.12151311627161326
468,Linear logistic,0.30117385442034145,0.6998494391689298,0.14187748801814762
468,Gradient boosting,0.4729600362511865,0.7520962947268397,0.13069483792729705
469,Oracle reference-risk logit,0.4830767599699252,0.779592089477147,0.12863241165959127
469,Linear logistic,0.3270930938933087,0.6934122837571113,0.14767007864001538
469,Gradient boosting,0.5368974725735509,0.7389063044235459,0.1342156847299969
470,Oracle reference-risk logit,0.5077311893060118,0.7712181216981491,0.13239538548709115
470,Linear logistic,0.3024785213920884,0.6558397628368363,0.15447976014651765
470,Gradient boosting,0.5144337432215417,0.7451225723081601,0.13872815337514754
471,Oracle reference-risk logit,0.46550004215389057,0.8108468861434516,0.11502146738293074
471,Linear logistic,0.3552084023555306,0.6960487059843772,0.14186889678567374
471,Gradient boosting,0.5430229025078025,0.7745115487415786,0.12277996935712199
472,Oracle reference-risk logit,0.4944653491219369,0.7646137465988407,0.1282968564592104
472,Linear logistic,0.3529725589901385,0.6729445167396191,0.14726423126103674
472,Gradient boosting,0.5306032210190793,0.725039630900272,0.13761339443597057
473,Oracle reference-risk logit,0.44921524784080175,0.7745400009925805,0.12911585361789357
473,Linear logistic,0.34033337820779636,0.6860033747735675,0.1477261490642479
473,Gradient boosting,0.568845403932509,0.7543332340752873,0.13519225438751312
474,Oracle reference-risk logit,0.4560147623075794,0.7868953125,0.1259169081480416
474,Linear logistic,0.3546884799275226,0.723334375,0.14137458348162615
474,Gradient boosting,0.5114293276124957,0.7622296875000001,0.13310448170017405
475,Oracle reference-risk logit,0.6314873016935143,0.7667134354460221,0.13179250151607189
475,Linear logistic,0.3312448814153479,0.6783219792260562,0.1516909061187939
475,Gradient boosting,0.5465789343898537,0.7226314276976697,0.13905917087180183
476,Oracle reference-risk logit,0.47098429806755904,0.7778688325563325,0.12912807352006053
476,Linear logistic,0.4207563708883256,0.7155372838966589,0.1466476792827227
476,Gradient boosting,0.5611852218139801,0.7499863417832168,0.13624705721869215
477,Oracle reference-risk logit,0.4794280573554807,0.7966593134409226,0.12646357217961027
477,Linear logistic,0.37072314804949413,0.7097348968613336,0.14542005676569109
477,Gradient boosting,0.5869511557740674,0.7547552149851,0.13809661877496965
478,Oracle reference-risk logit,0.5168785100168297,0.7872018098450724,0.12335513545650911
478,Linear logistic,0.3510274236189555,0.7011968781415527,0.14567572114656357
478,Gradient boosting,0.5654620099028684,0.7543812763074684,0.12978189107029536
479,Oracle reference-risk logit,0.5628111535759975,0.7697157642647559,0.12908764554060836
479,Linear logistic,0.3294452606133942,0.675547829548446,0.1462316864260676
479,Gradient boosting,0.556125363695264,0.7490064269250278,0.13418461766921208
480,Oracle reference-risk logit,0.4616409906450092,0.7742734375,0.12783119308624974
480,Linear logistic,0.33047838861667295,0.709546875,0.1444626699452827
480,Gradient boosting,0.536164608046206,0.7366250000000001,0.13573860145786598
481,Oracle reference-risk logit,0.4806102861687534,0.777073888137692,0.12512974548395575
481,Linear logistic,0.3027452225747474,0.6996985335285926,0.14584319021238168
481,Gradient boosting,0.613104058793371,0.7546861426795738,0.13035625441571785
482,Oracle reference-risk logit,0.4364658916626175,0.7734615650035446,0.12936173616320848
482,Linear logistic,0.4090181344555025,0.6726783104034529,0.14850274678463626
482,Gradient boosting,0.5303309966378056,0.7315259192341232,0.13640422913671255
483,Oracle reference-risk logit,0.49865942935552593,0.7884689994088088,0.1263296838549691
483,Linear logistic,0.361274310861497,0.7083902970736033,0.1473908219927248
483,Gradient boosting,0.5394624511903294,0.7541229431471081,0.1344712254457893
484,Oracle reference-risk logit,0.47634891822966624,0.7784974444651888,0.12753638375506077
484,Linear logistic,0.28727062556830185,0.6974320186251652,0.14385046249078673
484,Gradient boosting,0.4914950258004349,0.7282324762757328,0.13542238918983832
485,Oracle reference-risk logit,0.47017924359973245,0.779003285573635,0.12630308301063017
485,Linear logistic,0.32404008709721094,0.69443846051966,0.14289865168066218
485,Gradient boosting,0.5752472510238943,0.7570159523456188,0.12959456485604165
486,Oracle reference-risk logit,0.42145990163679076,0.7703778730289211,0.1257559168165999
486,Linear logistic,0.3446279500057603,0.6854869225399435,0.1411715368619766
486,Gradient boosting,0.5307232653687545,0.7518870817267859,0.1278417377073551
487,Oracle reference-risk logit,0.528453916760104,0.7690656859411447,0.13773154182344513
487,Linear logistic,0.3664381783996445,0.6809510174132469,0.15499357307267878
487,Gradient boosting,0.5549693348385997,0.7191330959070816,0.1478570089296131
488,Oracle reference-risk logit,0.49754625043937345,0.760410034483364,0.13149755219246811
488,Linear logistic,0.3475856708679691,0.6650438262651214,0.14812967004628141
488,Gradient boosting,0.6012990096161959,0.721792975351017,0.1428142001328532
489,Oracle reference-risk logit,0.48957677475643496,0.7498233333942528,0.13596979709263327
489,Linear logistic,0.3496584123307301,0.6770305998745058,0.15159982732059052
489,Gradient boosting,0.5724631895849014,0.7127218231993713,0.1428952871318395
490,Oracle reference-risk logit,0.4442294367502304,0.7662352784616409,0.13400703411136528
490,Linear logistic,0.3440923680140357,0.6936710238992494,0.15045754280807433
490,Gradient boosting,0.5117485261629667,0.7253340511374978,0.14176558352657093
491,Oracle reference-risk logit,0.4840578253628512,0.7923089146670905,0.12717371867853527
491,Linear logistic,0.3650053301463254,0.6991307213776625,0.15423227307241086
491,Gradient boosting,0.559626169878536,0.7633128520225295,0.1366207946351454
492,Oracle reference-risk logit,0.49748681126893496,0.7797590718890419,0.12918577328240544
492,Linear logistic,0.35122515590543935,0.7032529621548788,0.1467413495132899
492,Gradient boosting,0.5853597978493629,0.7449162808808895,0.1380893883852394
493,Oracle reference-risk logit,0.5266410165908756,0.794601987838409,0.12699898395473458
493,Linear logistic,0.3023820824766369,0.6735256917119335,0.1499640783062759
493,Gradient boosting,0.5284792583149361,0.7605673121760951,0.13491252914330584
494,Oracle reference-risk logit,0.47267401735257863,0.7680148987115655,0.13455750454695925
494,Linear logistic,0.36275965075012917,0.6925574854623542,0.14984365083596296
494,Gradient boosting,0.5713691787374828,0.7231332902588271,0.1454498044065653
495,Oracle reference-risk logit,0.4378178387694991,0.7687500303969108,0.12675342216858104
495,Linear logistic,0.31113564536602,0.6872003877835221,0.14316283560119059
495,Gradient boosting,0.5646463262290501,0.7372912542819114,0.1322352095736405
496,Oracle reference-risk logit,0.4518875184743629,0.7861818602467354,0.11910700499405055
496,Linear logistic,0.3646406536941606,0.7241373444293987,0.13118580824783346
496,Gradient boosting,0.49647921947657286,0.7672769275784402,0.12066457154290784
497,Oracle reference-risk logit,0.4696769099496387,0.7895584336262302,0.12492316827400674
497,Linear logistic,0.34812045261781854,0.6864121440392627,0.14800813182215478
497,Gradient boosting,0.5391196582536736,0.7514448192414294,0.1362121130012736
498,Oracle reference-risk logit,0.44805937104259264,0.7902144976271848,0.12728881601745173
498,Linear logistic,0.375013911982331,0.6922345888846245,0.14936218471709992
498,Gradient boosting,0.5475590528482213,0.7484412218018774,0.1392483324520275
499,Oracle reference-risk logit,0.4663095538768757,0.7689270644966847,0.13471391794719817
499,Linear logistic,0.4465739180065459,0.6885714285714286,0.1524534911708113
499,Gradient boosting,0.5680744510245416,0.7315220012055454,0.14008701485726363
500,Oracle reference-risk logit,0.4911885295399422,0.7848115659519168,0.12175839986246177
500,Linear logistic,0.33630904068137046,0.7025730994152046,0.14165755167339553
500,Gradient boosting,0.4905197331767438,0.768185510071475,0.1289718509759237
501,Oracle reference-risk logit,0.4860434533298011,0.7754473629420209,0.13031559752776808
501,Linear logistic,0.3640186921710626,0.6960968943282629,0.1459690285263218
501,Gradient boosting,0.5573683627422521,0.7510468864228027,0.1356819865299318
502,Oracle reference-risk logit,0.47234102477768697,0.7669676770298175,0.1265777163638298
502,Linear logistic,0.388296911784149,0.6941036251003234,0.14304929433986388
502,Gradient boosting,0.5422837027846664,0.7393216613721523,0.13340373006378076
503,Oracle reference-risk logit,0.5654397198643608,0.7629296874999999,0.13033764456196592
503,Linear logistic,0.32671094639608267,0.6807015625000001,0.14747875699244825
503,Gradient boosting,0.5475908383248581,0.7325828124999999,0.13680180853348514
504,Oracle reference-risk logit,0.5163672156849526,0.7821737295189176,0.13362258193197238
504,Linear logistic,0.411731454833831,0.708789624503579,0.15199719511029747
504,Gradient boosting,0.5702718788813256,0.7459186464055552,0.14109683831075223
505,Oracle reference-risk logit,0.5054096679440171,0.755547834805564,0.1316557841974616
505,Linear logistic,0.37539728155672214,0.6766121560564524,0.14650180456779696
505,Gradient boosting,0.5886108443255114,0.7166257361153416,0.1419389656573648
506,Oracle reference-risk logit,0.539081805275282,0.7919626049370119,0.129969789651523
506,Linear logistic,0.3932194090105751,0.7123162077312902,0.15040329910754166
506,Gradient boosting,0.5437309396473508,0.7648102224213629,0.13531638794884662
507,Oracle reference-risk logit,0.45607590899885825,0.7903646283841212,0.12756399637157587
507,Linear logistic,0.3289746810280658,0.6790641420424545,0.15243564076304872
507,Gradient boosting,0.5279864634926194,0.7348979103705253,0.14157189890927632
508,Oracle reference-risk logit,0.49573539078550116,0.787453637240561,0.12719000824371685
508,Linear logistic,0.35598233953640285,0.6795116229569818,0.15197455092401643
508,Gradient boosting,0.5997221307643976,0.7459796298225194,0.13573179902417845
509,Oracle reference-risk logit,0.4756987739313724,0.7705546875,0.12579196985004504
509,Linear logistic,0.34484991206774956,0.6653562499999999,0.14878098760435096
509,Gradient boosting,0.5306049192082058,0.73610625,0.13647506323230962
510,Oracle reference-risk logit,0.5372107892244867,0.7608309659090909,0.13600077433415209
510,Linear logistic,0.3024267761753955,0.6662007697163947,0.1537235216309846
510,Gradient boosting,0.49102667142987555,0.7322807400932401,0.14285802869486544
511,Oracle reference-risk logit,0.42871846658006646,0.7867168562266985,0.13371918591599227
511,Linear logistic,0.29359501135021937,0.6893539068554921,0.1530647810417668
511,Gradient boosting,0.5193309809154756,0.7511599215076057,0.1407472723862071
512,Oracle reference-risk logit,0.47374215465606784,0.7856501794974072,0.1305369945304853
512,Linear logistic,0.3462370348210854,0.6935536380487576,0.15392212532653884
512,Gradient boosting,0.5468032902774204,0.7442183943780942,0.13826226951801227
513,Oracle reference-risk logit,0.5084065591257122,0.7880631641496672,0.12428684852971476
513,Linear logistic,0.324576938271871,0.7124393928858153,0.14449657046029687
513,Gradient boosting,0.5549024026391589,0.7401479856629012,0.13313990484127086
514,Oracle reference-risk logit,0.453829522617536,0.7737520367352984,0.13385146613196103
514,Linear logistic,0.36485475221792485,0.6850318471337581,0.15374922898745053
514,Gradient boosting,0.5538542216077299,0.7380832469263813,0.14325770098982446
515,Oracle reference-risk logit,0.48951502541555314,0.775078736757909,0.12969886728351032
515,Linear logistic,0.3298517810995772,0.6905399243460569,0.15071174675550508
515,Gradient boosting,0.5104285193521076,0.7462108645364189,0.1385805887156341
516,Oracle reference-risk logit,0.47520887879604484,0.7717868745938922,0.12237642307849224
516,Linear logistic,0.33496864325194303,0.6743453541260559,0.14433218426593827
516,Gradient boosting,0.509850461710733,0.742046783625731,0.13199554112898057
517,Oracle reference-risk logit,0.46420954283082505,0.7755261433940316,0.13091360613828962
517,Linear logistic,0.33525319740334764,0.6826244882478776,0.153202719282474
517,Gradient boosting,0.5134059171023578,0.7368136225379308,0.13954119170472273
518,Oracle reference-risk logit,0.4513267452485126,0.7807098315572891,0.12991146847503884
518,Linear logistic,0.3919500219671332,0.711636135364949,0.14617256382612526
518,Gradient boosting,0.5770569101768951,0.7447863888541855,0.1382971790055516
519,Oracle reference-risk logit,0.45955186696410966,0.7840510964690955,0.12133084279880205
519,Linear logistic,0.32849337996419814,0.7139039874661783,0.14121717189142238
519,Gradient boosting,0.5261462229121503,0.7395146988855087,0.13119470459164484
520,Oracle reference-risk logit,0.4611935663317444,0.7670614801864802,0.1375951844326261
520,Linear logistic,0.3263758787218814,0.6850422494172493,0.15685570727400483
520,Gradient boosting,0.556171837035953,0.7309280303030303,0.1449518350377354
521,Oracle reference-risk logit,0.4762158009730845,0.7831169174211572,0.12712526434548885
521,Linear logistic,0.33612244977622546,0.6877566653355935,0.14850480987706005
521,Gradient boosting,0.6134015411234958,0.7479967867791811,0.13408738860903435
522,Oracle reference-risk logit,0.5076403565561539,0.7845535517796541,0.12222361896321987
522,Linear logistic,0.3135170564925611,0.6966256810935223,0.13867683026642152
522,Gradient boosting,0.5799362779732299,0.7365886832164327,0.13060582814619914
523,Oracle reference-risk logit,0.505944656054733,0.77234701853644,0.1298920978520652
523,Linear logistic,0.37177450665020684,0.6738194496141343,0.14969190939554539
523,Gradient boosting,0.5371430832944627,0.727273784709298,0.14205635215523738
524,Oracle reference-risk logit,0.496947668808438,0.7696740289198951,0.1260603043678228
524,Linear logistic,0.41208574662422326,0.697383684069637,0.1449721287253801
524,Gradient boosting,0.6343410874573616,0.7439664119699624,0.1334742578998362
525,Oracle reference-risk logit,0.5647106773234439,0.7638857940216899,0.13435797148202136
525,Linear logistic,0.35659734227516826,0.6778747815877514,0.15064695716889265
525,Gradient boosting,0.5447763417591281,0.7142330253150746,0.14721961887501595
526,Oracle reference-risk logit,0.4208474376611712,0.7864693246761817,0.12532587179103924
526,Linear logistic,0.29036579466832985,0.6960689261790314,0.14403340202977666
526,Gradient boosting,0.5532040348623084,0.7574038602054397,0.1334478111929132
527,Oracle reference-risk logit,0.47361957160769097,0.7582285692937067,0.13491441260151904
527,Linear logistic,0.33934645395005286,0.6722878100112704,0.15007881368866163
527,Gradient boosting,0.4727235422973893,0.7220686305643249,0.14621160207955958
528,Oracle reference-risk logit,0.5230123504873628,0.7954403581365486,0.12856077785216677
528,Linear logistic,0.41071224198158074,0.7038670305105705,0.15171713099091358
528,Gradient boosting,0.605255467306469,0.7669793821787828,0.13889635959354768
529,Oracle reference-risk logit,0.49507006775686485,0.7698871856399908,0.12840819776826037
529,Linear logistic,0.3266242691934625,0.6763256482621862,0.1536309545251355
529,Gradient boosting,0.5576278751921093,0.7373472037278579,0.13772676490595073
530,Oracle reference-risk logit,0.46844406325509075,0.7866976276171679,0.12557619779909107
530,Linear logistic,0.31678606624196975,0.6894585703781106,0.14821776729523878
530,Gradient boosting,0.4802086494839322,0.7307883432021364,0.13601740986317873
531,Oracle reference-risk logit,0.46075281600095164,0.7761048661257104,0.12682889735780134
531,Linear logistic,0.31863800986752483,0.6895642571775973,0.14878569224172902
531,Gradient boosting,0.5537366655617043,0.7194595399389563,0.13574580948164772
532,Oracle reference-risk logit,0.46469125075826945,0.7764060226331683,0.12716161346264976
532,Linear logistic,0.3350580166469687,0.6886886411390372,0.14525551328317163
532,Gradient boosting,0.4643798546927269,0.745395067065051,0.13079768932143088
533,Oracle reference-risk logit,0.5126274312868935,0.7877079756630174,0.12287223352474164
533,Linear logistic,0.35052045120427777,0.6942265323690623,0.1420794521108495
533,Gradient boosting,0.5313413999090191,0.7692833948566806,0.12771904350795402
534,Oracle reference-risk logit,0.4549256725218799,0.7438800714093566,0.13528315488779175
534,Linear logistic,0.34155223322511286,0.6798348047247561,0.15108496338260455
534,Gradient boosting,0.5224327733862184,0.7146697928639554,0.14283434262466105
535,Oracle reference-risk logit,0.48945171232376605,0.7968538119343458,0.12748804565832408
535,Linear logistic,0.3902930329708893,0.7218591808559593,0.1457948078227876
535,Gradient boosting,0.5726737894295009,0.7716451909802117,0.13612046092690613
536,Oracle reference-risk logit,0.4683768117365931,0.7875411660025295,0.12805411784260698
536,Linear logistic,0.3190435585916444,0.7099992469867946,0.14686056849506138
536,Gradient boosting,0.5500106077195337,0.752675117831199,0.1364020056284956
537,Oracle reference-risk logit,0.47781866597018147,0.7968318708029497,0.12932106163374743
537,Linear logistic,0.3872530518609292,0.7116225553377945,0.15373380907210216
537,Gradient boosting,0.5791195495781931,0.7471919122364061,0.14341831642517708
538,Oracle reference-risk logit,0.4962652329238307,0.7810789949483119,0.1316800558747418
538,Linear logistic,0.36222885800221305,0.6849062043861388,0.15282192635304084
538,Gradient boosting,0.559585019115233,0.7443641540374462,0.13998481530001314
539,Oracle reference-risk logit,0.5319767470214631,0.7861029335443371,0.12831212441397977
539,Linear logistic,0.30263135456712564,0.6871332317426315,0.1531175245109418
539,Gradient boosting,0.5427372943232261,0.7603477350438279,0.13595118077826382
540,Oracle reference-risk logit,0.5005628229652722,0.7708996999216976,0.1237226076301916
540,Linear logistic,0.3276599531895133,0.6707033764077822,0.1429661114713613
540,Gradient boosting,0.5441051770784828,0.7362520852280741,0.13319794256997455
541,Oracle reference-risk logit,0.4668785819420161,0.7767795503750008,0.12930522131776473
541,Linear logistic,0.34135701716236455,0.6780536600714779,0.14835834754138114
541,Gradient boosting,0.5146141216439688,0.7397851280293175,0.13781428225066883
542,Oracle reference-risk logit,0.49703788521848996,0.7644589715328189,0.13531546035283004
542,Linear logistic,0.3859229597841084,0.6548622249249364,0.15524012980488588
542,Gradient boosting,0.55639447683113,0.7360921287674357,0.142761338460165
543,Oracle reference-risk logit,0.4361979338993062,0.7369494540306195,0.13577023538182817
543,Linear logistic,0.3616526218720942,0.6753568167997348,0.14861015017202953
543,Gradient boosting,0.5398888480777271,0.7292419283113684,0.14008519627722898
544,Oracle reference-risk logit,0.46361403764765946,0.7844669665430775,0.12469657252542211
544,Linear logistic,0.32900018980005535,0.6719819446797031,0.14780111248456831
544,Gradient boosting,0.5773372068748159,0.7571973475366847,0.13094725707297122
545,Oracle reference-risk logit,0.4979727781710279,0.7683254480286738,0.13822293357293008
545,Linear logistic,0.3745196018526688,0.6859756272401434,0.15848893965377384
545,Gradient boosting,0.5495923316046271,0.7441362007168458,0.14812694487438138
546,Oracle reference-risk logit,0.528686312087323,0.787648,0.12256288040526095
546,Linear logistic,0.27816141775303405,0.7118047179487179,0.1399550943319041
546,Gradient boosting,0.5368706790888554,0.7539987692307691,0.12874221298202235
547,Oracle reference-risk logit,0.44250979047664496,0.796875,0.11749470195774982
547,Linear logistic,0.36929226309515106,0.7022966945132013,0.14174203966108076
547,Gradient boosting,0.5381663600162668,0.7537918342615512,0.1291445917634385
548,Oracle reference-risk logit,0.4513075143314527,0.7666006357846146,0.12303457026550983
548,Linear logistic,0.3641051791406786,0.6944522665086699,0.14187880210878148
548,Gradient boosting,0.5745465047857652,0.7394764299049905,0.13184093262748137
549,Oracle reference-risk logit,0.5340161185887626,0.79724602345292,0.12391314592682837
549,Linear logistic,0.31233577004611757,0.6922791129687682,0.14777681381143015
549,Gradient boosting,0.5669632581528871,0.7646611710979528,0.1316589532762531
550,Oracle reference-risk logit,0.4430283124158082,0.7652085579740604,0.13368414728572492
550,Linear logistic,0.36753808808715255,0.6893332967816217,0.15010586438241172
550,Gradient boosting,0.4825513434285981,0.74750077672387,0.13967081165465123
551,Oracle reference-risk logit,0.4607563407355829,0.8061142806905519,0.12274853509846786
551,Linear logistic,0.40974122344840935,0.719054956343092,0.14436847593056623
551,Gradient boosting,0.5518602476539199,0.7721172636426874,0.129494216996321
552,Oracle reference-risk logit,0.4659950904403739,0.7694436282097012,0.12787305896206982
552,Linear logistic,0.2849427177615237,0.6800504721154134,0.14743968040234343
552,Gradient boosting,0.5557064354343825,0.7291130767091301,0.13642657272988054
553,Oracle reference-risk logit,0.4783861949120078,0.7728128369610907,0.13302156737133247
553,Linear logistic,0.40375101631034477,0.6792054267107726,0.15185442937806348
553,Gradient boosting,0.5675583460222972,0.7367819873165561,0.14331058275392675
554,Oracle reference-risk logit,0.45251902194260807,0.775850737326062,0.13000333287440755
554,Linear logistic,0.31619022349816256,0.6887120637793158,0.14946985719170253
554,Gradient boosting,0.5006311847848973,0.7347506174952925,0.1432156184512449
555,Oracle reference-risk logit,0.4565730284533967,0.7920542537732802,0.12761529697406013
555,Linear logistic,0.38706083658430096,0.7098926776086814,0.14609542814880916
555,Gradient boosting,0.5222474414525967,0.7689544450211997,0.13215570901245036
556,Oracle reference-risk logit,0.5036468596387879,0.7591645915142228,0.13435010639622852
556,Linear logistic,0.3144300235273307,0.6638642131979696,0.15547727947364667
556,Gradient boosting,0.5729814782834949,0.7181558878459917,0.14607644054945498
557,Oracle reference-risk logit,0.4494303433201661,0.7954233932378922,0.12355115194400221
557,Linear logistic,0.29749300262705153,0.6883487536805767,0.14563342206443924
557,Gradient boosting,0.533201790412358,0.7611448497309372,0.13192967604775746
558,Oracle reference-risk logit,0.4822714763195325,0.7609213829499772,0.13616230044120345
558,Linear logistic,0.42596868941939653,0.6873870650731615,0.1526180554744804
558,Gradient boosting,0.5684824656916053,0.7204165213702696,0.1430667632667279
559,Oracle reference-risk logit,0.4771049391141842,0.7684261781499635,0.12915584293585816
559,Linear logistic,0.3186841098102128,0.6761371901408558,0.15062863239151075
559,Gradient boosting,0.5442679206017849,0.7313204068726754,0.14072638106654442
560,Oracle reference-risk logit,0.49984857431215657,0.7724823436318973,0.13300551231335164
560,Linear logistic,0.3459658499727927,0.7083229993386244,0.15349703179604854
560,Gradient boosting,0.5418281435480178,0.752087466931217,0.14109585670127234
561,Oracle reference-risk logit,0.4382362394117639,0.756615112803636,0.13218124549148688
561,Linear logistic,0.37222460110766703,0.6651607873292535,0.15245456057234735
561,Gradient boosting,0.5124363645184895,0.7335173343952299,0.13954755818586292
562,Oracle reference-risk logit,0.4426794853658054,0.7972023036530969,0.12264778693898414
562,Linear logistic,0.34341877690381817,0.7109470573842998,0.1438195224451793
562,Gradient boosting,0.5472131765444851,0.7700816818173263,0.13114583798396484
563,Oracle reference-risk logit,0.5231984953168394,0.7907812350349583,0.1292516411839351
563,Linear logistic,0.3178720331256823,0.6900814696868116,0.15370340635995441
563,Gradient boosting,0.5481872179372088,0.7685536586533857,0.13552044691487966
564,Oracle reference-risk logit,0.5071606524637174,0.7761764701094962,0.12396340884105903
564,Linear logistic,0.35540279637409133,0.7076383677947258,0.14026183973593817
564,Gradient boosting,0.5853549347895838,0.7505888251006334,0.13301180403696658
565,Oracle reference-risk logit,0.4366614736153644,0.7526159769463341,0.13685074575930326
565,Linear logistic,0.387910181316976,0.6562160454459561,0.15643860301744808
565,Gradient boosting,0.528555171152938,0.7354718797241118,0.1437524438310295
566,Oracle reference-risk logit,0.543960028636521,0.7422462402364234,0.1333818322233759
566,Linear logistic,0.3524943851562898,0.6634259957022395,0.15130437202712552
566,Gradient boosting,0.6008503902241131,0.7060167093697707,0.14212370780107764
567,Oracle reference-risk logit,0.5407409530212886,0.7801718361211087,0.12321397269853253
567,Linear logistic,0.26428952974567443,0.7021997025726977,0.14054570735487085
567,Gradient boosting,0.49014387390282094,0.7662709042791102,0.13052094538209086
568,Oracle reference-risk logit,0.4695335893756594,0.7744076783157243,0.1305568354656291
568,Linear logistic,0.28895375578091986,0.6756793993575603,0.15049028183781224
568,Gradient boosting,0.5166775535043067,0.7165973915399203,0.1424527407901705
569,Oracle reference-risk logit,0.4225149761368297,0.7754091572845485,0.12658558979458623
569,Linear logistic,0.28329047738221447,0.7083904899773059,0.14310046369264554
569,Gradient boosting,0.38780284831355355,0.7427508518183714,0.134143404811099
570,Oracle reference-risk logit,0.48608626137890193,0.789236179938611,0.1275680923092159
570,Linear logistic,0.3231194136056961,0.7147523111023013,0.14947504678231582
570,Gradient boosting,0.5385353543106962,0.7618738699775948,0.13393810949777282
571,Oracle reference-risk logit,0.41210988846900765,0.7391210646938202,0.13532287776916183
571,Linear logistic,0.31299762621459415,0.6662313537855334,0.14709027312870931
571,Gradient boosting,0.44255059573697814,0.7179059949338586,0.13933003363908197
572,Oracle reference-risk logit,0.48724417296281536,0.7661528463698875,0.13707558558579336
572,Linear logistic,0.32982719317161785,0.6895506491826361,0.1518047729845427
572,Gradient boosting,0.5623102393307661,0.7374582367444442,0.14474901322705683
573,Oracle reference-risk logit,0.46833600271989834,0.8031310382901534,0.12216337326727694
573,Linear logistic,0.3687589454751429,0.6958634015536891,0.14565301538390787
573,Gradient boosting,0.5272646831392698,0.7405339327260538,0.13322805164534293
574,Oracle reference-risk logit,0.47074662882437424,0.7768705125739328,0.1256523459092094
574,Linear logistic,0.3337061433672178,0.705063747875998,0.14147907381024055
574,Gradient boosting,0.4926121945912648,0.7393863482107519,0.13333237357342986
575,Oracle reference-risk logit,0.46536063441330927,0.7729033322762897,0.12217009601744172
575,Linear logistic,0.3893443460004067,0.6904587785320899,0.14238420992063797
575,Gradient boosting,0.5284739945852718,0.7404283615607142,0.13139473657324355
576,Oracle reference-risk logit,0.4801772874346042,0.7941225036395394,0.12929727689864576
576,Linear logistic,0.3073559329528641,0.7085702253105917,0.14877777949826937
576,Gradient boosting,0.5090040084999317,0.7555835306486334,0.13655377707733088
577,Oracle reference-risk logit,0.46634408338378636,0.7976294895858422,0.12692689406834048
577,Linear logistic,0.32802200471992654,0.6809582024841276,0.15244733379612777
577,Gradient boosting,0.5036645167882411,0.7716838531701486,0.13469957729417034
578,Oracle reference-risk logit,0.517340457888453,0.7665093123029693,0.13684053322094336
578,Linear logistic,0.3913047897937879,0.6851325918076494,0.1544454327213252
578,Gradient boosting,0.6287456310981809,0.73720617646582,0.1464571973681288
579,Oracle reference-risk logit,0.452651762729972,0.7965685253820847,0.11995516892602787
579,Linear logistic,0.3075963497873233,0.7260126073685396,0.14547404458256946
579,Gradient boosting,0.46185091828138874,0.7483862907591721,0.1333707927315744
580,Oracle reference-risk logit,0.5055527534741935,0.7600460193281178,0.13246136765524397
580,Linear logistic,0.3075474450463409,0.6747614664825893,0.15118143292619068
580,Gradient boosting,0.5006453667648072,0.7295612824052768,0.1403705828283816
581,Oracle reference-risk logit,0.44473280588252456,0.7828600178025464,0.12749965917078243
581,Linear logistic,0.3040223861634927,0.6750230272069353,0.15012470977180714
581,Gradient boosting,0.5047545973188184,0.7217013042300399,0.13775580754571087
582,Oracle reference-risk logit,0.5156950324943211,0.8087355610561056,0.11745532859836286
582,Linear logistic,0.3117264994436115,0.7168726149958746,0.14075255062008465
582,Gradient boosting,0.5620304455360485,0.7792453073432344,0.12301333176765185
583,Oracle reference-risk logit,0.4385067602020702,0.7709686752450322,0.1331388544039043
583,Linear logistic,0.3339637206920161,0.6823096563284834,0.15367203413142663
583,Gradient boosting,0.5131962125279854,0.7373479547339096,0.1389468511230737
584,Oracle reference-risk logit,0.483883174791458,0.8066237152937568,0.12264973650038553
584,Linear logistic,0.3558978086308324,0.6864672495781562,0.14863616516929812
584,Gradient boosting,0.4843860455135402,0.7582037122258015,0.13408957938897936
585,Oracle reference-risk logit,0.4848577367770663,0.8040736882504523,0.12176948888787685
585,Linear logistic,0.30663942395327276,0.6953947889443256,0.14835416951569283
585,Gradient boosting,0.5703589905334842,0.7614437316860695,0.13138010395878258
586,Oracle reference-risk logit,0.49270724147623607,0.7444698523830137,0.13108109475443303
586,Linear logistic,0.31884285895212866,0.6591634828323891,0.14966699009273096
586,Gradient boosting,0.5452964139123412,0.7113187661152203,0.13970134392051495
587,Oracle reference-risk logit,0.5296501331918689,0.7740447894395542,0.12643222583414404
587,Linear logistic,0.31611071886438863,0.6785718871788944,0.14482117463304992
587,Gradient boosting,0.5352992065578257,0.7392023165180319,0.13540923456145645
588,Oracle reference-risk logit,0.49264300918642157,0.7962453839522129,0.12563140606749518
588,Linear logistic,0.36987663049877534,0.7172189531887035,0.1455999473604479
588,Gradient boosting,0.5509558993056691,0.7656676691475123,0.13053448249648358
589,Oracle reference-risk logit,0.49120735150614975,0.766751044094794,0.13474403081710112
589,Linear logistic,0.3653373197974389,0.6885729288073038,0.1506525088435729
589,Gradient boosting,0.5828761803619901,0.7443257697163947,0.14006810383026289
590,Oracle reference-risk logit,0.5042634499343592,0.7798205779707952,0.13139992289101315
590,Linear logistic,0.29053889477049355,0.7012626217120478,0.152123573479625
590,Gradient boosting,0.507601455570643,0.7673880789769281,0.1362389890898377
591,Oracle reference-risk logit,0.4641160294344396,0.7679568084751314,0.13071892063642424
591,Linear logistic,0.3250202830419744,0.6804148562033735,0.14972497948050853
591,Gradient boosting,0.5416664423366188,0.7338588054959794,0.13991496607799694
592,Oracle reference-risk logit,0.4563099578146569,0.7877585897855877,0.12963699095789133
592,Linear logistic,0.344875492033855,0.7041646321488835,0.14831421817036514
592,Gradient boosting,0.5140435803998905,0.7508745851128926,0.13734823720382303
593,Oracle reference-risk logit,0.482108351666314,0.7963561680953789,0.12579532183914532
593,Linear logistic,0.3364094107732373,0.710852054389595,0.14572037304907953
593,Gradient boosting,0.45115409166995213,0.7519921913489014,0.1366824811506465
594,Oracle reference-risk logit,0.44508759381858376,0.7825542460297037,0.1272903520970295
594,Linear logistic,0.3266861290252855,0.7063906837034993,0.14600596273553976
594,Gradient boosting,0.4759991059732697,0.7435850648550606,0.13674342526344188
595,Oracle reference-risk logit,0.46738705497478467,0.7703350799092444,0.13258553575014603
595,Linear logistic,0.35148775678336275,0.6811827202202769,0.15255487263294493
595,Gradient boosting,0.5026855292672876,0.721538134077251,0.14222031054030715
596,Oracle reference-risk logit,0.5001487769327346,0.7910886119210108,0.12218099051782556
596,Linear logistic,0.3239229895133654,0.7030442563748129,0.1475769757724932
596,Gradient boosting,0.5657509708806235,0.7431644215790831,0.1334614393942486
597,Oracle reference-risk logit,0.4827545542804693,0.7651569735934574,0.1311181231862135
597,Linear logistic,0.38948682674483154,0.6872028648142674,0.14795444431762073
597,Gradient boosting,0.5803496695506966,0.7349892846585869,0.13613635113863357
598,Oracle reference-risk logit,0.4720031155005883,0.7744609014174232,0.13068756998227665
598,Linear logistic,0.3046072867631442,0.6890953973562669,0.14576420581719532
598,Gradient boosting,0.523162947953536,0.7343637521898392,0.13991185452640456
599,Oracle reference-risk logit,0.47133308156386733,0.7952867078873467,0.12450389187344899
599,Linear logistic,0.34328477674591085,0.7100806978872845,0.14447229822808266
599,Gradient boosting,0.5577115034015127,0.7680293775179173,0.13356962820453686
600,Oracle reference-risk logit,0.4275120227359442,0.7656998312613215,0.13393985864208494
600,Linear logistic,0.39922210380227163,0.6728811508970446,0.149301429207739
600,Gradient boosting,0.5402693935652984,0.7313968708900966,0.1421835209658082
601,Oracle reference-risk logit,0.4484551492261678,0.7697523598303921,0.1335735499147491
601,Linear logistic,0.36698410840005774,0.6863754732158682,0.1505628105821599
601,Gradient boosting,0.539962572594657,0.7360792351589354,0.14180221792484798
602,Oracle reference-risk logit,0.4700285972235197,0.7900092092809087,0.1207514210802656
602,Linear logistic,0.34692078075235033,0.7048953083830038,0.14239448841176536
602,Gradient boosting,0.5288426746788696,0.7567790540022,0.12926096576446588
603,Oracle reference-risk logit,0.5465447540057531,0.7730770777210405,0.12665353761152406
603,Linear logistic,0.29909078672178185,0.6748068031040166,0.1450566791661849
603,Gradient boosting,0.4857106001198763,0.7402975352820554,0.13445224741362768
604,Oracle reference-risk logit,0.444721886633021,0.7825678785089737,0.13186292123630325
604,Linear logistic,0.3409176951616798,0.7081638288080994,0.14743776916295445
604,Gradient boosting,0.5805510332239614,0.747794140205553,0.13859793402840154
605,Oracle reference-risk logit,0.464290210733902,0.7918774572441497,0.12028435833420403
605,Linear logistic,0.34909118263192523,0.6783632675745902,0.14651471869600197
605,Gradient boosting,0.5458766359999535,0.7657164662869665,0.12851877014617044
606,Oracle reference-risk logit,0.5008785248315692,0.7913430504399082,0.12774358360847715
606,Linear logistic,0.38840534014565475,0.6801944620587614,0.15318431590968143
606,Gradient boosting,0.5007845824072037,0.7524776223220617,0.1380851996749198
607,Oracle reference-risk logit,0.496656073135674,0.7727101698165969,0.13564373921725803
607,Linear logistic,0.4010262924279234,0.706716093413037,0.15472973332182488
607,Gradient boosting,0.6076540602131935,0.7485355715919191,0.14246136755423866
608,Oracle reference-risk logit,0.5173617454775691,0.7700076673307814,0.13576868040961437
608,Linear logistic,0.343688076145733,0.70018122781847,0.1561121630421118
608,Gradient boosting,0.6295486806977445,0.7396650770508657,0.1450330507112431
609,Oracle reference-risk logit,0.4992271393720135,0.7755313954422681,0.13070941923394555
609,Linear logistic,0.3391698007148073,0.6876201395627692,0.14941965959803027
609,Gradient boosting,0.5147819096240214,0.7519940849614627,0.13660199472831572
610,Oracle reference-risk logit,0.4057303515622668,0.7743978906074152,0.1308254331009449
610,Linear logistic,0.3333077564594467,0.6906607010790424,0.1490875028242707
610,Gradient boosting,0.5249764301092873,0.7406240286397205,0.1397583942422951
611,Oracle reference-risk logit,0.449153606439222,0.7651067263585892,0.13594036255519443
611,Linear logistic,0.37014916013226945,0.6714760649186878,0.15596022607359772
611,Gradient boosting,0.5510626969624294,0.7212742548062965,0.14608419861421515
612,Oracle reference-risk logit,0.4847358489863031,0.7775518509846934,0.12769651602781742
612,Linear logistic,0.2927756673078426,0.6714111293214391,0.14872259015828918
612,Gradient boosting,0.5360559907337065,0.7405997256403689,0.13356033269687134
613,Oracle reference-risk logit,0.4804660969189537,0.7714102464933994,0.12436341307060857
613,Linear logistic,0.326814464073678,0.6891179352310232,0.1425930831166332
613,Gradient boosting,0.535914209569355,0.7396477929042904,0.132733464553561
614,Oracle reference-risk logit,0.5070692713043681,0.7900309800109268,0.12431951820044133
614,Linear logistic,0.33760596748302835,0.6939741608862882,0.1458587576859588
614,Gradient boosting,0.5991434883616972,0.775450493817304,0.12580485977817643
615,Oracle reference-risk logit,0.4780132646344173,0.778696875,0.1283110665838093
615,Linear logistic,0.409608237142333,0.6941375000000001,0.14665901908535875
615,Gradient boosting,0.5268680226448205,0.7426656249999999,0.13782639684341622
616,Oracle reference-risk logit,0.4274223150859485,0.760144426285584,0.13359674612520367
616,Linear logistic,0.3718523880786219,0.6755379879138003,0.15145457539487228
616,Gradient boosting,0.5613344998391253,0.7337235376838585,0.14006512755574568
617,Oracle reference-risk logit,0.4807788313871648,0.7949338678374045,0.12269507035915678
617,Linear logistic,0.3433944708747459,0.700457306169421,0.14315157772452577
617,Gradient boosting,0.5678549330441446,0.7677394896672967,0.12958082950992333
618,Oracle reference-risk logit,0.450028593465122,0.7840302790993315,0.1269702969420098
618,Linear logistic,0.31869850257106175,0.6847259407644253,0.14440664662224936
618,Gradient boosting,0.5515276640133256,0.7384061739571496,0.13577235985119473
619,Oracle reference-risk logit,0.5106440843762224,0.7788098899798888,0.12972772963314733
619,Linear logistic,0.3608477259990589,0.6944469419141133,0.14472728005804333
619,Gradient boosting,0.5571313033869596,0.7439362750897117,0.13830588917898326
620,Oracle reference-risk logit,0.44878608661712416,0.7662199885678274,0.12918015868365412
620,Linear logistic,0.3535090284860552,0.6751252076237707,0.14694409922219523
620,Gradient boosting,0.529800493495117,0.7229827836548433,0.13844761875331027
621,Oracle reference-risk logit,0.4627640112143791,0.7759628941424436,0.12343941137310468
621,Linear logistic,0.32368672512093283,0.6859417693631888,0.14468683098742685
621,Gradient boosting,0.4550211314638868,0.751274401186421,0.13096227969772048
622,Oracle reference-risk logit,0.5166169003625938,0.7676993655264863,0.13343441074356446
622,Linear logistic,0.36337930053179907,0.6899488103810313,0.15255023770076676
622,Gradient boosting,0.5861851917327179,0.7419369934439246,0.13500154296821848
623,Oracle reference-risk logit,0.5097429947034458,0.7955038348837351,0.1259762334757759
623,Linear logistic,0.3267035794341027,0.7049835212700503,0.14930532993686765
623,Gradient boosting,0.5425830646518955,0.7516798557425785,0.13419854737944
624,Oracle reference-risk logit,0.46965852420689275,0.7651713273432587,0.1312207476975221
624,Linear logistic,0.3823468240808104,0.6830490849880759,0.14838685726681167
624,Gradient boosting,0.5347721705758889,0.7339631629088599,0.14027353545280952
625,Oracle reference-risk logit,0.4636437922876216,0.7625604706064477,0.13185935667385457
625,Linear logistic,0.2901642773672115,0.6907062966833082,0.1486419366396869
625,Gradient boosting,0.5169784408732854,0.7241874685552846,0.141523294331111
626,Oracle reference-risk logit,0.5625057727268149,0.7784518298298422,0.12591828936189958
626,Linear logistic,0.3642653861886115,0.6674490546445724,0.15068151146925515
626,Gradient boosting,0.598430023307399,0.762593407544301,0.13282177422174885
627,Oracle reference-risk logit,0.4954672829591263,0.7968508452800326,0.12171693462031709
627,Linear logistic,0.3720432564744383,0.6802081280807906,0.14262983621116623
627,Gradient boosting,0.5923965586099077,0.7441908524248234,0.13135574775747624
628,Oracle reference-risk logit,0.4569737696935903,0.7775187131708872,0.1257126115115444
628,Linear logistic,0.3401523231738166,0.6990826564739608,0.14377178876161228
628,Gradient boosting,0.5367032133954142,0.7366969262621437,0.13438120510330134
629,Oracle reference-risk logit,0.5023717177098901,0.783889768143031,0.12701107847580848
629,Linear logistic,0.384625571193722,0.6979128019924891,0.14560187570264427
629,Gradient boosting,0.5886493016830937,0.7354316459480995,0.13563144329765886
630,Oracle reference-risk logit,0.45541977425585556,0.7939547739661382,0.1230155529231498
630,Linear logistic,0.3013081750917944,0.6921608850023434,0.14372534436048237
630,Gradient boosting,0.4727316967331235,0.7467720913509384,0.13246555191917528
631,Oracle reference-risk logit,0.46920526518603256,0.788751922394416,0.12228831212756895
631,Linear logistic,0.2924223900853159,0.7049789029535866,0.14315314609128554
631,Gradient boosting,0.5131297523475004,0.7669734610986239,0.1286368938921774
632,Oracle reference-risk logit,0.4769208765938318,0.75412658924049,0.13283235341808616
632,Linear logistic,0.37447911143506707,0.6914219385536313,0.14549869302223975
632,Gradient boosting,0.5596653448421982,0.7292231587833518,0.13924328553316312
633,Oracle reference-risk logit,0.46625083545216156,0.7812923713984821,0.12433470651201131
633,Linear logistic,0.37767246678441413,0.7073486349186713,0.13986355349134982
633,Gradient boosting,0.5333039936187067,0.7501607366376988,0.13219379564324296
634,Oracle reference-risk logit,0.4965333551504021,0.785260572525549,0.12342910852638093
634,Linear logistic,0.3466364201439773,0.6969303446069298,0.14458543951012706
634,Gradient boosting,0.5959540401981614,0.7358280164869291,0.1318865453195276
635,Oracle reference-risk logit,0.6101089969703392,0.7671891935166026,0.13051582408987517
635,Linear logistic,0.34289219021056727,0.6744860946891319,0.15085909267480663
635,Gradient boosting,0.5712891454550948,0.7270112818996946,0.13919359600260497
636,Oracle reference-risk logit,0.5983788606379156,0.7909798903544094,0.12956403577125883
636,Linear logistic,0.34197913965581367,0.6838591907224798,0.1543957676194899
636,Gradient boosting,0.5785380809967009,0.7610286880111674,0.1398750043449675
637,Oracle reference-risk logit,0.500786670913723,0.7962525727636272,0.12386281961886658
637,Linear logistic,0.3397930396338867,0.7132921485125872,0.14536408537208093
637,Gradient boosting,0.559513785107295,0.753363907757539,0.13184005506615276
638,Oracle reference-risk logit,0.5414894552128026,0.8029689136713405,0.11886387488190116
638,Linear logistic,0.3327643258985298,0.6811493533019986,0.1446634866558415
638,Gradient boosting,0.5063725874196287,0.7623247748041309,0.12854252557848855
639,Oracle reference-risk logit,0.4474223412181109,0.7775607403029161,0.13211255633990868
639,Linear logistic,0.38890435039860277,0.6945156185096573,0.1540436228934813
639,Gradient boosting,0.5461004048795984,0.7412438530173254,0.13960460341676287
640,Oracle reference-risk logit,0.45632708604138655,0.7737425978358184,0.12913125280346227
640,Linear logistic,0.30955508445026814,0.6767664832126719,0.15136729322701598
640,Gradient boosting,0.5373251000097349,0.7304574533676911,0.1397212165176278
641,Oracle reference-risk logit,0.5174197606851307,0.7721465784806385,0.12862750044106372
641,Linear logistic,0.40015176971278804,0.6817435831116365,0.150081227412599
641,Gradient boosting,0.6005851393033643,0.762228729431471,0.13181133568975653
642,Oracle reference-risk logit,0.44791901171544884,0.7753923271380978,0.12865191974876852
642,Linear logistic,0.4020587127458244,0.6817282790760919,0.14915389078774371
642,Gradient boosting,0.5303360648182517,0.7334091513124957,0.13954060540038155
643,Oracle reference-risk logit,0.5565898377863172,0.7827689014129693,0.13010331352101911
643,Linear logistic,0.30301741094055207,0.7009258873665654,0.14916993672223247
643,Gradient boosting,0.5218501408103826,0.7377439072354326,0.13839185956555672
644,Oracle reference-risk logit,0.41044870193710853,0.7963984665020245,0.11256650307222882
644,Linear logistic,0.2507666163768602,0.6838036858793577,0.13498056114035648
644,Gradient boosting,0.4799323322293829,0.751832266283003,0.12079602774334408
645,Oracle reference-risk logit,0.48195381120205033,0.8047178516503017,0.12055149796355608
645,Linear logistic,0.29509272929737784,0.7112693718206554,0.1435582902769971
645,Gradient boosting,0.4932096434461804,0.7618234157498324,0.1268710118356006
646,Oracle reference-risk logit,0.45241335769577096,0.7541777201773552,0.13318167930863745
646,Linear logistic,0.33450360505486326,0.6630312898179815,0.14923768916026386
646,Gradient boosting,0.4991965275073626,0.7111349206720534,0.1462559550114334
647,Oracle reference-risk logit,0.48160308689527326,0.7651477701356977,0.1298393393033889
647,Linear logistic,0.357433818408673,0.6844476164286883,0.14615092105045172
647,Gradient boosting,0.5659684003162343,0.7263077414606776,0.1384237464670132
648,Oracle reference-risk logit,0.5227860261879552,0.7766433416253558,0.13233152559064223
648,Linear logistic,0.36319554720871916,0.7016005392797275,0.15180880592901058
648,Gradient boosting,0.550826887814631,0.7248942618012182,0.14141697878679774
649,Oracle reference-risk logit,0.5396866176679016,0.7854656250000001,0.12482668517842639
649,Linear logistic,0.36678683221433733,0.6982234375,0.1462788060717242
649,Gradient boosting,0.5622583020697657,0.7602578124999999,0.13223513045699722
650,Oracle reference-risk logit,0.4511221411654596,0.7604963407669316,0.13440203671295228
650,Linear logistic,0.35816310679918506,0.7132527711248562,0.14831410103213039
650,Gradient boosting,0.5199682924161968,0.7239585463656869,0.13985275482436707
651,Oracle reference-risk logit,0.4489124908053917,0.8103394732098086,0.12520644100204814
651,Linear logistic,0.3083935545966798,0.7202000875610314,0.14727088241731665
651,Gradient boosting,0.5588569264485941,0.773116945483411,0.1309023294430565
652,Oracle reference-risk logit,0.5313431687135001,0.7951992131118129,0.11704396013470714
652,Linear logistic,0.2809437882955502,0.7123052203431102,0.1404277857326294
652,Gradient boosting,0.613393603589893,0.7562681122853558,0.1240716577412157
653,Oracle reference-risk logit,0.48208829970999717,0.7602131573977619,0.13917380115077285
653,Linear logistic,0.3907492803841087,0.6961699898264403,0.15024234082690513
653,Gradient boosting,0.6124424588433451,0.730482909028882,0.14859694296447795
654,Oracle reference-risk logit,0.47157353274937025,0.7605951990117994,0.1357929560062854
654,Linear logistic,0.2959969594997634,0.6988791298077716,0.151381047303692
654,Gradient boosting,0.5195588241383715,0.7344435599808715,0.14289411034473787
655,Oracle reference-risk logit,0.4651499100887235,0.7622482961771496,0.1277363987581007
655,Linear logistic,0.33499380889316355,0.6754159625581837,0.14617162398857667
655,Gradient boosting,0.4993017092817032,0.7058031304703046,0.13930991065382414
656,Oracle reference-risk logit,0.45586483199487476,0.7719110610751477,0.12362208224496898
656,Linear logistic,0.30544203829713035,0.6749177757227294,0.1441177684603349
656,Gradient boosting,0.48467316960970336,0.7397209601543967,0.13255197092601678
657,Oracle reference-risk logit,0.6395735307853312,0.7623125000000001,0.13063004582376536
657,Linear logistic,0.3613822061885691,0.6930921875,0.14598591196159344
657,Gradient boosting,0.5316638006329146,0.729396875,0.13987645135620153
658,Oracle reference-risk logit,0.5424449215770122,0.7785649455826322,0.12227511816697753
658,Linear logistic,0.3667839060766955,0.6932027168151017,0.14375775786248088
658,Gradient boosting,0.6141837108516932,0.7464414522530713,0.12865813933207135
659,Oracle reference-risk logit,0.5373634630128378,0.7626978772711417,0.13450884809746272
659,Linear logistic,0.351912580338084,0.6838251226719982,0.1513410735798065
659,Gradient boosting,0.5315773528055336,0.7373858762384378,0.14196523249179716
660,Oracle reference-risk logit,0.6124460529207431,0.7747741075396237,0.13554425996620229
660,Linear logistic,0.37516539906586216,0.6651918234335654,0.15688041421308238
660,Gradient boosting,0.5805655239966767,0.7203318026958968,0.14608185487391614
661,Oracle reference-risk logit,0.525181877179943,0.7625623267162905,0.130067052736711
661,Linear logistic,0.33298745228785437,0.6910748300612302,0.14625639894889247
661,Gradient boosting,0.501353865075207,0.7098896209490604,0.1388753017979032
662,Oracle reference-risk logit,0.47206272394501586,0.7846091591087898,0.12851192747624499
662,Linear logistic,0.33581217969969096,0.7145070619577921,0.14888901836760862
662,Gradient boosting,0.5716933158431091,0.7583590444055665,0.1327759602535422
663,Oracle reference-risk logit,0.5486195341577064,0.7670888870946214,0.12357812352138947
663,Linear logistic,0.3350383617162761,0.690042859190833,0.14045425065887815
663,Gradient boosting,0.5545662813643968,0.7295619662168731,0.13443331785252227
664,Oracle reference-risk logit,0.5459710413097048,0.7655177010813214,0.13540400797928884
664,Linear logistic,0.22977574270295803,0.654857058213598,0.15855034362652012
664,Gradient boosting,0.5204202654065602,0.7338527625536957,0.140842088963339
665,Oracle reference-risk logit,0.477125349549682,0.788734435813991,0.12986077966566356
665,Linear logistic,0.3395227311773873,0.6826790310497978,0.1516248963868765
665,Gradient boosting,0.5402913368384411,0.7527047088099281,0.13734785154882215
666,Oracle reference-risk logit,0.4996247068337647,0.7677420236013985,0.12993467111688578
666,Linear logistic,0.33388880376718477,0.681763548951049,0.15110270679145033
666,Gradient boosting,0.533249656974418,0.7298556478243978,0.13993134314977435
667,Oracle reference-risk logit,0.45079748817726745,0.7568749806561721,0.13972091562118857
667,Linear logistic,0.2978930181057399,0.692335127949289,0.1548508965500163
667,Gradient boosting,0.4833744520486737,0.7097644695517096,0.1501819571038987
668,Oracle reference-risk logit,0.46726164338926757,0.759365808409378,0.12916208770702112
668,Linear logistic,0.32957963857571426,0.6707272165086211,0.14932850622144725
668,Gradient boosting,0.5877217725286371,0.7268653539281935,0.13689442769505075
669,Oracle reference-risk logit,0.4647592578119956,0.7596210505805394,0.132801028097516
669,Linear logistic,0.41713081395510654,0.699733340037807,0.1443620839220153
669,Gradient boosting,0.49952301730893306,0.7375230007966801,0.13948224637529086
670,Oracle reference-risk logit,0.5043902568831192,0.7994267515923567,0.12734878273867142
670,Linear logistic,0.4141826414796533,0.7334839283069176,0.14765329754278275
670,Gradient boosting,0.6173686393311701,0.776856761961191,0.1326331016088398
671,Oracle reference-risk logit,0.4818036581680585,0.7734615982941305,0.12714636771657917
671,Linear logistic,0.26661252061515167,0.6763750587296175,0.14832312110533588
671,Gradient boosting,0.4820412573091886,0.7295750568439843,0.13567840528852906
672,Oracle reference-risk logit,0.4974124345073858,0.7964133524352677,0.12833020427746336
672,Linear logistic,0.28360933994010995,0.7014453085069214,0.14847316305139413
672,Gradient boosting,0.5530383223431191,0.7703938324552853,0.13042778535200708
673,Oracle reference-risk logit,0.4708740966147438,0.7908895287925268,0.12537716119848982
673,Linear logistic,0.29864118370683246,0.6887057007885871,0.14697222433779092
673,Gradient boosting,0.49276409232470597,0.757655317787439,0.13451560580376065
674,Oracle reference-risk logit,0.44195030491082776,0.765003486255609,0.12993221151042678
674,Linear logistic,0.2973609780060305,0.6585849616511883,0.15322642462654898
674,Gradient boosting,0.4828396994784561,0.7302599358284854,0.14033590470635438
675,Oracle reference-risk logit,0.44295844369379694,0.7873931432730223,0.13317895779733238
675,Linear logistic,0.3418523476867405,0.6943882694728303,0.15199485836660165
675,Gradient boosting,0.5245079198175877,0.733663522856751,0.14391618340573273
676,Oracle reference-risk logit,0.47780712552602256,0.7848063673081491,0.12761234012419567
676,Linear logistic,0.31465921287167664,0.6645101156861669,0.15332250927608332
676,Gradient boosting,0.5319492399309531,0.7470286504498908,0.1352733738697012
677,Oracle reference-risk logit,0.5741909206663869,0.7789351580074484,0.12643971381300134
677,Linear logistic,0.352899681120948,0.6955427294031455,0.14497678234368805
677,Gradient boosting,0.5464823167980968,0.7585868168234453,0.1340772376287291
678,Oracle reference-risk logit,0.4674178924293703,0.7838498658843385,0.12648866840519238
678,Linear logistic,0.32321872958899905,0.7132706150778374,0.14326115359744965
678,Gradient boosting,0.5017408177571353,0.7442248554740717,0.13547374854127997
679,Oracle reference-risk logit,0.4362738625245314,0.7537096033848854,0.13552700677075735
679,Linear logistic,0.31603757076994266,0.6573939837390984,0.1547550850995081
679,Gradient boosting,0.541042297170036,0.7206833396201549,0.1416223798850264
680,Oracle reference-risk logit,0.46732965968322854,0.7878988539431027,0.12438346334903552
680,Linear logistic,0.36159148763561055,0.719147963600444,0.14329478891550634
680,Gradient boosting,0.5770826116089401,0.756289537084435,0.1311287500858661
681,Oracle reference-risk logit,0.5059817840841347,0.7776047649027363,0.12201595694979601
681,Linear logistic,0.42423896825845525,0.703044225615197,0.14367621355527552
681,Gradient boosting,0.560585260232361,0.7532003376955005,0.12944009564697886
682,Oracle reference-risk logit,0.45712624559595044,0.7608657773104107,0.13639839088950503
682,Linear logistic,0.37504895767944657,0.6712892201217872,0.15196368507368965
682,Gradient boosting,0.5276974898513884,0.7308637597515345,0.14274782302340835
683,Oracle reference-risk logit,0.5120959972032341,0.788813273164987,0.13131382249349524
683,Linear logistic,0.3967892434486324,0.7008431211113774,0.1522038126411506
683,Gradient boosting,0.5771707846966239,0.7599405065873024,0.13988366146159031
684,Oracle reference-risk logit,0.4325459272063102,0.7806244123562414,0.12746450202519927
684,Linear logistic,0.3864291824893166,0.6864908872408919,0.14689624276187713
684,Gradient boosting,0.49899037241121763,0.7587298177448178,0.1337753010492019
685,Oracle reference-risk logit,0.5325677596635354,0.7773994289674115,0.12472488339753403
685,Linear logistic,0.4337937258869665,0.6967917522403679,0.14518784090342413
685,Gradient boosting,0.6090099612591221,0.7530559043104005,0.13182244549366928
686,Oracle reference-risk logit,0.4979924675637587,0.7865460882845601,0.12637793884828805
686,Linear logistic,0.36978174066627995,0.696694255591684,0.14724802074423066
686,Gradient boosting,0.565319851510879,0.75319612769731,0.1338594361643882
687,Oracle reference-risk logit,0.47313620893459246,0.7752236912393162,0.1318087104384956
687,Linear logistic,0.3544120545730226,0.7005086926961926,0.15044996588328263
687,Gradient boosting,0.5494944851489562,0.7339637359168609,0.14312975429960909
688,Oracle reference-risk logit,0.4323759706363002,0.7770639268870692,0.13499508715013445
688,Linear logistic,0.31940634410240293,0.6658928529529083,0.1575208599326286
688,Gradient boosting,0.5197107491689626,0.7511379900983131,0.14097973812945733
689,Oracle reference-risk logit,0.48772058464389917,0.7615212296825762,0.12961070267345146
689,Linear logistic,0.3158862789634108,0.680932499894333,0.14775553930953503
689,Gradient boosting,0.49764656507106475,0.7306492339530901,0.13833749134077453
690,Oracle reference-risk logit,0.5052026388952994,0.7919215150174901,0.12091433385246868
690,Linear logistic,0.36088815486124065,0.7074021953278921,0.13969337540178484
690,Gradient boosting,0.5824142511454874,0.7591009609585462,0.12672094410334853
691,Oracle reference-risk logit,0.46754353238648944,0.7808490076417847,0.13363266100078197
691,Linear logistic,0.3165995590281942,0.7077494616150951,0.1518924362724785
691,Gradient boosting,0.5350926580622148,0.7381301787855468,0.1419527492952691
692,Oracle reference-risk logit,0.525142145460184,0.7936164332399627,0.1296220635723035
692,Linear logistic,0.3501521760004921,0.6842098972922503,0.15329963167617375
692,Gradient boosting,0.5516866274474612,0.7612175536881419,0.13647764936952422
693,Oracle reference-risk logit,0.4924463363958501,0.7803055304661989,0.13683441408361982
693,Linear logistic,0.31477019601913486,0.6891182635077236,0.15655482424957745
693,Gradient boosting,0.5638212176445925,0.7538299867991385,0.14286524546343043
694,Oracle reference-risk logit,0.45695201201603297,0.7751359330188232,0.12842621923524253
694,Linear logistic,0.3890593840228316,0.6989047266869705,0.1492023261316018
694,Gradient boosting,0.5444168770384733,0.725135856458407,0.13735179460871477
695,Oracle reference-risk logit,0.45722301878194527,0.735282268461221,0.13050988691255344
695,Linear logistic,0.3722400132992307,0.6766063325082509,0.14392019500096054
695,Gradient boosting,0.5402227392161669,0.7064430564150165,0.13429941853610716
696,Oracle reference-risk logit,0.43423190268577205,0.7657854818182246,0.12883940074235373
696,Linear logistic,0.36880104460932955,0.7049306589396664,0.1456087632394004
696,Gradient boosting,0.4790592411616978,0.7435406129314541,0.1357394373593446
697,Oracle reference-risk logit,0.4690985621239277,0.7741901589087157,0.13023913134241022
697,Linear logistic,0.30730998895098405,0.6883989220661223,0.14871943960710854
697,Gradient boosting,0.5264737127708611,0.7494684500373939,0.13791713405966743
698,Oracle reference-risk logit,0.5211068079556901,0.7430971252809654,0.13085107535022325
698,Linear logistic,0.335234872979374,0.6681730352143223,0.14837597001687095
698,Gradient boosting,0.5812262713932536,0.7203422847904097,0.13822068010597177
699,Oracle reference-risk logit,0.41514391568337006,0.7763545150501673,0.12648707347973545
699,Linear logistic,0.30474807891692335,0.6941487498009238,0.14434327730554514
699,Gradient boosting,0.5302554787823733,0.7252014652014652,0.13738298590204648
700,Oracle reference-risk logit,0.49405299990671875,0.773637288984231,0.1319852770846458
700,Linear logistic,0.4041724904477955,0.690824514931694,0.15231765955808374
700,Gradient boosting,0.584707119413359,0.7524596332324446,0.1378578371465246
701,Oracle reference-risk logit,0.5001038608961731,0.7586005191386687,0.1286911386154924
701,Linear logistic,0.35246951594215703,0.7024553383382158,0.1436994357471969
701,Gradient boosting,0.6230287015025531,0.7379875667401556,0.13636718289969554
702,Oracle reference-risk logit,0.48688123847846887,0.8001012425218592,0.12315844676271795
702,Linear logistic,0.36812548486375346,0.708487498082528,0.14631856319660141
702,Gradient boosting,0.6034719105386711,0.7642092345451756,0.13063634524120846
703,Oracle reference-risk logit,0.4818137786126498,0.7689630311397453,0.13111904367148106
703,Linear logistic,0.34150730493728537,0.6836477987421384,0.15042031731455544
703,Gradient boosting,0.5264939548931895,0.7357800276115969,0.14087586532299684
704,Oracle reference-risk logit,0.4858320573071098,0.7617803120297775,0.13572803207245715
704,Linear logistic,0.3048610956649667,0.6906643882766477,0.15091821747972411
704,Gradient boosting,0.5357016993693162,0.7100946689328728,0.14449866982423265
705,Oracle reference-risk logit,0.5290856141202216,0.7681042176294214,0.12554598094233063
705,Linear logistic,0.29840641126104933,0.6733632528844117,0.14549017989986193
705,Gradient boosting,0.535312442096099,0.7380562564606327,0.13416922861623742
706,Oracle reference-risk logit,0.44947064768674305,0.7401079922876276,0.12998882046557225
706,Linear logistic,0.3313626685462905,0.6652954369523095,0.14651331593680414
706,Gradient boosting,0.5119912262120182,0.7173205705120971,0.14112202062794807
707,Oracle reference-risk logit,0.4860297570621832,0.7652027825018897,0.13654058014119902
707,Linear logistic,0.34715877267796386,0.690301988851096,0.15442185646003412
707,Gradient boosting,0.5214043725145515,0.7184783635676493,0.14509731108985313
708,Oracle reference-risk logit,0.5046790388070769,0.7710640076592201,0.12865157179782444
708,Linear logistic,0.3235638880967701,0.6820947290612385,0.14892742702280265
708,Gradient boosting,0.5549207344180033,0.7492174041329668,0.1355356487608576
709,Oracle reference-risk logit,0.49251913555564575,0.7966991089953364,0.12633705432378364
709,Linear logistic,0.4262524330736828,0.7084606125127784,0.14773564082199436
709,Gradient boosting,0.5519436880866905,0.758231056321415,0.13442584385492615
710,Oracle reference-risk logit,0.4709059431897668,0.781905461464286,0.12251836151785499
710,Linear logistic,0.35707294903681325,0.6937900840673314,0.1408962655535741
710,Gradient boosting,0.5226669608012307,0.7445427423164788,0.1314618674112915
711,Oracle reference-risk logit,0.47042814332864463,0.7733070165254073,0.13001107018449937
711,Linear logistic,0.328827902881313,0.6897325747900461,0.1491813194921542
711,Gradient boosting,0.5384020054602726,0.7586949959363752,0.1347153332850761
712,Oracle reference-risk logit,0.4553939247092242,0.7727100715405546,0.13543452636074707
712,Linear logistic,0.3436729574619352,0.6664624367037284,0.15585871143789545
712,Gradient boosting,0.5510471702839633,0.7313039482457246,0.1456529728493241
713,Oracle reference-risk logit,0.490326866123628,0.7714073898813044,0.12861785768262615
713,Linear logistic,0.3091661469643993,0.6778074845222604,0.1477403978274539
713,Gradient boosting,0.5637617622233465,0.7277763318742851,0.13727017904241903
714,Oracle reference-risk logit,0.4468722760458915,0.7651350030382288,0.12422560955351693
714,Linear logistic,0.2992621921511761,0.6724475575282027,0.1413558032297194
714,Gradient boosting,0.4696772634999472,0.7351688198462392,0.13299950621346102
715,Oracle reference-risk logit,0.46245641505827967,0.7737651030561479,0.12728903872322297
715,Linear logistic,0.3233979621416442,0.676586772768809,0.1457808865410433
715,Gradient boosting,0.49397586998283083,0.7375209412123058,0.13583897832725655
716,Oracle reference-risk logit,0.47172322978502507,0.8050407856181199,0.12487417847518602
716,Linear logistic,0.3596258387315633,0.7123669669998964,0.14823729384283654
716,Gradient boosting,0.5212710992658048,0.7590495945805995,0.13456394550556283
717,Oracle reference-risk logit,0.46820919199491906,0.7902588521760472,0.11950419792842859
717,Linear logistic,0.32885828584131493,0.6845478281509613,0.14279924939256305
717,Gradient boosting,0.5866776609842971,0.750327379943195,0.1251990088571279
718,Oracle reference-risk logit,0.5821920212865124,0.7613117402959863,0.14089596903869317
718,Linear logistic,0.3366442996518927,0.679715030663582,0.1579024196168981
718,Gradient boosting,0.5288572729778539,0.7264808490323528,0.14884113892418577
719,Oracle reference-risk logit,0.4899141637391054,0.7809699935865104,0.12609750958609842
719,Linear logistic,0.3742818152985632,0.6952751885130044,0.14653502762642104
719,Gradient boosting,0.5774897803224046,0.7611255362735758,0.12996226366408914
720,Oracle reference-risk logit,0.4282349818302997,0.7794428784612835,0.12296688819390925
720,Linear logistic,0.38525335807203326,0.7002619797711822,0.13834805521994722
720,Gradient boosting,0.5171575548808327,0.7498275576189687,0.13106457051254825
721,Oracle reference-risk logit,0.47876253425500404,0.7830756250958736,0.12971998288766867
721,Linear logistic,0.34540016365880494,0.6922871606074552,0.1495195009140002
721,Gradient boosting,0.6279256427650987,0.7315922687528762,0.1416825387209424
722,Oracle reference-risk logit,0.4717841667381989,0.7858554398710702,0.12450302392080927
722,Linear logistic,0.33207345914466097,0.690760021488322,0.1439933700072765
722,Gradient boosting,0.5985926028420937,0.7654623186922822,0.12927598053229175
723,Oracle reference-risk logit,0.45851410557069644,0.7815921668795232,0.12777866621295003
723,Linear logistic,0.3165086677990908,0.6946785866326096,0.14707099566035634
723,Gradient boosting,0.5506816158631347,0.7462812028329271,0.1357623750978015
724,Oracle reference-risk logit,0.5090988259065363,0.7954304743339831,0.11961232582944573
724,Linear logistic,0.3613230370906397,0.6968437296946068,0.14147448294201445
724,Gradient boosting,0.5593134161784263,0.7495808966861599,0.13037612991500458
725,Oracle reference-risk logit,0.4455487863289328,0.757813499270932,0.1278365016265472
725,Linear logistic,0.34774193083610244,0.6964438745491289,0.143488210094721
725,Gradient boosting,0.5380823231513209,0.747438668747282,0.13146781533534216
726,Oracle reference-risk logit,0.42472246799928987,0.7780383018770627,0.12605736315699748
726,Linear logistic,0.3062291555077499,0.7037840991130362,0.14155611029968135
726,Gradient boosting,0.511890980749665,0.7399402782075083,0.13464068966860562
727,Oracle reference-risk logit,0.5275757183440232,0.8205408914099701,0.11613678011093553
727,Linear logistic,0.3612043222629996,0.7486480944145995,0.1365187431175928
727,Gradient boosting,0.5460676705977532,0.7925436493135114,0.12424981507873346
728,Oracle reference-risk logit,0.44961731679776856,0.7776135579860086,0.1314187672804611
728,Linear logistic,0.36627688751044096,0.6881512341117353,0.14940785486638083
728,Gradient boosting,0.5065349556863532,0.7543939058035275,0.13869105816109523
729,Oracle reference-risk logit,0.45311262597673135,0.794242847557555,0.12167195585154002
729,Linear logistic,0.405046125858928,0.6945887041142946,0.1440867268206345
729,Gradient boosting,0.5855239091054615,0.7588008001370228,0.13026489183238046
730,Oracle reference-risk logit,0.45783730573083126,0.7630438350938056,0.138052886146221
730,Linear logistic,0.3380987624551735,0.6744035762504086,0.15636071822408237
730,Gradient boosting,0.5674061998596867,0.7241670474492007,0.14581717842770922
731,Oracle reference-risk logit,0.47209640176156764,0.7867630913619282,0.12537624145720627
731,Linear logistic,0.383046125177128,0.7043990238332738,0.14533258883094144
731,Gradient boosting,0.5856570732843666,0.7380708160026097,0.13388964419757318
732,Oracle reference-risk logit,0.5127577412968101,0.7796122140949726,0.12713785432373303
732,Linear logistic,0.35741798241046113,0.6784147993343396,0.1491424588816062
732,Gradient boosting,0.5510634682859427,0.7402453655327219,0.13624858512886784
733,Oracle reference-risk logit,0.5234116083791724,0.7950592965366505,0.1268446371903085
733,Linear logistic,0.351292125709118,0.7070701619467793,0.14952838242347466
733,Gradient boosting,0.5531442175099508,0.7653743004867548,0.1337284285657438
734,Oracle reference-risk logit,0.4431127174317309,0.7794537585345495,0.1290950493793462
734,Linear logistic,0.3142845767875876,0.6931531212174922,0.14979903527629948
734,Gradient boosting,0.45478721014739265,0.753512666809067,0.14008160397004327
735,Oracle reference-risk logit,0.49721625415441567,0.788901382121721,0.1287063073921785
735,Linear logistic,0.4032521454632726,0.6844749217630574,0.14927703899871494
735,Gradient boosting,0.6102360812343647,0.7553686197753994,0.13554888257563294
736,Oracle reference-risk logit,0.44630616546935353,0.7768853631453145,0.12377676512697573
736,Linear logistic,0.3120273125706509,0.6908951750010979,0.14725971968175974
736,Gradient boosting,0.5371999771574644,0.7453410937333358,0.13307870902337945
737,Oracle reference-risk logit,0.4728267521021018,0.75813815700592,0.12675109159833137
737,Linear logistic,0.33425384006109743,0.6919651213704039,0.1428780254887829
737,Gradient boosting,0.5182671174037907,0.7167291437091343,0.14014307321375305
738,Oracle reference-risk logit,0.598363945596606,0.7779165914759135,0.13130588486367362
738,Linear logistic,0.3282777571700714,0.682005580310665,0.14984396084753435
738,Gradient boosting,0.534886052125674,0.751144056228802,0.13825252591084672
739,Oracle reference-risk logit,0.5037530719237269,0.7864160845009375,0.13347895401991736
739,Linear logistic,0.40769737983980164,0.7045754371879176,0.15507730350237647
739,Gradient boosting,0.563445066204493,0.7563878234637879,0.14398628137977504
740,Oracle reference-risk logit,0.49002737322934453,0.7806625862758081,0.13275559473904702
740,Linear logistic,0.32505735859382917,0.7202725032959298,0.15042970592186658
740,Gradient boosting,0.6038846138165627,0.7402941580018016,0.14089931226235072
741,Oracle reference-risk logit,0.4755463705014275,0.7725621327740766,0.14276684803942766
741,Linear logistic,0.36380131042264735,0.6917581822637359,0.15974804548321034
741,Gradient boosting,0.5729513751871892,0.7450932062847992,0.1514935500011863
742,Oracle reference-risk logit,0.5266701402740768,0.7825136969957844,0.1268306258046037
742,Linear logistic,0.33600782495821063,0.6918413784176208,0.1484501963679179
742,Gradient boosting,0.5446280203866685,0.7540186431981335,0.13617010714050554
743,Oracle reference-risk logit,0.44980489944136176,0.7645824133947097,0.13466286126223112
743,Linear logistic,0.3310840303863192,0.6759567865762555,0.1541794000447724
743,Gradient boosting,0.4668219145393819,0.7260705061124251,0.1416486788192269
744,Oracle reference-risk logit,0.49433772575624096,0.8037005157941742,0.11759930501935464
744,Linear logistic,0.36764307617051795,0.7159831477035187,0.13864143114924896
744,Gradient boosting,0.5628926048179516,0.7660125939204888,0.12540698148869975
745,Oracle reference-risk logit,0.4199960927371127,0.7796708783387348,0.12108131017962837
745,Linear logistic,0.3186302758184234,0.7142110019922501,0.1390783170463934
745,Gradient boosting,0.4889691349509222,0.7302388902235928,0.13054365389662717
746,Oracle reference-risk logit,0.4804873873435494,0.7680203731873193,0.1287398944702682
746,Linear logistic,0.31271632017783013,0.6592074780411783,0.15135132812486723
746,Gradient boosting,0.5786128693875424,0.7332964569112993,0.13711595434910676
747,Oracle reference-risk logit,0.4778196906106187,0.7769924965001429,0.12485998958586765
747,Linear logistic,0.33834354097414454,0.6638247988490436,0.14562518517647363
747,Gradient boosting,0.5472756436004137,0.7374655060220148,0.13238957635279738
748,Oracle reference-risk logit,0.44676388096261654,0.7570788481337306,0.13108766360590704
748,Linear logistic,0.3368568134353937,0.6840530974529548,0.15085559499773477
748,Gradient boosting,0.5159181872235942,0.7297929954736797,0.13711450903031985
749,Oracle reference-risk logit,0.5407430221193965,0.7809969464216857,0.13238433262714944
749,Linear logistic,0.35432099554857704,0.6707376081444636,0.1552986744962343
749,Gradient boosting,0.5992681543810561,0.7583325765143947,0.14156810720196097
750,Oracle reference-risk logit,0.45726708536393473,0.774914795349578,0.12403106565299
750,Linear logistic,0.3354273480236908,0.6949370918936137,0.14328158948968597
750,Gradient boosting,0.4742395817179704,0.7283819079471252,0.13406666945269097
751,Oracle reference-risk logit,0.5808265180416781,0.7933907876800732,0.12919420227838088
751,Linear logistic,0.38629207113590563,0.701768766633607,0.1501176766974782
751,Gradient boosting,0.5230761700945465,0.7644220826370429,0.13680515951400332
752,Oracle reference-risk logit,0.43090468324168074,0.779777752698615,0.12777405002942974
752,Linear logistic,0.33969362922832025,0.7081029185257479,0.14254936932151224
752,Gradient boosting,0.5061149581351769,0.75985465388901,0.13589379538817845
753,Oracle reference-risk logit,0.5108834708029641,0.7778797159522749,0.13248535384317597
753,Linear logistic,0.32812376843294966,0.6768499904807734,0.15522988737068846
753,Gradient boosting,0.5714542394339714,0.7475246263141404,0.14098274460268412
754,Oracle reference-risk logit,0.563206354276737,0.7721095517705687,0.12710776451747288
754,Linear logistic,0.3614539954426826,0.6873807551773654,0.1486354423101688
754,Gradient boosting,0.5671563211838505,0.740601927042605,0.13468958164239753
755,Oracle reference-risk logit,0.500641299217688,0.7727563775529065,0.13442888848333728
755,Linear logistic,0.3755026116061082,0.7049475111609949,0.1536273887626163
755,Gradient boosting,0.5111190043722291,0.7486879638707616,0.1401614312151412
756,Oracle reference-risk logit,0.5823818888186308,0.775588393799278,0.13319125419797417
756,Linear logistic,0.32478974996249094,0.6823813211480604,0.15162450818602033
756,Gradient boosting,0.5500699222721405,0.7443145708510519,0.13974033202553005
757,Oracle reference-risk logit,0.5446587076242605,0.7913535641131915,0.12630540718097127
757,Linear logistic,0.38517950253255856,0.7121709044383977,0.15010387910386494
757,Gradient boosting,0.5395676515587778,0.7509655872512448,0.13481411467638912
758,Oracle reference-risk logit,0.4736190599578798,0.7639876236478325,0.1287560584687335
758,Linear logistic,0.38513638330226535,0.6853811919659029,0.14417020989959026
758,Gradient boosting,0.53164116651287,0.7357849872103581,0.13373125622031268
759,Oracle reference-risk logit,0.49167055187565273,0.7749484375,0.12953341622174125
759,Linear logistic,0.3564034143925821,0.6641609374999999,0.15007292244930084
759,Gradient boosting,0.567436776306866,0.7334859375,0.13745350897124922
760,Oracle reference-risk logit,0.48967890161128014,0.7783013086091676,0.12419241334512757
760,Linear logistic,0.3309009411731054,0.6956204820950822,0.14061323506385534
760,Gradient boosting,0.5403100194280565,0.7377077848108506,0.132619827326904
761,Oracle reference-risk logit,0.4399019414035883,0.783929523301858,0.1253761920860616
761,Linear logistic,0.30205020300496876,0.7093232815514265,0.14394635172953466
761,Gradient boosting,0.5234475700521936,0.7483659508579552,0.1321435101549217
762,Oracle reference-risk logit,0.471108822360172,0.7900521854162917,0.1238504418082104
762,Linear logistic,0.39101584477832335,0.7091866759397508,0.1414316907341057
762,Gradient boosting,0.5657280442990517,0.7734903272977227,0.12949424203845186
763,Oracle reference-risk logit,0.5702749211401053,0.7817962069096576,0.13156771366708386
763,Linear logistic,0.36944307804001836,0.6918566379080993,0.15172898137200955
763,Gradient boosting,0.5275763224024579,0.7448641252707993,0.14077915379757946
764,Oracle reference-risk logit,0.5687165175215372,0.7756416288684371,0.1285499379279046
764,Linear logistic,0.351187983247562,0.6824682087089631,0.1469350016682645
764,Gradient boosting,0.563312399537023,0.7476897596597218,0.13741182272717242
765,Oracle reference-risk logit,0.45007167825674127,0.7907900755095962,0.11873775273740643
765,Linear logistic,0.26217571449414595,0.6916428342386128,0.14197057186610368
765,Gradient boosting,0.48147867678398243,0.7538149518441173,0.1264942388211022
766,Oracle reference-risk logit,0.5254586727173458,0.7699861981939351,0.12595233737712122
766,Linear logistic,0.3481087380244665,0.6973019440829684,0.14486713093871936
766,Gradient boosting,0.5794694678329554,0.7551275681217713,0.13189762253760018
767,Oracle reference-risk logit,0.5596404051570577,0.7716954990518209,0.1301455805645408
767,Linear logistic,0.3069619146445436,0.6638383838383839,0.15151145643812425
767,Gradient boosting,0.4750935137983681,0.7269600216726653,0.13920627664551302
768,Oracle reference-risk logit,0.4896584919502645,0.785346875,0.12670115400341192
768,Linear logistic,0.40083946061854836,0.6841328125,0.14778582511517857
768,Gradient boosting,0.5381038530593386,0.7568781249999998,0.1346492384907943
769,Oracle reference-risk logit,0.4495359889836499,0.7614760037348272,0.13787377322520947
769,Linear logistic,0.3302047059521558,0.6823081232492998,0.15288643304145308
769,Gradient boosting,0.5004999336018227,0.7057419234360411,0.14879510554048317
770,Oracle reference-risk logit,0.48630285581928157,0.8011450589466425,0.1283835640791857
770,Linear logistic,0.3880735708231872,0.7112370628905328,0.14939988370136362
770,Gradient boosting,0.5718669333706597,0.7612902933117185,0.13626402287414094
771,Oracle reference-risk logit,0.4809742254571481,0.7829950904069056,0.1315990250838388
771,Linear logistic,0.37199175573848753,0.6844646873191713,0.1541647120109683
771,Gradient boosting,0.5718911401524112,0.7324868311947074,0.13988865364167297
772,Oracle reference-risk logit,0.500320430181912,0.7711895523740341,0.12548812547914062
772,Linear logistic,0.3202386540858304,0.6943153838939851,0.1449493364230112
772,Gradient boosting,0.5238440715445254,0.7554341865370462,0.13014064270229023
773,Oracle reference-risk logit,0.4539818554537246,0.7571891313158198,0.13521139554259864
773,Linear logistic,0.359424334019255,0.6785789897108016,0.15264072400389028
773,Gradient boosting,0.5116039868653699,0.703192010597693,0.1461317715567191
774,Oracle reference-risk logit,0.47405320741912765,0.7514277672791604,0.13315921026801147
774,Linear logistic,0.34063765678445573,0.6759663865546218,0.14575284917300665
774,Gradient boosting,0.48737835691233505,0.7162438181014033,0.14379536930106082
775,Oracle reference-risk logit,0.4461605254072183,0.763256736714371,0.12914224582944356
775,Linear logistic,0.3159909578084475,0.6707757895615438,0.1449018225942968
775,Gradient boosting,0.47763633913762316,0.7258219850915885,0.13886584253366327
776,Oracle reference-risk logit,0.44458822871254966,0.7922344266656531,0.13004556403844839
776,Linear logistic,0.3662879261445542,0.6760062331344305,0.15192757897948195
776,Gradient boosting,0.5524421943405066,0.7631150469385428,0.14052236878772698
777,Oracle reference-risk logit,0.6334678274648722,0.7718708075221409,0.1302991990973934
777,Linear logistic,0.36545003461709397,0.6697683639174513,0.15162593297681165
777,Gradient boosting,0.5651242013084342,0.7445210605499456,0.13594697392552246
778,Oracle reference-risk logit,0.45558191720697433,0.7722931235431235,0.13542815915181444
778,Linear logistic,0.30733158615226697,0.6927564102564103,0.15597870112772377
778,Gradient boosting,0.4924728988906429,0.7289539627039627,0.14715025812661262
779,Oracle reference-risk logit,0.47853430711905565,0.7663928952991452,0.13403375924613767
779,Linear logistic,0.38113180358746684,0.675658326048951,0.15241010006587127
779,Gradient boosting,0.554121607310989,0.7110194493006993,0.1449997833493352
780,Oracle reference-risk logit,0.5671609884851242,0.7711632898147487,0.13277071512416921
780,Linear logistic,0.3618941077419343,0.6794651137903974,0.15342076126056467
780,Gradient boosting,0.5401336807793429,0.747758673991106,0.13938307507380848
781,Oracle reference-risk logit,0.4658383906107529,0.7818021867538016,0.12134962149033689
781,Linear logistic,0.33920055163557733,0.7016245653722089,0.1376468745627481
781,Gradient boosting,0.5355497659725135,0.7701646349126556,0.12681047251055455
782,Oracle reference-risk logit,0.46417185724836596,0.7669467099446698,0.1329151258353466
782,Linear logistic,0.3298586937266872,0.6898402867659741,0.14830518664617506
782,Gradient boosting,0.519780941044039,0.733708209095528,0.1403683322259224
783,Oracle reference-risk logit,0.4320783280104852,0.7990179657063451,0.12401072081792563
783,Linear logistic,0.3335345826447599,0.6859428894017221,0.14833410087152135
783,Gradient boosting,0.5354616684349132,0.7636247177349313,0.13075729620304127
784,Oracle reference-risk logit,0.5189754700710091,0.7964106267340656,0.12545343119894387
784,Linear logistic,0.3424416390365686,0.7267530690585686,0.1463392440650477
784,Gradient boosting,0.5725759256182342,0.7639709627152141,0.1348451709897966
785,Oracle reference-risk logit,0.45729392745812786,0.757708732723074,0.12702443989529713
785,Linear logistic,0.31690428926022174,0.6631806377488065,0.14490765184822949
785,Gradient boosting,0.5196159020774168,0.7256889115516179,0.13852015033382317
786,Oracle reference-risk logit,0.45416780213882957,0.7571118734965889,0.12995801976764623
786,Linear logistic,0.3428304406608519,0.6723577428132024,0.14670404383649321
786,Gradient boosting,0.48113809258581025,0.7213754485586972,0.13737285491466067
787,Oracle reference-risk logit,0.4754443321334243,0.7685623781676414,0.12543180419026492
787,Linear logistic,0.31986566094119623,0.6927680311890838,0.14291475876494877
787,Gradient boosting,0.48445233645985114,0.7594704353476283,0.127824787382271
788,Oracle reference-risk logit,0.47621586233960356,0.7918327596948929,0.1302540753151711
788,Linear logistic,0.38729205972248465,0.7277672257877196,0.14733614472444057
788,Gradient boosting,0.5071283857373078,0.7519175049449851,0.13922686110568272
789,Oracle reference-risk logit,0.46060363249348213,0.7842884990253411,0.12237752850555955
789,Linear logistic,0.3967732120833201,0.701122482131254,0.14053268109639
789,Gradient boosting,0.5580422169005701,0.753390188434048,0.12777109361028008
790,Oracle reference-risk logit,0.47999715204169974,0.7723710345382171,0.12443028989989588
790,Linear logistic,0.3515568219758891,0.6943186844115636,0.1418141280565307
790,Gradient boosting,0.5460228732790657,0.7525133689839572,0.1315531757439218
791,Oracle reference-risk logit,0.47489500423030245,0.7815544639552319,0.1264554727099063
791,Linear logistic,0.2635414409083693,0.6864989742721095,0.14644234970641617
791,Gradient boosting,0.5210798114781848,0.7557654063074424,0.1296238882452675
792,Oracle reference-risk logit,0.4840721774040782,0.7927302564102564,0.11791613777331655
792,Linear logistic,0.35479914316244504,0.6980709743589744,0.14044360367136613
792,Gradient boosting,0.5272410640166313,0.7613275897435897,0.12658139282372644
793,Oracle reference-risk logit,0.5411144365985623,0.7742688134705241,0.13516570752334678
793,Linear logistic,0.3438527602570762,0.6972117136051562,0.15100396746230887
793,Gradient boosting,0.5161153135413235,0.726012939305883,0.14714969221932317
794,Oracle reference-risk logit,0.4721417323581766,0.7853863265283759,0.12648987891304586
794,Linear logistic,0.30938264251307496,0.700821385130534,0.14569760713679072
794,Gradient boosting,0.545286331085279,0.747869048010407,0.134793133146275
795,Oracle reference-risk logit,0.4561029385975305,0.7591945231740723,0.13408364557168553
795,Linear logistic,0.3405421058826285,0.6652028315104298,0.15227434835007583
795,Gradient boosting,0.528869668752761,0.7344578527253212,0.14183378797992555
796,Oracle reference-risk logit,0.4600869506047251,0.7737445054390133,0.12785100423793178
796,Linear logistic,0.3613387988374325,0.6939919918084622,0.14698618752900233
796,Gradient boosting,0.568268185263305,0.7505947099943908,0.13618323475759087
797,Oracle reference-risk logit,0.48017315402454974,0.7724284522313084,0.12921826658333266
797,Linear logistic,0.35882712088897145,0.6848542008822373,0.14784913901403826
797,Gradient boosting,0.5706223827753126,0.7329639476002616,0.136625271940216
798,Oracle reference-risk logit,0.4559620847995925,0.7748109095765345,0.13277111740532263
798,Linear logistic,0.3238550774937564,0.7028214840714841,0.1494665480390439
798,Gradient boosting,0.5022149317670531,0.7549958721833723,0.13773194710812584
799,Oracle reference-risk logit,0.629035827449642,0.7509454521173271,0.13413326941065126
799,Linear logistic,0.33090915340114335,0.6679899961149962,0.1530728896125367
799,Gradient boosting,0.6041057669047207,0.7211629516317015,0.14340846960074727
800,Oracle reference-risk logit,0.44703144384047255,0.7739847762971785,0.1259266446805789
800,Linear logistic,0.3374437480676188,0.7034247127720291,0.1451964010661386
800,Gradient boosting,0.5276426743857344,0.7367226854264374,0.13385737985157742
801,Oracle reference-risk logit,0.4421008954153804,0.7739432640582067,0.1294737696724236
801,Linear logistic,0.3124361506947341,0.6667518092805449,0.15066752295460642
801,Gradient boosting,0.540833126222276,0.7588637331166066,0.13426005483981435
802,Oracle reference-risk logit,0.43907833978494776,0.79013378053085,0.12865343343180627
802,Linear logistic,0.3414146804067774,0.6986809794110385,0.1487424279336761
802,Gradient boosting,0.5753743168000991,0.7526082734570398,0.13951514893804762
803,Oracle reference-risk logit,0.43696462681520104,0.7824726439038406,0.132175060097344
803,Linear logistic,0.3297892638978338,0.6923651350445359,0.15196397182281085
803,Gradient boosting,0.5164238608017866,0.7441830883057179,0.14068981953948645
804,Oracle reference-risk logit,0.48863901905373525,0.7817656563678206,0.12998183361863408
804,Linear logistic,0.3571995263032271,0.712610114265111,0.1509098959353005
804,Gradient boosting,0.48750661816092566,0.7746702692597027,0.13480233462927405
805,Oracle reference-risk logit,0.5249075215780912,0.7877107053871131,0.12893265456442543
805,Linear logistic,0.3469268377474925,0.6807284146913513,0.15084956203363753
805,Gradient boosting,0.6135488807479729,0.7410455921681867,0.14110745334820002
806,Oracle reference-risk logit,0.4428721917680174,0.7946585765545139,0.12722010457518762
806,Linear logistic,0.3369276973646302,0.7004739538595561,0.14864204349652715
806,Gradient boosting,0.5028183678900233,0.7744561409921353,0.1311432243953437
807,Oracle reference-risk logit,0.5015150567325871,0.7758079406226308,0.12800022839977163
807,Linear logistic,0.35721569974230843,0.7117107065124355,0.1462169278572494
807,Gradient boosting,0.53986227061005,0.7594702990878188,0.13472594379531747
808,Oracle reference-risk logit,0.47003129999520954,0.7843989025606918,0.12391247206868945
808,Linear logistic,0.36407377285060527,0.7358519224373896,0.13810640897882218
808,Gradient boosting,0.5318586890588083,0.7609991750019187,0.13050567714733488
809,Oracle reference-risk logit,0.48178482181845667,0.7663077159073477,0.1320879614289804
809,Linear logistic,0.3771982750049566,0.6876346065347446,0.15018075006534592
809,Gradient boosting,0.5150866745320427,0.7367985887406046,0.13796393678381472
810,Oracle reference-risk logit,0.4640406834233994,0.7710697683172416,0.1281853709916625
810,Linear logistic,0.3140168168981198,0.6553962070025534,0.1488097237492753
810,Gradient boosting,0.5550450584017266,0.7284001154335974,0.13456628479027993
811,Oracle reference-risk logit,0.566063678669432,0.7618249245850417,0.1291092565026265
811,Linear logistic,0.3198624150484966,0.690945039049842,0.1470238999125149
811,Gradient boosting,0.5328398571219949,0.7261814749240373,0.1389931385169853
812,Oracle reference-risk logit,0.46222779006253545,0.7754738015607581,0.12784905675423675
812,Linear logistic,0.37396803673846984,0.6814333492594362,0.14494446018880214
812,Gradient boosting,0.541980269546798,0.7332537028189202,0.13757817456110957
813,Oracle reference-risk logit,0.5775443360414729,0.765135134693424,0.12586173599211364
813,Linear logistic,0.34382233228246584,0.6751913393509417,0.14270870016043852
813,Gradient boosting,0.47038250998968106,0.7276868817119948,0.13415724815395066
814,Oracle reference-risk logit,0.5001115584073667,0.786362752438832,0.13038017843314673
814,Linear logistic,0.3271558992732911,0.676412807638892,0.15059018525865334
814,Gradient boosting,0.55683877785866,0.7352678619278832,0.1413064985317921
815,Oracle reference-risk logit,0.4361655727450647,0.7661021629084216,0.13278235698721724
815,Linear logistic,0.2809078661910269,0.7061972695198651,0.14694931297925704
815,Gradient boosting,0.4925670174157466,0.7298512041724191,0.13840963282374646
816,Oracle reference-risk logit,0.43289212953615985,0.7684341122921063,0.13125242995544517
816,Linear logistic,0.33668379265884846,0.6959476709070418,0.14790630093942683
816,Gradient boosting,0.5612784303719626,0.7437421777221527,0.13834825136842394
817,Oracle reference-risk logit,0.4597748324728346,0.8045968750000001,0.12374922375588958
817,Linear logistic,0.3553562918225032,0.7179437500000001,0.14392793076834448
817,Gradient boosting,0.5489284248464182,0.7658765624999999,0.13074916513902513
818,Oracle reference-risk logit,0.4690585925128143,0.7801139969787266,0.1315564801607697
818,Linear logistic,0.3142080673919897,0.690410146315076,0.14925099075570228
818,Gradient boosting,0.4817183484734017,0.7477774584728585,0.1410890213722677
819,Oracle reference-risk logit,0.48782918391039715,0.7801474134429892,0.12219127202654505
819,Linear logistic,0.3245976337341847,0.6944835770128948,0.14444271844550327
819,Gradient boosting,0.61685109849691,0.7365325794496903,0.13142571965408475
820,Oracle reference-risk logit,0.47549689125317035,0.8005335466307939,0.12423354401543744
820,Linear logistic,0.3066171989767483,0.7031211417473727,0.1491305051078849
820,Gradient boosting,0.5211200834887447,0.7553926536597633,0.1358559216000329
821,Oracle reference-risk logit,0.6169292435373729,0.7858864363879997,0.1255493474204938
821,Linear logistic,0.3031859330000779,0.6865679049107917,0.14912139251682588
821,Gradient boosting,0.5997755482096002,0.7556065286979826,0.13271925077581964
822,Oracle reference-risk logit,0.4970487195778121,0.783437356664616,0.12558473630407357
822,Linear logistic,0.3392739696712654,0.7020893896202093,0.1453271071834789
822,Gradient boosting,0.5695352623784697,0.769843096185185,0.1297302740700125
823,Oracle reference-risk logit,0.46596323132717693,0.7633885565270748,0.1321969982202992
823,Linear logistic,0.3382891034266918,0.6657079306642123,0.15248656930187576
823,Gradient boosting,0.5610394983713188,0.7347829421690444,0.14041045552576772
824,Oracle reference-risk logit,0.4182701007908914,0.7595849486811647,0.12407925706516489
824,Linear logistic,0.33941826677005815,0.6953003099151334,0.13866533032110426
824,Gradient boosting,0.4902914609728141,0.7131125705085885,0.13266494112506408
825,Oracle reference-risk logit,0.49099802090029215,0.7920550571924583,0.1275962707010665
825,Linear logistic,0.27850226852916227,0.6742509935337138,0.1524865412437856
825,Gradient boosting,0.5301275338025568,0.7615035174420364,0.13431505978270142
826,Oracle reference-risk logit,0.5471702329572479,0.7874279162623383,0.1243126619826048
826,Linear logistic,0.3075315483273241,0.6870700471596072,0.1480716176891728
826,Gradient boosting,0.536576440970173,0.7715092310449901,0.1316616724205027
827,Oracle reference-risk logit,0.5723611402101755,0.7507543846684402,0.13613849987777635
827,Linear logistic,0.37027911150134635,0.6479625455709922,0.1553025921769511
827,Gradient boosting,0.4981479859010549,0.721445770519263,0.14289445331575387
828,Oracle reference-risk logit,0.45222493321005924,0.7813658784612169,0.13207345713367874
828,Linear logistic,0.3284501965958996,0.7032909671023635,0.15114407155054319
828,Gradient boosting,0.44800264821023666,0.7527088764499617,0.13939800726143484
829,Oracle reference-risk logit,0.47219911309773027,0.7729768990929705,0.13256689012186745
829,Linear logistic,0.32553109158037824,0.6957834349017384,0.15440624358224728
829,Gradient boosting,0.5948243275315469,0.7374264810090703,0.1397608172462943
830,Oracle reference-risk logit,0.4849918653734291,0.7744139908537331,0.12864460297217667
830,Linear logistic,0.34900307452805335,0.705832273605439,0.14912827544699936
830,Gradient boosting,0.5445798021067751,0.7241920593773691,0.13741975225180614
831,Oracle reference-risk logit,0.5036220847802767,0.7948047953460241,0.132323727334609
831,Linear logistic,0.39400249942961757,0.7057046399275995,0.15165914008504067
831,Gradient boosting,0.5712014063417735,0.7640124275588955,0.1407738736742574
832,Oracle reference-risk logit,0.4332266230140103,0.7994275990099009,0.12014435971238077
832,Linear logistic,0.3697016001295112,0.7157864712252475,0.140798138817956
832,Gradient boosting,0.5155621369977851,0.762473732724835,0.12886163353403698
833,Oracle reference-risk logit,0.4990738400175265,0.7606262029555384,0.13108494670987905
833,Linear logistic,0.3253376748393907,0.6653957637590552,0.1522882144501645
833,Gradient boosting,0.6296255965091374,0.7444979856954518,0.1361077048136079
834,Oracle reference-risk logit,0.47325372603563987,0.7709405458089669,0.12645524089275104
834,Linear logistic,0.31301717463227957,0.6837231968810915,0.1443323061521992
834,Gradient boosting,0.544263256760766,0.7338564002599091,0.13642555642203325
835,Oracle reference-risk logit,0.469835157096061,0.7755324359085853,0.1321464680592859
835,Linear logistic,0.3608614931071698,0.6909728102576778,0.1493853941647228
835,Gradient boosting,0.5076226360764409,0.7456208204982675,0.13855305955055122
836,Oracle reference-risk logit,0.6023512265893066,0.7432532686769975,0.1395367861578346
836,Linear logistic,0.3076711962017407,0.6607778811168642,0.15253031744684326
836,Gradient boosting,0.5253540237933031,0.7225715700291973,0.14342333432485224
837,Oracle reference-risk logit,0.44248799490454477,0.7457609375,0.13244709879935773
837,Linear logistic,0.3702276545157269,0.6671125,0.14965819596514182
837,Gradient boosting,0.4698740687131417,0.7278843749999999,0.13720385721038225
838,Oracle reference-risk logit,0.4917314520228943,0.7731417094014468,0.1323914914296324
838,Linear logistic,0.3033526905803644,0.6708072147885646,0.1521732796173285
838,Gradient boosting,0.5037944868251761,0.7373628248137829,0.14009214880497262
839,Oracle reference-risk logit,0.4995951541639508,0.7480852440843214,0.1287415888189023
839,Linear logistic,0.4055720970535407,0.6694733199728946,0.14532407613441933
839,Gradient boosting,0.5779233279984464,0.7109563607062128,0.1369852251324185
840,Oracle reference-risk logit,0.5615994979076925,0.8011242008765229,0.12163634890755708
840,Linear logistic,0.34500518446813444,0.6882714808411403,0.14374345861017224
840,Gradient boosting,0.5995178847933759,0.7573849061155562,0.12945764531104959
841,Oracle reference-risk logit,0.4791874784564675,0.7758890154982285,0.12760858919530257
841,Linear logistic,0.31860204116627167,0.7042774238942957,0.14537029827493878
841,Gradient boosting,0.516939495614674,0.7511628341396895,0.13360413613705402
842,Oracle reference-risk logit,0.43844323209309116,0.7844870222438632,0.12895972266028827
842,Linear logistic,0.25918738231651806,0.6950353632562063,0.1488870900245603
842,Gradient boosting,0.4506683396303186,0.7600336253347604,0.1374794257977545
843,Oracle reference-risk logit,0.5244512039567291,0.7853365335878566,0.12498171594696234
843,Linear logistic,0.37127369567825386,0.695688857905268,0.14587414142397823
843,Gradient boosting,0.5234655842563237,0.7513689197893321,0.1350851093400214
844,Oracle reference-risk logit,0.5800953954702134,0.7716468009316344,0.12330061536279663
844,Linear logistic,0.36262015475196807,0.6727454511055004,0.14394574612054334
844,Gradient boosting,0.4915342565071603,0.7269994585037742,0.13489584017497372
845,Oracle reference-risk logit,0.4848125141817646,0.7744559193023943,0.13084803887785032
845,Linear logistic,0.3687450350575057,0.6764921420829639,0.15028901385729387
845,Gradient boosting,0.5387347365932396,0.7447824293033798,0.13920515595701505
846,Oracle reference-risk logit,0.5003288995197045,0.7822638465674852,0.12853144489715293
846,Linear logistic,0.3558887998311887,0.6917149285188916,0.14791015254960116
846,Gradient boosting,0.5628193486991756,0.7572624558844435,0.1338569259439621
847,Oracle reference-risk logit,0.4862882562145103,0.7707894358777894,0.1325407914838063
847,Linear logistic,0.3260039327948254,0.6702737405420937,0.15475985076219365
847,Gradient boosting,0.5577257604183169,0.7231182956613351,0.1424328117559436
848,Oracle reference-risk logit,0.45027628879550236,0.786670918367347,0.12701398055047416
848,Linear logistic,0.3498090169546966,0.702782325616814,0.1437858529887801
848,Gradient boosting,0.49699177917394577,0.7724872131688496,0.13438278913754478
849,Oracle reference-risk logit,0.4587460878371527,0.7586036658433396,0.13344240608197053
849,Linear logistic,0.3183109876825893,0.6640015529089531,0.15256183343915425
849,Gradient boosting,0.5331902932510943,0.7306635323176249,0.14112002203820542
850,Oracle reference-risk logit,0.486382681758102,0.7718066186995256,0.12608799128467155
850,Linear logistic,0.27828955438604613,0.7000378184046379,0.14250732868186003
850,Gradient boosting,0.5240645249573666,0.7362972111719077,0.13417451152828563
851,Oracle reference-risk logit,0.47592288130695665,0.7879692986369734,0.12844886457386104
851,Linear logistic,0.41896047064048064,0.6696175166210341,0.14960263024022719
851,Gradient boosting,0.5662826888546922,0.7484185166225996,0.1372995382009397
852,Oracle reference-risk logit,0.463551975332977,0.7752097902097903,0.13679399120210892
852,Linear logistic,0.3753282842643565,0.6677899184149185,0.15970138252007554
852,Gradient boosting,0.5312569516377246,0.7275451631701633,0.14735305204802604
853,Oracle reference-risk logit,0.4981789010553547,0.7892679459843639,0.12242339704306589
853,Linear logistic,0.39688454027014214,0.6833593512031679,0.1469460033964188
853,Gradient boosting,0.5587664503308251,0.7489529393847092,0.13095826631213006
854,Oracle reference-risk logit,0.4699440574646103,0.7700098832810085,0.13139486771365244
854,Linear logistic,0.28911782821507886,0.682531564070588,0.15238084904656127
854,Gradient boosting,0.5276205966709226,0.7421727272590517,0.1377160441009467
855,Oracle reference-risk logit,0.462805334160247,0.7478163807652585,0.13408042105551402
855,Linear logistic,0.33431136092912606,0.6560823320486662,0.15046110121854542
855,Gradient boosting,0.5214693783095748,0.7167608126149273,0.1436213834233907
856,Oracle reference-risk logit,0.47797015629124107,0.7738450026860403,0.12631474211989022
856,Linear logistic,0.336487220090928,0.7148592386994448,0.14075867185906993
856,Gradient boosting,0.4783079153908179,0.7475521859251489,0.13459362295159014
857,Oracle reference-risk logit,0.5142850727441574,0.7979708859013789,0.11438625754566611
857,Linear logistic,0.34310081057238384,0.7190760319620364,0.13483079361971106
857,Gradient boosting,0.5769575668739789,0.7671902286159586,0.12058618414747303
858,Oracle reference-risk logit,0.41968065581966313,0.7689448356472044,0.13478800929985488
858,Linear logistic,0.32212275224690706,0.6883441969194851,0.15164102199840732
858,Gradient boosting,0.5144418239844624,0.7432144581720593,0.14074375055341123
859,Oracle reference-risk logit,0.4880842225098697,0.8087927151362304,0.1203418615126021
859,Linear logistic,0.33038338231157516,0.6999149931931818,0.14523532449865884
859,Gradient boosting,0.5398389342677163,0.7660485636672753,0.13052146036961784
860,Oracle reference-risk logit,0.4717166945897041,0.7820811731595319,0.1335396377138917
860,Linear logistic,0.3152127033191735,0.7125759146793067,0.1519122601022043
860,Gradient boosting,0.5829338486734893,0.7495733965338468,0.14175588510891537
861,Oracle reference-risk logit,0.5159677488007615,0.7849848929895062,0.12861049080724676
861,Linear logistic,0.3900289202116921,0.6897401474059791,0.15103334945640862
861,Gradient boosting,0.6250036745981306,0.7539704707500645,0.1337357406235979
862,Oracle reference-risk logit,0.46358677698664247,0.7868164719519074,0.1280145293426783
862,Linear logistic,0.3486739568906892,0.6953826265438764,0.1477684938229981
862,Gradient boosting,0.5842815276643112,0.7581165678202462,0.134512261138383
863,Oracle reference-risk logit,0.5762764859092768,0.8044870756735163,0.12627184250355689
863,Linear logistic,0.3476052324772406,0.6958746111288484,0.14915806122861586
863,Gradient boosting,0.5381759269844822,0.7771484890128959,0.13289508713441245
864,Oracle reference-risk logit,0.5108639309102831,0.7734398933198783,0.1305463265411387
864,Linear logistic,0.3159027430683227,0.7094258134659627,0.14935066311101156
864,Gradient boosting,0.5372643322790301,0.7236303077265,0.14091428351136778
865,Oracle reference-risk logit,0.4760053338604374,0.7611325979569955,0.1257380836046677
865,Linear logistic,0.4021453871780425,0.6832537443021489,0.14223711864255745
865,Gradient boosting,0.534409645048264,0.7450339075583269,0.1329784426886491
866,Oracle reference-risk logit,0.4921906801406705,0.8017999952111866,0.12608142701740044
866,Linear logistic,0.3420426431414885,0.7298106622928837,0.14661193765765745
866,Gradient boosting,0.6060996054210964,0.7637977684129873,0.1333754844204713
867,Oracle reference-risk logit,0.43675805245227184,0.7797939014462216,0.1304793765922864
867,Linear logistic,0.31386684114582913,0.6971479623599273,0.15119066198150144
867,Gradient boosting,0.47227894357126077,0.7354390144622163,0.14105258379920035
868,Oracle reference-risk logit,0.4778206275185838,0.75586686892121,0.13269233628591748
868,Linear logistic,0.36702510999471655,0.6700245304078435,0.1483590597925042
868,Gradient boosting,0.531538747224232,0.7123758803629938,0.14027034836013985
869,Oracle reference-risk logit,0.43907047693796947,0.8016390625,0.1234498314493581
869,Linear logistic,0.32266794807417004,0.7127671875000001,0.1436575270223205
869,Gradient boosting,0.49811968828486974,0.7421,0.13621981210798803
870,Oracle reference-risk logit,0.5765692206757506,0.7817502684460806,0.1285414702100962
870,Linear logistic,0.3452544668277506,0.7169857340082835,0.14730647097364066
870,Gradient boosting,0.53407422370377,0.750211688909342,0.13577791779170573
871,Oracle reference-risk logit,0.47621968272185117,0.7813600891861762,0.12553490835582434
871,Linear logistic,0.34385152770865335,0.7132887402452621,0.1417765285018216
871,Gradient boosting,0.5495808350301568,0.7397563306258959,0.1323761130137126
872,Oracle reference-risk logit,0.4444971907636114,0.7795840523113251,0.13130150347136388
872,Linear logistic,0.3229232488129559,0.6971687031299549,0.15313810689355892
872,Gradient boosting,0.520119572072999,0.754140047731702,0.13968364515110834
873,Oracle reference-risk logit,0.593388364534375,0.7816628317226568,0.1288968048471642
873,Linear logistic,0.3215881054304469,0.6643350207086977,0.1532636054359018
873,Gradient boosting,0.6116312916514804,0.7575180242368462,0.13623743596829893
874,Oracle reference-risk logit,0.47266775309113973,0.7799219994768258,0.132269513486252
874,Linear logistic,0.27655385871111315,0.6948080901762146,0.1538981399699163
874,Gradient boosting,0.5141212052031494,0.7548557109224513,0.13811545185203739
875,Oracle reference-risk logit,0.5191011404158091,0.7757440370026871,0.13370046448249145
875,Linear logistic,0.33500429785994223,0.665543031081306,0.1568326288927004
875,Gradient boosting,0.606988186264373,0.7571327079023091,0.13683244675160733
876,Oracle reference-risk logit,0.4386864610607274,0.7881558406944869,0.12527575732680596
876,Linear logistic,0.31786506633755673,0.6862086252411412,0.14587837104798337
876,Gradient boosting,0.516456105574897,0.7435240887399737,0.13598889746552986
877,Oracle reference-risk logit,0.4503843535760121,0.7667919868952606,0.13292811948207423
877,Linear logistic,0.33458534344451124,0.667268634840871,0.15148392161557547
877,Gradient boosting,0.5827892014635938,0.7477414646763227,0.13920349950641195
878,Oracle reference-risk logit,0.49504893517887494,0.7842128871573849,0.12802611682444337
878,Linear logistic,0.4114040249749393,0.709795858192335,0.14514366858015937
878,Gradient boosting,0.5300523976226743,0.754060564997271,0.1350673790645739
879,Oracle reference-risk logit,0.42355386151947244,0.7846650926194906,0.12971210354843424
879,Linear logistic,0.2838771926769269,0.6678708951672219,0.14928702162333415
879,Gradient boosting,0.43793675004453203,0.7262687664950461,0.1406360498191994
880,Oracle reference-risk logit,0.4550711509629045,0.7544741138004097,0.13202009961860475
880,Linear logistic,0.29334740707019996,0.6770483803541143,0.14632227507435544
880,Gradient boosting,0.5266012591706101,0.7230873650295095,0.1423202340297874
881,Oracle reference-risk logit,0.45636791445612584,0.7753645164686491,0.1302826624118419
881,Linear logistic,0.326854895742487,0.6786205336027693,0.14718960747986307
881,Gradient boosting,0.5105665559823751,0.7207204375926122,0.14202355064491304
882,Oracle reference-risk logit,0.4601432815975444,0.7829596385478512,0.12919169267308586
882,Linear logistic,0.31423416595834025,0.6684570201935575,0.15369357316116425
882,Gradient boosting,0.5166619484824941,0.734464607307239,0.14141854092728687
883,Oracle reference-risk logit,0.5871084590847597,0.7890946748395749,0.13342611635491028
883,Linear logistic,0.3778779981157293,0.6894693994828082,0.1533036265862556
883,Gradient boosting,0.5908661573861257,0.7514186859496217,0.1446173177709385
884,Oracle reference-risk logit,0.5046995384625963,0.7761199248721229,0.12315990326907504
884,Linear logistic,0.3780879234709187,0.7041706628303496,0.14013566524240553
884,Gradient boosting,0.5461342531860082,0.7472609628090365,0.1295218253201459
885,Oracle reference-risk logit,0.4928540171826374,0.7928533915081,0.13255638776250617
885,Linear logistic,0.37235588634451633,0.6987767716467268,0.15676940495608033
885,Gradient boosting,0.5600746292862853,0.7533632286995515,0.14222695661377424
886,Oracle reference-risk logit,0.5855694003874359,0.7707381745585353,0.1276701353218483
886,Linear logistic,0.3783520066170859,0.693952383012652,0.14713192220160842
886,Gradient boosting,0.5477334107385081,0.7383970678220667,0.13786186221067043
887,Oracle reference-risk logit,0.46683558265416325,0.7846744615384615,0.12156464039804667
887,Linear logistic,0.3244747453706306,0.6732340512820513,0.1436344011331165
887,Gradient boosting,0.4957078976212361,0.7426412307692308,0.13016307090460133
888,Oracle reference-risk logit,0.5116801699289093,0.7730856707335515,0.1334370490386941
888,Linear logistic,0.3787720065643873,0.6925156818030596,0.15128987882646924
888,Gradient boosting,0.5747029043712428,0.7520294098077052,0.14033380911637816
889,Oracle reference-risk logit,0.5763675906523558,0.7595125829266957,0.13463247557039212
889,Linear logistic,0.34199747089795024,0.6971127193864186,0.1493130141044166
889,Gradient boosting,0.5300589314949266,0.7360661829656842,0.14415760172116973
890,Oracle reference-risk logit,0.4740519071311335,0.7756148364247702,0.12805118233821328
890,Linear logistic,0.3633788707490829,0.7081945225630597,0.14596769091118694
890,Gradient boosting,0.5230664190619759,0.741339907658646,0.1360212693330581
891,Oracle reference-risk logit,0.5035983434380231,0.7479840269183168,0.13107219854905003
891,Linear logistic,0.3125424948098113,0.6638497834158417,0.14649142783629607
891,Gradient boosting,0.5130007912755387,0.7068701010726073,0.14230842217106163
892,Oracle reference-risk logit,0.47608379455694616,0.7750698813376818,0.12713382475774893
892,Linear logistic,0.3238253428722419,0.6995856063866648,0.14693443451921484
892,Gradient boosting,0.5197373055684555,0.7555372899869638,0.13426163221985052
893,Oracle reference-risk logit,0.4410281035899846,0.7606171635802519,0.13032262729555724
893,Linear logistic,0.3201163626015277,0.6592122846739447,0.1451821418285511
893,Gradient boosting,0.510625488707663,0.709536280904162,0.1358474836797879
894,Oracle reference-risk logit,0.6447004533166445,0.7684674266705517,0.13384292378034382
894,Linear logistic,0.36527625310797845,0.6846074932012431,0.1527166021661414
894,Gradient boosting,0.5773862299954107,0.7298859994172495,0.14221270121315774
895,Oracle reference-risk logit,0.5074311911737279,0.7944805724319968,0.12157997776199116
895,Linear logistic,0.36441701814574023,0.6912426708215171,0.1439930303771607
895,Gradient boosting,0.5155652028448839,0.748810468196551,0.13305983246758354
896,Oracle reference-risk logit,0.470609007550887,0.7942948790292457,0.1212973404485485
896,Linear logistic,0.26783082473954634,0.6645722033510353,0.14693003247835218
896,Gradient boosting,0.46613253806065263,0.753194546659694,0.12936449976695055
897,Oracle reference-risk logit,0.5042759895070502,0.7935965945802136,0.12738779332485442
897,Linear logistic,0.3701280057550841,0.7054007829424955,0.14943209727193857
897,Gradient boosting,0.5109051776490708,0.758435635285622,0.1384021064529324
898,Oracle reference-risk logit,0.5292376847886772,0.77354083994709,0.13286921608208302
898,Linear logistic,0.35622474771002155,0.6853342899659863,0.15522362465397346
898,Gradient boosting,0.5794462686188081,0.7505093183106577,0.14172036132616914
899,Oracle reference-risk logit,0.4609995754545451,0.7933767443548533,0.129418998521638
899,Linear logistic,0.3437795963139918,0.6791143183784079,0.15251004340927712
899,Gradient boosting,0.5047258456377428,0.751642279471809,0.13893818511371506
900,Oracle reference-risk logit,0.46890231074389294,0.7650919370606293,0.13127007988793246
900,Linear logistic,0.39732972591467547,0.6641962278719045,0.15031825943808472
900,Gradient boosting,0.498306247708743,0.7432705060430015,0.1382514975105205
901,Oracle reference-risk logit,0.4486738606461698,0.7807889595267331,0.1299302748319387
901,Linear logistic,0.39390198773123336,0.7007996661000853,0.14851257613362884
901,Gradient boosting,0.591966484238964,0.7387361706760869,0.1413559199379892
902,Oracle reference-risk logit,0.4765287646254216,0.7972897040722,0.11687582824111652
902,Linear logistic,0.32760422763088043,0.6778145602607474,0.14017812092925852
902,Gradient boosting,0.49498940198993485,0.7630138859823588,0.12257173022484374
903,Oracle reference-risk logit,0.4810630572589323,0.76211728027559,0.13286870216395302
903,Linear logistic,0.36623754669638675,0.7007215453158636,0.1491715050183597
903,Gradient boosting,0.5734091536750929,0.7158796020669251,0.14663873959339252
904,Oracle reference-risk logit,0.3995037078817513,0.7503121042088403,0.1390477586825762
904,Linear logistic,0.30613306342499513,0.6823133903649996,0.15178622660524285
904,Gradient boosting,0.46566893554179,0.710817146937303,0.14692243421153744
905,Oracle reference-risk logit,0.5170988859016074,0.7885479206268546,0.12625478201477805
905,Linear logistic,0.33520041379301213,0.6958952063689232,0.14672897768630583
905,Gradient boosting,0.5638707204041107,0.7390761548064919,0.13597520962116413
906,Oracle reference-risk logit,0.4938512791521149,0.7790190753189385,0.12634897972677284
906,Linear logistic,0.3479820034425752,0.6971062786113733,0.14270685438161734
906,Gradient boosting,0.5396906614300009,0.7534028673973201,0.13149159752311654
907,Oracle reference-risk logit,0.5123842331782802,0.7617495939609998,0.14053003300935127
907,Linear logistic,0.371151275557669,0.6888070406360037,0.15581105150805633
907,Gradient boosting,0.5467596346442699,0.7268937177412411,0.14976115634545567
908,Oracle reference-risk logit,0.5003176541165127,0.8038443881982182,0.1236444171363535
908,Linear logistic,0.3575962093761018,0.7133381101268021,0.1454836757966093
908,Gradient boosting,0.5657286794176372,0.7597521030298519,0.1338927502328221
909,Oracle reference-risk logit,0.5061255659617491,0.7951735060445115,0.12016216128065489
909,Linear logistic,0.38851902756847767,0.6866343619935575,0.14197406938501383
909,Gradient boosting,0.5342509622093653,0.7733637824138655,0.1289429783597192
910,Oracle reference-risk logit,0.4906262764358155,0.7951859057084706,0.12188292165045916
910,Linear logistic,0.3472577489755947,0.710485004911686,0.14122691083077285
910,Gradient boosting,0.5740948803570233,0.7500979126939795,0.13340925517616842
911,Oracle reference-risk logit,0.4548347135939085,0.7992921090984801,0.12786392534733437
911,Linear logistic,0.3694192438378383,0.692452555498678,0.14673602586107315
911,Gradient boosting,0.5185217682406191,0.753215800275204,0.13441416164989
912,Oracle reference-risk logit,0.5440776079243417,0.7735185231124841,0.13685191906961122
912,Linear logistic,0.4126341378175734,0.6877184329302372,0.1561686474587
912,Gradient boosting,0.6043744092176782,0.7442195076749762,0.14295314106312706
913,Oracle reference-risk logit,0.5978230023538534,0.805862186918019,0.12385222365458676
913,Linear logistic,0.3994879331675668,0.7312515677853368,0.146241504290563
913,Gradient boosting,0.6252583496965933,0.7905986089468284,0.13010593728098133
914,Oracle reference-risk logit,0.43078957659422523,0.7750854018195661,0.13040081613935006
914,Linear logistic,0.3148479694958073,0.6809214089660086,0.15135327990007233
914,Gradient boosting,0.4819079081081682,0.7504359726653149,0.1376230605013817
915,Oracle reference-risk logit,0.477453013795004,0.7744416537263036,0.13415465339831828
915,Linear logistic,0.30817236631044637,0.704830192162532,0.1514269463354176
915,Gradient boosting,0.5565345176295823,0.7544586560980003,0.14159287121038744
916,Oracle reference-risk logit,0.5175767812343355,0.7600518863711896,0.14010737784485006
916,Linear logistic,0.30731895253702574,0.6739533051940542,0.15835949915484587
916,Gradient boosting,0.49870404275530894,0.7249012123900671,0.15050562360765826
917,Oracle reference-risk logit,0.47641252704674725,0.7521959555857861,0.1335447782807267
917,Linear logistic,0.3508356518648244,0.674736369651624,0.15092388988653618
917,Gradient boosting,0.535281855783156,0.7297035093645263,0.14228655737400192
918,Oracle reference-risk logit,0.48180514842614125,0.7789176049774553,0.12575097464040863
918,Linear logistic,0.3659232285814358,0.6823109524169375,0.14749154558949062
918,Gradient boosting,0.5305035750007103,0.7336236429129198,0.13405955249895596
919,Oracle reference-risk logit,0.45941962322730706,0.7581177133754835,0.13200402683419507
919,Linear logistic,0.3691562435631903,0.7102498452223177,0.14408760075120974
919,Gradient boosting,0.5620052633800994,0.7252351749898266,0.13909252695626143
920,Oracle reference-risk logit,0.5182689621840995,0.7636564642256143,0.13158515297451198
920,Linear logistic,0.3420710982470768,0.6646990639723525,0.15309704555222328
920,Gradient boosting,0.5158593758080909,0.7344946017250593,0.14096056061900145
921,Oracle reference-risk logit,0.454159196528664,0.7583901739036988,0.12993271418563196
921,Linear logistic,0.3138752520176645,0.6873320858961636,0.1454749965559132
921,Gradient boosting,0.48855395567878435,0.7284437799874834,0.13477453630250408
922,Oracle reference-risk logit,0.5018717218115682,0.795676517515662,0.13056217799354114
922,Linear logistic,0.3778856687586731,0.7056154532016237,0.15342894887940692
922,Gradient boosting,0.5331812160177205,0.7541486778197518,0.13870051600569902
923,Oracle reference-risk logit,0.4928329320969438,0.7797096522779021,0.12668009731459337
923,Linear logistic,0.3408916451827366,0.689968594917307,0.1502230747251831
923,Gradient boosting,0.540754160081325,0.7405826860150151,0.13515687947374544
924,Oracle reference-risk logit,0.5041585528985761,0.7735090895654744,0.12975335934211887
924,Linear logistic,0.3428292837853191,0.6630009730022662,0.151612755924565
924,Gradient boosting,0.5264911571454355,0.7283645556212435,0.13809657133395734
925,Oracle reference-risk logit,0.5292141417271921,0.7954433673637749,0.12357341385301156
925,Linear logistic,0.3147161713833214,0.7125635026265299,0.1436001752772367
925,Gradient boosting,0.6035336536249002,0.7681425412992955,0.1312250413454232
926,Oracle reference-risk logit,0.4668875323552991,0.7536546875,0.1317388094613578
926,Linear logistic,0.34860372268706974,0.7014109374999999,0.1465565929712696
926,Gradient boosting,0.5773930223233887,0.7285921875,0.13782786692593463
927,Oracle reference-risk logit,0.4933676572245668,0.7775302708738943,0.13306904218648122
927,Linear logistic,0.30718930928882204,0.6829772741889277,0.15714644905209763
927,Gradient boosting,0.47149035794788335,0.7294345149351902,0.14298422667770183
928,Oracle reference-risk logit,0.5185932759991078,0.781589070784473,0.12852361939824516
928,Linear logistic,0.3056913675534727,0.7001927319168699,0.1476852152623801
928,Gradient boosting,0.6150948479869253,0.7572553117380704,0.136758811207181
929,Oracle reference-risk logit,0.4983749608793765,0.8147745137145405,0.127768599616407
929,Linear logistic,0.3342546761502812,0.7167900466927897,0.1529384725195826
929,Gradient boosting,0.5702822144427669,0.7722245360050682,0.1388363528844543
930,Oracle reference-risk logit,0.453005662709489,0.7749090683233578,0.13065441587195406
930,Linear logistic,0.3052359552995676,0.6918715185779362,0.14882156165924068
930,Gradient boosting,0.519308030022456,0.7396187913850851,0.14080342864976206
931,Oracle reference-risk logit,0.490443566088096,0.7626228569317175,0.13392889543454492
931,Linear logistic,0.2936835166677069,0.6633381367622425,0.15226191932522345
931,Gradient boosting,0.4899181144740638,0.7105841708542713,0.14420539103435448
932,Oracle reference-risk logit,0.5145673716521423,0.7726209404755378,0.13277536885655342
932,Linear logistic,0.33343987345561116,0.6951191281198409,0.15058664751309422
932,Gradient boosting,0.5786798025624477,0.727807019147005,0.14038314584231654
933,Oracle reference-risk logit,0.4723385617008514,0.7811335896013316,0.12265797072222123
933,Linear logistic,0.3426362075625175,0.68694519299358,0.14150520725267962
933,Gradient boosting,0.5664868317671198,0.7541296795329053,0.12876968381143275
934,Oracle reference-risk logit,0.596729887622504,0.7758935419542875,0.1280855031942422
934,Linear logistic,0.3324282513170548,0.692647645344378,0.14963803369515807
934,Gradient boosting,0.5439609060405317,0.7366451909802119,0.13640438749653128
935,Oracle reference-risk logit,0.4280253362010264,0.7828737991136492,0.12907594141503126
935,Linear logistic,0.3577977662293023,0.7119359923857113,0.1459934841703028
935,Gradient boosting,0.4747517314550628,0.7332869963791429,0.13614326955090006
936,Oracle reference-risk logit,0.46148366121441403,0.7918472611014744,0.1326812176006419
936,Linear logistic,0.3084781081685714,0.6869686604883776,0.15577953296286293
936,Gradient boosting,0.5373254537537404,0.7557756946878249,0.14129980911821036
937,Oracle reference-risk logit,0.43283229617685043,0.783403964456596,0.12389168357273914
937,Linear logistic,0.38173912026538587,0.7032527843673354,0.14109101910690186
937,Gradient boosting,0.5589902298667133,0.7486019862490452,0.13017261692481424
938,Oracle reference-risk logit,0.6302935775902048,0.7601247311827957,0.13785914305461666
938,Linear logistic,0.35298550828032893,0.6733548387096774,0.160453998558444
938,Gradient boosting,0.5646208611086806,0.7316845878136201,0.14577502599435804
939,Oracle reference-risk logit,0.4678774276549742,0.7881517881517882,0.12909752312562028
939,Linear logistic,0.38340439477394167,0.6901153850306394,0.14856173407932705
939,Gradient boosting,0.5774026948675726,0.7484001721289857,0.1364738439634143
940,Oracle reference-risk logit,0.5701663908885336,0.7593515770893557,0.1326069980303731
940,Linear logistic,0.32015312478822683,0.6867677342610832,0.14573311559164365
940,Gradient boosting,0.5380981872492552,0.7262493284899337,0.1396867577491093
941,Oracle reference-risk logit,0.4775221096537485,0.7725219654279679,0.13266081855553813
941,Linear logistic,0.3579138023916759,0.6843259563074995,0.1531382925003415
941,Gradient boosting,0.5770407893556613,0.7361645162209121,0.1394880950160108
942,Oracle reference-risk logit,0.4843750106587526,0.7832218695685029,0.12473638716416209
942,Linear logistic,0.34570628872344167,0.709457417063402,0.1432340746915451
942,Gradient boosting,0.5516665300690778,0.7383262172850701,0.13505787493107688
943,Oracle reference-risk logit,0.4721876105436433,0.7735405643103274,0.1250056990913583
943,Linear logistic,0.385991450253668,0.6957360336157609,0.14273111770415026
943,Gradient boosting,0.5873119940177125,0.7376756361026607,0.13510178566962877
944,Oracle reference-risk logit,0.5022443662200156,0.7740880253766851,0.1248729386487372
944,Linear logistic,0.354549688390712,0.6882610447417565,0.14497678025588806
944,Gradient boosting,0.5703668718438384,0.7298914711826252,0.13315189451303336
945,Oracle reference-risk logit,0.5640240584675249,0.7919562160313177,0.1291953513770902
945,Linear logistic,0.3349019358520899,0.6747869712287636,0.1523760618573196
945,Gradient boosting,0.5621243021920431,0.7600820949412793,0.1359485586086024
946,Oracle reference-risk logit,0.4951498114748755,0.7867876252420164,0.12831336636118867
946,Linear logistic,0.3233271827881158,0.7000233434183003,0.1485550225662125
946,Gradient boosting,0.5244061175895012,0.7496593844355851,0.1379994521173393
947,Oracle reference-risk logit,0.4902254322357154,0.79436840870685,0.12198315481851851
947,Linear logistic,0.28785724945018853,0.7086036072694313,0.1435264088613164
947,Gradient boosting,0.5369002793527726,0.7625833959650794,0.1302116199783564
948,Oracle reference-risk logit,0.4512092752919349,0.7817325373435098,0.128368615682835
948,Linear logistic,0.30326609748971156,0.6841623844429331,0.14683197379099425
948,Gradient boosting,0.5964939559355382,0.7474101992493515,0.1355646570744919
949,Oracle reference-risk logit,0.5328255161963411,0.7503344153527858,0.138311818492559
949,Linear logistic,0.3146948965453743,0.6897338945566098,0.15383548066897781
949,Gradient boosting,0.54854298607485,0.7235380847066657,0.14394621046319378
950,Oracle reference-risk logit,0.47066628130725535,0.7869833133119015,0.12437191752925376
950,Linear logistic,0.33912012506743106,0.7103214939392613,0.14084525151232474
950,Gradient boosting,0.5337827981206289,0.740947799993191,0.13239369895603137
951,Oracle reference-risk logit,0.5173564165405529,0.7644462077130407,0.13037214750120665
951,Linear logistic,0.3358911403870023,0.6492087332174614,0.1506108129899588
951,Gradient boosting,0.53942299350474,0.7340534396332401,0.1371213920349734
952,Oracle reference-risk logit,0.5254653913687014,0.7744699935388241,0.12898781483509536
952,Linear logistic,0.3336340242502145,0.6937600243244271,0.15063582412309567
952,Gradient boosting,0.6051868221284701,0.7603967922161834,0.13384235592707722
953,Oracle reference-risk logit,0.5049171587198242,0.7818925154104736,0.12292562491684061
953,Linear logistic,0.30363538302586673,0.6927437372437064,0.14477118616900284
953,Gradient boosting,0.5200380966931335,0.7426035268727309,0.13186102917723644
954,Oracle reference-risk logit,0.4776830722153539,0.7894336618797688,0.12382930561675815
954,Linear logistic,0.3000400959333321,0.7053825095942894,0.1414792263420135
954,Gradient boosting,0.4968103669455397,0.750773367676467,0.128909637805986
955,Oracle reference-risk logit,0.5277900806820501,0.7939721602366759,0.12692156778934963
955,Linear logistic,0.38478963621785595,0.6948246107553527,0.14653010463514313
955,Gradient boosting,0.5332636910657793,0.7535084170401604,0.1365546479190667
956,Oracle reference-risk logit,0.5135388209874111,0.7911581530909648,0.12591978916369
956,Linear logistic,0.3362851888708135,0.706387482742752,0.1482384135142736
956,Gradient boosting,0.5192756668897046,0.7716244822825586,0.13415139556263722
957,Oracle reference-risk logit,0.5547246564224879,0.7644849726839874,0.13214793457034812
957,Linear logistic,0.31003918024287425,0.6815263280198502,0.14840222359557698
957,Gradient boosting,0.5320232443960546,0.7360117529815237,0.1382522783139424
958,Oracle reference-risk logit,0.5198018482855385,0.7874852420306966,0.12941558894448815
958,Linear logistic,0.4129789898281994,0.7310766729544673,0.14739438208657155
958,Gradient boosting,0.6778966912309194,0.7553727941209312,0.14042877431339468
959,Oracle reference-risk logit,0.5088081997055022,0.7930460129085987,0.12583406410495765
959,Linear logistic,0.2995452122821673,0.7074384900414685,0.14546725897388751
959,Gradient boosting,0.5482079959751953,0.7503909680509832,0.13693202215124295
960,Oracle reference-risk logit,0.43017976424127835,0.7769496342281828,0.13167692561961825
960,Linear logistic,0.3057526232517782,0.6813702543966091,0.15167777557182605
960,Gradient boosting,0.4889051616384343,0.7477318208604311,0.1386663699176743
961,Oracle reference-risk logit,0.46668247985057826,0.763529702028489,0.13600395030025725
961,Linear logistic,0.3443667875217338,0.6799050557656179,0.15415734987660223
961,Gradient boosting,0.488690060091658,0.7453018358659724,0.1424680302917732
962,Oracle reference-risk logit,0.4498499190442624,0.7721639541892706,0.13414740128370675
962,Linear logistic,0.39623340653228173,0.7144153104279686,0.1487326144817453
962,Gradient boosting,0.5446483605354163,0.7271097046413502,0.1437763452189837
963,Oracle reference-risk logit,0.5158794270811717,0.7718012559215599,0.13581158595181167
963,Linear logistic,0.31227708926256315,0.6888634277110645,0.15518664856573586
963,Gradient boosting,0.5766388506947366,0.7174881568800264,0.1487533340600851
964,Oracle reference-risk logit,0.45463596995403305,0.7692557224824118,0.1271653913889652
964,Linear logistic,0.37353162823862907,0.6804658148250388,0.14765848798972478
964,Gradient boosting,0.5755417861552957,0.7587316886021345,0.13050391748125406
965,Oracle reference-risk logit,0.45113664022181105,0.7824430001849357,0.1189774377549345
965,Linear logistic,0.3425832787382102,0.6934526168397136,0.1391692091625797
965,Gradient boosting,0.5168655878941854,0.758919843597263,0.1260049203823075
966,Oracle reference-risk logit,0.47284487174887535,0.7920825442002289,0.12822741785846264
966,Linear logistic,0.4039322175223086,0.6898364670504649,0.1524533436258539
966,Gradient boosting,0.6176235512143093,0.7627967428797504,0.13613055145557143
967,Oracle reference-risk logit,0.487968339260174,0.7813615175493628,0.12008316037715079
967,Linear logistic,0.38749777793722023,0.7074690196237159,0.13551985190574498
967,Gradient boosting,0.6353160349764309,0.7468412496036805,0.1292451018241983
968,Oracle reference-risk logit,0.505201915896342,0.7600479894732768,0.1290200317269431
968,Linear logistic,0.38063739501987887,0.6902418824257905,0.14658326071255112
968,Gradient boosting,0.6366398787593356,0.7202043422733078,0.1355093556558927
969,Oracle reference-risk logit,0.5081876834288925,0.7752057512572225,0.13339453061132572
969,Linear logistic,0.3699312619447746,0.6830490448418147,0.15293228442430257
969,Gradient boosting,0.5510091011205407,0.7434092656135532,0.1395407867738666
970,Oracle reference-risk logit,0.474762116188109,0.7675635613300994,0.13405245357939746
970,Linear logistic,0.34743631808481684,0.6879306889002488,0.14812372737248125
970,Gradient boosting,0.5140956497732739,0.727314396876277,0.14582818892416702
971,Oracle reference-risk logit,0.5031219654737427,0.7784775085425897,0.12927510981152637
971,Linear logistic,0.3421800875608571,0.6831950767234509,0.14692313155332357
971,Gradient boosting,0.5140364306155744,0.7411068950513025,0.13579246358305483
972,Oracle reference-risk logit,0.5422236314601824,0.7684498600102528,0.12847280378288634
972,Linear logistic,0.3635997763092741,0.6965448164359793,0.14564755439552157
972,Gradient boosting,0.6251685701219697,0.7546922197247525,0.1299734371630443
973,Oracle reference-risk logit,0.4933733723618761,0.7825004856254856,0.13069809256644652
973,Linear logistic,0.3572168719273349,0.6848093312937062,0.15184509391062506
973,Gradient boosting,0.572968488439735,0.7464746624902875,0.13657096380130526
974,Oracle reference-risk logit,0.4425164192228385,0.7565686595669722,0.1343434090763203
974,Linear logistic,0.32634887999574763,0.7061502184917579,0.14712367356078482
974,Gradient boosting,0.47533754541392803,0.7272067049465051,0.14277113596676566
975,Oracle reference-risk logit,0.4773643009436699,0.7633897935347238,0.132013577705128
975,Linear logistic,0.39487655511273934,0.685658927059237,0.15064311904262065
975,Gradient boosting,0.5429347101599565,0.7333493912387462,0.13735382978241445
976,Oracle reference-risk logit,0.47905309898540094,0.8052559603880136,0.11861275227327374
976,Linear logistic,0.34246898626301814,0.7200512543104206,0.14118198183128924
976,Gradient boosting,0.5334508309104966,0.7597589834668147,0.12624996226175855
977,Oracle reference-risk logit,0.5039806420719866,0.7749512139641797,0.13218992429865994
977,Linear logistic,0.3799907511077986,0.7085902332152093,0.1503894560981746
977,Gradient boosting,0.5614861542631079,0.7283912280911791,0.1425175063093966
978,Oracle reference-risk logit,0.4751378773950795,0.7561623446737178,0.13707045430544412
978,Linear logistic,0.32150237924825775,0.6755462891708575,0.1541455014847533
978,Gradient boosting,0.5179634699417632,0.7418049167516748,0.1401056983101903
979,Oracle reference-risk logit,0.5233387932206869,0.807618503055512,0.12129779951866675
979,Linear logistic,0.3367056213693202,0.7151047792775226,0.1440304823690992
979,Gradient boosting,0.5451399877972815,0.7721969387390439,0.12681406909052417
980,Oracle reference-risk logit,0.4338231407786365,0.7950338635396108,0.12442009228515068
980,Linear logistic,0.3365825440601231,0.7266395758349781,0.1451907195546583
980,Gradient boosting,0.4711770264380379,0.7500150934633694,0.13568520631745998
981,Oracle reference-risk logit,0.5481744466066494,0.7829837578178878,0.13532013615612326
981,Linear logistic,0.3345444277104868,0.6615255879765047,0.1579504047651734
981,Gradient boosting,0.5518158563843188,0.7455589641150032,0.14294486806770904
982,Oracle reference-risk logit,0.48233747976188396,0.7463657928349857,0.13396618394974932
982,Linear logistic,0.35314340105162195,0.6622592985952879,0.1514367739621293
982,Gradient boosting,0.559368355199132,0.723070372848367,0.1405254729679667
983,Oracle reference-risk logit,0.5069016049411804,0.7785312805474096,0.1211369760239377
983,Linear logistic,0.35311037455017574,0.6848564106628623,0.14010459299935848
983,Gradient boosting,0.4941544087000554,0.7337372196243164,0.13295446747483736
984,Oracle reference-risk logit,0.5644516742104786,0.7705743830002905,0.13020422197038212
984,Linear logistic,0.35532658372161235,0.6884128288965393,0.1466260810969102
984,Gradient boosting,0.5518988468730004,0.7350347052679074,0.13912192762421574
985,Oracle reference-risk logit,0.4293688590455362,0.7630574648337596,0.12323425947466447
985,Linear logistic,0.319874492286054,0.6957937047101449,0.137717072620382
985,Gradient boosting,0.44835396670065664,0.7427436327791986,0.12786626388942485
986,Oracle reference-risk logit,0.6394859827763593,0.7493219818990642,0.13548763137760272
986,Linear logistic,0.3221023062162653,0.6520938794293604,0.1529531415013532
986,Gradient boosting,0.570522737902491,0.7271759472311705,0.14353451253907742
987,Oracle reference-risk logit,0.479064461235055,0.7663592642807808,0.12990061434438166
987,Linear logistic,0.4137581041827812,0.6921014427873423,0.14333313598781006
987,Gradient boosting,0.5767287996045402,0.7302592028855747,0.13889113004944192
988,Oracle reference-risk logit,0.4631762911609721,0.7785749348059517,0.1312258702490717
988,Linear logistic,0.4201572020053051,0.6974244516030066,0.14906698631769735
988,Gradient boosting,0.5650467828902521,0.754725418008897,0.13670183621679527
989,Oracle reference-risk logit,0.45754977404582514,0.7638944687899821,0.12950184928143432
989,Linear logistic,0.3494283805660909,0.6887326859961307,0.14840520582330755
989,Gradient boosting,0.567172232712584,0.7539866247195455,0.13330320746304425
990,Oracle reference-risk logit,0.49475754732487315,0.7631310919890344,0.1296557169845492
990,Linear logistic,0.3555895461951721,0.7046194410600061,0.14517286379365146
990,Gradient boosting,0.5670755656593436,0.739584919788811,0.1350849623890915
991,Oracle reference-risk logit,0.6244719017585252,0.7725219340955837,0.12726847532418883
991,Linear logistic,0.3675317501544422,0.6934515185630298,0.144923362432146
991,Gradient boosting,0.5955366646002973,0.7494216619085394,0.13655032108980503
992,Oracle reference-risk logit,0.5150123378788026,0.7773288439955106,0.1275287225198558
992,Linear logistic,0.37632648529107693,0.6961801927319169,0.14803582235050783
992,Gradient boosting,0.5313778293774055,0.7296435620573551,0.139036915856144
993,Oracle reference-risk logit,0.5629007219268498,0.7751560461487298,0.1256146475794896
993,Linear logistic,0.3801336614020706,0.6985815149267095,0.1433366286482452
993,Gradient boosting,0.5667566865592253,0.7485834335268987,0.13450042561044598
994,Oracle reference-risk logit,0.5015451486846545,0.7573529293036939,0.13169438804475994
994,Linear logistic,0.32192693877253314,0.6866582379450711,0.14461355334459738
994,Gradient boosting,0.49836680488641966,0.7142340439617575,0.14334808332908652
995,Oracle reference-risk logit,0.4676815100375409,0.7843237573866106,0.12202165605357272
995,Linear logistic,0.3099037590147275,0.7175388836305031,0.1403956039885113
995,Gradient boosting,0.518228550495449,0.7310138522933668,0.13352906121991923
996,Oracle reference-risk logit,0.5087540823278323,0.7590196603313406,0.13261072630236292
996,Linear logistic,0.34755291407455036,0.6880505448505712,0.14716687883495028
996,Gradient boosting,0.5630152182502963,0.7313896859575547,0.1376698171506564
997,Oracle reference-risk logit,0.4473818847318824,0.7580320241617959,0.13216037657740495
997,Linear logistic,0.2865021170420356,0.6654505270108337,0.15215887708636427
997,Gradient boosting,0.5244441411673015,0.7265321219828325,0.14199902956263188
998,Oracle reference-risk logit,0.4930472370468736,0.7646357883823984,0.12956181319865123
998,Linear logistic,0.2794330442665435,0.6583655201623354,0.14989440422239114
998,Gradient boosting,0.49635593736341227,0.7164677510098552,0.14012199496482713
999,Oracle reference-risk logit,0.47267435283873943,0.7591176129107164,0.13307757888132182
999,Linear logistic,0.3735065837066053,0.6644158055652309,0.15039613527426496
999,Gradient boosting,0.5431844115017135,0.7270885096172452,0.13927025054864406
1000,Oracle reference-risk logit,0.5078768692144311,0.7724150294446136,0.12680040949103794
1000,Linear logistic,0.38825935074239293,0.7172968067824144,0.14271804226255716
1000,Gradient boosting,0.6345562385256214,0.7366864656310286,0.1375851991341108
1001,Oracle reference-risk logit,0.5093998316006958,0.8057139300981843,0.11891429522736889
1001,Linear logistic,0.35791740384973775,0.7154923014813006,0.14073943285972784
1001,Gradient boosting,0.524279627134972,0.7722741626893512,0.127491650693054
1002,Oracle reference-risk logit,0.4624168651189803,0.7899586564703975,0.12185476286080578
1002,Linear logistic,0.2961507605716966,0.7048873106677751,0.1416957154910709
1002,Gradient boosting,0.5153094720000678,0.7589454459331224,0.1309691703420752
1003,Oracle reference-risk logit,0.514263065232547,0.7910636202234644,0.12340176496644244
1003,Linear logistic,0.3358345902246369,0.7049212981260862,0.14414803605985513
1003,Gradient boosting,0.5578546939342227,0.7587641704151218,0.1331076883754846
1004,Oracle reference-risk logit,0.5351698215607441,0.7925221684466848,0.12389835588641963
1004,Linear logistic,0.31767760382768184,0.7164768565725036,0.1405019905216352
1004,Gradient boosting,0.627820728237123,0.7677279755664383,0.12731759532548773
1005,Oracle reference-risk logit,0.4977522584673135,0.7649640533838493,0.12221599479961341
1005,Linear logistic,0.34252743531102814,0.67121836993771,0.1422912980898356
1005,Gradient boosting,0.5212270325511275,0.7477109931527122,0.1262729880109622
1006,Oracle reference-risk logit,0.5454138857679323,0.7875346089772167,0.1346975016589363
1006,Linear logistic,0.3303079456224735,0.6966992421220581,0.15433766264179707
1006,Gradient boosting,0.4328887606546202,0.7435225486285459,0.14666350199226258
1007,Oracle reference-risk logit,0.5229813834148158,0.7654599537292057,0.13811398641662126
1007,Linear logistic,0.3199769852749777,0.6812823620138811,0.15683170143743327
1007,Gradient boosting,0.5780215144107772,0.7309066872314641,0.14382865508180778
1008,Oracle reference-risk logit,0.4311514552958465,0.7768180582687855,0.12380417133882674
1008,Linear logistic,0.32159858247253975,0.7084240024542257,0.1427251434616311
1008,Gradient boosting,0.5812590921455859,0.7397964455055402,0.1320961770570388
1009,Oracle reference-risk logit,0.5648525271138267,0.8084244746313712,0.12461398339007848
1009,Linear logistic,0.3782431817485055,0.722309686907388,0.14359109589281874
1009,Gradient boosting,0.5673850933993287,0.7788118735245171,0.1316155675229302
1010,Oracle reference-risk logit,0.4920904394022575,0.7954487065946043,0.11947358560746542
1010,Linear logistic,0.31923012064354894,0.7105838874447683,0.1412090099665372
1010,Gradient boosting,0.5123740623724301,0.7627812644112856,0.12718053687361608
1011,Oracle reference-risk logit,0.5709790490325701,0.7363357128982129,0.14061309997745905
1011,Linear logistic,0.29787865044681594,0.6936522678710177,0.151034689373008
1011,Gradient boosting,0.5180984011310623,0.7082028214840714,0.14758249538934176
1012,Oracle reference-risk logit,0.49795189609694823,0.7846929060722164,0.126098379855545
1012,Linear logistic,0.34147280785014744,0.6913533805487828,0.14808154541442325
1012,Gradient boosting,0.5624186701282196,0.7492627423661906,0.13460349730446414
1013,Oracle reference-risk logit,0.48406675027696583,0.7770455157432994,0.12862231660486179
1013,Linear logistic,0.37334725539345115,0.6769385596885488,0.1529351235860973
1013,Gradient boosting,0.580601098478299,0.7546877891085342,0.13411845075209283
1014,Oracle reference-risk logit,0.5186058123763005,0.773503759448054,0.12350763177902302
1014,Linear logistic,0.3784114487153388,0.7051959971723809,0.1385388873545767
1014,Gradient boosting,0.5503851525211021,0.7510409955328232,0.13124221694285784
1015,Oracle reference-risk logit,0.48846641572268334,0.77150268868052,0.12250019687635355
1015,Linear logistic,0.4019734652558005,0.6726755987341028,0.14594840451637628
1015,Gradient boosting,0.5280147304720693,0.7401302456292054,0.13373159630213946
1016,Oracle reference-risk logit,0.46181757237468596,0.7708015734101217,0.12614870666456177
1016,Linear logistic,0.4071350078366677,0.7199057083168652,0.1433012668180596
1016,Gradient boosting,0.5647714326496163,0.7503591616007628,0.13338271725558526
1017,Oracle reference-risk logit,0.5516221883434062,0.7884155833777714,0.12900549424422456
1017,Linear logistic,0.2863074505009678,0.7023646151410978,0.14766091794448433
1017,Gradient boosting,0.49821553359687987,0.7475984257413721,0.13657379013825055
1018,Oracle reference-risk logit,0.5006642472266635,0.7895429067978649,0.12394948395488646
1018,Linear logistic,0.41764810058433993,0.6955456629650639,0.14628295832674756
1018,Gradient boosting,0.6050665244827728,0.7606880047015121,0.13150610291568773
1019,Oracle reference-risk logit,0.47465781478243413,0.7873806940837415,0.12575799613953864
1019,Linear logistic,0.3743909774475314,0.6806648100576238,0.147700059439798
1019,Gradient boosting,0.6091169319818287,0.748479568690621,0.136293652576908
1020,Oracle reference-risk logit,0.4957549343873101,0.7975778493633993,0.12614921220259126
1020,Linear logistic,0.3648572913308263,0.6940404970087436,0.14957268320348116
1020,Gradient boosting,0.5420457099630824,0.7588004295137292,0.1342935186328431
1021,Oracle reference-risk logit,0.46413174213156044,0.7712024045729402,0.13307255708607427
1021,Linear logistic,0.36484172497725054,0.7114763440098262,0.15222304467909709
1021,Gradient boosting,0.45400114756287574,0.7365539965986394,0.14438576837378322
1022,Oracle reference-risk logit,0.47108750729868515,0.7883527578801588,0.12702373248328952
1022,Linear logistic,0.3754001713459926,0.6912643344733851,0.14758287662810965
1022,Gradient boosting,0.5298319451754945,0.7579144696108384,0.13482598737272772
1023,Oracle reference-risk logit,0.4806590710744661,0.7701911642923533,0.1272955377816964
1023,Linear logistic,0.39759763835747663,0.6762019219350457,0.1474893683676188
1023,Gradient boosting,0.5929723028026319,0.7474614085006595,0.1331771982140711
1024,Oracle reference-risk logit,0.4548415395266467,0.7685537772318365,0.13832518975669075
1024,Linear logistic,0.4123134276468458,0.6928559557787493,0.15816985016226545
1024,Gradient boosting,0.516282587594239,0.7111311824849164,0.1549244414761879
1025,Oracle reference-risk logit,0.5306297740000206,0.7919285417328996,0.12669470041009906
1025,Linear logistic,0.31280477195488177,0.6911392482453351,0.14955530057471095
1025,Gradient boosting,0.5220127189394146,0.760708346579932,0.13385422345086084
1026,Oracle reference-risk logit,0.5630673559456246,0.7793308177510445,0.1276152978841225
1026,Linear logistic,0.32284976952574346,0.7014053636697614,0.14512068798597977
1026,Gradient boosting,0.5707825682316506,0.761734195107068,0.13163778594759523
1027,Oracle reference-risk logit,0.4502974590043661,0.7546630473748395,0.13088980128245062
1027,Linear logistic,0.29936831058493973,0.6709763164939206,0.14844735697840844
1027,Gradient boosting,0.48829104283512,0.7267497287879285,0.13778500561413995
1028,Oracle reference-risk logit,0.46919531216595073,0.7869250193670243,0.12288645513079995
1028,Linear logistic,0.34175776212642567,0.7049659721774821,0.14477593713729425
1028,Gradient boosting,0.6104218253249774,0.7575217122806576,0.12987476018607066
1029,Oracle reference-risk logit,0.5045078531395439,0.7951640675763484,0.12277944417301989
1029,Linear logistic,0.2699612564165653,0.6575730994152047,0.14506172855569732
1029,Gradient boosting,0.5099189143785673,0.7388287849252761,0.13341794437542503
1030,Oracle reference-risk logit,0.45650008729232844,0.7573082655049869,0.14001233020862003
1030,Linear logistic,0.3316837541704268,0.6767360806108943,0.15425001818975204
1030,Gradient boosting,0.5159752615552201,0.7176683227353868,0.14939880540893227
1031,Oracle reference-risk logit,0.5447045587923529,0.7672330025181454,0.13871076296844753
1031,Linear logistic,0.36133807501695864,0.6932572952155237,0.1550402241011643
1031,Gradient boosting,0.5658069479022209,0.726699748185454,0.14641683704340888
1032,Oracle reference-risk logit,0.4628429208819078,0.7762644335524492,0.1293190351355465
1032,Linear logistic,0.2704608961161411,0.676394433139023,0.15075404278894639
1032,Gradient boosting,0.5490510693555156,0.7187246872124199,0.13840303434415135
1033,Oracle reference-risk logit,0.44649706037687603,0.7776301395923997,0.13295074150221642
1033,Linear logistic,0.33610770438443466,0.7030852417302799,0.15066788407030168
1033,Gradient boosting,0.5266368243271735,0.7357643100045183,0.1445620935727968
1034,Oracle reference-risk logit,0.4691711304258774,0.8065759690839545,0.12027462814923781
1034,Linear logistic,0.37365691039322213,0.7031933435861035,0.1431176176014992
1034,Gradient boosting,0.5504276145585805,0.779499191608502,0.1257832058242758
1035,Oracle reference-risk logit,0.4799248144899965,0.8034468967560362,0.12727376775720628
1035,Linear logistic,0.3330295628374041,0.7227166345726559,0.15063602935074638
1035,Gradient boosting,0.43137306878199844,0.7481054658569101,0.13867260615723864
1036,Oracle reference-risk logit,0.5142332332832305,0.776011315073815,0.1289567113371725
1036,Linear logistic,0.390795254491196,0.6956539554195804,0.15194484997946597
1036,Gradient boosting,0.5475732166101295,0.7458038922882673,0.1357169331514954
1037,Oracle reference-risk logit,0.448013371105791,0.7780896686159844,0.1234483834308702
1037,Linear logistic,0.33191157085493433,0.6855246913580246,0.1426865220840645
1037,Gradient boosting,0.4848844797186004,0.728885640025991,0.13376183804777672
1038,Oracle reference-risk logit,0.5571767877236014,0.7717715447105293,0.1322792309428724
1038,Linear logistic,0.3683051237551475,0.6867057023088694,0.1522615975805802
1038,Gradient boosting,0.5447125778139515,0.7424365922852183,0.13951169394885937
1039,Oracle reference-risk logit,0.4631173450347968,0.7761154823197829,0.1288306935103523
1039,Linear logistic,0.38524434712277605,0.6843473988046307,0.1494922004246402
1039,Gradient boosting,0.548819270208985,0.7481418929359482,0.13951734931120743
1040,Oracle reference-risk logit,0.5401334267187654,0.7948506371268146,0.12989060441826047
1040,Linear logistic,0.41280436046022323,0.6954700926743356,0.15289901742015638
1040,Gradient boosting,0.6296525265770196,0.7753338686470316,0.1320758001389484
1041,Oracle reference-risk logit,0.4828274689991825,0.7704120681300467,0.13023298045051887
1041,Linear logistic,0.3458016220142517,0.718399731899843,0.14625207898992715
1041,Gradient boosting,0.5359713339083356,0.7581845271791063,0.13433270278380666
1042,Oracle reference-risk logit,0.4609887531887626,0.7749785888813321,0.12913525444666488
1042,Linear logistic,0.3442596603373994,0.6794298974785258,0.14890235328680032
1042,Gradient boosting,0.49300515810675366,0.7247380286657095,0.14233027203416657
1043,Oracle reference-risk logit,0.43628883397331286,0.7774525776515425,0.12581131171150192
1043,Linear logistic,0.30213130791883264,0.6922437366936278,0.1442861908012783
1043,Gradient boosting,0.4500212337316274,0.7497336723104107,0.13211006701808053
1044,Oracle reference-risk logit,0.4803189092894797,0.7790473828420257,0.1364572535529627
1044,Linear logistic,0.41136441700180487,0.6785655234315949,0.15608319396102086
1044,Gradient boosting,0.6026366222527377,0.7445111725245654,0.1451604913749069
1045,Oracle reference-risk logit,0.4547780846598756,0.7599206719842589,0.13238909428092036
1045,Linear logistic,0.34820504562827415,0.688293513658242,0.14842101781829978
1045,Gradient boosting,0.4996962998992014,0.7014987640022665,0.1435532757555105
1046,Oracle reference-risk logit,0.4859383446715165,0.7673112249383435,0.13296800073899745
1046,Linear logistic,0.3234636589338251,0.679678137305256,0.14932979738351174
1046,Gradient boosting,0.5134544386785452,0.7326725801302072,0.14336224984062648
1047,Oracle reference-risk logit,0.4301411977451305,0.7844768275203058,0.1271252022482597
1047,Linear logistic,0.35217602736657594,0.6876763815894251,0.14429546912192098
1047,Gradient boosting,0.45086031300043755,0.7353193183627966,0.13714489644410033
1048,Oracle reference-risk logit,0.5113151112623628,0.7673103344437544,0.12883162348322932
1048,Linear logistic,0.3084929704348792,0.6633683398264731,0.15058520274494366
1048,Gradient boosting,0.5877309569218728,0.7405222115571617,0.13531227656849784
1049,Oracle reference-risk logit,0.49201863279749025,0.779375,0.12660524729926764
1049,Linear logistic,0.3689231145191196,0.6785140625000001,0.14812979489877529
1049,Gradient boosting,0.6071130716361588,0.7397851562500001,0.13654652399201597
1050,Oracle reference-risk logit,0.49073731026016126,0.7775298396784782,0.1330180608288739
1050,Linear logistic,0.3562237826785819,0.6775178719942555,0.15355755636812685
1050,Gradient boosting,0.5835454500108377,0.7522371237564591,0.13999304220036532
1051,Oracle reference-risk logit,0.46881401597269096,0.7850389653457137,0.12174839549462162
1051,Linear logistic,0.3442960169288764,0.7185060520643343,0.13747350788746554
1051,Gradient boosting,0.5397270949407412,0.7613695904493449,0.12684697621173088
1052,Oracle reference-risk logit,0.4434718024429988,0.7918857450294685,0.12922702334601796
1052,Linear logistic,0.3091114163087631,0.6941197329485707,0.14898691208412285
1052,Gradient boosting,0.49894325167005277,0.7505731701352376,0.13979530974912024
1053,Oracle reference-risk logit,0.45270479733765506,0.7948540056103172,0.1262030910603948
1053,Linear logistic,0.35253975739819227,0.6945095177169494,0.15129093224342421
1053,Gradient boosting,0.5943447820899277,0.790014055826861,0.13062922198176333
1054,Oracle reference-risk logit,0.5589457700651923,0.7837189675574697,0.13283326630642545
1054,Linear logistic,0.36545072438836257,0.6761062956889458,0.15468029735480382
1054,Gradient boosting,0.5156523042766037,0.7731455619027024,0.1363815477491089
1055,Oracle reference-risk logit,0.4660501486195279,0.7817352840478344,0.12873132977721827
1055,Linear logistic,0.31762982509617793,0.7174699200313027,0.146899294267905
1055,Gradient boosting,0.5299593767284919,0.7395744173534519,0.13414862697034244
1056,Oracle reference-risk logit,0.48607082630563686,0.7806288112774215,0.1299632691666025
1056,Linear logistic,0.3494175407288799,0.7018278901742907,0.14957761039230255
1056,Gradient boosting,0.616088904935241,0.7448233638540125,0.13816314734057397
1057,Oracle reference-risk logit,0.466278785421761,0.7703689009798735,0.12649070801014486
1057,Linear logistic,0.3975302083245947,0.6763914078440263,0.14631279089376079
1057,Gradient boosting,0.5201737689299286,0.7456374845713998,0.13538985991236333
1058,Oracle reference-risk logit,0.48430132009820664,0.771028962927266,0.128457588835944
1058,Linear logistic,0.3134364473007057,0.6701772772571386,0.14948027458082827
1058,Gradient boosting,0.5063718847346496,0.7187596986271033,0.14132614670572663
1059,Oracle reference-risk logit,0.4742571664143257,0.7851307637480125,0.12816347178223142
1059,Linear logistic,0.38835122636884895,0.7048296994840116,0.1486248344222416
1059,Gradient boosting,0.5980004480142861,0.7511102582378419,0.1354305112324924
1060,Oracle reference-risk logit,0.5321451260567497,0.7851439906164945,0.12977550266838603
1060,Linear logistic,0.379700028633869,0.6953878017447644,0.15138597734291104
1060,Gradient boosting,0.5882541707276109,0.7427778255809214,0.13737087251216856
1061,Oracle reference-risk logit,0.5339345332583766,0.7879932173981623,0.1225031011396523
1061,Linear logistic,0.3981574943620368,0.7063590835600773,0.14389148887851583
1061,Gradient boosting,0.5811428456558363,0.7531416853976892,0.1302307436908836
1062,Oracle reference-risk logit,0.4919752621700091,0.7822473160353134,0.13103100392732844
1062,Linear logistic,0.3154009468175047,0.6878973979604313,0.15001452122066375
1062,Gradient boosting,0.5470305422637652,0.7133155828911006,0.14839389337917153
1063,Oracle reference-risk logit,0.4765275901934584,0.7728586497890295,0.13088999624073722
1063,Linear logistic,0.379632838170606,0.6971187462326703,0.15034174048264753
1063,Gradient boosting,0.5295407467094683,0.7287115732368897,0.14006805579936094
1064,Oracle reference-risk logit,0.4729988971474675,0.7569915469095811,0.13618346999467262
1064,Linear logistic,0.3868038538594833,0.6885376213230251,0.153134566676332
1064,Gradient boosting,0.5632886528648356,0.7231642715249565,0.14297896272104385
1065,Oracle reference-risk logit,0.4862512730652646,0.7809984060945243,0.11939915838848222
1065,Linear logistic,0.3208473966347578,0.6827160556695675,0.13715778396519004
1065,Gradient boosting,0.5126798127663932,0.7627372398445815,0.12508271214452255
1066,Oracle reference-risk logit,0.554482341412117,0.7448102269154177,0.12818825287946128
1066,Linear logistic,0.3108723618500985,0.6525193900010482,0.14481653122220173
1066,Gradient boosting,0.4844627487517739,0.7074009537784298,0.13611732115062503
1067,Oracle reference-risk logit,0.42392140164672193,0.7624072673877071,0.13098065822523955
1067,Linear logistic,0.3017794064206626,0.6648304083131,0.1491833376612092
1067,Gradient boosting,0.4785809183246138,0.7176193137434467,0.14096203876117339
1068,Oracle reference-risk logit,0.5014182058583003,0.7648062499999999,0.1304681641279123
1068,Linear logistic,0.29148637978763614,0.6728140625,0.14957001949119525
1068,Gradient boosting,0.47346450249611244,0.7331718750000001,0.1402016980856351
1069,Oracle reference-risk logit,0.47247476703082875,0.7776185834957765,0.12151100937744377
1069,Linear logistic,0.3207597364270482,0.6823001949317739,0.14194204000971472
1069,Gradient boosting,0.5771470734792421,0.7375617283950617,0.12828837062999401
1070,Oracle reference-risk logit,0.5338918810930662,0.7861259455894329,0.13378914273826634
1070,Linear logistic,0.3291119788067779,0.7129100407788933,0.15183775237006822
1070,Gradient boosting,0.5773602297708026,0.7323674834852182,0.14334632050301957
1071,Oracle reference-risk logit,0.4559987582105784,0.7803910531773071,0.13167980861965248
1071,Linear logistic,0.3737796055464953,0.6891704932602577,0.15356463099824327
1071,Gradient boosting,0.5998241524650446,0.74058361724189,0.13994039427030588
1072,Oracle reference-risk logit,0.4396320429183592,0.7750482702941934,0.12435876403992804
1072,Linear logistic,0.322468263290145,0.6895705362339282,0.1432222209406155
1072,Gradient boosting,0.49126476286025295,0.7341818529632529,0.13147589338377247
1073,Oracle reference-risk logit,0.4569053335439936,0.7871703850100719,0.12930038845218042
1073,Linear logistic,0.38373623632156917,0.7090418456159021,0.14823225843468707
1073,Gradient boosting,0.5625216657660331,0.7556094409182471,0.1370828472258974
1074,Oracle reference-risk logit,0.4724090320757403,0.7767657800935981,0.12081824166294633
1074,Linear logistic,0.34977136220887256,0.6911112275406089,0.13729618513525718
1074,Gradient boosting,0.557031343701239,0.7448295443982293,0.12598917744308455
1075,Oracle reference-risk logit,0.47440064067505294,0.7639482233762247,0.12529898953907043
1075,Linear logistic,0.4036981623095379,0.6965318103911387,0.14296511723540462
1075,Gradient boosting,0.5991505433645323,0.7401623775293545,0.13232064868068982
1076,Oracle reference-risk logit,0.5131954498513533,0.7721756754528379,0.13752420869432616
1076,Linear logistic,0.29531688506779863,0.6762308659797833,0.15485648085127962
1076,Gradient boosting,0.5680965544065745,0.7361315362232806,0.14350255110604673
1077,Oracle reference-risk logit,0.43604144168452436,0.7737333626342554,0.13048288222812
1077,Linear logistic,0.29306294287935675,0.676989606881004,0.14983041408220635
1077,Gradient boosting,0.4957081700287063,0.7503991738369404,0.13690938489680585
1078,Oracle reference-risk logit,0.41580382214899836,0.7543057691549352,0.12989003795180146
1078,Linear logistic,0.33175581177835894,0.6690610828502701,0.14758801911946365
1078,Gradient boosting,0.5393040541179669,0.6977483339248394,0.13999775958173433
1079,Oracle reference-risk logit,0.4931642901467075,0.7940914720575737,0.12621311069262392
1079,Linear logistic,0.3166126999222313,0.703043567450347,0.14773788583290634
1079,Gradient boosting,0.5756626135800474,0.7521635657228878,0.13711747791162474
1080,Oracle reference-risk logit,0.4821408874609114,0.7564904820377574,0.13560300693352068
1080,Linear logistic,0.36886594175537185,0.65821230469577,0.15516835403224685
1080,Gradient boosting,0.4844359783656009,0.7416456971068056,0.13954165932228915
1081,Oracle reference-risk logit,0.6339122560698578,0.7869751127232424,0.12497571460315637
1081,Linear logistic,0.3828633150115652,0.7061796266908487,0.14436127846268462
1081,Gradient boosting,0.6371485894833003,0.7498976674475428,0.13178661920889936
1082,Oracle reference-risk logit,0.545221744379827,0.778971018165411,0.13359343585217148
1082,Linear logistic,0.307413884215752,0.6942490620615485,0.14918667630975851
1082,Gradient boosting,0.5385835326576767,0.7443182871729577,0.14039956578094048
1083,Oracle reference-risk logit,0.4764999443567268,0.7616091299787674,0.13030399212105895
1083,Linear logistic,0.35179084278160117,0.6709360850323604,0.14714205236522473
1083,Gradient boosting,0.5566241576784373,0.7251365403801386,0.13645491844129579
1084,Oracle reference-risk logit,0.46563780756665885,0.7833176030972514,0.12094308823033405
1084,Linear logistic,0.3478637596695716,0.6865076307696258,0.14224951812108577
1084,Gradient boosting,0.5120341298229649,0.7561203459367838,0.1281069090239427
1085,Oracle reference-risk logit,0.4571213084620745,0.7664172043010753,0.14182298771150717
1085,Linear logistic,0.3168672033966586,0.6795326164874551,0.16107331005496103
1085,Gradient boosting,0.5285103852391395,0.7167168458781361,0.15161960456960497
1086,Oracle reference-risk logit,0.49192332889981655,0.7976312213600348,0.12443359137905384
1086,Linear logistic,0.3596770547414695,0.7095986587512011,0.14648555978935057
1086,Gradient boosting,0.5521411600389137,0.7651195108822229,0.13315610726321905
1087,Oracle reference-risk logit,0.5251101681553544,0.7775337741790236,0.1303162308274181
1087,Linear logistic,0.3606026379143686,0.743239401339134,0.14388909655320942
1087,Gradient boosting,0.5769997173223317,0.7479741639632467,0.1357967947728832
1088,Oracle reference-risk logit,0.4879561394843461,0.7924311926605505,0.13131784714736505
1088,Linear logistic,0.3452614281772193,0.703540381050705,0.15303880976151749
1088,Gradient boosting,0.5129870398963523,0.764238074567681,0.13830305085141145
1089,Oracle reference-risk logit,0.45240333893875256,0.7761685121233282,0.1282788740866918
1089,Linear logistic,0.3303020649487342,0.6949810862463998,0.1439530624936276
1089,Gradient boosting,0.5027874874244753,0.7289482559603263,0.13879408708809987
1090,Oracle reference-risk logit,0.4340395158244988,0.7725893282073786,0.12999802874286617
1090,Linear logistic,0.37660985255120377,0.6830447923555698,0.14986959442523953
1090,Gradient boosting,0.48677992048560115,0.7225556427737019,0.1430680670631801
1091,Oracle reference-risk logit,0.4384465880163187,0.8032779531936094,0.12036013586341238
1091,Linear logistic,0.29942763842527076,0.688073806010916,0.1440582924462848
1091,Gradient boosting,0.4640586057553738,0.7405687958464094,0.13028737888729744
1092,Oracle reference-risk logit,0.44023721311590264,0.7902053596993013,0.12746417821122566
1092,Linear logistic,0.3313570254890731,0.6816178396720092,0.15044423349231714
1092,Gradient boosting,0.5136459087652839,0.7461605473009607,0.13661883386993023
1093,Oracle reference-risk logit,0.43712552378729613,0.7543898690072944,0.12734627866139336
1093,Linear logistic,0.4050928644851439,0.6753825587845861,0.14632800374774743
1093,Gradient boosting,0.5789129691261212,0.7150475506223783,0.136455163392745
1094,Oracle reference-risk logit,0.45095307031221904,0.7898537887377173,0.13543862513638175
1094,Linear logistic,0.26282836648677566,0.7249031557067271,0.15078205552330715
1094,Gradient boosting,0.5973063294611035,0.7539269179894179,0.1442399522875639
1095,Oracle reference-risk logit,0.5542998829809523,0.7574307743799269,0.1356376896331166
1095,Linear logistic,0.33439062979329387,0.6587342350054214,0.15225852827161482
1095,Gradient boosting,0.5494808284107576,0.7229448246397399,0.14303904580830773
1096,Oracle reference-risk logit,0.5013561442977078,0.7480772194174521,0.1346964214386781
1096,Linear logistic,0.3553546782228099,0.6727069668660774,0.15237815663647827
1096,Gradient boosting,0.5604414326945656,0.7199323803726098,0.14276537561409255
1097,Oracle reference-risk logit,0.42631546609435117,0.7765870353289095,0.12619742998734748
1097,Linear logistic,0.34193575051628444,0.7156480842752333,0.14190472661598905
1097,Gradient boosting,0.5112034623389916,0.7434768876366887,0.13427731284494956
1098,Oracle reference-risk logit,0.4568265566238435,0.7912189536727146,0.1243285315118668
1098,Linear logistic,0.34202131094084465,0.676361406324415,0.14363155120518062
1098,Gradient boosting,0.5142289060725019,0.7478568492748517,0.1329285432225253
1099,Oracle reference-risk logit,0.4708200562061122,0.8059287954966048,0.12691588231203552
1099,Linear logistic,0.3554562214892615,0.6980113775940899,0.15321637592508536
1099,Gradient boosting,0.5238202351182304,0.7627990489391383,0.13758883599041088
1100,Oracle reference-risk logit,0.5294989247802129,0.7829885057471264,0.1268752442473259
1100,Linear logistic,0.333567437156185,0.6907248732536089,0.14857028357013632
1100,Gradient boosting,0.5855877867818216,0.7315654630597159,0.13850907875529514
1101,Oracle reference-risk logit,0.48233382525333984,0.7745886619215708,0.13417666056735003
1101,Linear logistic,0.4299755007243721,0.6915153592429213,0.15269638102841354
1101,Gradient boosting,0.5651065876610929,0.7419991423810647,0.14416963271519967
1102,Oracle reference-risk logit,0.4747274361814239,0.8055458050054192,0.12283037955209264
1102,Linear logistic,0.3052353683030789,0.7085334762045521,0.14638316226294196
1102,Gradient boosting,0.547123907543534,0.7633849394028969,0.13412279019230322
1103,Oracle reference-risk logit,0.4915274458641586,0.7727606992163953,0.1318613039446114
1103,Linear logistic,0.34107324078799944,0.6889240506329113,0.15208131916645168
1103,Gradient boosting,0.5627649863357418,0.7422377938517178,0.13897251463007348
1104,Oracle reference-risk logit,0.4699027307221282,0.7673981191222571,0.12920036259359863
1104,Linear logistic,0.3995025626791769,0.6944959170246527,0.1472669037801997
1104,Gradient boosting,0.5103081716629901,0.7413413831804637,0.13477463572560663
1105,Oracle reference-risk logit,0.5285133937407324,0.8022206522905785,0.11973696055277937
1105,Linear logistic,0.36470199711406864,0.7078821782320968,0.14292420911963238
1105,Gradient boosting,0.5634910214680916,0.749001571533615,0.1333401575834243
1106,Oracle reference-risk logit,0.4882216289126286,0.7860706155130678,0.13086311987298424
1106,Linear logistic,0.39817992957686926,0.7214543576066651,0.1485472810833146
1106,Gradient boosting,0.5384808789869915,0.7429045104787991,0.14083047697183257
1107,Oracle reference-risk logit,0.5277492740459404,0.7832481411203343,0.12632706769857505
1107,Linear logistic,0.42550485022319395,0.7101924705329716,0.14681543736384603
1107,Gradient boosting,0.5586491014441605,0.7429136973008388,0.1358528609863506
1108,Oracle reference-risk logit,0.5239235360670491,0.7719231506599098,0.13310366371495178
1108,Linear logistic,0.3616122146869413,0.7068530083524671,0.14796970273788276
1108,Gradient boosting,0.547987207145193,0.7520949098709466,0.13839398887088486
1109,Oracle reference-risk logit,0.4705387542903583,0.7706450008290499,0.12267088267629225
1109,Linear logistic,0.34816882120241877,0.689003482009617,0.13912356727131908
1109,Gradient boosting,0.5344940114932043,0.7333128834355829,0.129325063175712
1110,Oracle reference-risk logit,0.4782989722013389,0.7451701861489959,0.13726467868831424
1110,Linear logistic,0.3848137855067907,0.6631846989414758,0.15319291912179023
1110,Gradient boosting,0.5154145501637113,0.7263761351995701,0.14490017113723025
1111,Oracle reference-risk logit,0.5140062194135806,0.7719861297200572,0.13264568413106598
1111,Linear logistic,0.37485145824830735,0.6841083804801182,0.15476409124890322
1111,Gradient boosting,0.5884697525175996,0.7348473720211466,0.14083724755782162
1112,Oracle reference-risk logit,0.48918183605585974,0.7696926718448573,0.12433612440628002
1112,Linear logistic,0.35109081434708195,0.6856692303787186,0.1450727750213241
1112,Gradient boosting,0.5795154618118312,0.7379207279926896,0.1331512609608162
1113,Oracle reference-risk logit,0.45451439812959454,0.7724502712477396,0.13170532547867203
1113,Linear logistic,0.3057659409044644,0.6864556962025317,0.15095953263615314
1113,Gradient boosting,0.5670556316815696,0.7371127185051236,0.14148805058975217
1114,Oracle reference-risk logit,0.5224327550925719,0.7589343659412452,0.13216228258345955
1114,Linear logistic,0.34875662813774894,0.6711328195017028,0.15143071987217174
1114,Gradient boosting,0.5357439945530278,0.7342002954428861,0.1393982940058231
1115,Oracle reference-risk logit,0.49331868999394185,0.7877198100364493,0.12402422412350442
1115,Linear logistic,0.2684069508779587,0.680670832313879,0.14781632434023334
1115,Gradient boosting,0.5200132544614864,0.7490134818913543,0.13206519859887805
1116,Oracle reference-risk logit,0.4414947626861098,0.7827654968010834,0.1339652892426261
1116,Linear logistic,0.32990663951539445,0.7087018486067285,0.1535004816346229
1116,Gradient boosting,0.49208250131648074,0.7564726290362278,0.1398610675442631
1117,Oracle reference-risk logit,0.4758818391028768,0.8106993194229105,0.12124455666708746
1117,Linear logistic,0.35209548732281193,0.7127301539860149,0.14370810174462695
1117,Gradient boosting,0.5058424977914577,0.7842639119795265,0.12633530765901194
1118,Oracle reference-risk logit,0.5046586713802506,0.7628949500405077,0.13419588693489273
1118,Linear logistic,0.42122978765243513,0.6824867911343833,0.15073647932745216
1118,Gradient boosting,0.5445973605275953,0.7311494268656807,0.1432473146021193
1119,Oracle reference-risk logit,0.5091718037346628,0.7918702707486519,0.12295450657876209
1119,Linear logistic,0.2848678532823692,0.7006498473364478,0.14476373337462023
1119,Gradient boosting,0.4970773589313896,0.7535510869771352,0.13051178236490724
1120,Oracle reference-risk logit,0.5987781707986466,0.7813217708085848,0.12964181725146653
1120,Linear logistic,0.3207836366934704,0.6902196757863186,0.15042054840863936
1120,Gradient boosting,0.5651331824371449,0.7119633751850429,0.1426197983297596
1121,Oracle reference-risk logit,0.47547943924104896,0.7820923454517563,0.12702902268163446
1121,Linear logistic,0.2977088983554429,0.700756250958736,0.1470492373832151
1121,Gradient boosting,0.5215631062046534,0.7554716981132075,0.13482368721208218
1122,Oracle reference-risk logit,0.4616044018427216,0.7638009858378878,0.12638257963096136
1122,Linear logistic,0.33423533433959435,0.6931707809431149,0.13983537454689893
1122,Gradient boosting,0.4636980447076261,0.6942396820432888,0.14071830629266865
1123,Oracle reference-risk logit,0.48960218664854366,0.8107104959736877,0.12381779523358082
1123,Linear logistic,0.33850210326273406,0.7148736982815249,0.1466263302564517
1123,Gradient boosting,0.5977262085739248,0.77354806998847,0.13218295687925552
1124,Oracle reference-risk logit,0.48513617249058905,0.7797720679076611,0.1321921928658908
1124,Linear logistic,0.3323673286015962,0.7087087087087087,0.14670866620823467
1124,Gradient boosting,0.5076776627175806,0.7490124947752067,0.13794285327245046
1125,Oracle reference-risk logit,0.4642817317033565,0.7440463867401929,0.13649724940328883
1125,Linear logistic,0.3508976778790834,0.664974372486653,0.14863360187759708
1125,Gradient boosting,0.5374764627507326,0.7073052528560405,0.14532103858782755
1126,Oracle reference-risk logit,0.42504383862562756,0.7733449887879594,0.1311302998219325
1126,Linear logistic,0.36987145098889573,0.7037604043935997,0.14808733998418153
1126,Gradient boosting,0.5195164480004467,0.7314248793280377,0.13887759304124567
1127,Oracle reference-risk logit,0.4491822671904963,0.747931556666172,0.13133764833945746
1127,Linear logistic,0.3245648648814149,0.6799509796881658,0.14553242883316433
1127,Gradient boosting,0.5205698433499194,0.7162502652873322,0.14123822464024846
1128,Oracle reference-risk logit,0.45326199176559395,0.7648182702729333,0.1323485229239333
1128,Linear logistic,0.36678661988718364,0.7183066065622229,0.14410866251535615
1128,Gradient boosting,0.5207968969013728,0.7361562715538477,0.14086177426173885
1129,Oracle reference-risk logit,0.47731712615677263,0.7686909632064957,0.1312405101307143
1129,Linear logistic,0.3705078159310758,0.6936593627606649,0.147981761929423
1129,Gradient boosting,0.4970514683209698,0.7308404784587699,0.13753292617336252
1130,Oracle reference-risk logit,0.4694057832181939,0.7806401176516119,0.12737543680040445
1130,Linear logistic,0.36092211875402413,0.6909741089051433,0.1483341274343705
1130,Gradient boosting,0.5442883985538516,0.7306954603506328,0.13903598564634198
1131,Oracle reference-risk logit,0.5609554128256058,0.7553691762449355,0.13005448482081064
1131,Linear logistic,0.3436068120015833,0.6775063469495547,0.14626703313807599
1131,Gradient boosting,0.539469383659476,0.7339690655024342,0.134510552140678
1132,Oracle reference-risk logit,0.46152532431249527,0.7646759038063385,0.1304847277793427
1132,Linear logistic,0.29442382055391364,0.6808217869087434,0.1461659741490031
1132,Gradient boosting,0.5026829697821095,0.7331899984073897,0.13841219412442604
1133,Oracle reference-risk logit,0.4758917985961234,0.7997252894750971,0.12679575741477972
1133,Linear logistic,0.36550422028051016,0.7228659973393943,0.15033332480347014
1133,Gradient boosting,0.5331283651707031,0.7678919770209568,0.13372115218220246
1134,Oracle reference-risk logit,0.5222392938658909,0.7727627606395702,0.13220193489400053
1134,Linear logistic,0.33275430125934324,0.6846646679473312,0.15224640956445262
1134,Gradient boosting,0.5536908099738544,0.73770343838895,0.14189742461896115
1135,Oracle reference-risk logit,0.5063982160857957,0.7772686980017729,0.13063807537029826
1135,Linear logistic,0.31350440601620944,0.6883501085545236,0.14965233663470204
1135,Gradient boosting,0.5488293386407507,0.7189727065091519,0.1396662763190111
1136,Oracle reference-risk logit,0.4813306646600271,0.7791170428700692,0.12779108612637904
1136,Linear logistic,0.3675711013560753,0.7055265828666455,0.14670352735781647
1136,Gradient boosting,0.5262497676808695,0.7401475874886895,0.13928856115188284
1137,Oracle reference-risk logit,0.5337580679432755,0.791436591724725,0.12468791680770559
1137,Linear logistic,0.41454222177975286,0.6723248059796005,0.15324518174496907
1137,Gradient boosting,0.6044105312611067,0.7557668331538181,0.13480522780032306
1138,Oracle reference-risk logit,0.4341547473782056,0.7566933981984721,0.13668099157669716
1138,Linear logistic,0.35389500708687893,0.6673208924024172,0.15389005583730783
1138,Gradient boosting,0.5144175814091919,0.7173364752384934,0.14687841645151603
1139,Oracle reference-risk logit,0.46737732253735065,0.8023138701104803,0.12255204165257852
1139,Linear logistic,0.2714980444890106,0.7233041978804692,0.14567875155268453
1139,Gradient boosting,0.538949793442208,0.7701538210012786,0.12953299412903996
1140,Oracle reference-risk logit,0.4566830580748556,0.7716360428224833,0.12990464269605825
1140,Linear logistic,0.34355868396338446,0.6989670718484278,0.14738621087232728
1140,Gradient boosting,0.5728532346068532,0.7250948945864201,0.14145516802305566
1141,Oracle reference-risk logit,0.5277342130164866,0.7770162837874883,0.13136546447289274
1141,Linear logistic,0.3625756745662933,0.6838688159073048,0.15125944608821806
1141,Gradient boosting,0.5322017170628515,0.7483155752934798,0.14009009384191257
1142,Oracle reference-risk logit,0.5209289081103364,0.7744981265043797,0.13082447780940498
1142,Linear logistic,0.3325615427554801,0.687441065535125,0.14855097059680855
1142,Gradient boosting,0.5872200880844208,0.7342489888086552,0.1375677013356149
1143,Oracle reference-risk logit,0.45102313768404073,0.787946875,0.12390463552153057
1143,Linear logistic,0.3370880052049916,0.68666875,0.14742577575290386
1143,Gradient boosting,0.5694754070127064,0.7391781249999999,0.13441242792782657
1144,Oracle reference-risk logit,0.5188693343573731,0.7670463635017034,0.13705202965986027
1144,Linear logistic,0.31030052439527955,0.6831506443489853,0.15515067071494446
1144,Gradient boosting,0.47727247129269157,0.7002473707598874,0.14960808751108903
1145,Oracle reference-risk logit,0.4674764482005141,0.7679146740197134,0.12862001435615042
1145,Linear logistic,0.30326959278800847,0.6825168866357417,0.14576677713231137
1145,Gradient boosting,0.498570453598158,0.7323462251008891,0.13681858152045248
1146,Oracle reference-risk logit,0.5368466754611131,0.7917937500000001,0.12419238248392639
1146,Linear logistic,0.32196020233915945,0.69016875,0.14707908972876144
1146,Gradient boosting,0.573531594438451,0.7501875,0.1342889217341276
1147,Oracle reference-risk logit,0.535936197636114,0.7816106764551981,0.12385963081033764
1147,Linear logistic,0.32527759841454235,0.68133584541579,0.14647448417113965
1147,Gradient boosting,0.6076357422429025,0.7366068973319861,0.13247837233927115
1148,Oracle reference-risk logit,0.47740507966051116,0.7716878871954695,0.13362266272959053
1148,Linear logistic,0.3635595930828877,0.6894667629508571,0.15060582339388007
1148,Gradient boosting,0.5622314785171146,0.7291399034624302,0.14006437494548943
1149,Oracle reference-risk logit,0.5852848614610129,0.7607960883945539,0.13553418194382466
1149,Linear logistic,0.32853718763824186,0.6564574247591098,0.15534432252399422
1149,Gradient boosting,0.5430701936198546,0.7051864398080427,0.14676233179079326
1150,Oracle reference-risk logit,0.4115622241276307,0.767589166700632,0.13405084773766685
1150,Linear logistic,0.39421677791676496,0.6914025291385321,0.1506703726254731
1150,Gradient boosting,0.534214643943933,0.734994467415113,0.1389412562282775
1151,Oracle reference-risk logit,0.45008184212216185,0.7739247125552875,0.12237903274266591
1151,Linear logistic,0.3322214169511217,0.6853750090843177,0.1382423201841379
1151,Gradient boosting,0.5215331754386259,0.7377125096547283,0.12982979331952416
1152,Oracle reference-risk logit,0.5188495264506955,0.7736421885207727,0.12393948264944185
1152,Linear logistic,0.34831615201545285,0.6944314191750686,0.14388934041264254
1152,Gradient boosting,0.614216018482771,0.7297792627467935,0.13475516274191113
1153,Oracle reference-risk logit,0.4860576332506654,0.7648399948827604,0.1327861908157899
1153,Linear logistic,0.3930867328205928,0.6892617163465347,0.15048091943190728
1153,Gradient boosting,0.5453275225678405,0.7130264207954871,0.1438930641815712
1154,Oracle reference-risk logit,0.512852956555362,0.7786513484495589,0.1268952522985022
1154,Linear logistic,0.33169258979645944,0.6965961301509809,0.14711040421647198
1154,Gradient boosting,0.5577979630662606,0.7392583177825669,0.13487953156609478
1155,Oracle reference-risk logit,0.5297103918603576,0.7929884880353899,0.12132106833227024
1155,Linear logistic,0.3794434455022718,0.7236181469139845,0.13988381537839764
1155,Gradient boosting,0.6272833699720791,0.7522263099434354,0.13178505081433506
1156,Oracle reference-risk logit,0.4600385171678131,0.7708515625000001,0.13010070525354972
1156,Linear logistic,0.4079815833314623,0.6677421875,0.1501237859847883
1156,Gradient boosting,0.5790608093207036,0.7499203125,0.1372444512963128
1157,Oracle reference-risk logit,0.5803861796384867,0.7836485097798912,0.12643284142688008
1157,Linear logistic,0.3760375970022678,0.7108800397750934,0.14418876877376421
1157,Gradient boosting,0.5527203686053278,0.7548717364076695,0.13193770775970293
1158,Oracle reference-risk logit,0.5120329406656664,0.7737943789956174,0.12567450726159216
1158,Linear logistic,0.3414164646184557,0.6811579751517831,0.14494714595291994
1158,Gradient boosting,0.5771025807850747,0.7340854810823849,0.13619807804305112
1159,Oracle reference-risk logit,0.46684284144433746,0.7804120332324707,0.12428386756809147
1159,Linear logistic,0.32987211394771065,0.702385080539814,0.1420881783425503
1159,Gradient boosting,0.5224958836937296,0.751201407328941,0.13316810776036203
1160,Oracle reference-risk logit,0.4773010307291598,0.7505957987496128,0.13338747068625081
1160,Linear logistic,0.3210325448036397,0.6689302804837192,0.14746978030580896
1160,Gradient boosting,0.5636853431836231,0.7228966881807435,0.14038554261281075
1161,Oracle reference-risk logit,0.4270116115344558,0.7762943525714038,0.12564310253744096
1161,Linear logistic,0.2916602808236902,0.6766197128947458,0.14542222174235592
1161,Gradient boosting,0.49007090388054475,0.7570130288306733,0.13217565420721844
1162,Oracle reference-risk logit,0.4393053460956226,0.769085292344786,0.1317702870155115
1162,Linear logistic,0.3968767679675268,0.6864210367691381,0.15126588911686362
1162,Gradient boosting,0.5201279526156707,0.7350316455696202,0.13721395889029708
1163,Oracle reference-risk logit,0.4175445228481713,0.8052250000000001,0.12123399364689612
1163,Linear logistic,0.3349810893133826,0.7117484375,0.14389871709195118
1163,Gradient boosting,0.5228819421044033,0.7725203125,0.1348182719753067
1164,Oracle reference-risk logit,0.46063444094717493,0.7818586657599131,0.1334411030634465
1164,Linear logistic,0.35080581075168926,0.7098552773651652,0.1508210181663507
1164,Gradient boosting,0.5808388545004242,0.7473729501106597,0.14118619519106865
1165,Oracle reference-risk logit,0.5101081117628863,0.7813437643810399,0.12765521677404162
1165,Linear logistic,0.35747471152204163,0.6956833870225494,0.14905257967074306
1165,Gradient boosting,0.5887893273284557,0.7399877281791686,0.13910352804190915
1166,Oracle reference-risk logit,0.414894358455554,0.7604637939888973,0.13314134722188506
1166,Linear logistic,0.32673222801375035,0.6855924897899294,0.15013797387744812
1166,Gradient boosting,0.5247660653120155,0.7224190530923675,0.1428340062554235
1167,Oracle reference-risk logit,0.4436206781267933,0.7778300180831826,0.1316247667930378
1167,Linear logistic,0.37576868828252324,0.6977290536467751,0.1508187947053865
1167,Gradient boosting,0.5915778330659961,0.7405635925256178,0.13867124933002198
1168,Oracle reference-risk logit,0.5019142060620665,0.7615643378355242,0.12939759262121403
1168,Linear logistic,0.34100391188664647,0.6624621539875777,0.15098000038631618
1168,Gradient boosting,0.5560655436962172,0.7229756721282145,0.1387546784159098
1169,Oracle reference-risk logit,0.55811082494836,0.7868344038615027,0.12744475364226582
1169,Linear logistic,0.3460846261898922,0.7073208924024172,0.14908437861263046
1169,Gradient boosting,0.5470722238080548,0.7367215233172437,0.1384385859232086
1170,Oracle reference-risk logit,0.43995973432915925,0.7712593381859975,0.1308455336233132
1170,Linear logistic,0.3367543392357909,0.7036158533665358,0.15110123165362374
1170,Gradient boosting,0.5215807294917618,0.7254229120773872,0.1409106598265746
1171,Oracle reference-risk logit,0.4449652780671998,0.7686192170710684,0.13474144229109827
1171,Linear logistic,0.4011194778437936,0.6916821564858032,0.15176787730650043
1171,Gradient boosting,0.5493013326372537,0.7325798236963177,0.1418707176490065
1172,Oracle reference-risk logit,0.503524169143484,0.7919155542473928,0.12970190337238335
1172,Linear logistic,0.39873915509998586,0.7162479584004248,0.15388530338109682
1172,Gradient boosting,0.60571914854664,0.7546285875882288,0.13850154344083127
1173,Oracle reference-risk logit,0.548411701849817,0.8078362573099416,0.11773692991517555
1173,Linear logistic,0.4284681891880794,0.7219964262508123,0.14092518707211588
1173,Gradient boosting,0.6381529754298761,0.7736825860948667,0.1247463081837132
1174,Oracle reference-risk logit,0.47665784488410234,0.7752357930286162,0.12464601555170188
1174,Linear logistic,0.3440549260412384,0.716372607559502,0.1410344713047152
1174,Gradient boosting,0.552942476311809,0.7470529884238304,0.1332639354929211
1175,Oracle reference-risk logit,0.42572653287407664,0.801803967303649,0.1290483845369732
1175,Linear logistic,0.30167839669125635,0.7122673634449572,0.15198801272678047
1175,Gradient boosting,0.4686514834068971,0.7763825395906873,0.13665769598052577
1176,Oracle reference-risk logit,0.5032101524999024,0.7773391972610723,0.1312491029985973
1176,Linear logistic,0.33092115119509125,0.6928600912975913,0.15020560786621315
1176,Gradient boosting,0.5661716193608473,0.7517467341686093,0.1391051296273313
1177,Oracle reference-risk logit,0.4519589784253121,0.7424761153351838,0.13197931886855557
1177,Linear logistic,0.3512850057855555,0.6546644562687167,0.1510479395607345
1177,Gradient boosting,0.5515010644159336,0.7228330038087097,0.1386275684161655
1178,Oracle reference-risk logit,0.5107235765175462,0.768846875,0.12819612033547825
1178,Linear logistic,0.33791978227776437,0.690609375,0.14656452135560635
1178,Gradient boosting,0.5475068841554411,0.7268499999999999,0.1367381894227562
1179,Oracle reference-risk logit,0.50798528020661,0.7816692555312239,0.12551962237026962
1179,Linear logistic,0.3178272382756291,0.7021000679280058,0.14321505130382184
1179,Gradient boosting,0.5902642079502579,0.7452493939523491,0.1318716003896631
1180,Oracle reference-risk logit,0.4385788455873413,0.7658400288259131,0.130528140188539
1180,Linear logistic,0.2557158312811271,0.6834459608953732,0.14665620324457657
1180,Gradient boosting,0.49461222831148494,0.7290443198412047,0.13715975575890244
1181,Oracle reference-risk logit,0.46731524305475913,0.769530314714847,0.13491971989440515
1181,Linear logistic,0.3605853494414759,0.6876295398626566,0.1553262283730734
1181,Gradient boosting,0.5910339058523175,0.7168388968455071,0.14747215162640015
1182,Oracle reference-risk logit,0.4549396763260008,0.7857090748153084,0.12111411363133828
1182,Linear logistic,0.34788587383298314,0.6908269418762432,0.14341529681803322
1182,Gradient boosting,0.5105482045125643,0.7599357368778562,0.12933857074281915
1183,Oracle reference-risk logit,0.4603097374045227,0.7625190267755038,0.12837295432927992
1183,Linear logistic,0.3563325416720138,0.6802681493749754,0.14677194277002958
1183,Gradient boosting,0.5712545834971358,0.7198122954375172,0.13649517430715077
1184,Oracle reference-risk logit,0.5343793883796809,0.7907905674341718,0.12183825600376665
1184,Linear logistic,0.32686175559158437,0.7098419053694976,0.14345622317911685
1184,Gradient boosting,0.5596495577638462,0.7550939595311686,0.13208776197176755
1185,Oracle reference-risk logit,0.5543121940451928,0.7950173324362833,0.12352769042528297
1185,Linear logistic,0.34541892056848084,0.6832398215636949,0.14886109921439317
1185,Gradient boosting,0.5435161300476792,0.7652965936441001,0.13359961469892387
1186,Oracle reference-risk logit,0.459972809818533,0.7780775349475861,0.13348782669098747
1186,Linear logistic,0.36030301002546294,0.6651685529189021,0.1544170914879166
1186,Gradient boosting,0.509931700998446,0.7387233167391528,0.14113913829598235
1187,Oracle reference-risk logit,0.6047509852035939,0.7704768286438546,0.12773645343089116
1187,Linear logistic,0.3153111406258013,0.6781691120228079,0.14734033609601427
1187,Gradient boosting,0.5035204558338574,0.7278637849182318,0.1400205985020384
1188,Oracle reference-risk logit,0.4290389100862196,0.7743971778630994,0.1317194327525362
1188,Linear logistic,0.3614881317690425,0.6975725098432418,0.1491287045513477
1188,Gradient boosting,0.516716362857424,0.7342477562299772,0.14100402144253316
1189,Oracle reference-risk logit,0.47002126525501686,0.7815400140558268,0.12996363718615123
1189,Linear logistic,0.3320632398051573,0.7168141327134353,0.148557436084396
1189,Gradient boosting,0.5676661982622294,0.7373212236978839,0.137060829837797
1190,Oracle reference-risk logit,0.45508826186060913,0.7800159712818839,0.13329430293563757
1190,Linear logistic,0.31805064867999694,0.7092079421652409,0.14948109464363488
1190,Gradient boosting,0.5724498125454935,0.7450904913509017,0.13855346992600595
1191,Oracle reference-risk logit,0.4792643564384135,0.7936606587942823,0.12269605725379588
1191,Linear logistic,0.3389253096850241,0.7048348563626278,0.14292380848406555
1191,Gradient boosting,0.5529983677314328,0.7609434781019172,0.12899218543777488
1192,Oracle reference-risk logit,0.4523496656282693,0.7980981338603625,0.12614888194971968
1192,Linear logistic,0.37162494429157783,0.7177226255178443,0.14728163202189737
1192,Gradient boosting,0.5293391971825704,0.760956254038235,0.13503325978881867
1193,Oracle reference-risk logit,0.48319423402924905,0.7738890071489501,0.1313252706427786
1193,Linear logistic,0.3221583556780697,0.6942235053007266,0.14688255866690889
1193,Gradient boosting,0.512997405409121,0.7344680084090672,0.1405517921210332
1194,Oracle reference-risk logit,0.4752189946191237,0.7925698574077626,0.12554031895783505
1194,Linear logistic,0.30753827552661356,0.690799580161541,0.14720786230527885
1194,Gradient boosting,0.5129944288525874,0.7652242127639001,0.13166872304904706
1195,Oracle reference-risk logit,0.4478006804019599,0.763614219809361,0.13145066918557263
1195,Linear logistic,0.3099077173486696,0.690945039049842,0.14678651242138568
1195,Gradient boosting,0.4843213647645523,0.7321880591547576,0.13741240930882162
1196,Oracle reference-risk logit,0.50294918935089,0.7727204641608179,0.1305919347696171
1196,Linear logistic,0.3652148205789556,0.681542087500917,0.1515272676515658
1196,Gradient boosting,0.6289459190910339,0.7402561077009611,0.1387520937794783
1197,Oracle reference-risk logit,0.48983220128570487,0.7976035290561475,0.12362797689677871
1197,Linear logistic,0.36081964624097795,0.703906269679337,0.1441092073988317
1197,Gradient boosting,0.535503387969255,0.7624129386130633,0.13067454304656073
1198,Oracle reference-risk logit,0.47652350650215375,0.7531963688485428,0.12679657823598117
1198,Linear logistic,0.3671861896728468,0.6754164675903807,0.1452596147853533
1198,Gradient boosting,0.5551273445786363,0.7114397197005893,0.13711719629086117
1199,Oracle reference-risk logit,0.5243362199126497,0.7716721189636372,0.1353619113200062
1199,Linear logistic,0.33711285061028895,0.6778347375282514,0.1521504848551003
1199,Gradient boosting,0.5873369586851984,0.7289523061084001,0.14114573542383022
1200,Oracle reference-risk logit,0.5598838448350857,0.7847287522603978,0.1283424833606631
1200,Linear logistic,0.3328238033295023,0.7142284508740204,0.14865492745843714
1200,Gradient boosting,0.5198089254153025,0.7369258589511753,0.1387616184195283
1201,Oracle reference-risk logit,0.6288084753851251,0.7299168831168832,0.1261602481199685
1201,Linear logistic,0.3425500751427344,0.6966008658008658,0.13515909442849125
1201,Gradient boosting,0.5012560035849527,0.7088848484848485,0.13328742026587598
1202,Oracle reference-risk logit,0.4443263805870589,0.759973112871355,0.13048837195758614
1202,Linear logistic,0.31191416022373114,0.6717212597025262,0.1485596938188436
1202,Gradient boosting,0.49093990573475316,0.7274909973346808,0.14009360434552565
1203,Oracle reference-risk logit,0.4974484084863705,0.7902055529989263,0.12968733607522945
1203,Linear logistic,0.33943995024168383,0.7058199110292989,0.14657385836242703
1203,Gradient boosting,0.6188563003379067,0.7426813928516643,0.13889441965044105
1204,Oracle reference-risk logit,0.5026272165307812,0.7756750942822888,0.13438724397415042
1204,Linear logistic,0.4299258851754021,0.6896890452028479,0.15342109927098338
1204,Gradient boosting,0.6520569265365884,0.7489616537722694,0.13967607059585538
1205,Oracle reference-risk logit,0.47796667209698906,0.7876007147498375,0.11935606370338513
1205,Linear logistic,0.33803042375937775,0.680006497725796,0.14367573649139725
1205,Gradient boosting,0.5398645074089904,0.7408252111760885,0.12931805277424785
1206,Oracle reference-risk logit,0.4792456629899882,0.7860353234571578,0.12903777489441054
1206,Linear logistic,0.30029352204292625,0.6896898806421996,0.14773539863197993
1206,Gradient boosting,0.5115662658180347,0.7447889525794684,0.1358314354057669
1207,Oracle reference-risk logit,0.47293799261020686,0.779422970351898,0.1258321848068287
1207,Linear logistic,0.42778133074574004,0.7102918209526687,0.14384753768595568
1207,Gradient boosting,0.6197186571039593,0.7452627899947102,0.13490190928672965
1208,Oracle reference-risk logit,0.46209276146160677,0.8038634542540792,0.12645894165192223
1208,Linear logistic,0.36595467426093004,0.7158848096348097,0.14735648049930322
1208,Gradient boosting,0.5585480653640287,0.7659755608974359,0.13573322968948995
1209,Oracle reference-risk logit,0.4642103101860764,0.7894358492029938,0.12338257509948553
1209,Linear logistic,0.3549462227439462,0.6996204582052755,0.14402396918581356
1209,Gradient boosting,0.5440565673621226,0.7590455877672587,0.13135566955498096
1210,Oracle reference-risk logit,0.46093866534211553,0.7922812515567471,0.12750739292287225
1210,Linear logistic,0.32873438333287985,0.6989398269123648,0.14963527663761517
1210,Gradient boosting,0.549162686063828,0.766303010541348,0.13438916947224339
1211,Oracle reference-risk logit,0.66466207837905,0.7787160678367832,0.13030112013220652
1211,Linear logistic,0.4267020141886861,0.6848903704343348,0.15415927278121078
1211,Gradient boosting,0.6558075187031293,0.7430892505408153,0.1399828311748391
1212,Oracle reference-risk logit,0.42561114659381877,0.7789758593861292,0.127094125450748
1212,Linear logistic,0.3067588041629972,0.6809841593365049,0.14803537667466507
1212,Gradient boosting,0.4717724748038017,0.7451013542601037,0.13282006483818332
1213,Oracle reference-risk logit,0.5895825508871914,0.8003184560865819,0.12901096612210552
1213,Linear logistic,0.3931035833671552,0.7091229886984005,0.15027112610980314
1213,Gradient boosting,0.5937050181301268,0.7401874221817833,0.13796784229448528
1214,Oracle reference-risk logit,0.3857269584472013,0.7788980628771038,0.13115350822920685
1214,Linear logistic,0.3292981796512695,0.7010924725558689,0.14637462492219186
1214,Gradient boosting,0.47723246908596706,0.7336393750895085,0.1392379484405858
1215,Oracle reference-risk logit,0.4413492446110253,0.7754644759115699,0.13458139934603525
1215,Linear logistic,0.3569998284789947,0.6931860985512253,0.15286668585470245
1215,Gradient boosting,0.5437295682866333,0.7300181189898031,0.14712835859690482
1216,Oracle reference-risk logit,0.4707508327967459,0.7812111419813832,0.1290231331830398
1216,Linear logistic,0.35517291012906804,0.6929531865291694,0.1494235000296482
1216,Gradient boosting,0.5868181276634564,0.7530571486548546,0.13371283339301354
1217,Oracle reference-risk logit,0.4527289967472803,0.7777735308170091,0.12830796985722584
1217,Linear logistic,0.331089171983301,0.6633205924510273,0.14708990217219195
1217,Gradient boosting,0.4960949997287812,0.732517916865743,0.13690101430877474
1218,Oracle reference-risk logit,0.46048846692926343,0.769018363196964,0.1341038497316321
1218,Linear logistic,0.369236320672199,0.6688752773640065,0.1509490388265343
1218,Gradient boosting,0.5299541485767684,0.735502901891947,0.1425739827362437
1219,Oracle reference-risk logit,0.5048661462870498,0.7838380119650252,0.12594872216659952
1219,Linear logistic,0.33935626094446314,0.7167694431661299,0.14645536965439623
1219,Gradient boosting,0.5717244884263695,0.7454670961803956,0.13353939283760938
1220,Oracle reference-risk logit,0.5947092397920839,0.7650822829550695,0.12860858480880633
1220,Linear logistic,0.34989755230463937,0.6848577980114221,0.1455187372290958
1220,Gradient boosting,0.5059225754782767,0.7349871305724303,0.13632650931644144
1221,Oracle reference-risk logit,0.48961061363906216,0.7630710129477348,0.12896591698706242
1221,Linear logistic,0.3496989034245023,0.6914444136575042,0.14636394392375668
1221,Gradient boosting,0.5770804823626403,0.722563748534359,0.14278178364525398
1222,Oracle reference-risk logit,0.5457578870652207,0.7818121729383312,0.12767069054767843
1222,Linear logistic,0.2825134236013421,0.7003795286047603,0.14795271894609735
1222,Gradient boosting,0.5059355254668326,0.7470286504498905,0.13435716012649435
1223,Oracle reference-risk logit,0.4927996533628746,0.7759157830130919,0.13175754793068892
1223,Linear logistic,0.29560340903042914,0.693311410601436,0.15080694766814287
1223,Gradient boosting,0.5995628855316495,0.7354259212737247,0.14004952819857847
1224,Oracle reference-risk logit,0.45173871106509117,0.7875950336899695,0.12331636076609702
1224,Linear logistic,0.31900782584320464,0.6944806944314191,0.14454019613940267
1224,Gradient boosting,0.5287048970165465,0.757573686377299,0.12840554338526847
1225,Oracle reference-risk logit,0.4694213443619665,0.7853224312112905,0.12057591068140894
1225,Linear logistic,0.334763728294627,0.7050065361965682,0.14230038041560797
1225,Gradient boosting,0.5483649496947638,0.7531649786780383,0.1271723296942338
1226,Oracle reference-risk logit,0.47694323875760214,0.7813775079409755,0.12396541575423825
1226,Linear logistic,0.3456847997239537,0.679022154316272,0.14423168874144146
1226,Gradient boosting,0.5822408823607566,0.7428362349724579,0.1327000088307341
1227,Oracle reference-risk logit,0.44938800326423145,0.7749463386188242,0.1291334438352402
1227,Linear logistic,0.34590664588825343,0.6871758604431871,0.14799530573510816
1227,Gradient boosting,0.5321719148534596,0.7357394104072061,0.13605363394888742
1228,Oracle reference-risk logit,0.4901950215396791,0.7709105117788475,0.13398846395608455
1228,Linear logistic,0.35399890815262397,0.6950802655833348,0.15263256385446802
1228,Gradient boosting,0.5349124678993955,0.7448413479606993,0.14227009737794874
1229,Oracle reference-risk logit,0.4920281607994737,0.7758516553652264,0.12835180186934317
1229,Linear logistic,0.33141381155660116,0.6897023020068619,0.14744004885377188
1229,Gradient boosting,0.5322848100926146,0.7575311801443346,0.1347484415600424
1230,Oracle reference-risk logit,0.5042380568310263,0.7712916296546122,0.12647210695936398
1230,Linear logistic,0.4267248869642133,0.6873886669485125,0.14520805383583962
1230,Gradient boosting,0.6109098441913671,0.7439019176598565,0.13254479705122357
1231,Oracle reference-risk logit,0.4412061505402131,0.7601043384092121,0.12422803101257589
1231,Linear logistic,0.35370399257477764,0.6814079524803069,0.14225705726223345
1231,Gradient boosting,0.5150679617150059,0.7498228873336479,0.129263276574029
1232,Oracle reference-risk logit,0.6063590242847884,0.7806149559822493,0.12521919462247005
1232,Linear logistic,0.4009296646027205,0.6815355229710904,0.14657811389376496
1232,Gradient boosting,0.5881664632394003,0.7295760668540034,0.1333441297428195
1233,Oracle reference-risk logit,0.4794656535361415,0.7742966819961232,0.13105297447841355
1233,Linear logistic,0.3084860821429399,0.6520877199650337,0.15462399438155341
1233,Gradient boosting,0.5454891644519166,0.7105834061799248,0.14188373798108433
1234,Oracle reference-risk logit,0.44767502849521434,0.7890567681584739,0.12418834322120571
1234,Linear logistic,0.28123883143702694,0.6935839403626454,0.142229823336054
1234,Gradient boosting,0.4994410383792931,0.7529494418824023,0.13017922016633096
1235,Oracle reference-risk logit,0.47724654906555475,0.7770824475623583,0.13292878418392554
1235,Linear logistic,0.29326471386609176,0.6983787438586546,0.1533137908258372
1235,Gradient boosting,0.5096899571311917,0.737453054138322,0.14237471512252028
1236,Oracle reference-risk logit,0.5556514130155367,0.7756964518687166,0.12847949715878987
1236,Linear logistic,0.36385778560697496,0.7097909365327058,0.14129053571240718
1236,Gradient boosting,0.5729227382119518,0.7476697001867437,0.1351266813034817
1237,Oracle reference-risk logit,0.4267811021740805,0.7851914928126837,0.12472558114739409
1237,Linear logistic,0.386166337276994,0.7170831520323644,0.14251714895875864
1237,Gradient boosting,0.5333696535116881,0.7664749945024867,0.1335362267330343
1238,Oracle reference-risk logit,0.4977653579998875,0.7644480991255185,0.12304740757977173
1238,Linear logistic,0.3669342767790124,0.6934509656283849,0.13970359851618852
1238,Gradient boosting,0.592825849300982,0.7268219465800111,0.1324893214259745
1239,Oracle reference-risk logit,0.47154401636117593,0.7996098104793757,0.12280610760241023
1239,Linear logistic,0.3835127396627524,0.7200414078674948,0.14026209176502813
1239,Gradient boosting,0.5369947832041914,0.7771253384296862,0.12769346652558403
1240,Oracle reference-risk logit,0.4768017883750965,0.7946609375,0.12337951400936002
1240,Linear logistic,0.37642017575801423,0.70123125,0.1443083300381774
1240,Gradient boosting,0.5702848453944825,0.7508468749999999,0.1323620141558298
1241,Oracle reference-risk logit,0.5505104368639977,0.7819330318117899,0.1323638770389883
1241,Linear logistic,0.3447398987526788,0.710499790961955,0.1478198115245744
1241,Gradient boosting,0.5256143868081948,0.7377188248261184,0.14164990482764375
1242,Oracle reference-risk logit,0.5268059064595803,0.7663834477621803,0.13438396407279943
1242,Linear logistic,0.39476285937312583,0.6708323572342457,0.15358367785257332
1242,Gradient boosting,0.5858557256258254,0.7172436163119673,0.14653044735692583
1243,Oracle reference-risk logit,0.46061829811276483,0.7746202928082713,0.12469592086428867
1243,Linear logistic,0.3094346874216789,0.6745067130597487,0.14523814993475126
1243,Gradient boosting,0.5011247627149336,0.7106952394225856,0.13428008749245846
1244,Oracle reference-risk logit,0.4664513772752709,0.8094864817784826,0.12237645728413118
1244,Linear logistic,0.3280487468946053,0.7110851819148362,0.1499985598007719
1244,Gradient boosting,0.4846213386562683,0.7776446278509601,0.13216177437405321
1245,Oracle reference-risk logit,0.4978512934527788,0.7494313284168184,0.13732471476210503
1245,Linear logistic,0.288729366761046,0.6599448687865147,0.15602811371236291
1245,Gradient boosting,0.5621840855236968,0.707934764390384,0.14870448043960374
1246,Oracle reference-risk logit,0.5020305257045659,0.7607197090792839,0.1267609661296055
1246,Linear logistic,0.33664090684285647,0.6737914934995737,0.1421452157160948
1246,Gradient boosting,0.5488124808945017,0.7395566922421143,0.132390771699195
1247,Oracle reference-risk logit,0.4626666270138857,0.7761431776689451,0.12759667440465008
1247,Linear logistic,0.3456276592450564,0.6817549176551062,0.14478587615077435
1247,Gradient boosting,0.5735072291956451,0.7420762535408859,0.13628963771328612
1248,Oracle reference-risk logit,0.5200638892561047,0.7723963361331763,0.13151051179589432
1248,Linear logistic,0.3669950742330058,0.6846672494393979,0.15037845000945402
1248,Gradient boosting,0.574936805335556,0.750677663334727,0.13816729629762042
1249,Oracle reference-risk logit,0.46045323299068386,0.7899789022709182,0.12225200043837081
1249,Linear logistic,0.3708862958934458,0.7115144415897074,0.14109243591559978
1249,Gradient boosting,0.6108423378839338,0.7438437991444418,0.13072650930479834
1250,Oracle reference-risk logit,0.5242704376798212,0.7833828125,0.12844710926358013
1250,Linear logistic,0.3563855581779848,0.7125078125000001,0.14480781598499323
1250,Gradient boosting,0.550366088883214,0.7449593750000002,0.1349554318270749
1251,Oracle reference-risk logit,0.5771623579914481,0.7813908262208215,0.131916351388387
1251,Linear logistic,0.3396851824126837,0.7116196565428052,0.147690733374412
1251,Gradient boosting,0.540743579442306,0.7299569317501315,0.14249556981621042
1252,Oracle reference-risk logit,0.49748461355675117,0.8089064437797672,0.12585129877499485
1252,Linear logistic,0.3623306883185321,0.7230519108313445,0.14872562546581597
1252,Gradient boosting,0.5775498799081824,0.7618447126643848,0.13651663444308756
1253,Oracle reference-risk logit,0.5169119010706213,0.7706656047463223,0.13623350165945858
1253,Linear logistic,0.3357804897451104,0.6898557750575688,0.15756888315763035
1253,Gradient boosting,0.5296970256426602,0.7372381991216072,0.14575412264594223
1254,Oracle reference-risk logit,0.46279555762756847,0.7832222805133762,0.12123182502724271
1254,Linear logistic,0.3628765260203203,0.7124344837392196,0.1389692491424893
1254,Gradient boosting,0.5267172970102172,0.7644879394512896,0.1268927490882041
1255,Oracle reference-risk logit,0.5228650571714484,0.7766841811351406,0.1239441831517803
1255,Linear logistic,0.32479062601315817,0.7055744872575895,0.14381652122786642
1255,Gradient boosting,0.5745039319939408,0.7369958244491825,0.13290515470380587
1256,Oracle reference-risk logit,0.4794112685297873,0.7626249495060775,0.14244109673574687
1256,Linear logistic,0.3223986536637094,0.6659175204729904,0.15992556691606152
1256,Gradient boosting,0.570802917612253,0.7184547023612794,0.1533953604715864
1257,Oracle reference-risk logit,0.5594604420081535,0.7701223868633067,0.13583769716289124
1257,Linear logistic,0.33981436212304283,0.6894585818923205,0.15549566871911458
1257,Gradient boosting,0.5726461485220083,0.7381955053177586,0.1417741334228075
1258,Oracle reference-risk logit,0.4592749016325949,0.7824030993324897,0.12728642765131865
1258,Linear logistic,0.3610844590184576,0.6696707734683243,0.14946800483149417
1258,Gradient boosting,0.5887107139846998,0.7448820069976922,0.13385244686677344
1259,Oracle reference-risk logit,0.5613209921495041,0.7900766988801963,0.12701934141348795
1259,Linear logistic,0.3522170736161358,0.6889430894308943,0.15014211073897535
1259,Gradient boosting,0.5641601655662135,0.7533624789078079,0.13389677963444702
1260,Oracle reference-risk logit,0.5004854372630971,0.7817261157913604,0.1294810259755753
1260,Linear logistic,0.3457687366308319,0.7116295096760635,0.14745687229705873
1260,Gradient boosting,0.5296816357387139,0.7405788949941592,0.1412634184739558
1261,Oracle reference-risk logit,0.5158510452468384,0.7867960843940779,0.12679272562852645
1261,Linear logistic,0.34971476590473966,0.7166376502689568,0.14541794872824623
1261,Gradient boosting,0.551426031777733,0.7473322523002577,0.13564226735477483
1262,Oracle reference-risk logit,0.45204145748318864,0.7828497586560754,0.13198296095215237
1262,Linear logistic,0.3185986785917191,0.7275299304473414,0.14692618143814767
1262,Gradient boosting,0.5345275621579231,0.744183041313519,0.141471669451364
1263,Oracle reference-risk logit,0.485197866473206,0.7859600522135597,0.11986770620006652
1263,Linear logistic,0.35571685566569566,0.7146467861331921,0.13632248412519454
1263,Gradient boosting,0.5207129359163332,0.7569031044661605,0.12688057790042626
1264,Oracle reference-risk logit,0.4892181414286976,0.8036242442356429,0.12147400409459565
1264,Linear logistic,0.3438359684532605,0.7075511055486023,0.14433749286954703
1264,Gradient boosting,0.5690318420370882,0.7807940896269591,0.1294468088258953
1265,Oracle reference-risk logit,0.42769166752831494,0.7425417846392501,0.14029124724383615
1265,Linear logistic,0.32340954580827125,0.6674877406981554,0.15387980013106373
1265,Gradient boosting,0.5233122605687628,0.703814964452948,0.14906161726600403
1266,Oracle reference-risk logit,0.5340549209629109,0.7757974976024409,0.12782301904689425
1266,Linear logistic,0.35941950004470474,0.685588634691764,0.14570536059702494
1266,Gradient boosting,0.5702292596036933,0.7429242084065367,0.13611592729872787
1267,Oracle reference-risk logit,0.469079612546361,0.764363747414595,0.1332799411508725
1267,Linear logistic,0.317090292266593,0.6711040778837389,0.15095253910133113
1267,Gradient boosting,0.5689427945775676,0.7433257602749128,0.13990905582759575
1268,Oracle reference-risk logit,0.4648824423616486,0.759809584809884,0.13897804662240618
1268,Linear logistic,0.3104432481157895,0.6825061655971649,0.1525364228916131
1268,Gradient boosting,0.5493769970804125,0.7292045781055454,0.14591253669357787
1269,Oracle reference-risk logit,0.4762330493385553,0.7744250025528745,0.13088983505852658
1269,Linear logistic,0.3789607293336061,0.6976090077427183,0.15041828742518845
1269,Gradient boosting,0.5891284926868352,0.7432559061503252,0.13961670634392498
1270,Oracle reference-risk logit,0.5339480471141697,0.7897285439109653,0.12913124321497954
1270,Linear logistic,0.383422378523891,0.7014800480369077,0.15269873324955877
1270,Gradient boosting,0.6201600221086716,0.7527392333119307,0.13573475087389783
1271,Oracle reference-risk logit,0.6269522900609773,0.7823276880196522,0.13115514863526415
1271,Linear logistic,0.33998917438249737,0.6973527258125471,0.15351014602061464
1271,Gradient boosting,0.5578798167036316,0.7455401431405896,0.13757108432933401
1272,Oracle reference-risk logit,0.5024085817272844,0.775091339712989,0.13396360109447586
1272,Linear logistic,0.29272530649635825,0.7065323922530364,0.1520210919897488
1272,Gradient boosting,0.5106039748289622,0.7358907961698483,0.14289243558641815
1273,Oracle reference-risk logit,0.4791701862923713,0.7630562641723355,0.13648545501360357
1273,Linear logistic,0.35703908690296815,0.6622068098072562,0.15776086772056147
1273,Gradient boosting,0.5774368359587365,0.7497947963907785,0.14384612365559182
1274,Oracle reference-risk logit,0.5887961693715452,0.7895669074598001,0.123720550952776
1274,Linear logistic,0.34862275552972866,0.6747872515274966,0.14641295475261634
1274,Gradient boosting,0.5719356052411307,0.7445725802204957,0.1296439973383726
1275,Oracle reference-risk logit,0.47964788235679756,0.803107718739374,0.12930871426741603
1275,Linear logistic,0.35125016166931483,0.7276697030978757,0.14748106423179563
1275,Gradient boosting,0.549667029986969,0.7664781573813912,0.1379078640858435
1276,Oracle reference-risk logit,0.47264833519741956,0.784924874066354,0.12799227971876245
1276,Linear logistic,0.2624115780885047,0.6841934663391152,0.14889367106997248
1276,Gradient boosting,0.5581711606565481,0.7585144792674755,0.13642049648699264
1277,Oracle reference-risk logit,0.5977628329519471,0.7814271140330991,0.12686898606580688
1277,Linear logistic,0.42698113409608196,0.7067180533514698,0.14476616348145632
1277,Gradient boosting,0.5829889899162591,0.740582256480012,0.13291326852623375
1278,Oracle reference-risk logit,0.47176115025679516,0.7503305246956213,0.12883726504020485
1278,Linear logistic,0.35285528108401826,0.6597749801027422,0.14348029839757245
1278,Gradient boosting,0.5122789678750399,0.7111033276108163,0.13973846141467136
1279,Oracle reference-risk logit,0.5158788963487249,0.789457858095097,0.12898703450178645
1279,Linear logistic,0.3758949681575286,0.6904636350170346,0.15363698492894462
1279,Gradient boosting,0.5999903260805174,0.7657858095097023,0.13332118406225799
1280,Oracle reference-risk logit,0.5055672760702444,0.7785320899048014,0.1244950652203429
1280,Linear logistic,0.38962151729071776,0.6716730628595836,0.1462815731350155
1280,Gradient boosting,0.6106648770884872,0.7391113714171074,0.13290755907560817
1281,Oracle reference-risk logit,0.45207930680030073,0.8003516110640692,0.12429006159558531
1281,Linear logistic,0.35236964817304145,0.7302230302173442,0.14421991821859959
1281,Gradient boosting,0.5051459414475423,0.7549556721103887,0.1365238355095328
1282,Oracle reference-risk logit,0.49281907096415367,0.7749340757693162,0.13346224525841024
1282,Linear logistic,0.35705541128417245,0.7199106193573964,0.14927310202749886
1282,Gradient boosting,0.495930313895288,0.7232518816187027,0.1473873322913548
1283,Oracle reference-risk logit,0.4685286610024158,0.7783090320750824,0.12351988443713155
1283,Linear logistic,0.3947403307870212,0.6991156146864687,0.1414327832995515
1283,Gradient boosting,0.6016373284294669,0.7516791718234325,0.13308100422507652
1284,Oracle reference-risk logit,0.45710530383764675,0.7806296875000001,0.12661116129303027
1284,Linear logistic,0.3679776580159696,0.7048515625,0.1458663343863672
1284,Gradient boosting,0.5302636160501939,0.7642906249999999,0.13275393580443792
1285,Oracle reference-risk logit,0.5039054050892633,0.775584417183959,0.12821975030160548
1285,Linear logistic,0.36869003007882734,0.6882990319243276,0.1480465452136205
1285,Gradient boosting,0.5899005485126105,0.7441481303576708,0.13099947491395927
1286,Oracle reference-risk logit,0.4838434006822635,0.7537829158259777,0.13749878869457974
1286,Linear logistic,0.40560810533380787,0.6775527589088459,0.15546923266180765
1286,Gradient boosting,0.6264969093246382,0.7406070056343965,0.14348513633801988
1287,Oracle reference-risk logit,0.43532694617010903,0.7652058838499516,0.13079469316834627
1287,Linear logistic,0.34340880875159474,0.69604889943873,0.14784775046118415
1287,Gradient boosting,0.5385288826331471,0.7140530360869345,0.14231701938446742
1288,Oracle reference-risk logit,0.4889676403176428,0.7668932535674984,0.1321675414860821
1288,Linear logistic,0.3692480756215155,0.684576240227402,0.15161616383351761
1288,Gradient boosting,0.5375135854198282,0.6956383908556109,0.14635768537665966
1289,Oracle reference-risk logit,0.4576814920360717,0.7685080691977244,0.13149425634274217
1289,Linear logistic,0.403236406373938,0.6909803010952436,0.14827801424240006
1289,Gradient boosting,0.551483967727844,0.7356043190525949,0.13882245981762498
1290,Oracle reference-risk logit,0.4854791869883362,0.7819234375,0.12621175317383604
1290,Linear logistic,0.3587976902331742,0.691240625,0.1469769048889159
1290,Gradient boosting,0.5538417218804176,0.7499390625,0.13481130086485416
1291,Oracle reference-risk logit,0.5044317887965368,0.7772533707559324,0.1290529518362585
1291,Linear logistic,0.34965181905525394,0.6767249983365493,0.15224101431076292
1291,Gradient boosting,0.5188695283825323,0.7334547148240674,0.1394762050532135
1292,Oracle reference-risk logit,0.45029443907565375,0.7910893719769232,0.12652526399868894
1292,Linear logistic,0.32014826110399497,0.7247941627524314,0.14500243483512212
1292,Gradient boosting,0.4924045174581399,0.7544216746349778,0.1352866116696907
1293,Oracle reference-risk logit,0.5003266674461521,0.7650167888596208,0.13192507353828944
1293,Linear logistic,0.3346759274853272,0.6941417563034253,0.1458673331014678
1293,Gradient boosting,0.5567180904607198,0.7041246165387032,0.14530312136894918
1294,Oracle reference-risk logit,0.5084748809598255,0.7907528947667627,0.11889854928673978
1294,Linear logistic,0.3318476302730129,0.6933994209642578,0.1397058706770406
1294,Gradient boosting,0.506452014649167,0.7775853517469116,0.12273935157086609
1295,Oracle reference-risk logit,0.4651993256683275,0.7671006535947713,0.13646271297530801
1295,Linear logistic,0.35180629423315707,0.6771167133520075,0.1545376395425764
1295,Gradient boosting,0.5191747800600272,0.7392239028944911,0.14285090516617419
1296,Oracle reference-risk logit,0.5111147837375193,0.7654088780525562,0.1328585747035699
1296,Linear logistic,0.3819350572943886,0.6871225666627965,0.14818066455961082
1296,Gradient boosting,0.5169906171990607,0.7300917218158596,0.13847355126858135
1297,Oracle reference-risk logit,0.4881202824366257,0.7809208338822703,0.12661394192472908
1297,Linear logistic,0.33633353857168446,0.6949573083896385,0.1457653777597329
1297,Gradient boosting,0.5945882782571476,0.764990683755858,0.13016113452891426
1298,Oracle reference-risk logit,0.5486523506932985,0.7779628642501777,0.12666020167476133
1298,Linear logistic,0.29056206600151646,0.6600717712458117,0.14905441509737444
1298,Gradient boosting,0.5331302390961298,0.724193128744035,0.14118376218669584
1299,Oracle reference-risk logit,0.46402687157982064,0.7939188106757233,0.1292789175230585
1299,Linear logistic,0.36293009448529306,0.6818276828529625,0.15236704350004274
1299,Gradient boosting,0.5718282157151972,0.7576648037703435,0.1387227758329578
1300,Oracle reference-risk logit,0.4518297830368305,0.7693048007246378,0.12339838698379342
1300,Linear logistic,0.3554225863687696,0.6708976049658995,0.14174391419769836
1300,Gradient boosting,0.563007877427102,0.7398314284953111,0.12899060895360162
1301,Oracle reference-risk logit,0.4726188561785869,0.7867629048061056,0.12091849096583071
1301,Linear logistic,0.3658379000598539,0.7051441960602309,0.1418870334865735
1301,Gradient boosting,0.5038170744838545,0.7355675020627063,0.13003785684090752
1302,Oracle reference-risk logit,0.48600663174478437,0.7895417435897436,0.12326845611630959
1302,Linear logistic,0.36661373521644447,0.7012135384615386,0.1394024412722872
1302,Gradient boosting,0.6059952191745595,0.767043282051282,0.1306709962329794
1303,Oracle reference-risk logit,0.512735382405344,0.7879783201696092,0.1201333649914948
1303,Linear logistic,0.36331571304209315,0.7287186459781471,0.13408470090604904
1303,Gradient boosting,0.4960852242906157,0.7519635251960979,0.1268101991786008
1304,Oracle reference-risk logit,0.4932110335090772,0.7971384125605963,0.11908986852837328
1304,Linear logistic,0.319514858931913,0.7135929514375356,0.13826220091184305
1304,Gradient boosting,0.5615830457218749,0.7610438002775749,0.12447625652897776
1305,Oracle reference-risk logit,0.4637026121104995,0.7702070897487829,0.13704914875037827
1305,Linear logistic,0.3588317726377611,0.6927142452285674,0.1542258234865908
1305,Gradient boosting,0.5617647908132403,0.7167342523803377,0.14882147044151528
1306,Oracle reference-risk logit,0.4755279787504027,0.7600481913038184,0.1400099517091146
1306,Linear logistic,0.3783175483668293,0.688706504231237,0.1569547192554046
1306,Gradient boosting,0.5890197829245424,0.7264186641266197,0.14659570901313498
1307,Oracle reference-risk logit,0.5079188151463918,0.796637783128361,0.12036121232014646
1307,Linear logistic,0.29789652047527915,0.6924439830767777,0.14394686386962552
1307,Gradient boosting,0.5080727325324831,0.7580270765149439,0.1282740225299712
1308,Oracle reference-risk logit,0.47883260536578354,0.793138232378911,0.13189629591697366
1308,Linear logistic,0.27070119169861806,0.69830359090583,0.15515930724953136
1308,Gradient boosting,0.5525553770560062,0.7419795001983804,0.1438687433279421
1309,Oracle reference-risk logit,0.548111287724769,0.7928406437201747,0.1216074083100389
1309,Linear logistic,0.3668665821012064,0.6966760584830948,0.14323042939481115
1309,Gradient boosting,0.5798535623760007,0.7628153873489694,0.12985483090300035
1310,Oracle reference-risk logit,0.4817466463262334,0.7741621191328362,0.12984426195395526
1310,Linear logistic,0.3502000060702133,0.6888641641015554,0.14953896601241076
1310,Gradient boosting,0.541818959719291,0.7495739328342956,0.13505575349402058
1311,Oracle reference-risk logit,0.4772384330733879,0.7745073936480187,0.13087269052345363
1311,Linear logistic,0.3292949695741339,0.6823250534188033,0.15189399783748556
1311,Gradient boosting,0.520713507124893,0.7359821168414917,0.1434054325841659
1312,Oracle reference-risk logit,0.514033956716894,0.7628159378432379,0.1272488670274065
1312,Linear logistic,0.3259869784396579,0.6742222059737506,0.1454099552188257
1312,Gradient boosting,0.5270569643384693,0.7060699168201883,0.1372362687285203
1313,Oracle reference-risk logit,0.46497832941277817,0.7660472111191459,0.1371269259839038
1313,Linear logistic,0.3179671611935565,0.6847741700789218,0.15578595950925
1313,Gradient boosting,0.58885301368732,0.7251711303252253,0.14648643686755727
1314,Oracle reference-risk logit,0.4615824311067084,0.7761903194138492,0.13128927108720093
1314,Linear logistic,0.3135899134616233,0.6797002202854133,0.15306789056326253
1314,Gradient boosting,0.48049587712931574,0.7416884158605497,0.13886552872553914
1315,Oracle reference-risk logit,0.4562136841024181,0.7854591895971206,0.12716833319440732
1315,Linear logistic,0.3748365612319211,0.7232648322303495,0.14426295525284796
1315,Gradient boosting,0.5326489561562393,0.7519594411548434,0.13338421934987563
1316,Oracle reference-risk logit,0.5089360927840803,0.7715462227572149,0.13160583579465673
1316,Linear logistic,0.3774295059257039,0.6896363999298326,0.15127652940011144
1316,Gradient boosting,0.6242237079840225,0.7459941083602006,0.1392537421466638
1317,Oracle reference-risk logit,0.4479177582619919,0.7707028686729602,0.133620293430475
1317,Linear logistic,0.3373605378031682,0.6858367436635475,0.14976301456299937
1317,Gradient boosting,0.5714047036323433,0.7310866902610804,0.1410638429044566
1318,Oracle reference-risk logit,0.5954858016698621,0.7842005225837181,0.1348837070390732
1318,Linear logistic,0.3437680430462935,0.718595641574636,0.15025010895682572
1318,Gradient boosting,0.5503448049668516,0.7421341654314284,0.14413285204278314
1319,Oracle reference-risk logit,0.4842875808703176,0.790532815343358,0.12906549806115492
1319,Linear logistic,0.37601781038930193,0.700932621396418,0.1504906325352332
1319,Gradient boosting,0.6548348324234367,0.7590358921559237,0.13642599023889027
1320,Oracle reference-risk logit,0.4544379024996619,0.7760150441001045,0.128671048150363
1320,Linear logistic,0.3168658596609542,0.6685832339252493,0.15085957921355952
1320,Gradient boosting,0.479637138696236,0.7389193465643948,0.1391131807037761
1321,Oracle reference-risk logit,0.5868556111657037,0.7779512739290466,0.13235544669434324
1321,Linear logistic,0.345066937110819,0.6920557653417327,0.15265928695317624
1321,Gradient boosting,0.5561407148888214,0.731325798927406,0.1386518606005697
1322,Oracle reference-risk logit,0.475512065691808,0.781438358974359,0.12373851615401552
1322,Linear logistic,0.35634442357651275,0.6982317948717948,0.14153219183223234
1322,Gradient boosting,0.5171332212933651,0.7409706666666668,0.13025206316926363
1323,Oracle reference-risk logit,0.4710507005749538,0.7704197993487214,0.1335055053537746
1323,Linear logistic,0.40225120270825065,0.685536586533857,0.15227045232591183
1323,Gradient boosting,0.6252656773537462,0.7381147639115028,0.14313480485805322
1324,Oracle reference-risk logit,0.6031020652473215,0.7726262444495241,0.12492678598028047
1324,Linear logistic,0.33213361660013446,0.7015120639259191,0.14137790130139985
1324,Gradient boosting,0.5636573928998596,0.7252005790814134,0.13458969335942697
1325,Oracle reference-risk logit,0.5474730008844297,0.7649331048067329,0.1276161293579312
1325,Linear logistic,0.3523578642360966,0.6897479598884653,0.1432293783661455
1325,Gradient boosting,0.5836704685214796,0.7455504463943108,0.13342518669160877
1326,Oracle reference-risk logit,0.46659306561770447,0.7956341487631824,0.12035094422030235
1326,Linear logistic,0.37985728552288983,0.6991042696534111,0.14180924024566843
1326,Gradient boosting,0.5738568203266817,0.7451066884346123,0.12776492866889658
1327,Oracle reference-risk logit,0.5058641874940564,0.7901423125958619,0.12395081626875752
1327,Linear logistic,0.381130862243861,0.6853170160303911,0.14342940996164447
1327,Gradient boosting,0.5783223562597125,0.7510645939981491,0.12903199754734623
1328,Oracle reference-risk logit,0.468371739178093,0.7681195143933848,0.13334568015042886
1328,Linear logistic,0.3147773288095715,0.7088114493796841,0.15057519987263776
1328,Gradient boosting,0.4960356276838105,0.7217909012273243,0.14258439443435128
1329,Oracle reference-risk logit,0.48777238959982994,0.7626400609826025,0.12020386261745974
1329,Linear logistic,0.35192484557233567,0.6991631756825127,0.13575977081805124
1329,Gradient boosting,0.6125848727621481,0.734277079580947,0.12698629591069432
1330,Oracle reference-risk logit,0.5131389199506025,0.7717579995074453,0.1317391809152441
1330,Linear logistic,0.31042910239284854,0.6750130647108644,0.15342635401211896
1330,Gradient boosting,0.5832543397123364,0.7360552982658474,0.14334211266080354
1331,Oracle reference-risk logit,0.4483071060062285,0.7685995738008122,0.12912505298061558
1331,Linear logistic,0.35756999921058147,0.6766901210244864,0.14577802755918493
1331,Gradient boosting,0.5719908027775622,0.7174685376542961,0.13844634907438264
1332,Oracle reference-risk logit,0.45550556814536364,0.7717028973365949,0.12468351210081012
1332,Linear logistic,0.3771025809188415,0.6998271842522249,0.1407106978931218
1332,Gradient boosting,0.5455086460001858,0.7354849931144972,0.13349900728432135
1333,Oracle reference-risk logit,0.47841250584060663,0.7651490985887607,0.13034909626265778
1333,Linear logistic,0.34538436806171696,0.6881068399773095,0.147644372622043
1333,Gradient boosting,0.5511793020941351,0.7370350932052779,0.1324709033813885
1334,Oracle reference-risk logit,0.4684300021824381,0.7765870647226579,0.13101420349527654
1334,Linear logistic,0.373090540376544,0.6855823465992958,0.1483045145788589
1334,Gradient boosting,0.6153379550656551,0.7446475751560497,0.13847623632081554
1335,Oracle reference-risk logit,0.4570991240727472,0.7749866480900963,0.12896191127594675
1335,Linear logistic,0.2923268305728585,0.683096095050118,0.1481196317193266
1335,Gradient boosting,0.4994827602673405,0.7454127481713688,0.1339724334906329
1336,Oracle reference-risk logit,0.4872409716514571,0.7667517162771198,0.12321452566475154
1336,Linear logistic,0.3561294254382162,0.6711020202284876,0.14397974181423867
1336,Gradient boosting,0.545893687432887,0.7308851273451419,0.13150104018278355
1337,Oracle reference-risk logit,0.5699825942304373,0.780417902781203,0.1319623027892581
1337,Linear logistic,0.3145993268827462,0.684763432120348,0.15647689931350903
1337,Gradient boosting,0.5272039662860519,0.7450206412278795,0.14021246288490502
1338,Oracle reference-risk logit,0.44606372515818793,0.77369996047654,0.12659890177205307
1338,Linear logistic,0.31057525526972546,0.7147300171268327,0.14374959029216902
1338,Gradient boosting,0.49197611384850354,0.7264451157159078,0.1350614317514506
1339,Oracle reference-risk logit,0.4939560625772633,0.7807394592280801,0.13271106433172059
1339,Linear logistic,0.3771571352164439,0.6899271123159972,0.1533308017260653
1339,Gradient boosting,0.6016424834883953,0.7411119830681792,0.1428158318336898
1340,Oracle reference-risk logit,0.4783196586948566,0.7948066926575698,0.1160944208364886
1340,Linear logistic,0.3606044297528054,0.7026900584795321,0.14074493951360198
1340,Gradient boosting,0.5462902347162651,0.7638369070825212,0.12417752489581764
1341,Oracle reference-risk logit,0.4940276972146528,0.7909414527987707,0.1162464536992051
1341,Linear logistic,0.3753179026719751,0.7075586098681715,0.13995970685592612
1341,Gradient boosting,0.5416927455178534,0.7638253854830808,0.1241421344975367
1342,Oracle reference-risk logit,0.48550789634837505,0.778258245532934,0.12328249892776239
1342,Linear logistic,0.3587251047841655,0.6923149771109014,0.14399001315115428
1342,Gradient boosting,0.5349159534718239,0.7409791911448401,0.1314617785699117
1343,Oracle reference-risk logit,0.5183656509891102,0.7584445364698902,0.13157698939798768
1343,Linear logistic,0.3152731923674734,0.676894882904488,0.15003093762633019
1343,Gradient boosting,0.5731703734839194,0.7315023703419845,0.140180688811611
1344,Oracle reference-risk logit,0.4953024252919813,0.7753676588382301,0.13227689629677047
1344,Linear logistic,0.4010075036050391,0.6973899617198454,0.14948832005276624
1344,Gradient boosting,0.5390022381729032,0.733585991507878,0.1410571381515668
1345,Oracle reference-risk logit,0.519713102891669,0.75583803330046,0.1340001688416813
1345,Linear logistic,0.3443266038597181,0.691298887611326,0.15068284994459583
1345,Gradient boosting,0.49293744008281126,0.716441628756376,0.1423483986366182
1346,Oracle reference-risk logit,0.4339830412917895,0.7755589383939732,0.12588916399882943
1346,Linear logistic,0.33944049788810127,0.6837424352221567,0.14321001059160376
1346,Gradient boosting,0.5171766879798937,0.7555991109511558,0.12992868747103267
1347,Oracle reference-risk logit,0.47823040836858155,0.794641193865363,0.12062646230289849
1347,Linear logistic,0.328180332590784,0.7115712454152244,0.1433077225140578
1347,Gradient boosting,0.5760295020445574,0.7824965286420298,0.1273062749245083
1348,Oracle reference-risk logit,0.530264973302893,0.8051071101918559,0.12282175844513489
1348,Linear logistic,0.36061210622689943,0.7107400158247615,0.145573823941413
1348,Gradient boosting,0.5986005560742749,0.7723547893039417,0.12960798937594895
1349,Oracle reference-risk logit,0.554627428062777,0.7906599251669071,0.12670953482519873
1349,Linear logistic,0.4158094685171619,0.7040057714411484,0.1471668128881165
1349,Gradient boosting,0.6303025507207511,0.760061810667384,0.13321944886348894
1350,Oracle reference-risk logit,0.47783161746196856,0.7951032890448427,0.12594927556501037
1350,Linear logistic,0.33364729581823627,0.7089524279474385,0.14770246144896973
1350,Gradient boosting,0.5075292099330901,0.7652085579740604,0.13003151299483295
1351,Oracle reference-risk logit,0.5628918541295295,0.7681390644714042,0.13055205261511488
1351,Linear logistic,0.3407392287965642,0.7039234309473346,0.14615834107899078
1351,Gradient boosting,0.5424000256773777,0.7335663343205463,0.13893926961832537
1352,Oracle reference-risk logit,0.44067717601982354,0.7689685388902505,0.12907024540675333
1352,Linear logistic,0.3680792583049148,0.6924423811057124,0.14353486477064786
1352,Gradient boosting,0.5269678959755875,0.7404598618139759,0.134972441166114
1353,Oracle reference-risk logit,0.48046410583211707,0.7618312460535404,0.13606766882255739
1353,Linear logistic,0.3335500520623204,0.7029792721212471,0.1532931050296665
1353,Gradient boosting,0.5822448218733959,0.7248827707363816,0.1431267273850275
1354,Oracle reference-risk logit,0.5250544939916362,0.7747590935463884,0.13266604867183826
1354,Linear logistic,0.36860004949515945,0.6922184299307237,0.15172546765954775
1354,Gradient boosting,0.5362406197064209,0.7378971112434121,0.14182393396518794
1355,Oracle reference-risk logit,0.500672123849157,0.7784219683982767,0.1265100687345056
1355,Linear logistic,0.2764962126175634,0.6959168801484421,0.1430510785027213
1355,Gradient boosting,0.48964989046823376,0.7438475515406001,0.1321551816979287
1356,Oracle reference-risk logit,0.6290135484633829,0.7862500404873285,0.12718667592650024
1356,Linear logistic,0.41299618480343825,0.6880085015678237,0.1494869793785337
1356,Gradient boosting,0.6009115845554828,0.7527311595108204,0.13857903502148713
1357,Oracle reference-risk logit,0.44121276668646997,0.7996687480962534,0.12142598586090898
1357,Linear logistic,0.30352989262651575,0.7082841532135242,0.14260245933226134
1357,Gradient boosting,0.5084449400523009,0.7679872322063154,0.12669635708832094
1358,Oracle reference-risk logit,0.4714745716251969,0.7778568902077696,0.1337095504304341
1358,Linear logistic,0.3496277652338955,0.6740317786975236,0.1520298568972802
1358,Gradient boosting,0.5038232933722817,0.7385768031126404,0.14068582924949657
1359,Oracle reference-risk logit,0.43650628927474977,0.7579951980986935,0.1257088780137584
1359,Linear logistic,0.30271733670721424,0.6961703134853666,0.14051013627040276
1359,Gradient boosting,0.4938355905892455,0.7272643266719516,0.1379128278772765
1360,Oracle reference-risk logit,0.47487784275166334,0.7737799436279703,0.12342550105167109
1360,Linear logistic,0.3449177314873178,0.662247754428543,0.1455507574849466
1360,Gradient boosting,0.5530968174851313,0.7545296659411496,0.12913468143814522
1361,Oracle reference-risk logit,0.518090097331065,0.7650999851873796,0.13729411876338068
1361,Linear logistic,0.3664322612732546,0.6707317434454154,0.15700163114181634
1361,Gradient boosting,0.5631226912746968,0.711102058954229,0.15098887204506736
1362,Oracle reference-risk logit,0.4440115833997852,0.7581288796925805,0.13136634806135397
1362,Linear logistic,0.3581575447484998,0.6686742536210464,0.1513435293077602
1362,Gradient boosting,0.5420211286993796,0.7321857449009754,0.13813635747894118
1363,Oracle reference-risk logit,0.44639963330803156,0.770889445191283,0.13249262522323535
1363,Linear logistic,0.3914672176764055,0.6503734456916385,0.15008394869664407
1363,Gradient boosting,0.5021992812528602,0.7360862384827195,0.13782564172729872
1364,Oracle reference-risk logit,0.49029502963510496,0.7828546875,0.1284583204017802
1364,Linear logistic,0.37736859211900226,0.7180828125,0.14309058501970853
1364,Gradient boosting,0.5283100945669111,0.7541359375,0.13443887726566164
1365,Oracle reference-risk logit,0.47491671693341136,0.7741038986095097,0.12990210089311302
1365,Linear logistic,0.3302295789822843,0.6813540168953526,0.15058121715303582
1365,Gradient boosting,0.5630810661314721,0.730559396336431,0.13905733589911523
1366,Oracle reference-risk logit,0.4612709503910685,0.7883095468243589,0.12878631012653438
1366,Linear logistic,0.3560924572340494,0.6985964755908465,0.14761691054249207
1366,Gradient boosting,0.5324125667647444,0.7567352420937455,0.1351970038785156
1367,Oracle reference-risk logit,0.4628748887296971,0.7777526835174624,0.12802658515686277
1367,Linear logistic,0.28207109141940556,0.6640035382907045,0.1483289781264802
1367,Gradient boosting,0.5001168425751037,0.7259220572274607,0.14056441428405225
1368,Oracle reference-risk logit,0.4567556718226888,0.7496908045514857,0.1328374254883675
1368,Linear logistic,0.37956085759898633,0.6521635639901894,0.1472345068781676
1368,Gradient boosting,0.5727297940562608,0.7219476498733464,0.14274950632678532
1369,Oracle reference-risk logit,0.48905303334179284,0.7583810028571254,0.13315150847246235
1369,Linear logistic,0.3252319293488144,0.6614702316769316,0.15270596288094862
1369,Gradient boosting,0.49748316416975163,0.7257601233011068,0.14075147782169695
1370,Oracle reference-risk logit,0.5213656623809425,0.7903284131628259,0.12411620014182595
1370,Linear logistic,0.42798504594883935,0.7227813443665378,0.14118139452365147
1370,Gradient boosting,0.6055033347419084,0.7609748919456668,0.1315699691431106
1371,Oracle reference-risk logit,0.6622960544930365,0.7658981643356643,0.13227868248911073
1371,Linear logistic,0.35514102070980147,0.6802717681623931,0.15273494275499247
1371,Gradient boosting,0.6057935002669793,0.7463942307692307,0.13911467188730403
1372,Oracle reference-risk logit,0.5316850765706006,0.7724577945909321,0.12936622047853155
1372,Linear logistic,0.39473378026951395,0.7033529068563793,0.146660127417743
1372,Gradient boosting,0.6158503947730688,0.7408672576364971,0.13671168499371086
1373,Oracle reference-risk logit,0.4659943022883726,0.7802952496228195,0.1271004059455513
1373,Linear logistic,0.3379876411228601,0.6971384000087012,0.1467927959792898
1373,Gradient boosting,0.4757259094706771,0.7572852945426521,0.13315247278340223
1374,Oracle reference-risk logit,0.576266768487155,0.8084101992141766,0.12685318621962766
1374,Linear logistic,0.2797237316617385,0.7143782296037453,0.1502304616618049
1374,Gradient boosting,0.599994771725616,0.7631496497374343,0.1338864157115696
1375,Oracle reference-risk logit,0.4563392826626282,0.7855613951266126,0.12413518856148562
1375,Linear logistic,0.3355431994489081,0.7029049211657907,0.14313844710791057
1375,Gradient boosting,0.4804597021635111,0.7529319955406911,0.12903843243016722
1376,Oracle reference-risk logit,0.5848156204642952,0.7660488929192171,0.13101497674303017
1376,Linear logistic,0.34663981672154787,0.6593538250333761,0.1501801419924907
1376,Gradient boosting,0.5347587215886533,0.7206447265674198,0.14237031254752117
1377,Oracle reference-risk logit,0.615742721319172,0.7764670998349835,0.1248838380102764
1377,Linear logistic,0.3451023746000459,0.6808783905734324,0.14465750951230905
1377,Gradient boosting,0.5947619144789656,0.7610934921617161,0.12837577108666323
1378,Oracle reference-risk logit,0.432299177960845,0.7821846483247902,0.12975400564378245
1378,Linear logistic,0.33109365277117914,0.6720386083708442,0.14973300362056693
1378,Gradient boosting,0.49232453965477624,0.731664985992657,0.137657425920414
1379,Oracle reference-risk logit,0.5088099377964369,0.7603616126727207,0.12375587971368321
1379,Linear logistic,0.3867970592578321,0.6947387439591509,0.1396832915254035
1379,Gradient boosting,0.5680845372311008,0.7317130537682365,0.1280826304245292
1380,Oracle reference-risk logit,0.4745681554765182,0.7648297724509292,0.13148242296129717
1380,Linear logistic,0.37117892313988726,0.6845408695004839,0.14861549838041294
1380,Gradient boosting,0.5485562222120791,0.7430317749820096,0.13854254092620233
1381,Oracle reference-risk logit,0.48781981406952946,0.7770376937552732,0.12862078046873768
1381,Linear logistic,0.3599025952634182,0.6865019392753403,0.1490640378421602
1381,Gradient boosting,0.6099080405360777,0.7355679787590781,0.13824025804770967
1382,Oracle reference-risk logit,0.48384952933544206,0.7769311764773732,0.12469841269186495
1382,Linear logistic,0.3981838808683516,0.6900576893606714,0.14089131356408324
1382,Gradient boosting,0.5685293748015775,0.7415991207357083,0.13439127686211477
1383,Oracle reference-risk logit,0.5567964399733981,0.7891348896894034,0.1336539919792487
1383,Linear logistic,0.3786590825876582,0.6868234415826802,0.15364648222160146
1383,Gradient boosting,0.568470980561327,0.7553378875711881,0.14108716038852645
1384,Oracle reference-risk logit,0.5032058739750525,0.7595491100481195,0.12922615614166272
1384,Linear logistic,0.302114240721031,0.6741086626416551,0.14646874718226
1384,Gradient boosting,0.5193483425350415,0.7168083021007012,0.14071812331759492
1385,Oracle reference-risk logit,0.5161220421581567,0.7868006681566004,0.12715042649520467
1385,Linear logistic,0.35798036791323845,0.7075071990326228,0.1470445924717816
1385,Gradient boosting,0.5309644098233122,0.7649020360884767,0.13350199422252754
1386,Oracle reference-risk logit,0.5788975633533633,0.7759358172659371,0.12561904364102
1386,Linear logistic,0.3865880661939634,0.695096342341001,0.14631289364878372
1386,Gradient boosting,0.5924821109338467,0.7472766073599841,0.13564204736961677
1387,Oracle reference-risk logit,0.4796641885998818,0.7775006900903032,0.12682448871904498
1387,Linear logistic,0.40070783441536323,0.6965574352300958,0.14576582357817466
1387,Gradient boosting,0.5422696722062131,0.7626341732718167,0.13114449423130184
1388,Oracle reference-risk logit,0.48757114263740187,0.7701680757455953,0.12875825938017096
1388,Linear logistic,0.34797670810605236,0.6881420588616016,0.14844209008436193
1388,Gradient boosting,0.5117589731456152,0.7336692664835722,0.13800674821140335
1389,Oracle reference-risk logit,0.4097636294220574,0.79832190907781,0.12105380984452611
1389,Linear logistic,0.3176744255698689,0.7287851654102361,0.14061520783990536
1389,Gradient boosting,0.4898683106601144,0.7747260316268995,0.1299451127225229
1390,Oracle reference-risk logit,0.476392970086176,0.7760462853483101,0.1255801525373319
1390,Linear logistic,0.31547318159339355,0.6672363040693665,0.1504319540696402
1390,Gradient boosting,0.5899260650662232,0.7486805966105035,0.13309398823431257
1391,Oracle reference-risk logit,0.4519760151666263,0.7805973468440595,0.1242282358296708
1391,Linear logistic,0.3046113183397685,0.7123749484323432,0.14002078162954099
1391,Gradient boosting,0.5254802608260305,0.7568778362211221,0.12840809843160278
1392,Oracle reference-risk logit,0.4304064751905174,0.8041131712531717,0.12156444204640364
1392,Linear logistic,0.31649582116092856,0.704016992158063,0.14671763862514847
1392,Gradient boosting,0.554727044564083,0.7762290025808316,0.1287979754122464
1393,Oracle reference-risk logit,0.5115402780199859,0.7818197901170036,0.12446606227736504
1393,Linear logistic,0.38367196533361275,0.6770198222829802,0.14481925635387205
1393,Gradient boosting,0.5809718881161917,0.7523895299746692,0.13087668113544668
1394,Oracle reference-risk logit,0.5232316834867085,0.7900592545569146,0.12791773300216475
1394,Linear logistic,0.35351372857049973,0.6992097888106816,0.15048756267130825
1394,Gradient boosting,0.5916808521104169,0.7538340962664665,0.1392680266313593
1395,Oracle reference-risk logit,0.4632790424185598,0.7853947563323952,0.13444110887723912
1395,Linear logistic,0.4004058870743051,0.6982254480817656,0.15282325112944942
1395,Gradient boosting,0.546741720294214,0.7376936750111095,0.1474357950824164
1396,Oracle reference-risk logit,0.5024775404366605,0.7892512562503476,0.12495627551672496
1396,Linear logistic,0.3592778817341625,0.7024262783467559,0.14772884190599192
1396,Gradient boosting,0.5555044267507757,0.7561344574172852,0.13248154546077534
1397,Oracle reference-risk logit,0.5501963964993927,0.7904539205819866,0.12158697524193356
1397,Linear logistic,0.38718079104517994,0.6981010451815748,0.1397782580029409
1397,Gradient boosting,0.5735398653172219,0.7320069591070242,0.12959659878769095
1398,Oracle reference-risk logit,0.41334689544989023,0.7715693594599845,0.1349751304923691
1398,Linear logistic,0.34170371399878363,0.6699051816239316,0.1537253173308257
1398,Gradient boosting,0.502419888372881,0.7242163218725717,0.14538246060034501
1399,Oracle reference-risk logit,0.4490432205675913,0.7662609749777096,0.13679988134729773
1399,Linear logistic,0.3718490916258672,0.6693063711603133,0.15770594918424635
1399,Gradient boosting,0.5544669315163627,0.7316432197074512,0.14468331752217575
1400,Oracle reference-risk logit,0.5317399655197207,0.7866570925192884,0.12819615729177367
1400,Linear logistic,0.29026397332121673,0.7034301806817338,0.1500519969134923
1400,Gradient boosting,0.5400441234216047,0.7537005140044628,0.1356822153258271
1401,Oracle reference-risk logit,0.48061162018213377,0.7607209558471411,0.13536706427170037
1401,Linear logistic,0.34822482544120187,0.6801012834019731,0.15404093421449191
1401,Gradient boosting,0.5317094114751777,0.725572562494014,0.14654113242679012
1402,Oracle reference-risk logit,0.48946497938170236,0.7814659643761811,0.1243934387305151
1402,Linear logistic,0.41658158480046126,0.6960701218286358,0.14250276033224907
1402,Gradient boosting,0.5150234731343633,0.7489429455992923,0.1320453556114652
1403,Oracle reference-risk logit,0.5600380049170756,0.7867994928125723,0.12666788076075303
1403,Linear logistic,0.3810455513034402,0.6969539971307855,0.14942717449157852
1403,Gradient boosting,0.6176531438962315,0.7612780274832566,0.13322103304118332
1404,Oracle reference-risk logit,0.48167969432065266,0.7803954961210613,0.13071261119867997
1404,Linear logistic,0.3521881118812315,0.6985037951345656,0.15111967629435827
1404,Gradient boosting,0.5171861239756852,0.7223356239823772,0.1415571496913989
1405,Oracle reference-risk logit,0.4419900121079333,0.7661682935120435,0.13171401747663783
1405,Linear logistic,0.31116058430974247,0.6868398528554778,0.15040036981943591
1405,Gradient boosting,0.5449353984110016,0.7214012116355866,0.14246068250825863
1406,Oracle reference-risk logit,0.49963155594859265,0.7821680439579457,0.12564038999227914
1406,Linear logistic,0.314893131464818,0.6835979751654913,0.14930438365330412
1406,Gradient boosting,0.5649885178771017,0.7530749547255409,0.13794734503744735
1407,Oracle reference-risk logit,0.4270502206667945,0.7766373721280864,0.13486697805623793
1407,Linear logistic,0.35196278483948196,0.7204113124179268,0.15105261617001275
1407,Gradient boosting,0.5575626446316376,0.7518080031126982,0.14088115620883118
1408,Oracle reference-risk logit,0.48817326996343796,0.7858521078860063,0.12763724582662192
1408,Linear logistic,0.36092392208132584,0.7106659818524226,0.14652569669773516
1408,Gradient boosting,0.5807594782282628,0.7357681255986341,0.13444356122972237
1409,Oracle reference-risk logit,0.4786166484667954,0.7820135153074448,0.12655618793104803
1409,Linear logistic,0.37234550845259173,0.6933991187867832,0.14495833454691734
1409,Gradient boosting,0.59888877016273,0.7347273232990499,0.136543025491237
1410,Oracle reference-risk logit,0.4596778661173125,0.758123134166919,0.13483897372233453
1410,Linear logistic,0.3442067611095627,0.6818302624991501,0.1492048400709532
1410,Gradient boosting,0.5424212436013773,0.7233977786156214,0.144077174194968
1411,Oracle reference-risk logit,0.4893516045161222,0.769366631520559,0.128861494741186
1411,Linear logistic,0.3362217860596855,0.7037120260971635,0.1445510097534763
1411,Gradient boosting,0.5443862905204278,0.7407992884877379,0.13322970718978996
1412,Oracle reference-risk logit,0.4849501185264738,0.7985896245874587,0.1169026895188795
1412,Linear logistic,0.35491343415897214,0.6949998710808581,0.14301088592257855
1412,Gradient boosting,0.5851526882852586,0.754815129950495,0.13015053750464
1413,Oracle reference-risk logit,0.49322682654496863,0.7434058866028761,0.1327591771754043
1413,Linear logistic,0.328709896104677,0.6809081894362825,0.14538177404961664
1413,Gradient boosting,0.4881180379891395,0.7080968423548334,0.14203471846029028
1414,Oracle reference-risk logit,0.4638428278697545,0.7754088323738377,0.13253308216659057
1414,Linear logistic,0.31381922871517687,0.6783270328043696,0.15284123343223024
1414,Gradient boosting,0.6097383083597508,0.7300450238357059,0.14413013322045107
1415,Oracle reference-risk logit,0.46074870623396824,0.7715789695528331,0.12164353868554721
1415,Linear logistic,0.3274388157637399,0.686895608092225,0.1423710969700885
1415,Gradient boosting,0.49729784164694085,0.7300640847936009,0.13185450175059832
1416,Oracle reference-risk logit,0.4574455220126672,0.761652975259132,0.13226672496120315
1416,Linear logistic,0.324422870800662,0.656901665809497,0.1513582612063515
1416,Gradient boosting,0.5461362985516114,0.7090761057876819,0.14369137106123944
1417,Oracle reference-risk logit,0.46660487442710297,0.7685386880905261,0.13433069887638846
1417,Linear logistic,0.37085498373833353,0.6896378383519086,0.15232293895002683
1417,Gradient boosting,0.5350355918299022,0.744877641563978,0.1402595313088792
1418,Oracle reference-risk logit,0.4561857544090007,0.7483721852289544,0.13559890882020414
1418,Linear logistic,0.3528164005857065,0.6766346149413187,0.15043474932215936
1418,Gradient boosting,0.5476598792607122,0.7130205203782278,0.1426375263721772
1419,Oracle reference-risk logit,0.4460260069575177,0.7822958631344753,0.129214047128708
1419,Linear logistic,0.32126308491850003,0.6711148268433068,0.15131597677349218
1419,Gradient boosting,0.5115861704709834,0.7477946772136296,0.13551131634797856
1420,Oracle reference-risk logit,0.4482042556559407,0.7969430585253822,0.12583740974632318
1420,Linear logistic,0.32479148773041455,0.6856964014839995,0.15083626320479054
1420,Gradient boosting,0.5684331285150354,0.7507812928340369,0.13812151840120254
1421,Oracle reference-risk logit,0.4371301353969549,0.7675763575310185,0.13089906304508384
1421,Linear logistic,0.3552597307345457,0.667308242953762,0.15153162596059636
1421,Gradient boosting,0.5702709406779664,0.7163405958544067,0.14213927995253636
1422,Oracle reference-risk logit,0.4235741782348032,0.7865968161143599,0.11944310451094081
1422,Linear logistic,0.29558333307026924,0.6853882391163092,0.14151157643097745
1422,Gradient boosting,0.5189078389706397,0.7591179337231968,0.12261279604147898
1423,Oracle reference-risk logit,0.5674233841365321,0.7575973653758381,0.13266252109171922
1423,Linear logistic,0.3533694492917,0.6550354300396946,0.15332722836846224
1423,Gradient boosting,0.6084038310179397,0.7313156677459856,0.1388998407807968
1424,Oracle reference-risk logit,0.47690936578955767,0.7553560561860488,0.13000100530159397
1424,Linear logistic,0.35706015069186936,0.6754261319079793,0.147128972313823
1424,Gradient boosting,0.6031210539994866,0.738856580028733,0.13660331300319306
1425,Oracle reference-risk logit,0.5002309703379697,0.764718909418137,0.1299230085421172
1425,Linear logistic,0.34724626052003227,0.6840622022180322,0.1484092901348416
1425,Gradient boosting,0.5399001325563426,0.7518063814821919,0.13612202111753627
1426,Oracle reference-risk logit,0.5493824361084432,0.7713600694033677,0.12489962994212209
1426,Linear logistic,0.41539823987013935,0.6937891872707914,0.144724427591863
1426,Gradient boosting,0.5782708958015066,0.7347079932173981,0.13215713313755853
1427,Oracle reference-risk logit,0.4219042147172105,0.7704869624353491,0.132676940384043
1427,Linear logistic,0.3482292155830222,0.6987013141960616,0.15216862988602378
1427,Gradient boosting,0.5548691474250853,0.7388385799762573,0.13981041186258478
1428,Oracle reference-risk logit,0.49208910312423415,0.7615366589487863,0.13768640192877485
1428,Linear logistic,0.3575509970676839,0.6797796940653873,0.15691085266407115
1428,Gradient boosting,0.5683700327486322,0.7339866265985371,0.14297840994457703
1429,Oracle reference-risk logit,0.43450531693955396,0.7636695124451813,0.12824293091748729
1429,Linear logistic,0.3277903428968603,0.672012767059968,0.14704239168081162
1429,Gradient boosting,0.5327783803668878,0.7296107731605627,0.13454569087595752
1430,Oracle reference-risk logit,0.4622790117017679,0.7767397533022533,0.13085202134969987
1430,Linear logistic,0.3425859402797617,0.6871630973193473,0.15039916009704968
1430,Gradient boosting,0.5544167541830568,0.719663582944833,0.1409352324146926
1431,Oracle reference-risk logit,0.5126404192758124,0.7945330953457872,0.1178085566639194
1431,Linear logistic,0.34752950356214923,0.6779645904360782,0.14317128275112911
1431,Gradient boosting,0.541563011179007,0.766934321597694,0.12483440374362212
1432,Oracle reference-risk logit,0.4571883344803362,0.7921044701813227,0.11966759549449131
1432,Linear logistic,0.3261415385079505,0.7151962582538517,0.1378873248622627
1432,Gradient boosting,0.5089724097285572,0.7605187480347972,0.12657731284037155
1433,Oracle reference-risk logit,0.5128707617184598,0.7778604180634039,0.13435212191922843
1433,Linear logistic,0.3672630136394779,0.6782605832774639,0.1543992272117586
1433,Gradient boosting,0.5875802473208799,0.7475427401589887,0.1409855179957798
1434,Oracle reference-risk logit,0.44935072775080037,0.7815654146398748,0.12948891593129566
1434,Linear logistic,0.44563735893833106,0.7074111044495676,0.14725913495846263
1434,Gradient boosting,0.5563874153662859,0.7483389063668561,0.13511819812845427
1435,Oracle reference-risk logit,0.4832832586384141,0.774525199527047,0.13107282531853034
1435,Linear logistic,0.35467865662529413,0.6786967927874668,0.1510989010829288
1435,Gradient boosting,0.5075006529401971,0.7354211313922554,0.13737610989446158
1436,Oracle reference-risk logit,0.5157120444539386,0.7932959082461448,0.1324571779093015
1436,Linear logistic,0.30823550428531626,0.6946519658487482,0.15415137280447347
1436,Gradient boosting,0.5428434137669883,0.7665343671657497,0.14068736944396404
1437,Oracle reference-risk logit,0.48752342549286004,0.7895671875000001,0.12525511474343706
1437,Linear logistic,0.3492267906008869,0.6906890625000001,0.14712099858509842
1437,Gradient boosting,0.5360289616144267,0.7504546875,0.13618028079454794
1438,Oracle reference-risk logit,0.47234572043731854,0.7763142385667138,0.12611984419974223
1438,Linear logistic,0.3466610169804962,0.7038682721655625,0.1445020730715413
1438,Gradient boosting,0.5587035438022491,0.7480256954266855,0.13194651767155707
1439,Oracle reference-risk logit,0.45996418723371024,0.777318060923702,0.125676965706218
1439,Linear logistic,0.3193257192445694,0.689985425775557,0.14624602745465784
1439,Gradient boosting,0.5109244600699945,0.7391401677209889,0.13633641430101817
1440,Oracle reference-risk logit,0.4621122610170946,0.7868566842830177,0.12307380701003434
1440,Linear logistic,0.33050501241489083,0.6657188391615844,0.14595891498743901
1440,Gradient boosting,0.5200620016196982,0.7367703786950337,0.1349599833783302
1441,Oracle reference-risk logit,0.529919890168017,0.7666730849609973,0.12951969529674068
1441,Linear logistic,0.31825159995963326,0.6702014248613414,0.14991534016318842
1441,Gradient boosting,0.4990095891734729,0.7251232390783329,0.13899613807977876
1442,Oracle reference-risk logit,0.6558619984874523,0.7628809164441348,0.13459107300128964
1442,Linear logistic,0.4028891919179858,0.6726761871589457,0.15125077107809204
1442,Gradient boosting,0.5476793962813891,0.7114640659468245,0.14230993855655608
1443,Oracle reference-risk logit,0.5214008572665647,0.7937349418934241,0.1273785861024789
1443,Linear logistic,0.4275009210171445,0.6930124480347695,0.15326915630369586
1443,Gradient boosting,0.6002015984367172,0.7575511975623583,0.14018310808251364
1444,Oracle reference-risk logit,0.48089106430278505,0.8044632905559812,0.12206494605078291
1444,Linear logistic,0.36920366263143967,0.736656205829426,0.1428674052702809
1444,Gradient boosting,0.5564452735259989,0.7609792090859844,0.1305407104699307
1445,Oracle reference-risk logit,0.5284415720951712,0.7840933756931152,0.12424397926814479
1445,Linear logistic,0.3602720754135955,0.6994346547743552,0.14020062034947123
1445,Gradient boosting,0.5061773827024965,0.7519864369766693,0.12927908431629445
1446,Oracle reference-risk logit,0.5140437439133277,0.7694660734149055,0.13711428046632657
1446,Linear logistic,0.32175202067973296,0.6413416435663376,0.1605172419064641
1446,Gradient boosting,0.614132775209405,0.7326144275532485,0.14699411069432936
1447,Oracle reference-risk logit,0.42448969317808155,0.7822924073008988,0.12930517244284068
1447,Linear logistic,0.3217374313968754,0.7044965649667365,0.14859846026695622
1447,Gradient boosting,0.5138635412654937,0.7439945413841877,0.13965083272409895
1448,Oracle reference-risk logit,0.4605606128772152,0.8023778009984908,0.1255190386128894
1448,Linear logistic,0.349292593701716,0.69193389837068,0.14886627274119268
1448,Gradient boosting,0.5316421545482453,0.744550485699911,0.13486230287287798
1449,Oracle reference-risk logit,0.5200321714514273,0.7707359375,0.1285608217341064
1449,Linear logistic,0.3362126084315757,0.7065921874999999,0.1447858690540796
1449,Gradient boosting,0.5183448074871825,0.723325,0.13630313797022459
1450,Oracle reference-risk logit,0.5543772508866002,0.7752869837038687,0.1316067968379573
1450,Linear logistic,0.3448755466689809,0.6774605533734783,0.15306640632251498
1450,Gradient boosting,0.5580047300230818,0.7500507702791539,0.13862424607228405
1451,Oracle reference-risk logit,0.484306223196386,0.7635388731922229,0.1380334394609617
1451,Linear logistic,0.34763962072579263,0.6827156761804425,0.15396217147190877
1451,Gradient boosting,0.5507049154377298,0.7268086749353511,0.1480905669181261
1452,Oracle reference-risk logit,0.45090411601530633,0.7448239974381712,0.13558616212827262
1452,Linear logistic,0.37905014658922837,0.668243176667652,0.15102144228999453
1452,Gradient boosting,0.5166943406450998,0.7279827446053798,0.1426281165703465
1453,Oracle reference-risk logit,0.47449939303572336,0.7671252830687354,0.13528804287863977
1453,Linear logistic,0.2986460612805283,0.682617627448507,0.1526155660154533
1453,Gradient boosting,0.5653998532663744,0.7357729803759032,0.14353856069400386
1454,Oracle reference-risk logit,0.4726323272174232,0.7538031097353131,0.13548829622808006
1454,Linear logistic,0.33158441973253944,0.6719045702096549,0.15115301018324662
1454,Gradient boosting,0.5568267042027445,0.7162339535220891,0.14259848308972936
1455,Oracle reference-risk logit,0.5364794394332613,0.7833012869326835,0.1233812536873928
1455,Linear logistic,0.3482911629985438,0.7103052974921312,0.14322354272573679
1455,Gradient boosting,0.6012215728405244,0.7491940806173215,0.13255725523575645
1456,Oracle reference-risk logit,0.43268134790467944,0.781562125611383,0.12353479687918098
1456,Linear logistic,0.3676795065733507,0.7057238598726734,0.1408292435465977
1456,Gradient boosting,0.4783647406193572,0.7337490009548684,0.13185160926682707
1457,Oracle reference-risk logit,0.46083421018636306,0.7937694503638777,0.12331177377628806
1457,Linear logistic,0.3537942367634712,0.6740010453942342,0.1446998447782477
1457,Gradient boosting,0.5534453688977337,0.7695669655421977,0.12763449600378446
1458,Oracle reference-risk logit,0.4553723157170968,0.7698183420653185,0.1324988299506147
1458,Linear logistic,0.35586610007768704,0.674226473717244,0.1560604632535321
1458,Gradient boosting,0.5373526291181604,0.7394322206543722,0.1426309744245289
1459,Oracle reference-risk logit,0.5666808814365655,0.7760433317348678,0.12170017819485404
1459,Linear logistic,0.39598482937212076,0.7131553708439897,0.137208923578408
1459,Gradient boosting,0.5184422158568162,0.739433477195226,0.13227070393980506
1460,Oracle reference-risk logit,0.5165911229955715,0.7844827449178932,0.1234224183826262
1460,Linear logistic,0.35803693657335467,0.6998087802148718,0.14413098529777704
1460,Gradient boosting,0.5414673395288382,0.7627245401903296,0.12993809821354943
1461,Oracle reference-risk logit,0.45688474652114996,0.7686790206788484,0.12617053952229554
1461,Linear logistic,0.3473312242208675,0.6814732901533321,0.1454951426267467
1461,Gradient boosting,0.543164686513756,0.7515921229209851,0.1279317332475841
1462,Oracle reference-risk logit,0.5917470432104865,0.7896667304687673,0.13048297122377298
1462,Linear logistic,0.3525839920661615,0.6883297055162109,0.15458476117605563
1462,Gradient boosting,0.5736282811335008,0.7512059338921211,0.13658542843715304
1463,Oracle reference-risk logit,0.48563302066938113,0.7920243716587059,0.1283503785719357
1463,Linear logistic,0.4158327114217483,0.706941711318248,0.14839789720577104
1463,Gradient boosting,0.6115106834698547,0.7614037639124329,0.13444564025992803
1464,Oracle reference-risk logit,0.46776760396137484,0.7819204481792716,0.13484640835084183
1464,Linear logistic,0.35116149908743677,0.6989355742296919,0.15167243112912626
1464,Gradient boosting,0.5560940524386332,0.7629998132586369,0.14097213808273903
1465,Oracle reference-risk logit,0.440383467747524,0.7707265624999999,0.12691323924536232
1465,Linear logistic,0.37561472288278663,0.68854375,0.1467165825537924
1465,Gradient boosting,0.5187026603166758,0.7405484375,0.1348439518891759
1466,Oracle reference-risk logit,0.453437544783058,0.7822457749501739,0.12644618583668232
1466,Linear logistic,0.31643019298263125,0.6963102321922388,0.14414118474460405
1466,Gradient boosting,0.4962895619912358,0.7702284582697043,0.12874827322737292
1467,Oracle reference-risk logit,0.4972078085682127,0.8051322563775694,0.117499822259079
1467,Linear logistic,0.32395261962309135,0.6955329595831632,0.1442226206293272
1467,Gradient boosting,0.5497279904332155,0.7846671297481081,0.1260349980206597
1468,Oracle reference-risk logit,0.4866541378921193,0.8122380737628283,0.11942011125431283
1468,Linear logistic,0.40336390818288187,0.737687993701985,0.13977367863751447
1468,Gradient boosting,0.49158672872054293,0.7786439468817128,0.12896335565664035
1469,Oracle reference-risk logit,0.4844520258607529,0.7911870933622146,0.12439764500738335
1469,Linear logistic,0.3525141335489443,0.6638371247927721,0.14843224243207095
1469,Gradient boosting,0.5384700088614124,0.7752612219757392,0.12601011910341417
1470,Oracle reference-risk logit,0.5234101994017747,0.779170800383316,0.1191914507487618
1470,Linear logistic,0.38831592934515646,0.6792483762310307,0.13851426690471794
1470,Gradient boosting,0.538337098387072,0.7608483654143547,0.1266480717431104
1471,Oracle reference-risk logit,0.47021161336626544,0.761002062863911,0.13762527934121255
1471,Linear logistic,0.3372991959369784,0.708983926058993,0.15416730685611246
1471,Gradient boosting,0.5478512424341238,0.7199614658778298,0.1483805551162181
1472,Oracle reference-risk logit,0.48815096931164226,0.7477941528589216,0.137829880052498
1472,Linear logistic,0.3382174340432942,0.6658515707307728,0.15572177982276297
1472,Gradient boosting,0.5846250737290004,0.7291319976534815,0.140725411914729
1473,Oracle reference-risk logit,0.4889671247550765,0.7756024190866944,0.12358755371428781
1473,Linear logistic,0.3073603293496794,0.6779433998958588,0.14754486810793424
1473,Gradient boosting,0.5129596900208635,0.7267595781654841,0.13389130686301556
1474,Oracle reference-risk logit,0.4991819538905875,0.7559446895739068,0.13882358514653595
1474,Linear logistic,0.3354208717231015,0.6660328353435869,0.1601872556944718
1474,Gradient boosting,0.5924331406717975,0.7177174581635314,0.14883027385601025
1475,Oracle reference-risk logit,0.46856325837805224,0.7931938667498254,0.13105180815328876
1475,Linear logistic,0.3873716114108196,0.7017485297153424,0.15468148661907902
1475,Gradient boosting,0.5636611759683412,0.7450408546610622,0.14042250196847458
1476,Oracle reference-risk logit,0.5304398680892778,0.7954507225690489,0.12264791772744678
1476,Linear logistic,0.33648988435588845,0.6926602491705794,0.1446691814413278
1476,Gradient boosting,0.5991256807647193,0.7543345332096612,0.13058575169156514
1477,Oracle reference-risk logit,0.4946832251067939,0.7832730890399603,0.12143942041336257
1477,Linear logistic,0.384641565734728,0.7069275410379705,0.13780341969285861
1477,Gradient boosting,0.5556293600529079,0.7632216879456144,0.12830672868335571
1478,Oracle reference-risk logit,0.45847862468782985,0.7731110074296144,0.14018342687059135
1478,Linear logistic,0.35942139444745724,0.6688028521550703,0.16207797425263532
1478,Gradient boosting,0.5427728068697226,0.7412625097319581,0.14552606394108697
1479,Oracle reference-risk logit,0.4945591969811523,0.7545796716962361,0.12493451043699105
1479,Linear logistic,0.3367285325172338,0.6682390979936993,0.1425394016804675
1479,Gradient boosting,0.48627356751059936,0.720814127010446,0.13308638344289744
1480,Oracle reference-risk logit,0.4696002769123253,0.779867591111967,0.13065470132707924
1480,Linear logistic,0.35468710477921483,0.6959153618078131,0.15163379331316867
1480,Gradient boosting,0.5175881839968621,0.7549803763469167,0.1397136917195949
1481,Oracle reference-risk logit,0.5316504982340645,0.7776631505913401,0.13090908111022992
1481,Linear logistic,0.31959485260536763,0.7022773442648282,0.14940964170043225
1481,Gradient boosting,0.5558729975789347,0.7551207296954603,0.1361964180908338
1482,Oracle reference-risk logit,0.45260381088588597,0.756385740963393,0.12707094154268417
1482,Linear logistic,0.33910845530477907,0.691230078534701,0.14392116946494318
1482,Gradient boosting,0.5959028326668955,0.72634685733289,0.13599073045717086
1483,Oracle reference-risk logit,0.6114038639565659,0.7764107417484916,0.12693802355588849
1483,Linear logistic,0.30727966556954506,0.6834954059702669,0.1468961206396338
1483,Gradient boosting,0.5036833126832135,0.7453969005086951,0.13503030413576803
1484,Oracle reference-risk logit,0.48355662972387625,0.7553321096927681,0.12854027817279268
1484,Linear logistic,0.3970354460075195,0.7006855798009772,0.14159491255037562
1484,Gradient boosting,0.5377978257298729,0.731883617712517,0.13365169120693232
1485,Oracle reference-risk logit,0.4720567541120604,0.8039179395111599,0.1264860027024508
1485,Linear logistic,0.38041098046096666,0.7084418779334034,0.14677975841185342
1485,Gradient boosting,0.5608323719013687,0.7616707616707616,0.1364612828042598
1486,Oracle reference-risk logit,0.43587705220185546,0.7982438950382764,0.12136975937630841
1486,Linear logistic,0.3064387633110867,0.6966673198854549,0.14337087622423844
1486,Gradient boosting,0.5873706839247154,0.7797599104879545,0.1252694489523224
1487,Oracle reference-risk logit,0.5142043896134092,0.770959477124183,0.13375391551591162
1487,Linear logistic,0.3390752240296352,0.6779503267973856,0.15426913960151528
1487,Gradient boosting,0.5619700859229809,0.7484145658263306,0.1403701898994401
1488,Oracle reference-risk logit,0.46805327365393085,0.7724414639954926,0.13596854313596585
1488,Linear logistic,0.3952923364231287,0.7052550258772414,0.15387887006467546
1488,Gradient boosting,0.549543942662234,0.7387269907469258,0.1432855757983268
1489,Oracle reference-risk logit,0.4153065356660827,0.7785945196396687,0.11798891496820865
1489,Linear logistic,0.39374845488535,0.7035950665650227,0.13581299844981795
1489,Gradient boosting,0.5775780783622042,0.7448517495721361,0.1281118880672444
1490,Oracle reference-risk logit,0.5008533806214436,0.8069852913901291,0.12393640665994972
1490,Linear logistic,0.4061858819060106,0.7034196442216811,0.1515411798653242
1490,Gradient boosting,0.5740433141691367,0.775995275677007,0.13089589685141095
1491,Oracle reference-risk logit,0.4751005860444599,0.7885098208523691,0.12915921241554976
1491,Linear logistic,0.40475118555868583,0.7293349920798364,0.1468502437982206
1491,Gradient boosting,0.5643707087532204,0.754064254865297,0.13860841077969616
1492,Oracle reference-risk logit,0.49967580868878264,0.768887866237153,0.12978269375134346
1492,Linear logistic,0.3372655837329541,0.6811842307102316,0.15043914248916793
1492,Gradient boosting,0.558836850459213,0.7266620647338549,0.13864558877753125
1493,Oracle reference-risk logit,0.4494016747634577,0.7490231007930123,0.13700693543745832
1493,Linear logistic,0.39035245637993043,0.6542759755382019,0.1539157494111166
1493,Gradient boosting,0.510607856939431,0.700618198755134,0.14514696313149647
1494,Oracle reference-risk logit,0.44605483855272665,0.7952370708783183,0.128808890082694
1494,Linear logistic,0.31050150386119,0.6903885468267448,0.15137580885132518
1494,Gradient boosting,0.5454965264384461,0.7428135610048152,0.1417703870262712
1495,Oracle reference-risk logit,0.47578299418035847,0.795915961162432,0.12561082409512483
1495,Linear logistic,0.3685721443115447,0.7254359732896021,0.1437926532633778
1495,Gradient boosting,0.6420491541438765,0.7645874388856478,0.13293128410770544
1496,Oracle reference-risk logit,0.4727141152338708,0.784886101392094,0.12532177394378277
1496,Linear logistic,0.3657444356866907,0.7071608476637137,0.14680704687605253
1496,Gradient boosting,0.6014850842060514,0.7647150053351199,0.1307905929637259
1497,Oracle reference-risk logit,0.4460107686079483,0.7601890710855362,0.12913105223155372
1497,Linear logistic,0.32351629724653114,0.6742788535827087,0.14836624310811267
1497,Gradient boosting,0.5667918648112817,0.7419479451885457,0.13398146344424372
1498,Oracle reference-risk logit,0.4736213184437916,0.7823262982148207,0.11640713008689878
1498,Linear logistic,0.3387612112106447,0.6920107881330537,0.13719266705168445
1498,Gradient boosting,0.5312887067447075,0.7493659831328395,0.12404786539615119
1499,Oracle reference-risk logit,0.6071464876921829,0.7706899107879537,0.12378765686907385
1499,Linear logistic,0.40868029967692787,0.6920653491130362,0.14201661290803388
1499,Gradient boosting,0.6062282305191482,0.7324089830858086,0.12991395819429657
1500,Oracle reference-risk logit,0.479265231677468,0.787879648251114,0.12318944981124837
1500,Linear logistic,0.4129942475796299,0.7112977641074175,0.14336879121329135
1500,Gradient boosting,0.5350221014954974,0.7477676564533301,0.13190452186355567
1501,Oracle reference-risk logit,0.5991101010700534,0.7973777127583515,0.1238145554072147
1501,Linear logistic,0.38316104748035773,0.699268217180947,0.14485369139533047
1501,Gradient boosting,0.5832388238878211,0.7641104289658401,0.13205161609826344
1502,Oracle reference-risk logit,0.4995492589329564,0.799666968053044,0.1268027123248427
1502,Linear logistic,0.3713573004983581,0.7111030741410488,0.1490525963670828
1502,Gradient boosting,0.5258681805871638,0.76458257986739,0.13471896889904908
1503,Oracle reference-risk logit,0.4959937038560309,0.7796671864468475,0.12772848820776733
1503,Linear logistic,0.38518289266316735,0.6634739516095449,0.15116361197110012
1503,Gradient boosting,0.5168403510673905,0.7540591438896525,0.13376056232598196
1504,Oracle reference-risk logit,0.5011719968153746,0.7956759325255404,0.12479648647513836
1504,Linear logistic,0.30803450146836603,0.6934331804253401,0.1502112595434286
1504,Gradient boosting,0.5660796617765981,0.76828575518882,0.13209488299582217
1505,Oracle reference-risk logit,0.5060097383802689,0.7877616777318742,0.1312788410938535
1505,Linear logistic,0.4326577515976128,0.6924683288651416,0.14803644575099315
1505,Gradient boosting,0.6264082751858275,0.749842092704449,0.13879001385869155
1506,Oracle reference-risk logit,0.43857112958474775,0.7804638937451438,0.13188877623636688
1506,Linear logistic,0.34884097818570786,0.7016256313131313,0.15027634738405837
1506,Gradient boosting,0.5407721529641549,0.7437460542929294,0.14128589269083577
1507,Oracle reference-risk logit,0.4970125667757255,0.7549268366842765,0.13356938426916207
1507,Linear logistic,0.3726791517281172,0.6728349359583445,0.1519145335769097
1507,Gradient boosting,0.582736100291416,0.7233810953593555,0.13976609210800287
1508,Oracle reference-risk logit,0.5346549130623686,0.7678494191323842,0.13102159523283918
1508,Linear logistic,0.33728200474882586,0.6707223836589482,0.15318682931772873
1508,Gradient boosting,0.5414412094224172,0.747066725149405,0.1367728214500718
1509,Oracle reference-risk logit,0.4691371328328269,0.7806360333129683,0.128034766300178
1509,Linear logistic,0.3418787438095416,0.700627336049697,0.14796644317982618
1509,Gradient boosting,0.5750643344342448,0.7589709667589984,0.13266559987324827
1510,Oracle reference-risk logit,0.44738181809124944,0.7834058585017211,0.12391790307135456
1510,Linear logistic,0.3187563639189874,0.6868779710186556,0.14540621223609768
1510,Gradient boosting,0.49046030473977326,0.7332174845495061,0.13407576545854671
1511,Oracle reference-risk logit,0.43967429915230755,0.7878031890207032,0.13251700385099266
1511,Linear logistic,0.31452911236132536,0.712446433617215,0.15236370959549006
1511,Gradient boosting,0.4791175278680481,0.7640736657633401,0.13734387816174443
1512,Oracle reference-risk logit,0.46537385410459875,0.738753594101294,0.13613472189433726
1512,Linear logistic,0.32962936332599424,0.6729556075663996,0.1516421777293008
1512,Gradient boosting,0.5205862025141126,0.6937049632790806,0.14643104660044845
1513,Oracle reference-risk logit,0.4543349962499475,0.7742109399272621,0.13063810129299924
1513,Linear logistic,0.34454692909361956,0.6740074687330568,0.15137408397975624
1513,Gradient boosting,0.541498758544067,0.7546161765691345,0.13624368536619863
1514,Oracle reference-risk logit,0.4559343900767146,0.7711744024732843,0.13508679967466514
1514,Linear logistic,0.31204109481179054,0.6915987736229298,0.1513594321227212
1514,Gradient boosting,0.5417361254508704,0.7247142755785816,0.1462690663917987
1515,Oracle reference-risk logit,0.4212090211896654,0.7839311241065627,0.12484849767729381
1515,Linear logistic,0.3278773171167553,0.6898131903833659,0.1425514878369981
1515,Gradient boosting,0.5342828343883764,0.7490090968161143,0.13197492386345144
1516,Oracle reference-risk logit,0.4687352247600335,0.8006938473694127,0.12036333646115872
1516,Linear logistic,0.37636764996663585,0.7223074621051981,0.14096825753399655
1516,Gradient boosting,0.5799701351815824,0.7657608015821367,0.13197394060798404
1517,Oracle reference-risk logit,0.5094576804472479,0.7826480640102931,0.12041244929560842
1517,Linear logistic,0.26030507433765,0.7037577901974187,0.14121270522920457
1517,Gradient boosting,0.5434082679479901,0.7480246069719755,0.1281030405920759
1518,Oracle reference-risk logit,0.6139584777953944,0.7607495296980437,0.12750252077944516
1518,Linear logistic,0.30311315282524276,0.6821144005495952,0.14405896687506003
1518,Gradient boosting,0.5088787757664033,0.7183148101777839,0.13532558839974107
1519,Oracle reference-risk logit,0.46404586316796537,0.7664256465957999,0.1310478421581667
1519,Linear logistic,0.29562725763482806,0.7047935877450914,0.14812227985037194
1519,Gradient boosting,0.5031015821612962,0.7382106948679843,0.1384780255790719
1520,Oracle reference-risk logit,0.48763522782224605,0.7715034965034965,0.14131707214725242
1520,Linear logistic,0.35072386105328834,0.6693138111888113,0.16009203904103514
1520,Gradient boosting,0.5663823136770801,0.7405040792540794,0.14727605650351575
1521,Oracle reference-risk logit,0.44926198037148496,0.7682393707346278,0.13175924342089848
1521,Linear logistic,0.3219868286387512,0.6756793588524512,0.15097730772798124
1521,Gradient boosting,0.5021750906266059,0.7209434080716115,0.1424238796983217
1522,Oracle reference-risk logit,0.5731098439895451,0.761476398911629,0.12975068522979757
1522,Linear logistic,0.3434294417523484,0.6401041050514611,0.15135680089420903
1522,Gradient boosting,0.48172257972015764,0.6895429630505936,0.14435726082312453
1523,Oracle reference-risk logit,0.4889584183255765,0.771133853151397,0.12389819895326312
1523,Linear logistic,0.3399889460616499,0.6989847303443795,0.14053001736786186
1523,Gradient boosting,0.62425009515124,0.7545142949967512,0.13082507841189506
1524,Oracle reference-risk logit,0.49097318603458706,0.7441923607915324,0.13493513112249997
1524,Linear logistic,0.2986200819104682,0.6783969934038964,0.1512311690019501
1524,Gradient boosting,0.5084096363376446,0.7230694891854579,0.14222639260082845
1525,Oracle reference-risk logit,0.4426758354993805,0.7877660458929165,0.12396053806304703
1525,Linear logistic,0.33814540549052563,0.685277621447392,0.14520024543727872
1525,Gradient boosting,0.5250813373040505,0.7512263052876622,0.13116829091025817
1526,Oracle reference-risk logit,0.5490406917422359,0.798569926637585,0.13320123060341416
1526,Linear logistic,0.3678006895415228,0.7085368757950499,0.15612624267280353
1526,Gradient boosting,0.6050983953260893,0.7427305572174558,0.1470962091722995
1527,Oracle reference-risk logit,0.5450422298215912,0.7645112983268887,0.13194930048940015
1527,Linear logistic,0.3368008925703223,0.6957842203251579,0.14679223250562182
1527,Gradient boosting,0.576292599642144,0.7293320630888113,0.1407325006498249
1528,Oracle reference-risk logit,0.48350921227871413,0.7778447860787012,0.12765657704813116
1528,Linear logistic,0.3156098261820119,0.702583656351171,0.14158881759648673
1528,Gradient boosting,0.5816135837589814,0.7444884321516636,0.1329300318703016
1529,Oracle reference-risk logit,0.6105509151741422,0.763847811595985,0.1260809834475195
1529,Linear logistic,0.3249003223364977,0.6696409503038461,0.14559396373664374
1529,Gradient boosting,0.5748005440312682,0.7322570363515166,0.13605327900427755
1530,Oracle reference-risk logit,0.524208297282192,0.7925112275393758,0.12715895750959644
1530,Linear logistic,0.3246990615859914,0.715479290605836,0.1513777834915745
1530,Gradient boosting,0.4943988674446661,0.7564736727695386,0.13670577322782124
1531,Oracle reference-risk logit,0.4243502235210624,0.7519449034299568,0.13587685766119337
1531,Linear logistic,0.33851255901473354,0.6460924185764787,0.154258024200094
1531,Gradient boosting,0.5042246242172822,0.7044952100221077,0.14681010158861552
1532,Oracle reference-risk logit,0.624891892616657,0.7938148054481737,0.13508619469531294
1532,Linear logistic,0.3604422118450027,0.6987000975468767,0.15704365329250014
1532,Gradient boosting,0.6065366596978801,0.754716572130496,0.14281897625505163
1533,Oracle reference-risk logit,0.5936042088870499,0.7619996751137101,0.1264001831856966
1533,Linear logistic,0.35031808331355546,0.6800389863547758,0.14319092488093008
1533,Gradient boosting,0.5145098763751259,0.7322433398310593,0.13510711419030672
1534,Oracle reference-risk logit,0.48266979603061977,0.7960395891690009,0.12863459085123288
1534,Linear logistic,0.39210007144556414,0.6958281979458449,0.15299958610613687
1534,Gradient boosting,0.5429385245106222,0.7516593837535014,0.1382709571659135
1535,Oracle reference-risk logit,0.47069304406986384,0.7857252865010156,0.12030425690859353
1535,Linear logistic,0.3436477074778933,0.6994937090553612,0.1405717415543692
1535,Gradient boosting,0.5393174106743902,0.76041073926908,0.12652875332358238
1536,Oracle reference-risk logit,0.46409831291976633,0.7759275981403588,0.12690016814173444
1536,Linear logistic,0.38339185422622946,0.6781607582045512,0.14660176035432881
1536,Gradient boosting,0.5657753099833845,0.7226095174820921,0.13891082137375485
1537,Oracle reference-risk logit,0.4865679499078118,0.7808522930012064,0.13640103587734884
1537,Linear logistic,0.35935606533628534,0.6970644373835375,0.1588639775263775
1537,Gradient boosting,0.5569119309035061,0.7699848209380433,0.1408871838553642
1538,Oracle reference-risk logit,0.4512544999749838,0.7858551925141892,0.1276335863893767
1538,Linear logistic,0.2995496278038907,0.7062954440865163,0.14765346660858136
1538,Gradient boosting,0.542586960054113,0.7589645651173492,0.13589176380602908
1539,Oracle reference-risk logit,0.4651133460176648,0.7722978984506828,0.1288200029287738
1539,Linear logistic,0.403628076556222,0.6985841386715754,0.14925753510178771
1539,Gradient boosting,0.5966894709008855,0.7359104157079306,0.13668390805185532
1540,Oracle reference-risk logit,0.5104631260395331,0.7692123356519642,0.12603139085564413
1540,Linear logistic,0.32428837912646546,0.6978746331068313,0.141560003947281
1540,Gradient boosting,0.4708058876246073,0.7554983715974428,0.12838418522505743
1541,Oracle reference-risk logit,0.45067063162069,0.7813476107226107,0.1336429346137887
1541,Linear logistic,0.36441436982907105,0.7006861888111888,0.15558746972227602
1541,Gradient boosting,0.5168149399736258,0.7439845571095571,0.142465396264757
1542,Oracle reference-risk logit,0.47584105922244135,0.7652337157669993,0.12499393918460583
1542,Linear logistic,0.377102407059602,0.6778300334447076,0.14257869054003752
1542,Gradient boosting,0.594614487491595,0.739449029649552,0.1345272660407919
1543,Oracle reference-risk logit,0.47126478293197177,0.7862391599089305,0.1262636946653897
1543,Linear logistic,0.29351870233583754,0.6899877849121282,0.14330915114002069
1543,Gradient boosting,0.5608885874888105,0.729208769281932,0.13868856686449005
1544,Oracle reference-risk logit,0.4626270174940138,0.7836676675154879,0.12925955826430244
1544,Linear logistic,0.34878293493083806,0.6773395157918741,0.15082236373972374
1544,Gradient boosting,0.5476941053698053,0.7505393181559044,0.13803022096268833
1545,Oracle reference-risk logit,0.6248316738630448,0.7626824177937721,0.12810101381329145
1545,Linear logistic,0.37283798852893607,0.6780116321395475,0.14691638996708875
1545,Gradient boosting,0.5659108416809084,0.7118430694351944,0.1392863044632807
1546,Oracle reference-risk logit,0.5148844437703086,0.8021574914814166,0.12590745407329088
1546,Linear logistic,0.3192551573378281,0.7167138130723716,0.1490269479076265
1546,Gradient boosting,0.5681510812517923,0.7676529185049268,0.13506715709387748
1547,Oracle reference-risk logit,0.4879400056396513,0.7776541836608578,0.13262515558811208
1547,Linear logistic,0.43619285202976255,0.6792997510461358,0.1570639276555163
1547,Gradient boosting,0.6186406096894572,0.7425166704921988,0.14182992671387268
1548,Oracle reference-risk logit,0.41696150342304644,0.757843102218645,0.13325828194121714
1548,Linear logistic,0.33735790284982703,0.6781154490973305,0.14908631962826677
1548,Gradient boosting,0.44940702134162297,0.7074803718510669,0.1421187896448534
1549,Oracle reference-risk logit,0.5689332757238353,0.7826532204432285,0.13178391217371513
1549,Linear logistic,0.3438174351166226,0.7327146495059165,0.14558409425301044
1549,Gradient boosting,0.513069182891798,0.7424796738730304,0.1395535084369102
1550,Oracle reference-risk logit,0.4707037450635929,0.7986593970394241,0.12238920542743524
1550,Linear logistic,0.3373697370526501,0.7160028651736895,0.1437503070680368
1550,Gradient boosting,0.5528250889141388,0.7742013172962331,0.12695294294769408
1551,Oracle reference-risk logit,0.4253169375463292,0.7857041103696154,0.1272122766672503
1551,Linear logistic,0.34228599842570295,0.683822297780679,0.14673568878957458
1551,Gradient boosting,0.4811214346322061,0.7566041900503915,0.13206456451004114
1552,Oracle reference-risk logit,0.4601109058192233,0.7719623131903833,0.1269951532880203
1552,Linear logistic,0.30189103194190514,0.6976559454191034,0.14202381877014666
1552,Gradient boosting,0.49965789128808125,0.7459844054580896,0.1300728830028399
1553,Oracle reference-risk logit,0.4977787531707576,0.7901647650699851,0.12952378542749274
1553,Linear logistic,0.3769698663259474,0.7006060824110177,0.15181326965173036
1553,Gradient boosting,0.5878832656822779,0.7526650086722403,0.13935186304819666
1554,Oracle reference-risk logit,0.497882345440527,0.7570628303431847,0.1324750425965753
1554,Linear logistic,0.3877475293430538,0.6734580882900321,0.14948377006525743
1554,Gradient boosting,0.5384155917834607,0.7268372043971314,0.13733269331404444
1555,Oracle reference-risk logit,0.498183551308796,0.776563929106302,0.13076666633915113
1555,Linear logistic,0.400896669121136,0.6909158773565554,0.14955460238468385
1555,Gradient boosting,0.5356398295180191,0.7373613983783476,0.13954090431845806
1556,Oracle reference-risk logit,0.5376851642186917,0.7777163150549192,0.13312475283223726
1556,Linear logistic,0.37025130997872713,0.7088630745452882,0.15070834034987565
1556,Gradient boosting,0.6033449285633476,0.7437229320417167,0.14073677278932192
1557,Oracle reference-risk logit,0.43115492310430653,0.7668069093308965,0.13024036566316738
1557,Linear logistic,0.3065130485116777,0.7100927124581176,0.1425995621392131
1557,Gradient boosting,0.5178158678998611,0.7441824677632247,0.13469930113728884
1558,Oracle reference-risk logit,0.4784691441324351,0.7838485881995095,0.12359803408460482
1558,Linear logistic,0.37621977432370945,0.70419495337143,0.14080298437924324
1558,Gradient boosting,0.5539087555324974,0.7581252143749311,0.13016612189680887
1559,Oracle reference-risk logit,0.44922095200887185,0.7976355081085138,0.12430500728736786
1559,Linear logistic,0.30472121660565155,0.7059222544286373,0.14741570642092772
1559,Gradient boosting,0.5003344462425215,0.7578424662253724,0.13445930601723582
1560,Oracle reference-risk logit,0.4512016057195057,0.7890321648376065,0.12736981132989686
1560,Linear logistic,0.3521176426109533,0.6966303133511811,0.1471373421473284
1560,Gradient boosting,0.5367366135805766,0.7626621565559494,0.13423268684767176
1561,Oracle reference-risk logit,0.5236143310754038,0.7704901256958614,0.12829191230569187
1561,Linear logistic,0.2773663935014499,0.6744392176125343,0.14757484738924675
1561,Gradient boosting,0.4878695184114193,0.7234439154638657,0.13524030099319861
1562,Oracle reference-risk logit,0.5447830002573314,0.7823718749999999,0.12692272228516277
1562,Linear logistic,0.36234330550749516,0.6899328124999999,0.1462369959947413
1562,Gradient boosting,0.5911667221115716,0.7516515625,0.13415188468515363
1563,Oracle reference-risk logit,0.5624295957790284,0.7683601933071704,0.12152064203697924
1563,Linear logistic,0.3187145347639128,0.6742865327927157,0.14248760047900744
1563,Gradient boosting,0.5144660356760894,0.7498693760488575,0.1307152359954797
1564,Oracle reference-risk logit,0.5427871068204208,0.7802600517819067,0.12775317924336263
1564,Linear logistic,0.346619910833117,0.6884296629099401,0.14667184331378316
1564,Gradient boosting,0.5833432916031059,0.7476837750025382,0.13851917153742174
1565,Oracle reference-risk logit,0.49034291492305804,0.7879610084745235,0.12604801187071013
1565,Linear logistic,0.3863393943570265,0.6947303532400575,0.14756384632584274
1565,Gradient boosting,0.6292741845042679,0.7396886032914278,0.13850938311985458
1566,Oracle reference-risk logit,0.580990170750388,0.7729556647070956,0.12556233985816634
1566,Linear logistic,0.3598352780362995,0.6836292027640264,0.14412735214646624
1566,Gradient boosting,0.5389930303284259,0.7391530656971947,0.13229579156915186
1567,Oracle reference-risk logit,0.4779964064274912,0.7907097570659322,0.12383330635564291
1567,Linear logistic,0.37139402785082937,0.6980601255614284,0.14652575314211685
1567,Gradient boosting,0.58413173563918,0.7628570187845852,0.13290277308681936
1568,Oracle reference-risk logit,0.6315192131493509,0.7998191825909841,0.13058366841530902
1568,Linear logistic,0.3340549049791988,0.7017716194891682,0.15093576575095724
1568,Gradient boosting,0.5373231401162262,0.7473971770220487,0.14047210645648553
1569,Oracle reference-risk logit,0.43218115801861934,0.7860410323156799,0.12733406202901867
1569,Linear logistic,0.33134969628893984,0.6857878461121905,0.14618946519603918
1569,Gradient boosting,0.5162252019581665,0.7419084127805987,0.1373032985690007
1570,Oracle reference-risk logit,0.5192776310339118,0.7929335857802243,0.12781652243287603
1570,Linear logistic,0.3388347695449351,0.7163645249156387,0.14895552485615254
1570,Gradient boosting,0.5864227870633741,0.75751156923326,0.135841305372396
1571,Oracle reference-risk logit,0.46265376312674317,0.7796362850271571,0.12506804121896617
1571,Linear logistic,0.41006018094131846,0.6841583229881788,0.14429672759729914
1571,Gradient boosting,0.4790575657105975,0.737490045603455,0.1317444524176157
1572,Oracle reference-risk logit,0.5040703410328664,0.7723572601420946,0.12782182142113138
1572,Linear logistic,0.35593675837417904,0.6786261125388132,0.14704623803661118
1572,Gradient boosting,0.5612224001864781,0.7365375084514156,0.13552353305559137
1573,Oracle reference-risk logit,0.4876131880902173,0.8024973419160977,0.12624288902190134
1573,Linear logistic,0.3361740781069062,0.7210779029307685,0.14977555609701773
1573,Gradient boosting,0.5872570467854462,0.7800481782328437,0.12938515424517552
1574,Oracle reference-risk logit,0.5263871123157973,0.7855056310228725,0.1289620532868146
1574,Linear logistic,0.375765013014028,0.6867835442548086,0.14885549754162822
1574,Gradient boosting,0.5513486295019561,0.7362777197259955,0.13775743453949083
1575,Oracle reference-risk logit,0.5422143913231897,0.7943425647611977,0.12189546209921139
1575,Linear logistic,0.3611693775108965,0.7086497149187991,0.14223947681547625
1575,Gradient boosting,0.5763026715725554,0.7520580367148345,0.12678670261172995
1576,Oracle reference-risk logit,0.4860284256360749,0.8033491695488579,0.12909721244162364
1576,Linear logistic,0.35584765393224,0.6937220174071681,0.14992876926527463
1576,Gradient boosting,0.5542988889393509,0.7497487742769183,0.13742646639127443
1577,Oracle reference-risk logit,0.4603862476653706,0.7942289346122113,0.12297220963875347
1577,Linear logistic,0.3230917527381466,0.7033425510519803,0.14241412878855775
1577,Gradient boosting,0.4906335011706663,0.7553694822607261,0.13306151850491058
1578,Oracle reference-risk logit,0.4822728722551168,0.7552566601689408,0.12704018903076789
1578,Linear logistic,0.401398339866391,0.6825471085120208,0.14322573201799804
1578,Gradient boosting,0.5798332568340927,0.7328638726445744,0.13445365891862768
1579,Oracle reference-risk logit,0.4680813792341483,0.7477640032488218,0.12923941455417165
1579,Linear logistic,0.32062218947635607,0.6574795043763446,0.1458603414294215
1579,Gradient boosting,0.5020085361982041,0.7119183449814295,0.13650075061246777
1580,Oracle reference-risk logit,0.4926116669638676,0.7665340302059053,0.1333865451998252
1580,Linear logistic,0.31417845758405494,0.6829062864219115,0.15182570706489495
1580,Gradient boosting,0.5916919466681662,0.7448629929098678,0.14180571744988185
1581,Oracle reference-risk logit,0.4779073230466302,0.7778068104685876,0.1313780188681724
1581,Linear logistic,0.39685014161428234,0.6736645462791103,0.15444212370001986
1581,Gradient boosting,0.5627209527418102,0.7285378336006343,0.1450338296869565
1582,Oracle reference-risk logit,0.4900838287943631,0.779937571150527,0.13447246607311092
1582,Linear logistic,0.33806174322888705,0.6836061841283831,0.15542509790052245
1582,Gradient boosting,0.5482346026503425,0.7381146487459146,0.14334116337860017
1583,Oracle reference-risk logit,0.46408830507532794,0.7929904491143486,0.11849956236315369
1583,Linear logistic,0.3719162350180216,0.7089239859553507,0.1387294130434692
1583,Gradient boosting,0.5583050835879685,0.7588990933864376,0.1283775612207583
1584,Oracle reference-risk logit,0.4907396714401832,0.803670137911624,0.12173264371281824
1584,Linear logistic,0.3011897456731278,0.691172851915886,0.1425546748347237
1584,Gradient boosting,0.554363181334197,0.7654778657874634,0.1317684497819072
1585,Oracle reference-risk logit,0.47657244456021064,0.8005159721508115,0.1274316920690504
1585,Linear logistic,0.35838670615337026,0.6965155245313606,0.14980391457161318
1585,Gradient boosting,0.6484331620680144,0.756744536320689,0.13760352528354805
1586,Oracle reference-risk logit,0.4636026644135379,0.7931040454419507,0.12123639204785372
1586,Linear logistic,0.3506399973492397,0.7048508778558653,0.14433362736988317
1586,Gradient boosting,0.5509458051837443,0.7751171314138896,0.12729167984661874
1587,Oracle reference-risk logit,0.4860043915290689,0.7692535986780488,0.13291451249044786
1587,Linear logistic,0.3244975767029672,0.6868329843525363,0.15420833495417388
1587,Gradient boosting,0.5860588424637435,0.7348551282280724,0.1408955838041948
1588,Oracle reference-risk logit,0.46370819934763946,0.7750625061582421,0.12847546597635642
1588,Linear logistic,0.3569682647378161,0.6871705340427627,0.14789347385796184
1588,Gradient boosting,0.5538177399929229,0.7372986254803429,0.13738142956061614
1589,Oracle reference-risk logit,0.516746336029695,0.8094961459986397,0.12034641267181981
1589,Linear logistic,0.35471782754952763,0.7100682636842238,0.14328393848309776
1589,Gradient boosting,0.5669305627099485,0.7592296090581627,0.13154371406403179
1590,Oracle reference-risk logit,0.48019941280617573,0.7670441599582646,0.12877075182909492
1590,Linear logistic,0.3795145938940443,0.6935783189894263,0.1461634566316829
1590,Gradient boosting,0.5767539992060877,0.7281718314683898,0.13836192170805867
1591,Oracle reference-risk logit,0.49163088947982764,0.7752332562250894,0.12921325663414632
1591,Linear logistic,0.3120554621345227,0.6912322321548952,0.15149725862212965
1591,Gradient boosting,0.550500691921708,0.7394529101923767,0.13889700761488338
1592,Oracle reference-risk logit,0.4733101259861371,0.7765046420845947,0.13004444369456752
1592,Linear logistic,0.34696361125987485,0.6824402408612614,0.14850341748534587
1592,Gradient boosting,0.5898921235420843,0.7211614490977061,0.1384402491264195
1593,Oracle reference-risk logit,0.4822362413669662,0.7635759948305824,0.13111025075491306
1593,Linear logistic,0.31144007327579065,0.6830579238263728,0.14757986519478006
1593,Gradient boosting,0.575626596276186,0.732093676873757,0.13879771009256864
1594,Oracle reference-risk logit,0.4210380919376141,0.7661358367222835,0.1307108422436483
1594,Linear logistic,0.2923574497055651,0.7008156284443768,0.14913312269941748
1594,Gradient boosting,0.4866276868122051,0.726091748698263,0.1398074412743917
1595,Oracle reference-risk logit,0.5122266441874177,0.7730500828119665,0.1290006344098494
1595,Linear logistic,0.3838810563944658,0.6836793484556056,0.15182644651119576
1595,Gradient boosting,0.5903019729622807,0.7466736065250715,0.13677111975692002
1596,Oracle reference-risk logit,0.4572896888505414,0.7506480065073815,0.13291930572043784
1596,Linear logistic,0.40326541157556867,0.6825496552059052,0.15113058735888188
1596,Gradient boosting,0.5399943574001546,0.7376089622183372,0.14314061524106536
1597,Oracle reference-risk logit,0.5103399776327346,0.777614142869822,0.131460283751087
1597,Linear logistic,0.3426359969581166,0.7103416426103295,0.14963221897291157
1597,Gradient boosting,0.552614762592871,0.7391159803778513,0.14113215720258715
1598,Oracle reference-risk logit,0.4342800317754214,0.7660429913334238,0.12933347657055783
1598,Linear logistic,0.364883875044643,0.6858588363363012,0.14751746307369992
1598,Gradient boosting,0.5136255038149694,0.7433682834814153,0.13519758269467036
1599,Oracle reference-risk logit,0.5657659927410369,0.7793865595661404,0.12635777836573595
1599,Linear logistic,0.33289612113433326,0.6871482566319613,0.1434197709047125
1599,Gradient boosting,0.5505526444383102,0.721962855900335,0.1365827952290694
1600,Oracle reference-risk logit,0.4818661874313138,0.7860377788757553,0.12709843681938515
1600,Linear logistic,0.35192499871997757,0.7071323780928129,0.14757922611177493
1600,Gradient boosting,0.5824130110306982,0.750206377560716,0.13478166484111637
1601,Oracle reference-risk logit,0.5123020666648649,0.7762020137090444,0.1259733743922067
1601,Linear logistic,0.37449007795625344,0.7015686904710398,0.1465939691153205
1601,Gradient boosting,0.5765852336804265,0.7572887243418978,0.13279940692232242
1602,Oracle reference-risk logit,0.47560090721096765,0.7812437398951063,0.1231898695735282
1602,Linear logistic,0.3703918151073759,0.6899514965101148,0.14529587347529066
1602,Gradient boosting,0.5493821278914603,0.7698473914586537,0.12747131048581092
1603,Oracle reference-risk logit,0.4839144209285786,0.7840098774130834,0.12167843976467446
1603,Linear logistic,0.3329354566424392,0.6999115991101195,0.14153182402375142
1603,Gradient boosting,0.578103664351292,0.7368980747525754,0.13171810133547182
1604,Oracle reference-risk logit,0.4791777501943509,0.7813521765734806,0.12564758463936174
1604,Linear logistic,0.3792002832153955,0.7061100432038865,0.14721820049468567
1604,Gradient boosting,0.5417791609916438,0.7501653367616246,0.1320446133572749
1605,Oracle reference-risk logit,0.4614072463699524,0.8024292412168481,0.1244040993603405
1605,Linear logistic,0.3268508269769099,0.6998829777657755,0.14776786217628926
1605,Gradient boosting,0.5893955232350283,0.7776257149875425,0.13058887062796626
1606,Oracle reference-risk logit,0.4998957999883635,0.7823860742655163,0.13185651451099156
1606,Linear logistic,0.35569916037025856,0.7057656493481814,0.14814164207334954
1606,Gradient boosting,0.49608356229481676,0.7549481205579416,0.13796961355970622
1607,Oracle reference-risk logit,0.5055834224185883,0.7843400914987884,0.129076171305694
1607,Linear logistic,0.2732500500892073,0.692261944095685,0.14961986282129408
1607,Gradient boosting,0.5564882104834048,0.7649415492708834,0.13400327003482465
1608,Oracle reference-risk logit,0.5131780691287835,0.7698624999999999,0.13351032653244285
1608,Linear logistic,0.2683554660051814,0.659096875,0.15137603503936597
1608,Gradient boosting,0.42519803817357926,0.72656875,0.13915547139557538
1609,Oracle reference-risk logit,0.4804450034694927,0.7780427537064705,0.12943965200816515
1609,Linear logistic,0.356240666032493,0.6840396445659604,0.15139955282265624
1609,Gradient boosting,0.5628577201442397,0.7402446179809943,0.13940806038181353
1610,Oracle reference-risk logit,0.47680435469373533,0.7878271088098123,0.1293149398532284
1610,Linear logistic,0.3964511753069776,0.7038566339833278,0.1517075723245207
1610,Gradient boosting,0.5767322387079823,0.7687561969813815,0.1322617790719132
1611,Oracle reference-risk logit,0.4929184833147839,0.7681117266641517,0.1328167487827363
1611,Linear logistic,0.3441201449890286,0.6993854063937731,0.14969620527617683
1611,Gradient boosting,0.5556248211743271,0.7481044854577488,0.14118554342257034
1612,Oracle reference-risk logit,0.46701732347859404,0.7618530915808052,0.12870179893632963
1612,Linear logistic,0.32359992142950045,0.6927666390553373,0.1425356977695726
1612,Gradient boosting,0.478048256248923,0.7304649844746822,0.13852693478286154
1613,Oracle reference-risk logit,0.4841190088536502,0.7901227623427465,0.1300886831755431
1613,Linear logistic,0.4123351226885971,0.6973798031241687,0.15012012139800504
1613,Gradient boosting,0.6162368239688503,0.752535441450344,0.13757858628311367
1614,Oracle reference-risk logit,0.5412927165803828,0.7564625414421962,0.13430864918107976
1614,Linear logistic,0.3747113402758229,0.6805369291351797,0.15105068262480847
1614,Gradient boosting,0.5231330416287068,0.7219920937520501,0.14287418730851545
1615,Oracle reference-risk logit,0.41478754030223547,0.7716031136072519,0.12953285888891578
1615,Linear logistic,0.34253694292063863,0.6824379249187112,0.14986688685103378
1615,Gradient boosting,0.5358593117735397,0.736493435313824,0.14106210732171548
1616,Oracle reference-risk logit,0.5611258268861287,0.7804981528651411,0.12417209252694886
1616,Linear logistic,0.3638751507429952,0.6841532956939993,0.1459090291827926
1616,Gradient boosting,0.5306826489660831,0.7417876745585654,0.13390998045149557
1617,Oracle reference-risk logit,0.46638209003734216,0.7846582011590257,0.1296909336182149
1617,Linear logistic,0.37940920033345804,0.6962590611308415,0.14870158991142043
1617,Gradient boosting,0.50770554305777,0.7468116037798189,0.13772449779488374
1618,Oracle reference-risk logit,0.6360154216628516,0.7650989027534677,0.128184898887125
1618,Linear logistic,0.3486022277026969,0.6704543315830087,0.1484944455200424
1618,Gradient boosting,0.5870449327981936,0.7256350416251043,0.1375467565375898
1619,Oracle reference-risk logit,0.4677760537330161,0.7708079500456899,0.12874533676750158
1619,Linear logistic,0.3494803596653862,0.676066415372119,0.14591266748900353
1619,Gradient boosting,0.5446806362128309,0.7393072900802112,0.1356706343762656
1620,Oracle reference-risk logit,0.5325815679023299,0.7752477373830341,0.13260025874755443
1620,Linear logistic,0.33848216815248466,0.6867111520171805,0.15133031391722282
1620,Gradient boosting,0.5424539562709566,0.7541026231017027,0.1357022481811909
1621,Oracle reference-risk logit,0.4617429801641351,0.7799985431235431,0.1391959219197278
1621,Linear logistic,0.31365266563248406,0.6804312354312354,0.15829799485735785
1621,Gradient boosting,0.5403593615391027,0.7496226689976689,0.14891466535097475
1622,Oracle reference-risk logit,0.5766900660760735,0.752832357794933,0.13452619285200224
1622,Linear logistic,0.3149612096315697,0.6650756222534009,0.150777943466592
1622,Gradient boosting,0.5533703135334659,0.7349466286752662,0.14040370072266722
1623,Oracle reference-risk logit,0.5425530606903269,0.7735757041606991,0.1352552850932514
1623,Linear logistic,0.3109267701924555,0.7126025485659726,0.15258489509104364
1623,Gradient boosting,0.5570615631775659,0.7407998237303074,0.1422055819089606
1624,Oracle reference-risk logit,0.458164206349888,0.7736690860613242,0.13384001046769423
1624,Linear logistic,0.3253391552017852,0.6804503036587173,0.15505577377234547
1624,Gradient boosting,0.5169541372982985,0.7410857650718412,0.1415203967739891
1625,Oracle reference-risk logit,0.4796364998475299,0.7645221255486014,0.1310912627893588
1625,Linear logistic,0.3971979608542415,0.6690148037920084,0.1495857171722226
1625,Gradient boosting,0.5497953972083245,0.7332488988687771,0.13907666366373486
1626,Oracle reference-risk logit,0.4910776834556711,0.7821823571890084,0.12948283537415137
1626,Linear logistic,0.3400825795883965,0.698155144236251,0.14950203190389005
1626,Gradient boosting,0.5230878732073846,0.7791159591045569,0.13239084848292565
1627,Oracle reference-risk logit,0.4699074022400708,0.8018580470162748,0.12622645371437552
1627,Linear logistic,0.346767154499238,0.6978933092224231,0.15002177716145793
1627,Gradient boosting,0.5910248671633755,0.7677124773960218,0.13427388061164075
1628,Oracle reference-risk logit,0.4900644799191054,0.7784198041481661,0.12845005984566057
1628,Linear logistic,0.3615040562861194,0.6751850829461681,0.14897322973660437
1628,Gradient boosting,0.5658812877474788,0.75795345906653,0.13206550123318772
1629,Oracle reference-risk logit,0.4698183624401237,0.7516370564136763,0.13172766140469067
1629,Linear logistic,0.3663835198582545,0.6538973918243454,0.15191692784636415
1629,Gradient boosting,0.6117023885977959,0.7148617953378137,0.1374120254819329
1630,Oracle reference-risk logit,0.4615849466554767,0.7609290587168265,0.130477765175786
1630,Linear logistic,0.2911701798287588,0.6713577033794709,0.14788436526667126
1630,Gradient boosting,0.5447893418263391,0.7215189873417722,0.13703782379403465
1631,Oracle reference-risk logit,0.44023389239328337,0.8037619969065293,0.11951568504604138
1631,Linear logistic,0.36887195491555597,0.7015933315644032,0.1409011709123989
1631,Gradient boosting,0.5388188544210016,0.7650515470589376,0.12771883573862125
1632,Oracle reference-risk logit,0.5198228891361704,0.7594305592917758,0.1326055718210292
1632,Linear logistic,0.30559185389473076,0.6997261010980412,0.14851335491449746
1632,Gradient boosting,0.5590296230492545,0.7086270511848572,0.14043964079348176
1633,Oracle reference-risk logit,0.456103668128133,0.7597266061322322,0.1293616185947062
1633,Linear logistic,0.33852602909191526,0.677911091873244,0.14407887116713078
1633,Gradient boosting,0.5447457420646681,0.7124695422954774,0.13759922715443398
1634,Oracle reference-risk logit,0.47452441603565854,0.7735489607344979,0.1326706225451113
1634,Linear logistic,0.30401976025252014,0.6671829406179286,0.15419413342720736
1634,Gradient boosting,0.47670777412162263,0.7372829800177827,0.14132981676722559
1635,Oracle reference-risk logit,0.4643735274973354,0.7736329607853524,0.13810586742967615
1635,Linear logistic,0.33036125207033556,0.6770794710171797,0.1575668650822477
1635,Gradient boosting,0.5094405600641564,0.7266517470911242,0.1498787384588718
1636,Oracle reference-risk logit,0.48635695334471624,0.7881879262905747,0.12298054501118079
1636,Linear logistic,0.33915495946905017,0.7140270759586025,0.14153924146391186
1636,Gradient boosting,0.5403668988503083,0.7475676302893411,0.13302893284178108
1637,Oracle reference-risk logit,0.4773813938696255,0.7615139904795077,0.13117695004399296
1637,Linear logistic,0.3371223307314113,0.6914524555903867,0.14763871502174447
1637,Gradient boosting,0.5865906355712504,0.7373551608034368,0.14159568930850025
1638,Oracle reference-risk logit,0.47675411333268064,0.7861954344691706,0.11986706843927508
1638,Linear logistic,0.3978994460009272,0.6960656710964973,0.1409221107706206
1638,Gradient boosting,0.5833731683503087,0.7504305873603038,0.12913924059704607
1639,Oracle reference-risk logit,0.42794650605054324,0.7739709940696378,0.1228191168877058
1639,Linear logistic,0.31587959737310595,0.6921120962427991,0.14080586568760947
1639,Gradient boosting,0.5277615780557046,0.7498124335362313,0.13092680867172782
1640,Oracle reference-risk logit,0.4702674772976088,0.7836945860823266,0.13102667750054856
1640,Linear logistic,0.39116582714342274,0.705869900274747,0.1490451356041646
1640,Gradient boosting,0.5021560094192826,0.758074882273029,0.1384759283816736
1641,Oracle reference-risk logit,0.468989051725671,0.7642193871702068,0.1373784792318126
1641,Linear logistic,0.3361269624316713,0.6967890529738517,0.15268556048202178
1641,Gradient boosting,0.5635337074694204,0.7411053923721584,0.14332447698793274
1642,Oracle reference-risk logit,0.40823086207621984,0.7863642433954935,0.12883778525178466
1642,Linear logistic,0.370865040049564,0.7001095692501942,0.1493943410376243
1642,Gradient boosting,0.5157019466762301,0.7625731473387724,0.13466197452753054
1643,Oracle reference-risk logit,0.4751855453219945,0.7799532806984373,0.13072868624094175
1643,Linear logistic,0.3439588614386114,0.684412457884887,0.15199330658070578
1643,Gradient boosting,0.5297995144687118,0.7570804754113248,0.1370292069571796
1644,Oracle reference-risk logit,0.487701169298218,0.7779202798672362,0.12997767886328568
1644,Linear logistic,0.4254210480029254,0.7039699365230453,0.1477544377897128
1644,Gradient boosting,0.5711160076097667,0.7294426142368859,0.14203198528452374
1645,Oracle reference-risk logit,0.4270122101446813,0.7867210511782032,0.13416521952522784
1645,Linear logistic,0.3267536611604545,0.6989800027614139,0.1578902596042983
1645,Gradient boosting,0.5113128945136804,0.7597181631995582,0.1395405012404997
1646,Oracle reference-risk logit,0.4814700988198306,0.7881138797776849,0.1258947708979254
1646,Linear logistic,0.3486975459821005,0.7043339636508279,0.14614639410770194
1646,Gradient boosting,0.5138252184517895,0.7439989061375936,0.13389940328856714
1647,Oracle reference-risk logit,0.6084179092880783,0.7974717382301858,0.12811153001039946
1647,Linear logistic,0.34374229874897944,0.7034507481874764,0.14844866825079492
1647,Gradient boosting,0.5629409936482113,0.755902676910335,0.1364153354281471
1648,Oracle reference-risk logit,0.5103926379672546,0.7776893580981981,0.13320883278647816
1648,Linear logistic,0.2923644016742965,0.6684633077551414,0.15416618312788571
1648,Gradient boosting,0.5140285357121345,0.7372972761557195,0.1434160776160554
1649,Oracle reference-risk logit,0.4467022277216699,0.7789455703382839,0.12718671187756006
1649,Linear logistic,0.3488090627792869,0.7071134359529703,0.14139787789453803
1649,Gradient boosting,0.5302805015896612,0.7528523360148515,0.13071828709865294
1650,Oracle reference-risk logit,0.49172976109979066,0.7806741452974666,0.12604116666743745
1650,Linear logistic,0.3691783260541274,0.701260702932631,0.14459317099912414
1650,Gradient boosting,0.5844319775717377,0.7448376862652049,0.1336402380378859
1651,Oracle reference-risk logit,0.5459752551807382,0.7759899160572166,0.1245400006772239
1651,Linear logistic,0.3219697749154132,0.6971367897011536,0.14350832386130824
1651,Gradient boosting,0.548330401878397,0.7363344613658146,0.1326021507558487
1652,Oracle reference-risk logit,0.5858567824238837,0.7974054998944133,0.1312434070972513
1652,Linear logistic,0.37929807152798883,0.6936929538468758,0.1544569602695053
1652,Gradient boosting,0.5396732842817437,0.7528816372979188,0.1427763240531387
1653,Oracle reference-risk logit,0.5213714203040222,0.7828500615308178,0.1330760583415792
1653,Linear logistic,0.4011534154573549,0.6787014340916631,0.1595659815222896
1653,Gradient boosting,0.605739258544173,0.7614772565727407,0.14153598599291672
1654,Oracle reference-risk logit,0.4427596015936252,0.74833822524225,0.13081765344455829
1654,Linear logistic,0.3327696832156373,0.6895597281974991,0.1432951539020342
1654,Gradient boosting,0.5317111160738922,0.7071480841140283,0.13864984119495177
1655,Oracle reference-risk logit,0.49102546316104584,0.80277613557986,0.12369560547951369
1655,Linear logistic,0.40488543730754695,0.7160819415705981,0.14599202137938574
1655,Gradient boosting,0.5960817827337742,0.7799475317765298,0.12858453218794536
1656,Oracle reference-risk logit,0.4567614042413502,0.7783931851728463,0.12917286645399953
1656,Linear logistic,0.33580273963542173,0.6794221031509168,0.14908244315230967
1656,Gradient boosting,0.5480453707526551,0.7419129453027757,0.13972485898724463
1657,Oracle reference-risk logit,0.5735388821726823,0.7549089108356386,0.1395290081336106
1657,Linear logistic,0.35035931506551654,0.654763150486875,0.15769487802164098
1657,Gradient boosting,0.5413935794006159,0.7254797637768584,0.14619531026925425
1658,Oracle reference-risk logit,0.5462669906741371,0.763779623154623,0.133058996973189
1658,Linear logistic,0.3525597716070358,0.6961077117327117,0.14987371089875534
1658,Gradient boosting,0.5750273207056863,0.7259585033022533,0.14127563259910006
1659,Oracle reference-risk logit,0.5095249486368916,0.7724717658313589,0.12321473813125172
1659,Linear logistic,0.34904730319712557,0.677640914023024,0.1447106692928848
1659,Gradient boosting,0.5179342014894127,0.7327593402289552,0.13254143466851007
1660,Oracle reference-risk logit,0.5142571525076374,0.7876377662293956,0.12233956827707507
1660,Linear logistic,0.3178156270183753,0.7107410739132405,0.14109781684063907
1660,Gradient boosting,0.6347811372070865,0.7523686407496812,0.12760336854438287
1661,Oracle reference-risk logit,0.472723290347293,0.7605681878729754,0.12689445635871677
1661,Linear logistic,0.335794867305889,0.6657259031329923,0.14286559692424386
1661,Gradient boosting,0.5280754466040608,0.7196374813512362,0.13659099573865
1662,Oracle reference-risk logit,0.47068197074785506,0.7772315082749518,0.12673196709482942
1662,Linear logistic,0.34266482016550426,0.6925274774088741,0.14570283848561486
1662,Gradient boosting,0.5528687214001636,0.7378937582495685,0.13739024645249923
1663,Oracle reference-risk logit,0.49824606742893196,0.7915345874685232,0.12997776041598852
1663,Linear logistic,0.2987668010265683,0.6851459043104726,0.15366413854588284
1663,Gradient boosting,0.5753725959082562,0.7721226484965189,0.13568932935220535
1664,Oracle reference-risk logit,0.5094507090156305,0.7791002885074656,0.13591435128147566
1664,Linear logistic,0.36333534255914757,0.6962715844546086,0.15332384219676323
1664,Gradient boosting,0.5354582996906134,0.7407159303145782,0.14578920292626033
1665,Oracle reference-risk logit,0.4530944985071582,0.7697128842079162,0.1280704131808336
1665,Linear logistic,0.3327777144444919,0.678119719798639,0.14688028293431876
1665,Gradient boosting,0.5245909915413702,0.7335210031806384,0.13878214519276663
1666,Oracle reference-risk logit,0.47949572076921926,0.7646265131339334,0.12995290897744874
1666,Linear logistic,0.34597177222749587,0.6734750330019563,0.15076175325785302
1666,Gradient boosting,0.526602029578298,0.7292441130503334,0.13768674728163843
1667,Oracle reference-risk logit,0.4693401924942112,0.7670652261250626,0.12961576657561175
1667,Linear logistic,0.3684449046722166,0.688554987607469,0.14749229689124382
1667,Gradient boosting,0.6157766077114836,0.738247183094239,0.13742618610228194
1668,Oracle reference-risk logit,0.5359165014273026,0.7670688066893425,0.1396344672577056
1668,Linear logistic,0.27626094991793204,0.6731076979402872,0.1572999978671581
1668,Gradient boosting,0.43506062994347666,0.712828621031746,0.15178118827458406
1669,Oracle reference-risk logit,0.4681439410499653,0.7786227873916753,0.12689830387869774
1669,Linear logistic,0.36990120113636143,0.6826938758706739,0.14702265145460058
1669,Gradient boosting,0.5315078978907598,0.7456167435409017,0.12990382667582448
1670,Oracle reference-risk logit,0.47804062332564656,0.7820756343487669,0.13050129245878953
1670,Linear logistic,0.35246813794508336,0.6908709067560819,0.15275321361237462
1670,Gradient boosting,0.5736311798630196,0.7416931226367981,0.13931074609571778
1671,Oracle reference-risk logit,0.5009600937846926,0.7716033755274261,0.13341065091729482
1671,Linear logistic,0.360620237630956,0.6980259192284508,0.14930523548204108
1671,Gradient boosting,0.562734580328928,0.7435322483423749,0.14041528024770378
1672,Oracle reference-risk logit,0.6226378952374906,0.7851789570466795,0.12823656299941694
1672,Linear logistic,0.41759702346495325,0.6991120197920384,0.14904561195663762
1672,Gradient boosting,0.6069036572325169,0.7562439888941985,0.13778846952852622
1673,Oracle reference-risk logit,0.46572508982418703,0.7679452412112053,0.13504986391368912
1673,Linear logistic,0.35554372462482436,0.6811748674428958,0.15351436321434384
1673,Gradient boosting,0.5095456105051025,0.7450616201273927,0.13962876648622607
1674,Oracle reference-risk logit,0.4583529641932305,0.7850806622348308,0.12980968795410014
1674,Linear logistic,0.27320819033690813,0.6958425831271663,0.15058299514326776
1674,Gradient boosting,0.48992785702106245,0.7400540772687954,0.14102467200512858
1675,Oracle reference-risk logit,0.5305039478132026,0.778809823677582,0.13012731893313054
1675,Linear logistic,0.41055810711674834,0.689898143845834,0.15026416097958736
1675,Gradient boosting,0.6237174341540423,0.7362867134577291,0.13822060655262147
1676,Oracle reference-risk logit,0.44954202268349186,0.7679639162651929,0.13276101363138357
1676,Linear logistic,0.35192005833255025,0.6606955075689027,0.1533384858579739
1676,Gradient boosting,0.5773783433170571,0.7483125871218606,0.13867359277437769
1677,Oracle reference-risk logit,0.5177229079088062,0.7847020903124637,0.1316741976328237
1677,Linear logistic,0.366624695706158,0.6899726017706419,0.1552183007338907
1677,Gradient boosting,0.550758955588596,0.7667878634244691,0.1367817770663027
1678,Oracle reference-risk logit,0.49430967152781946,0.8008942967019868,0.12182041394250909
1678,Linear logistic,0.3575423001345641,0.7093629822018959,0.14483688476705908
1678,Gradient boosting,0.6109010692552947,0.779622205910953,0.12757336393289995
1679,Oracle reference-risk logit,0.4389621183818464,0.7652542477640907,0.1326709476831255
1679,Linear logistic,0.34318896900314766,0.6616653583944719,0.152075257529894
1679,Gradient boosting,0.5611726677480084,0.7325639250638168,0.13691134607151445
1680,Oracle reference-risk logit,0.4505999441567025,0.7620443341159346,0.123180838381762
1680,Linear logistic,0.3606224790629416,0.683853987528226,0.1396096167338186
1680,Gradient boosting,0.521531790142799,0.732584628114828,0.1322827170530591
1681,Oracle reference-risk logit,0.5687004050428062,0.7765328617860188,0.12057934606653485
1681,Linear logistic,0.35884784669515757,0.6864776481244672,0.13902568886413338
1681,Gradient boosting,0.5034153915989372,0.730890012254902,0.13023996180623432
1682,Oracle reference-risk logit,0.5579138481946736,0.7880109919037439,0.12477947109299622
1682,Linear logistic,0.34219089843123757,0.695942562166535,0.14222130024153443
1682,Gradient boosting,0.5966579053765866,0.7398186849522635,0.13401534770605195
1683,Oracle reference-risk logit,0.5578704651330246,0.793197961458831,0.12348719904102465
1683,Linear logistic,0.35765459348103906,0.667130116260551,0.1471945776572274
1683,Gradient boosting,0.5133076007079613,0.761863354037267,0.13274148185430681
1684,Oracle reference-risk logit,0.47476549230988807,0.7767420132610006,0.13377591587276896
1684,Linear logistic,0.4018593024549701,0.7254008438818567,0.1476373877014405
1684,Gradient boosting,0.571686399430015,0.723441078963231,0.14436762489272376
1685,Oracle reference-risk logit,0.4768135663304486,0.7879824982756922,0.1253444909205382
1685,Linear logistic,0.4186119720787749,0.6931548058922061,0.14795980106539142
1685,Gradient boosting,0.6016861100717298,0.7637582828357473,0.1319208691250813
1686,Oracle reference-risk logit,0.4697251886386936,0.7785886350831585,0.13421434888331885
1686,Linear logistic,0.40704056379592124,0.6900444961027092,0.1541111199715718
1686,Gradient boosting,0.5745845679512557,0.7391610066855061,0.14036837739267724
1687,Oracle reference-risk logit,0.45841865482293925,0.7678323221838443,0.1343106226170593
1687,Linear logistic,0.38026415118810286,0.7095808651144478,0.15121825549042775
1687,Gradient boosting,0.5493826982162383,0.738961618077802,0.14115520776563378
1688,Oracle reference-risk logit,0.6275482550671139,0.8015104490979308,0.11861924109983592
1688,Linear logistic,0.38435710058343586,0.7018113295122664,0.13991707517475785
1688,Gradient boosting,0.5409421947967273,0.7809587314973254,0.12363158016032608
1689,Oracle reference-risk logit,0.4424873445010827,0.7633998234887824,0.12968739219414116
1689,Linear logistic,0.3526501940628735,0.6652969993093039,0.14624564420273878
1689,Gradient boosting,0.5169015352050629,0.7183766723798317,0.1376169320870438
1690,Oracle reference-risk logit,0.4647483025484445,0.789537337118445,0.11939062226139693
1690,Linear logistic,0.3056482516723288,0.7101071957978071,0.13972724947119075
1690,Gradient boosting,0.5139019540635169,0.7504964281686826,0.13240005369788396
1691,Oracle reference-risk logit,0.4702835447733567,0.7855795625874735,0.12928937870350285
1691,Linear logistic,0.3581480078026115,0.7093206951026857,0.1488693294639204
1691,Gradient boosting,0.5320507250849226,0.7471452855915761,0.13923048371702698
1692,Oracle reference-risk logit,0.4935062752695068,0.7659930681133212,0.1340779167625733
1692,Linear logistic,0.26606185155358375,0.6840521398432791,0.15221129628566787
1692,Gradient boosting,0.5326631537787324,0.7239285714285714,0.14194664954313804
1693,Oracle reference-risk logit,0.48950626854416546,0.7775202012490149,0.12832669298406582
1693,Linear logistic,0.4244017846326192,0.6851335156419902,0.1485589508127804
1693,Gradient boosting,0.5169679275630933,0.7506705472807169,0.13629151683180377
1694,Oracle reference-risk logit,0.504467673054901,0.791752540914665,0.12076590221003386
1694,Linear logistic,0.3228269485434654,0.7020885901214118,0.1422833002370748
1694,Gradient boosting,0.5645736531396542,0.75624153295966,0.12900701927603944
1695,Oracle reference-risk logit,0.531775735263291,0.7791182810652943,0.12573525645965264
1695,Linear logistic,0.3371008481861187,0.7087002421123831,0.14333032451002137
1695,Gradient boosting,0.5236576323882184,0.7410203488188329,0.1314573147787707
1696,Oracle reference-risk logit,0.47176252779415956,0.7942519216377125,0.12433235040283123
1696,Linear logistic,0.33725210178005616,0.7141933908747541,0.14301010777531378
1696,Gradient boosting,0.5662659462691464,0.7678580261984205,0.13067436915776906
1697,Oracle reference-risk logit,0.5072678123344487,0.7660044386295273,0.13136500765990883
1697,Linear logistic,0.40122663599385733,0.6698280183903549,0.15289584828920752
1697,Gradient boosting,0.4802852763627499,0.7522514122912132,0.13341548217102212
1698,Oracle reference-risk logit,0.5005915309219521,0.7707984290015539,0.13346036328877017
1698,Linear logistic,0.3169546007747666,0.6856606934731935,0.15154237854154962
1698,Gradient boosting,0.5025155833064544,0.7409036276223776,0.13955028467286953
1699,Oracle reference-risk logit,0.45845358987061996,0.765852225667893,0.12893715629168886
1699,Linear logistic,0.33501608140038697,0.679989213552401,0.14517945378958955
1699,Gradient boosting,0.5517084530891203,0.7213613395740638,0.13616075329205365
1700,Oracle reference-risk logit,0.47050764312881965,0.7758848480634171,0.12584452030382778
1700,Linear logistic,0.36413383509782665,0.6801177058113295,0.14693365955439078
1700,Gradient boosting,0.558350708321046,0.751110998729384,0.13337762077847037
1701,Oracle reference-risk logit,0.4802847837265013,0.7879958468999179,0.1253918268119738
1701,Linear logistic,0.3322973820982889,0.7027380974786541,0.14421617064097436
1701,Gradient boosting,0.564398424676113,0.7556038620066625,0.13254694401130077
1702,Oracle reference-risk logit,0.43418632008156616,0.807445349818231,0.12479774380443436
1702,Linear logistic,0.32402152430263687,0.7168971745242931,0.14562201797338234
1702,Gradient boosting,0.4634528142993892,0.7739943333163672,0.13238348307159598
1703,Oracle reference-risk logit,0.4377995048705725,0.7868776309617364,0.12944316974175554
1703,Linear logistic,0.37484381736314426,0.6919162843966836,0.15055929015529848
1703,Gradient boosting,0.5117192135924761,0.7431800598229679,0.14025083451589773
1704,Oracle reference-risk logit,0.5720887307721347,0.7574434689562707,0.12615933434509044
1704,Linear logistic,0.34165727265598833,0.6858482234942244,0.1440836945462084
1704,Gradient boosting,0.5514924563174652,0.7306927470090759,0.13471587403359522
1705,Oracle reference-risk logit,0.5013024292537508,0.787783041386655,0.12695155705710828
1705,Linear logistic,0.40154352590971926,0.6921861114171348,0.15444038118400863
1705,Gradient boosting,0.5141501012069095,0.7604494877162058,0.13394460167425604
1706,Oracle reference-risk logit,0.4614372023716868,0.7802739289695813,0.12626029559013663
1706,Linear logistic,0.38299928896580115,0.6797404045230133,0.14597099928990218
1706,Gradient boosting,0.5428709601192538,0.7447109412326803,0.13397332110648086
1707,Oracle reference-risk logit,0.4972097296418739,0.7789977746166933,0.1292719918232081
1707,Linear logistic,0.38373033967191916,0.6885129925118654,0.15040651100570773
1707,Gradient boosting,0.6153846619743654,0.7545109837587921,0.13673746181709717
1708,Oracle reference-risk logit,0.4578898756722309,0.7770501954410002,0.12787465040121399
1708,Linear logistic,0.3014166098721758,0.6902078253802391,0.1490459017319796
1708,Gradient boosting,0.5275716417298041,0.7366198382290337,0.13755714547796827
1709,Oracle reference-risk logit,0.4350563463148696,0.7641396188491029,0.1310594404126183
1709,Linear logistic,0.31371534006450347,0.6979872329338197,0.14756210231343664
1709,Gradient boosting,0.5249816616458624,0.7400214645524702,0.14106484676626835
1710,Oracle reference-risk logit,0.4473124250279218,0.7875897050712535,0.12493072740128174
1710,Linear logistic,0.32326519589010766,0.6959605022698309,0.14486650270534654
1710,Gradient boosting,0.5079352390644896,0.7468223152118745,0.13518498650977817
1711,Oracle reference-risk logit,0.48198015310723863,0.794472152950956,0.1235725365210237
1711,Linear logistic,0.2913250247120989,0.6955307438474521,0.14628424222502281
1711,Gradient boosting,0.504405357610904,0.7637739615607446,0.13297588551323455
1712,Oracle reference-risk logit,0.5086407591905657,0.7835081374321881,0.12920445195063304
1712,Linear logistic,0.31639193153921064,0.6993459915611815,0.15156608109978162
1712,Gradient boosting,0.489391697539429,0.7384207353827607,0.1388518512022481
1713,Oracle reference-risk logit,0.45453064319077807,0.7665764784964759,0.131919585466057
1713,Linear logistic,0.33281263794258126,0.6850074799526551,0.15053469383243734
1713,Gradient boosting,0.5459322113246318,0.7204901704081742,0.14280764767107607
1714,Oracle reference-risk logit,0.4565751153739446,0.7388610946909077,0.1333643148239328
1714,Linear logistic,0.27312338281370224,0.672243127944623,0.14646084216620495
1714,Gradient boosting,0.46516651284796895,0.7047054696098078,0.14289496141164693
1715,Oracle reference-risk logit,0.48313980774719323,0.7931860687318002,0.12067448759542689
1715,Linear logistic,0.3222345112688922,0.7072493444386752,0.13919891467167145
1715,Gradient boosting,0.555671006686379,0.7676228394147395,0.12899555822178757
1716,Oracle reference-risk logit,0.5565985781040212,0.7672704021081491,0.12738405150363757
1716,Linear logistic,0.3216117201723403,0.699411119776655,0.141276522042531
1716,Gradient boosting,0.5484060701545309,0.749539407502854,0.1316227106256855
1717,Oracle reference-risk logit,0.4391668289367121,0.769563624781016,0.13025476246525813
1717,Linear logistic,0.32082170925391146,0.691626055104316,0.14378283006615128
1717,Gradient boosting,0.5738383169253216,0.7351536868928172,0.13614328714795046
1718,Oracle reference-risk logit,0.46746203589194035,0.7695081078989126,0.12712583825112364
1718,Linear logistic,0.40387510914708585,0.7156623708347846,0.14435178448931973
1718,Gradient boosting,0.509239334960612,0.7617725144161926,0.13164400965723633
1719,Oracle reference-risk logit,0.5166583095060098,0.798044178554993,0.1278644280649541
1719,Linear logistic,0.3514149948831594,0.7110231630618192,0.1487169998977063
1719,Gradient boosting,0.5678013245163882,0.7419190059825127,0.1406250532130696
1720,Oracle reference-risk logit,0.45048766613888525,0.7919589310718343,0.11836665559413795
1720,Linear logistic,0.36536726550233783,0.6765689810044648,0.14162248862967916
1720,Gradient boosting,0.5682519348904476,0.7439664738051834,0.1293938252320411
1721,Oracle reference-risk logit,0.4445283411749247,0.7484033294059518,0.13763672950090555
1721,Linear logistic,0.3312355632331958,0.6746395043897989,0.1541559369907746
1721,Gradient boosting,0.5235709009527071,0.7270928508988636,0.1434547966968502
1722,Oracle reference-risk logit,0.4531763601811205,0.7784678423284167,0.1309828105430152
1722,Linear logistic,0.39896207227603014,0.6929207645629396,0.14993387253698723
1722,Gradient boosting,0.6043914908127965,0.738731455153205,0.13900512755405736
1723,Oracle reference-risk logit,0.4804941318684866,0.7780535410937796,0.12983360731257682
1723,Linear logistic,0.3790460568509421,0.6857002907673548,0.1519462237858945
1723,Gradient boosting,0.5541144841682767,0.7587747572844444,0.13628108793735083
1724,Oracle reference-risk logit,0.4873035349076708,0.7750153846153846,0.12418981052812708
1724,Linear logistic,0.3829699823079507,0.6928180512820513,0.14020899739495404
1724,Gradient boosting,0.5219644756535526,0.7410116923076924,0.1332424046788421
1725,Oracle reference-risk logit,0.5473452484095942,0.767162491788586,0.12479512229386643
1725,Linear logistic,0.3131393970171419,0.6898232784887264,0.13882073792405775
1725,Gradient boosting,0.5496553629797317,0.7395908127220476,0.13001380458692746
1726,Oracle reference-risk logit,0.4785966312190204,0.7893717874721069,0.12731820834858384
1726,Linear logistic,0.36388915062488814,0.6885963118324039,0.15045925484785072
1726,Gradient boosting,0.5571673932084146,0.7517159992789092,0.13526425598939348
1727,Oracle reference-risk logit,0.45961210862370633,0.7628138008934917,0.13060865706806424
1727,Linear logistic,0.35082688725214617,0.6987559016143771,0.14369299843873778
1727,Gradient boosting,0.5337466609080053,0.7447163100314753,0.13648146354420154
1728,Oracle reference-risk logit,0.4691505969701805,0.7803738534773017,0.12954197080376997
1728,Linear logistic,0.3733041761512687,0.6887139595185573,0.14859189394444516
1728,Gradient boosting,0.567060141584858,0.7294291574751345,0.13704845502077978
1729,Oracle reference-risk logit,0.47946509736661114,0.7516340480880351,0.12650430471905819
1729,Linear logistic,0.34811453138417126,0.6734851426780142,0.1484185246617535
1729,Gradient boosting,0.5132835946440742,0.7117384774461594,0.13734266920485338
1730,Oracle reference-risk logit,0.5191334895123572,0.7822572473965663,0.1231203641986997
1730,Linear logistic,0.3403942388068246,0.6721547183466687,0.14585986630896103
1730,Gradient boosting,0.5893162579499683,0.752050178923244,0.12784919974854206
1731,Oracle reference-risk logit,0.4600163497574491,0.8068625694594376,0.12464647989738058
1731,Linear logistic,0.36917152369036915,0.7045640726466477,0.14878548630063568
1731,Gradient boosting,0.5985239082993254,0.7765140205090043,0.13051478695232283
1732,Oracle reference-risk logit,0.4653075371992359,0.7790567049678894,0.12953092628522325
1732,Linear logistic,0.2544308866672275,0.6874411228195274,0.14979479244434604
1732,Gradient boosting,0.5548035050286647,0.7574060385512026,0.13300127370346518
1733,Oracle reference-risk logit,0.5022018765815928,0.7902542834401576,0.11929821069260933
1733,Linear logistic,0.3605299466648281,0.7060885593397846,0.13666950404997597
1733,Gradient boosting,0.5903556930556596,0.7693653386954882,0.12648042888213823
1734,Oracle reference-risk logit,0.5230328129183548,0.7794642449389675,0.12300281570636822
1734,Linear logistic,0.3287252374895578,0.6845898655393108,0.14168945220555418
1734,Gradient boosting,0.5911658831489647,0.7378668963132589,0.1303497502269565
1735,Oracle reference-risk logit,0.5367654979806942,0.7760543371836689,0.13051426572201413
1735,Linear logistic,0.31318624019113894,0.6927615495047423,0.15339745859625806
1735,Gradient boosting,0.5569866722121146,0.7420755770998144,0.13755641608309294
1736,Oracle reference-risk logit,0.46090190740299086,0.7854511525371288,0.12571647268311256
1736,Linear logistic,0.31274183781683046,0.7249606796617162,0.1381214937134645
1736,Gradient boosting,0.4818121658158191,0.7652559689562706,0.1320189168604079
1737,Oracle reference-risk logit,0.5979288418161567,0.7720355177982297,0.13070230404909397
1737,Linear logistic,0.330381148841965,0.6706521621775858,0.15171732518753278
1737,Gradient boosting,0.5315277771627329,0.7290765341612799,0.1436583271818918
1738,Oracle reference-risk logit,0.4891285819908329,0.8076069949378739,0.1228088307083492
1738,Linear logistic,0.2960823333341801,0.6965055990182543,0.14785503329371347
1738,Gradient boosting,0.5552420810340247,0.7474720049087283,0.13633566837322358
1739,Oracle reference-risk logit,0.5344954563403049,0.7750193174932372,0.1308262777052033
1739,Linear logistic,0.3276985672115897,0.6828804578432001,0.15461932607764178
1739,Gradient boosting,0.567559749439508,0.7318404397390984,0.1416674034390213
1740,Oracle reference-risk logit,0.4574621193969364,0.7839165546096292,0.12950776454024662
1740,Linear logistic,0.3582095634801821,0.696179267274398,0.15108705518900228
1740,Gradient boosting,0.5621944521058179,0.7542300594689322,0.13580544440884185
1741,Oracle reference-risk logit,0.47864727661987605,0.7623483505120875,0.1311005833156559
1741,Linear logistic,0.3561010976644571,0.6818741139646195,0.14879996539190785
1741,Gradient boosting,0.5473766867207488,0.7256873451143872,0.1390320321754222
1742,Oracle reference-risk logit,0.5742182666044211,0.7709833800186741,0.13235439330110954
1742,Linear logistic,0.3772275183928747,0.6833225023342671,0.1536471297151747
1742,Gradient boosting,0.4956485702971576,0.7391596638655462,0.14001734605557578
1743,Oracle reference-risk logit,0.5813804765563647,0.7921528935460824,0.13358913379978934
1743,Linear logistic,0.35651229698985437,0.694134491952207,0.15571150812157464
1743,Gradient boosting,0.6126868438813177,0.7530814537723849,0.14209265861160789
1744,Oracle reference-risk logit,0.443084928234945,0.7607043365366424,0.12667188050686193
1744,Linear logistic,0.3258391874100372,0.6990275902113139,0.14220061254296554
1744,Gradient boosting,0.47377442538511194,0.719547361347608,0.13453262760461554
1745,Oracle reference-risk logit,0.509505043337351,0.7574295070509128,0.12462049070870518
1745,Linear logistic,0.4064339887816711,0.6814534134960749,0.1433385849610051
1745,Gradient boosting,0.5615802190093155,0.7335149722687825,0.1307205796996354
1746,Oracle reference-risk logit,0.5959869497030151,0.792368707164267,0.12992612747022278
1746,Linear logistic,0.3499260701125741,0.7018497828554953,0.1505053477832906
1746,Gradient boosting,0.4970749716025314,0.7630053940737269,0.13749636048126315
1747,Oracle reference-risk logit,0.4706509510731853,0.7591145746973967,0.12525731534175802
1747,Linear logistic,0.32992330466384473,0.6757436577681977,0.1411073610191134
1747,Gradient boosting,0.4860263578158266,0.7417260819101309,0.1324994179899127
1748,Oracle reference-risk logit,0.6093986285946842,0.7699532851115131,0.13351528081536698
1748,Linear logistic,0.33043360650432296,0.6956133212778783,0.1501533695082859
1748,Gradient boosting,0.5642027145977437,0.7431389391199517,0.13946853252099045
1749,Oracle reference-risk logit,0.5089470350089317,0.792377435897436,0.11864632866224743
1749,Linear logistic,0.3440679307725076,0.7117161025641024,0.13751266946065083
1749,Gradient boosting,0.5582169813776942,0.7809575384615385,0.12113449576885384
1750,Oracle reference-risk logit,0.48738634763320265,0.7753839887670557,0.1260919035187768
1750,Linear logistic,0.3847618688573565,0.6869061782724601,0.14976943330554718
1750,Gradient boosting,0.5824114110473931,0.7409830969913288,0.13586740501107675
1751,Oracle reference-risk logit,0.516046448223687,0.7690873201628211,0.13254187779386206
1751,Linear logistic,0.36471154806576594,0.6988567074325378,0.14933102601557674
1751,Gradient boosting,0.5328360439417328,0.7171718089836406,0.14155721824648926
1752,Oracle reference-risk logit,0.46801319694431387,0.8039017086489342,0.11701506176711812
1752,Linear logistic,0.397307610775479,0.7090501634274754,0.13849912133193004
1752,Gradient boosting,0.555440461042593,0.7500195721527411,0.1272621263004648
1753,Oracle reference-risk logit,0.49845918207590423,0.8013576376794767,0.12274220218895311
1753,Linear logistic,0.3465193150948643,0.6941305778087388,0.14753871282917408
1753,Gradient boosting,0.5922596938767591,0.7787066062928132,0.1265864922762937
1754,Oracle reference-risk logit,0.5043579696957714,0.8108767916741912,0.11278011491740687
1754,Linear logistic,0.3176247103523434,0.6973115690484312,0.13699798855885018
1754,Gradient boosting,0.5649154874577926,0.7797770732588237,0.12155960707334347
1755,Oracle reference-risk logit,0.531003045147405,0.7703742461544045,0.128993165540924
1755,Linear logistic,0.4694638272564209,0.7038407563558937,0.14865427683663196
1755,Gradient boosting,0.6792897368932209,0.7377312952534192,0.13631641939135825
1756,Oracle reference-risk logit,0.5038210218689428,0.7808277929316796,0.12599704419433047
1756,Linear logistic,0.3338477136729815,0.6979939145257558,0.1467135450393178
1756,Gradient boosting,0.5287119990865461,0.7589515891322351,0.13137783397249
1757,Oracle reference-risk logit,0.5829051913759572,0.7692756740401628,0.1261583649980797
1757,Linear logistic,0.3433700668619621,0.7023222237569968,0.13987295331813174
1757,Gradient boosting,0.5739369503452434,0.7266396327064875,0.13706281737982573
1758,Oracle reference-risk logit,0.5219620817144006,0.7751426995528667,0.1244412472403776
1758,Linear logistic,0.32558154492504104,0.6753793797357893,0.14639176975567977
1758,Gradient boosting,0.5150290481381873,0.7462022288311114,0.13213933516003468
1759,Oracle reference-risk logit,0.5036052307615142,0.7886735536107325,0.12229374301674051
1759,Linear logistic,0.3507216934219129,0.7132081280788178,0.13933828408652152
1759,Gradient boosting,0.588564114964584,0.7496528141704224,0.12831356488769122
1760,Oracle reference-risk logit,0.5077891070359498,0.7667645151578314,0.1372594146584651
1760,Linear logistic,0.3495446229013434,0.6694429004840317,0.1599390510094871
1760,Gradient boosting,0.5542472245918165,0.7302262094999885,0.14726014444128388
1761,Oracle reference-risk logit,0.5157029510631167,0.7782741432736626,0.1282852413678828
1761,Linear logistic,0.3699634951484689,0.6869708634471059,0.14980082484217822
1761,Gradient boosting,0.6534689653013539,0.7289142564205844,0.13757891596481256
1762,Oracle reference-risk logit,0.47036194759804945,0.7564462321069443,0.129282642586188
1762,Linear logistic,0.34558589058737665,0.6768626523127883,0.14823472593448558
1762,Gradient boosting,0.5282354940548717,0.7298221538704208,0.1372832257056427
1763,Oracle reference-risk logit,0.4286812983256218,0.7739078357473643,0.12849252356698115
1763,Linear logistic,0.3169245922436063,0.7063842496797714,0.14671691779493046
1763,Gradient boosting,0.5355008209124652,0.7370538353532368,0.13700413099217476
1764,Oracle reference-risk logit,0.42598484362600764,0.7888537569244474,0.12463809701814078
1764,Linear logistic,0.3831219431493889,0.6998585311074724,0.14473495632176203
1764,Gradient boosting,0.5427162417220935,0.7591594050150878,0.13073535005956818
1765,Oracle reference-risk logit,0.45732871841075806,0.7919774098598569,0.1289175131898114
1765,Linear logistic,0.3341931228344368,0.7012441846901506,0.14999473721727358
1765,Gradient boosting,0.510331819563504,0.75896478016576,0.13327802555194648
1766,Oracle reference-risk logit,0.4658453281517849,0.7583917948717949,0.1237751320409941
1766,Linear logistic,0.3464005967077127,0.7000763076923077,0.13879615645279272
1766,Gradient boosting,0.538800271445399,0.7274847179487179,0.12905188609493673
1767,Oracle reference-risk logit,0.4865826241772615,0.7570854425525387,0.12952182158867412
1767,Linear logistic,0.3237628311083018,0.6885948765148029,0.14896132945406954
1767,Gradient boosting,0.5178861867837756,0.7426169657922994,0.1326310869396111
1768,Oracle reference-risk logit,0.49300941556406963,0.7701409556878307,0.13532712295798574
1768,Linear logistic,0.32799466740334976,0.6931748393801964,0.15488338173099184
1768,Gradient boosting,0.5616068491119167,0.7378147439531367,0.14492521090662358
1769,Oracle reference-risk logit,0.6165702009410694,0.7753411967267572,0.12768952924282725
1769,Linear logistic,0.33696157833556295,0.6839389955380467,0.14799167571794225
1769,Gradient boosting,0.5587731007563731,0.7322204183100721,0.13930586611673618
1770,Oracle reference-risk logit,0.49447093385050084,0.794648545657059,0.13123564674091628
1770,Linear logistic,0.33282962558478546,0.679843674811227,0.1536957636194342
1770,Gradient boosting,0.5573131999595561,0.7612622944184352,0.13725777685046053
1771,Oracle reference-risk logit,0.5074966218606309,0.7885269756520059,0.12272679457868804
1771,Linear logistic,0.3563110409726724,0.6978359625746772,0.14453587500043272
1771,Gradient boosting,0.5791506277993188,0.7650767713137974,0.12932790418430004
1772,Oracle reference-risk logit,0.5824708345961525,0.7776880704434884,0.12672159489212528
1772,Linear logistic,0.41367046939484264,0.6985838928872984,0.14278577356763952
1772,Gradient boosting,0.492226355550402,0.7282642434964417,0.13972848601643817
1773,Oracle reference-risk logit,0.4420606224680012,0.7722808088343336,0.12419213942960891
1773,Linear logistic,0.35366628222337854,0.6887024451366115,0.14290854334943986
1773,Gradient boosting,0.5346520063308847,0.7339026757154321,0.13266268820462612
1774,Oracle reference-risk logit,0.414226848611541,0.7650483502387936,0.13060242692592983
1774,Linear logistic,0.3891677360315755,0.6670215879301863,0.14999759953193928
1774,Gradient boosting,0.5229675698631118,0.729104788946382,0.14104077807243384
1775,Oracle reference-risk logit,0.472674757979219,0.7585071282688841,0.13137833691022718
1775,Linear logistic,0.3050056965641789,0.6849131499157086,0.14981255374766253
1775,Gradient boosting,0.4938142945302794,0.7181102749420257,0.13975679600542135
1776,Oracle reference-risk logit,0.5565566726565618,0.7897577809509455,0.12919887679836725
1776,Linear logistic,0.31532500823652715,0.6913272559746796,0.14806183972574605
1776,Gradient boosting,0.511421305705709,0.743504803516519,0.1384523208539125
1777,Oracle reference-risk logit,0.5046354094247972,0.7610713822153271,0.13225810925441822
1777,Linear logistic,0.3544505929498687,0.6673779752891076,0.150504689528727
1777,Gradient boosting,0.5348175311026313,0.7222728705552226,0.14332734447973808
1778,Oracle reference-risk logit,0.5199005140001023,0.7905977849117667,0.12777894276359164
1778,Linear logistic,0.35402255304985,0.685667699882745,0.14978711077300744
1778,Gradient boosting,0.5915424747712242,0.758454109992178,0.1357420893472834
1779,Oracle reference-risk logit,0.46986639073885916,0.7789457439896036,0.12525713613588643
1779,Linear logistic,0.3799800519366635,0.6914148797920727,0.14170240262003891
1779,Gradient boosting,0.5531266322039848,0.7330263157894736,0.13419758424440645
1780,Oracle reference-risk logit,0.5200944119654067,0.7415087296658072,0.133274191753376
1780,Linear logistic,0.31781669325625495,0.6724948086248972,0.1477924753620717
1780,Gradient boosting,0.5997422816253813,0.6981066380592099,0.1436982030645864
1781,Oracle reference-risk logit,0.4312445497158935,0.7953310461768998,0.12225928642899271
1781,Linear logistic,0.31924995459740874,0.7259466067273946,0.14174638354440822
1781,Gradient boosting,0.5061755784158518,0.7586371702354193,0.1311312029899893
1782,Oracle reference-risk logit,0.4220909093926264,0.7885538788744707,0.12295383611061635
1782,Linear logistic,0.3382518652368403,0.7054668284631294,0.1400856717995891
1782,Gradient boosting,0.5509939294468504,0.7639679930062175,0.12868864743226274
1783,Oracle reference-risk logit,0.4185762523590276,0.7802624184822969,0.1294892344124937
1783,Linear logistic,0.3454286182262152,0.7239108898004682,0.14500821622782228
1783,Gradient boosting,0.5028729567703999,0.7447307293604603,0.13931824339923052
1784,Oracle reference-risk logit,0.5686417196720144,0.7987569002697037,0.12719869909205328
1784,Linear logistic,0.3520673675285556,0.6907402735480151,0.15173965505009163
1784,Gradient boosting,0.5513602724176575,0.7619174190138096,0.13531306969009316
1785,Oracle reference-risk logit,0.46948493128328517,0.7742671875,0.12674598260726316
1785,Linear logistic,0.3957736617973961,0.7161031250000001,0.14300158998530665
1785,Gradient boosting,0.59787716867869,0.7467468749999999,0.1328556050757043
1786,Oracle reference-risk logit,0.5129164417645184,0.7632854391941934,0.1334003808269359
1786,Linear logistic,0.40114762165828666,0.6656702710709524,0.15698406016534927
1786,Gradient boosting,0.6220394102681769,0.7417464079395645,0.13843386056049636
1787,Oracle reference-risk logit,0.5427756049775113,0.7808309120881349,0.12581740033530914
1787,Linear logistic,0.33173165932071846,0.6947312768734824,0.14646615420101874
1787,Gradient boosting,0.4708819956567293,0.7428692184485628,0.13672774331972562
1788,Oracle reference-risk logit,0.48820000313611794,0.7938861486098956,0.12307448642982415
1788,Linear logistic,0.38408799702938723,0.7017635384535608,0.1452614991525098
1788,Gradient boosting,0.5495944991141805,0.7506957200840363,0.13441338448241907
1789,Oracle reference-risk logit,0.5043971366752528,0.7913502109704641,0.12631203225882207
1789,Linear logistic,0.3950875912568512,0.710750452079566,0.14942485949826756
1789,Gradient boosting,0.5767321091539933,0.7497362869198312,0.135770694560196
1790,Oracle reference-risk logit,0.6059516528172686,0.7797967458984407,0.1289115051161283
1790,Linear logistic,0.3759881700298601,0.7138987986445614,0.14446957144409234
1790,Gradient boosting,0.608332906379247,0.7390688068654171,0.13694897675878678
1791,Oracle reference-risk logit,0.45605442692018056,0.7714682030185515,0.12439253447090269
1791,Linear logistic,0.34831884370210764,0.6956031862488209,0.1416099300746359
1791,Gradient boosting,0.5195714401621356,0.7314566738287391,0.13314490605327609
1792,Oracle reference-risk logit,0.48354382521000894,0.7649140624999999,0.1289381055679114
1792,Linear logistic,0.38189283669743074,0.6715421875,0.14868819226835092
1792,Gradient boosting,0.5410604421913011,0.7476109375000001,0.1344627524291033
1793,Oracle reference-risk logit,0.47680167645556826,0.7914681909600931,0.12910938249422443
1793,Linear logistic,0.34920595109826413,0.7048705160057036,0.14704189648800087
1793,Gradient boosting,0.5494376258310011,0.755024937888779,0.13628207434218367
1794,Oracle reference-risk logit,0.5511302208680919,0.7907964790176566,0.12581612469551967
1794,Linear logistic,0.3511953854865624,0.699008608341591,0.1461736418289475
1794,Gradient boosting,0.5742375869313773,0.7467247130944162,0.13526555560383208
1795,Oracle reference-risk logit,0.4423215801411176,0.780171046926268,0.12636740497715868
1795,Linear logistic,0.39080431998996007,0.6800619988480381,0.14417872870084472
1795,Gradient boosting,0.48957940855728965,0.7637458823833962,0.1298653367390688
1796,Oracle reference-risk logit,0.5064982228654502,0.8084040109453304,0.12748535975018813
1796,Linear logistic,0.37207751859996174,0.6922819022855478,0.1559973788730168
1796,Gradient boosting,0.5167854994830255,0.7540243415013375,0.14135841073321603
1797,Oracle reference-risk logit,0.5859876168183451,0.7734107285703328,0.12718737775493816
1797,Linear logistic,0.3453311308675951,0.677516714960418,0.14806024971247722
1797,Gradient boosting,0.6072448426024426,0.7361971449548292,0.13815274874412709
1798,Oracle reference-risk logit,0.496682100074042,0.7898001688713764,0.12404433516890333
1798,Linear logistic,0.3552357576815113,0.7021848739495797,0.1432339862043033
1798,Gradient boosting,0.5929751763473917,0.7509838768043102,0.1314778428575693
1799,Oracle reference-risk logit,0.4681675482052671,0.7906397167778928,0.12251855512515059
1799,Linear logistic,0.357685454490488,0.7166458985120783,0.14205651581603976
1799,Gradient boosting,0.534814363492035,0.7469700231461476,0.12975495301286513
1800,Oracle reference-risk logit,0.5093918572836622,0.8080890793260391,0.12458040409573158
1800,Linear logistic,0.44112175441910545,0.6967756535565776,0.15185235707330072
1800,Gradient boosting,0.6224574356904734,0.7756729112913912,0.1318812223309203
1801,Oracle reference-risk logit,0.4974654962587899,0.79638360341031,0.12273922757335408
1801,Linear logistic,0.33966018443686646,0.6973004849465805,0.14556331165888922
1801,Gradient boosting,0.5157775954769656,0.740942540417443,0.13470833945015742
1802,Oracle reference-risk logit,0.4659278867863353,0.7534005644505242,0.13500766621501764
1802,Linear logistic,0.30332461627742385,0.6674453235895175,0.1536408880513758
1802,Gradient boosting,0.5455638388734142,0.7307574029216298,0.1414860118515272
1803,Oracle reference-risk logit,0.5685735672090619,0.7696878382422347,0.1323265378182627
1803,Linear logistic,0.3549849315592591,0.6834223898307356,0.15338066883190055
1803,Gradient boosting,0.5439237651717991,0.7546328485225653,0.13814525589404547
1804,Oracle reference-risk logit,0.48512787783231165,0.7876233369181855,0.12441267557911036
1804,Linear logistic,0.36872782143107397,0.6954394105188016,0.14562663028932832
1804,Gradient boosting,0.539163708987589,0.7618061393333427,0.13021030970171626
1805,Oracle reference-risk logit,0.46163421380652603,0.7807355618539258,0.1285856852432318
1805,Linear logistic,0.3690803405086334,0.6817337565593137,0.15025710413635346
1805,Gradient boosting,0.5780016407630573,0.7385660846543833,0.13899653494819247
1806,Oracle reference-risk logit,0.43753498044622224,0.765315309475346,0.1342450071102583
1806,Linear logistic,0.3047124671053205,0.693912770404687,0.15754591446777533
1806,Gradient boosting,0.5273444985764938,0.7579772713849647,0.1415148488503127
1807,Oracle reference-risk logit,0.4335704244101249,0.7851459936278183,0.1295791911742199
1807,Linear logistic,0.37597025739837175,0.7077584053706649,0.14971106073167506
1807,Gradient boosting,0.4994888100777813,0.7414347155972245,0.13604590796532673
1808,Oracle reference-risk logit,0.5135609398479647,0.7559330266193554,0.1365789100424721
1808,Linear logistic,0.3587635515576226,0.6740257034108814,0.15480058533465677
1808,Gradient boosting,0.5981844418747281,0.7169341794201816,0.1441321114022344
1809,Oracle reference-risk logit,0.49011874212944767,0.7908277290248503,0.11549552994419825
1809,Linear logistic,0.26964596605890573,0.6987530413625305,0.13584113342807327
1809,Gradient boosting,0.5337132749130583,0.7646344213893217,0.12292783157482928
1810,Oracle reference-risk logit,0.5129968972795872,0.7989033485994803,0.12436940312139648
1810,Linear logistic,0.341459335432236,0.7247208990030303,0.14589488905494538
1810,Gradient boosting,0.5854107401035151,0.7702605657202267,0.131586205904925
1811,Oracle reference-risk logit,0.5302509947738134,0.7759862552038591,0.1306588552625498
1811,Linear logistic,0.3600255792792984,0.6968291997006388,0.14909653201567538
1811,Gradient boosting,0.539877205865055,0.7502478028150399,0.1365642921653748
1812,Oracle reference-risk logit,0.5373546512094295,0.7841377520816792,0.12688942047730914
1812,Linear logistic,0.35806549119125675,0.6963987998589166,0.14722266382788265
1812,Gradient boosting,0.48269525280222364,0.7407126575728995,0.13572608883641477
1813,Oracle reference-risk logit,0.470497987997678,0.7757318032301842,0.1346204188592782
1813,Linear logistic,0.3575056513396172,0.6901435452924722,0.1517421928650699
1813,Gradient boosting,0.5495590685443033,0.740223628137836,0.143770985730336
1814,Oracle reference-risk logit,0.43677030987110144,0.7903750917094643,0.12108397250711152
1814,Linear logistic,0.3613084990704284,0.7092728094539356,0.1395814143487217
1814,Gradient boosting,0.47324482596549033,0.7436229168850226,0.13132019760978425
1815,Oracle reference-risk logit,0.472736134326475,0.7738913688572817,0.12879718925504954
1815,Linear logistic,0.3232611591015738,0.6788774909825792,0.14491360512653031
1815,Gradient boosting,0.5077874524216742,0.7314215548335934,0.13550435782043313
1816,Oracle reference-risk logit,0.44343553963098487,0.7637238741591255,0.13230633669614203
1816,Linear logistic,0.3514420142620314,0.7022569458084731,0.14503881689393758
1816,Gradient boosting,0.5146907259476565,0.7398549005249917,0.1387711842090734
1817,Oracle reference-risk logit,0.5827854715764214,0.7808099688473521,0.12427531738589667
1817,Linear logistic,0.36954093382728503,0.701000828108364,0.14437191041254113
1817,Gradient boosting,0.5827053875488113,0.7475105485232068,0.131703293102957
1818,Oracle reference-risk logit,0.4781415426732584,0.7608355596312534,0.1303822948389539
1818,Linear logistic,0.2983311304992411,0.6753301237213408,0.14910337546245953
1818,Gradient boosting,0.5482409445783885,0.7372656538765656,0.1342647554125622
1819,Oracle reference-risk logit,0.42810061468146043,0.7853973562669215,0.1252562292484178
1819,Linear logistic,0.3381443469673717,0.6952014652014653,0.14400454439615062
1819,Gradient boosting,0.5227289485200305,0.7428977544194935,0.1330499709788341
1820,Oracle reference-risk logit,0.5824067182783209,0.7644439163420736,0.12935009718626028
1820,Linear logistic,0.35728584243368644,0.6820930433183204,0.14389708377154142
1820,Gradient boosting,0.5330307168959013,0.7371780994499959,0.1329290510327656
1821,Oracle reference-risk logit,0.5843615014442459,0.7813175004951661,0.12481662898475113
1821,Linear logistic,0.35782091272675665,0.6938391981272585,0.14757049657503962
1821,Gradient boosting,0.5698129841848081,0.7499964909489878,0.1331920303027897
1822,Oracle reference-risk logit,0.4940929239924692,0.7671945343007354,0.13378305654841377
1822,Linear logistic,0.3192596056957394,0.692901657620118,0.15031421240519802
1822,Gradient boosting,0.5320114073932061,0.7435212091306176,0.1400303623416058
1823,Oracle reference-risk logit,0.5000916342250696,0.7699316309566062,0.13088690197350167
1823,Linear logistic,0.34854225012868034,0.6626769157964869,0.15070250596719192
1823,Gradient boosting,0.5703540575245566,0.7326944750589979,0.13877546241869185
1824,Oracle reference-risk logit,0.4313373587622148,0.7753142857142857,0.1312479760075169
1824,Linear logistic,0.3406822992840803,0.7189826330532214,0.1498588572028387
1824,Gradient boosting,0.5669922124492566,0.751400933706816,0.14012655989905815
1825,Oracle reference-risk logit,0.5321255023706257,0.7845918309650874,0.13793216198196354
1825,Linear logistic,0.41753500965774976,0.6727166760178673,0.15972851416701841
1825,Gradient boosting,0.6542897270068877,0.7596393481125797,0.14458767197468514
1826,Oracle reference-risk logit,0.46170432934583,0.7893188687392055,0.13709398664177666
1826,Linear logistic,0.3596399348409652,0.6935917757476593,0.15953041945272595
1826,Gradient boosting,0.5856006684527113,0.7441553608762839,0.14582447815392105
1827,Oracle reference-risk logit,0.4927596275839306,0.7875626806655407,0.1268450734359949
1827,Linear logistic,0.3189620057209874,0.6695609010955574,0.15212300847923493
1827,Gradient boosting,0.5061082772497499,0.7601268750413006,0.1333657167628342
1828,Oracle reference-risk logit,0.4509513493403208,0.7811002369980878,0.12591215209588413
1828,Linear logistic,0.3977893709526329,0.7003921356690864,0.143531102154986
1828,Gradient boosting,0.5869490716929057,0.7375615742013832,0.13601033083679498
1829,Oracle reference-risk logit,0.4784628466600149,0.76614690559618,0.13506707567278378
1829,Linear logistic,0.3872063769021105,0.7032923250786609,0.14963696517573616
1829,Gradient boosting,0.5317389953092102,0.737986490150899,0.14188574084535435
1830,Oracle reference-risk logit,0.45967768742384485,0.7875778250472738,0.12488354528362253
1830,Linear logistic,0.2929893020997918,0.6918368964140269,0.1459695564765139
1830,Gradient boosting,0.5297034071513773,0.7646486666221248,0.13167616681203662
1831,Oracle reference-risk logit,0.4440079767305248,0.77116875,0.1318445304995142
1831,Linear logistic,0.363788245330044,0.674790625,0.14880324092122232
1831,Gradient boosting,0.49984188100449334,0.7255687500000001,0.1416223145812951
1832,Oracle reference-risk logit,0.4576578190639782,0.7769171875,0.1248679552585786
1832,Linear logistic,0.38537729712893287,0.7145328125,0.14408312998275694
1832,Gradient boosting,0.5682445484625537,0.7448187500000001,0.13067287357565227
1833,Oracle reference-risk logit,0.4424192712014496,0.7744215671752332,0.13464085892762728
1833,Linear logistic,0.381761978774686,0.6747341134646719,0.15606134228530152
1833,Gradient boosting,0.5106879199354861,0.735416975262924,0.1449613650176506
1834,Oracle reference-risk logit,0.4998867842252631,0.7806954624408796,0.12767727123325026
1834,Linear logistic,0.3988533799315455,0.689407506282153,0.14561948554383397
1834,Gradient boosting,0.5831098011721885,0.7543017111840532,0.1324942810820199
1835,Oracle reference-risk logit,0.5157055296795937,0.75377263131166,0.12547908086180593
1835,Linear logistic,0.4000881170976823,0.6726409151652373,0.14378479388490614
1835,Gradient boosting,0.5735612875089247,0.7267330664969505,0.1311799366274272
1836,Oracle reference-risk logit,0.577689760285484,0.750930345471522,0.13553555933752784
1836,Linear logistic,0.36821298300723165,0.6831701213818862,0.15259187632320037
1836,Gradient boosting,0.551701737186431,0.7187540616246498,0.14440274007697354
1837,Oracle reference-risk logit,0.6272808766365205,0.785389671704711,0.12617308498639704
1837,Linear logistic,0.3908572928035913,0.7003795286047602,0.14909292058279247
1837,Gradient boosting,0.5760102922236162,0.7427201174528331,0.13591984251638023
1838,Oracle reference-risk logit,0.5254246907653982,0.7843967520028259,0.13077463173535048
1838,Linear logistic,0.3558221497462124,0.704520718134047,0.15043239275961506
1838,Gradient boosting,0.44776283081748586,0.7341098576623659,0.13768617103712139
1839,Oracle reference-risk logit,0.4830847091412152,0.7740210028111648,0.12745121711814802
1839,Linear logistic,0.36233572341335585,0.6927989239319854,0.14666886302628904
1839,Gradient boosting,0.5497589695552829,0.7310788493237649,0.13532829992055634
1840,Oracle reference-risk logit,0.4946650796701439,0.7859727684196951,0.12450774856848011
1840,Linear logistic,0.36949757240368203,0.7101497690303313,0.14507088222395795
1840,Gradient boosting,0.5314335499790424,0.7576022660354169,0.13090364051307196
1841,Oracle reference-risk logit,0.47578204708478883,0.7763831896334228,0.12314382865551561
1841,Linear logistic,0.35924441049452965,0.6676975514316548,0.14397553519724596
1841,Gradient boosting,0.5737275047149811,0.7516256781458398,0.12776826714240397
1842,Oracle reference-risk logit,0.48023442354073403,0.7908896658896659,0.1266441357048046
1842,Linear logistic,0.30291348803131307,0.710529271076146,0.14884447383702037
1842,Gradient boosting,0.565141989365995,0.7434592317404818,0.13798123568448786
1843,Oracle reference-risk logit,0.4812595125918248,0.7607183859371764,0.12736273118422503
1843,Linear logistic,0.338009485547425,0.6791604715211513,0.1470988191729118
1843,Gradient boosting,0.529536995870231,0.7395498089699433,0.1352675534368861
1844,Oracle reference-risk logit,0.4280616468976972,0.7884852342034543,0.12017003597833394
1844,Linear logistic,0.30713920269684003,0.6713175846695499,0.1445701893739365
1844,Gradient boosting,0.5103448226967409,0.7616670383277531,0.12808671560309864
1845,Oracle reference-risk logit,0.4951613275567727,0.7749203771198994,0.13257214282813626
1845,Linear logistic,0.337233727097413,0.6737871604144959,0.15640350424094387
1845,Gradient boosting,0.5761926395150088,0.7401685455357394,0.1409837254898227
1846,Oracle reference-risk logit,0.5092790184501251,0.7722363915245773,0.13494039007307618
1846,Linear logistic,0.37277810599736433,0.6813021687950346,0.15405116445636657
1846,Gradient boosting,0.5958695827290396,0.7350508905852418,0.14252326695426815
1847,Oracle reference-risk logit,0.4770854947261938,0.7893480033630232,0.12417593175170244
1847,Linear logistic,0.40395932373906285,0.7013341466960825,0.14414389619438067
1847,Gradient boosting,0.5902417083190857,0.7566090991270047,0.13042631375309766
1848,Oracle reference-risk logit,0.46444609406487114,0.7816487461818898,0.1292913356427746
1848,Linear logistic,0.3050918350321854,0.6937567740664105,0.14867479925283805
1848,Gradient boosting,0.5428233095287693,0.7442482017932802,0.13630141564863285
1849,Oracle reference-risk logit,0.4897224292806214,0.7635086683927301,0.12992342588975572
1849,Linear logistic,0.3453120307797268,0.6772451517920601,0.14683607940290477
1849,Gradient boosting,0.49450406674643893,0.7463765356889024,0.1361238645023846
1850,Oracle reference-risk logit,0.4883409675786592,0.7789645575418829,0.12369404894361927
1850,Linear logistic,0.3195022332010886,0.6897890985069313,0.14188890716948757
1850,Gradient boosting,0.5189880414260095,0.7361432660318256,0.13170035599068722
1851,Oracle reference-risk logit,0.479577327024591,0.7915554802870173,0.12693874307225492
1851,Linear logistic,0.30873221451230365,0.6948588028335553,0.14936829158595893
1851,Gradient boosting,0.6121949620256583,0.762438761669802,0.1320731454228947
1852,Oracle reference-risk logit,0.4540864930090381,0.7724850822919469,0.13088879603799528
1852,Linear logistic,0.3643892303873138,0.6973799246778019,0.14732682061064403
1852,Gradient boosting,0.5225368938171945,0.7212681274608105,0.1433787616255611
1853,Oracle reference-risk logit,0.4689262443163831,0.776211480049215,0.12444387496687592
1853,Linear logistic,0.39851397206926986,0.6820602428381295,0.14770058769607836
1853,Gradient boosting,0.5630938085897544,0.7507947158272195,0.131788794774139
1854,Oracle reference-risk logit,0.6458807204720312,0.770906688749676,0.12818428078579722
1854,Linear logistic,0.3312436719315755,0.67790835129685,0.14785173617841468
1854,Gradient boosting,0.5936396246925605,0.70862438444665,0.14259683411522592
1855,Oracle reference-risk logit,0.4991941169437848,0.7621941602776998,0.12739688388493892
1855,Linear logistic,0.32442560311052226,0.6628738636520237,0.1524689742531574
1855,Gradient boosting,0.5049839968107763,0.7432301452044852,0.13275796861092617
1856,Oracle reference-risk logit,0.46075069368209104,0.778618106723789,0.13182540538459284
1856,Linear logistic,0.32891456965837224,0.6866820945022862,0.1528478387708046
1856,Gradient boosting,0.4352336887494768,0.7543622884522198,0.14104428690067802
1857,Oracle reference-risk logit,0.48136782832494607,0.7730626086299404,0.1284518961434452
1857,Linear logistic,0.34603275386415394,0.6954646212750952,0.14649861900461622
1857,Gradient boosting,0.6080081834896504,0.7376366533162044,0.13471918839775804
1858,Oracle reference-risk logit,0.5253004810981519,0.799916249976822,0.12467091893062028
1858,Linear logistic,0.30627667458909363,0.7180374680915502,0.14651309617840605
1858,Gradient boosting,0.5183834087059384,0.7463069639225914,0.1357481273959383
1859,Oracle reference-risk logit,0.4895459714116506,0.7817448449101199,0.12308729631737375
1859,Linear logistic,0.3710157940942125,0.6887938797557002,0.1420222125981222
1859,Gradient boosting,0.6333475637821567,0.7513168625412873,0.12872346654862646
1860,Oracle reference-risk logit,0.4982483783866632,0.7757149283362925,0.12611709375707575
1860,Linear logistic,0.35701325778763565,0.6719317013156494,0.14522872552152136
1860,Gradient boosting,0.5358753824173079,0.746644116613868,0.13268566833280124
1861,Oracle reference-risk logit,0.4496865981869418,0.7632107972719857,0.13012750953716296
1861,Linear logistic,0.3918629562235234,0.6982652811373693,0.1463505022135267
1861,Gradient boosting,0.5041100263184953,0.75111002980354,0.13518459431096483
1862,Oracle reference-risk logit,0.42896563421204265,0.7635399348688349,0.12906123913142464
1862,Linear logistic,0.3015600331509153,0.6975012297710447,0.14575682341840313
1862,Gradient boosting,0.48781462078639176,0.7293709798940218,0.13610997486445212
1863,Oracle reference-risk logit,0.5645517207402942,0.7793773067210568,0.13314868691306844
1863,Linear logistic,0.3759810146428766,0.7031781152874902,0.14969862964004454
1863,Gradient boosting,0.5649887981968125,0.7578398164335665,0.1391972354300697
1864,Oracle reference-risk logit,0.45223845188481726,0.7841195696081672,0.13375847073239774
1864,Linear logistic,0.3371777798404938,0.6839969152803789,0.15593763975496694
1864,Gradient boosting,0.552141271915883,0.728130439572546,0.14370869380766726
1865,Oracle reference-risk logit,0.5991828603547463,0.7591142053029181,0.1384563735538757
1865,Linear logistic,0.3830303038967302,0.6727418160272552,0.1563819020341314
1865,Gradient boosting,0.5596057118858841,0.7550555473263221,0.14252595458890885
1866,Oracle reference-risk logit,0.40696743836226873,0.74219821687153,0.13393099841748915
1866,Linear logistic,0.32625854087556944,0.6659010457481016,0.1471419149225331
1866,Gradient boosting,0.512219736704164,0.7186573605311556,0.1401145607543993
1867,Oracle reference-risk logit,0.4363273245148206,0.7741005663030671,0.13197454734047773
1867,Linear logistic,0.3420025028186062,0.6701683706434571,0.15336934425462034
1867,Gradient boosting,0.49989063000192674,0.7142199080232601,0.14348587229509818
1868,Oracle reference-risk logit,0.4787828147958677,0.7730875539718193,0.13994386417101043
1868,Linear logistic,0.35026480374013835,0.6859107515804526,0.1614511693840513
1868,Gradient boosting,0.5798815633241321,0.7509063325058124,0.14620224130980933
1869,Oracle reference-risk logit,0.5779836944226459,0.7657294891756298,0.13415056724829036
1869,Linear logistic,0.35314283328085033,0.6948699822825134,0.15229405303291593
1869,Gradient boosting,0.5810430555004077,0.7378542751639016,0.1405921019832958
1870,Oracle reference-risk logit,0.4796242344377748,0.77850960181164,0.1334147535315608
1870,Linear logistic,0.3745685987158957,0.7002129397701812,0.1520042638455118
1870,Gradient boosting,0.5588912880704843,0.7320247598796246,0.14226040565350706
1871,Oracle reference-risk logit,0.4577309541778321,0.787264433343652,0.12946889076288345
1871,Linear logistic,0.37649309813255294,0.702421938713778,0.1435341785815037
1871,Gradient boosting,0.5953290043980156,0.7376329960668834,0.13954135922799094
1872,Oracle reference-risk logit,0.4780310778383271,0.7551185897285375,0.13112431225468985
1872,Linear logistic,0.37826050660824306,0.6718952283895248,0.14890443272111975
1872,Gradient boosting,0.5911661453589939,0.7253564892869275,0.14006344299754725
1873,Oracle reference-risk logit,0.5212834998568556,0.8003844083257219,0.125823248486372
1873,Linear logistic,0.33720864711809756,0.7073249293789582,0.14872374938695754
1873,Gradient boosting,0.5844222887422582,0.7552988464725772,0.1354128936273254
1874,Oracle reference-risk logit,0.5296843836866213,0.7894090531247638,0.12595560464307845
1874,Linear logistic,0.34060966897613887,0.6869127685835915,0.14607845853266088
1874,Gradient boosting,0.5720612765918003,0.7549324290284389,0.1296222344251548
1875,Oracle reference-risk logit,0.4817907203683188,0.7846897850382725,0.1278022644206142
1875,Linear logistic,0.3568199003656973,0.6822879729035729,0.1495093964555889
1875,Gradient boosting,0.5345391956412036,0.7427260888704115,0.1379176006671825
1876,Oracle reference-risk logit,0.5402507909017811,0.7792230261786144,0.13064932603559626
1876,Linear logistic,0.3901663347719096,0.7002701707532397,0.15241341165156894
1876,Gradient boosting,0.582288312108072,0.7327483330597614,0.14028076440398263
1877,Oracle reference-risk logit,0.480846461323606,0.7705476806173507,0.1334149360769084
1877,Linear logistic,0.2997218984451863,0.7022409867431385,0.15020180235967848
1877,Gradient boosting,0.5479561351072798,0.7289880035327392,0.14042595153376197
1878,Oracle reference-risk logit,0.4875998057772143,0.7626360017691287,0.12777305082377857
1878,Linear logistic,0.33797782580239316,0.696596035543404,0.14257285202409972
1878,Gradient boosting,0.5184754047933502,0.7280173696272767,0.1347793766677974
1879,Oracle reference-risk logit,0.39899748868989626,0.7565626447559555,0.13682902612047987
1879,Linear logistic,0.3577986979147978,0.6824925682573519,0.15288377942367815
1879,Gradient boosting,0.5036564056527364,0.7327510864660584,0.14237403660306505
1880,Oracle reference-risk logit,0.43201081991042894,0.770862438444665,0.12971636405964948
1880,Linear logistic,0.30488698143207,0.6823539265824226,0.14510243310231813
1880,Gradient boosting,0.5489662951106656,0.7160600160565391,0.14100513175610047
1881,Oracle reference-risk logit,0.46749885036881234,0.7742761444426195,0.13663251982217253
1881,Linear logistic,0.31886271468854244,0.7108390623900138,0.152654438779477
1881,Gradient boosting,0.5274202169446806,0.7452845268542199,0.14317695688795748
1882,Oracle reference-risk logit,0.4814019066522449,0.7652301877688874,0.12256051158325278
1882,Linear logistic,0.3278215514821939,0.7014804390655784,0.14088782617631934
1882,Gradient boosting,0.5154466923328314,0.7390486912468336,0.1277629796603488
1883,Oracle reference-risk logit,0.4549868704091851,0.8012156995207842,0.12332750949318538
1883,Linear logistic,0.3584501689908668,0.7009351416131075,0.14680492992838212
1883,Gradient boosting,0.5800590895439731,0.7532555668148888,0.13443160803258838
1884,Oracle reference-risk logit,0.4637080326837758,0.79525625,0.12366760316705941
1884,Linear logistic,0.3861162001372801,0.6948484375,0.14672137226777274
1884,Gradient boosting,0.5565292112726264,0.7498921875000001,0.13393085227997886
1885,Oracle reference-risk logit,0.47200151604022655,0.7470245708730909,0.13120538507270363
1885,Linear logistic,0.3064229610479792,0.6699016397636286,0.14611929326062886
1885,Gradient boosting,0.5396393763176697,0.7472196285590034,0.1338012593074653
1886,Oracle reference-risk logit,0.5367551205268695,0.7717745519182343,0.13375364505542686
1886,Linear logistic,0.28065669141193217,0.6732498889053473,0.15630557974182824
1886,Gradient boosting,0.472634820413357,0.7372744778551326,0.14245141279576246
1887,Oracle reference-risk logit,0.46754223359699093,0.7737962543137107,0.12693530509191556
1887,Linear logistic,0.3526500819120376,0.6854690924204639,0.1464756611937583
1887,Gradient boosting,0.5141436056386406,0.7533124260056928,0.13458896749462482
1888,Oracle reference-risk logit,0.4382052966661258,0.7878258579551224,0.12209852964804097
1888,Linear logistic,0.3090320722725719,0.6723192075337598,0.1474709440895752
1888,Gradient boosting,0.5189003182161974,0.7402766143770941,0.12907036101852404
1889,Oracle reference-risk logit,0.4248964232803807,0.7758272687065256,0.12506375810106624
1889,Linear logistic,0.3060207550726559,0.6992577700936834,0.14280592816408405
1889,Gradient boosting,0.5205730104700679,0.7618575851393189,0.13129263602799393
1890,Oracle reference-risk logit,0.5092778695503228,0.7688238091463897,0.12563683115231097
1890,Linear logistic,0.33719867778222107,0.6742094000158516,0.14242515897190294
1890,Gradient boosting,0.5672386708891003,0.7288116562310111,0.1343492103324441
1891,Oracle reference-risk logit,0.4696031648139075,0.7751002234417121,0.13755708483864038
1891,Linear logistic,0.3269044816416645,0.7056942885577435,0.15193860523484426
1891,Gradient boosting,0.5379402962767946,0.7590570789321527,0.1400470510134811
1892,Oracle reference-risk logit,0.45083912328114983,0.777631917389695,0.1278754149028924
1892,Linear logistic,0.28791321514377183,0.6817812533328315,0.14763630789155302
1892,Gradient boosting,0.515546890731739,0.7273900714559063,0.13567671710588033
1893,Oracle reference-risk logit,0.5129923032306514,0.7810257852848772,0.12281848193331638
1893,Linear logistic,0.37393199514694175,0.6699527786030811,0.14693504506115518
1893,Gradient boosting,0.5798858664640237,0.7436595634391338,0.1307189298053368
1894,Oracle reference-risk logit,0.5171729394680914,0.8005262581533769,0.1218158300535417
1894,Linear logistic,0.3121368547350711,0.6981866303900203,0.14850222128305465
1894,Gradient boosting,0.5915172058934228,0.7773088959529637,0.1300720647985169
1895,Oracle reference-risk logit,0.47898551430091557,0.7856092195134431,0.12477840982710658
1895,Linear logistic,0.3409297496792142,0.704449233838991,0.1427709326963909
1895,Gradient boosting,0.5150136466590196,0.7586384973523317,0.1297368804419785
1896,Oracle reference-risk logit,0.47243523913658575,0.7721077684571184,0.12807799259633268
1896,Linear logistic,0.3236086752174961,0.7168075301376184,0.14084212068012236
1896,Gradient boosting,0.5378588940202496,0.7346214386406307,0.1335437306427311
1897,Oracle reference-risk logit,0.481118241547039,0.7677756399479448,0.12993368781818412
1897,Linear logistic,0.3797114797565526,0.6834802831898081,0.14813213879936288
1897,Gradient boosting,0.5792695469458428,0.7028826455955517,0.14391500743776356
1898,Oracle reference-risk logit,0.4636323212866533,0.7848703125000001,0.12730188157702368
1898,Linear logistic,0.3275378528400759,0.6992593749999999,0.1457243025683033
1898,Gradient boosting,0.4725927889945603,0.7478859375,0.13558103667314925
1899,Oracle reference-risk logit,0.6079082282949628,0.7926555198029999,0.12789217850531556
1899,Linear logistic,0.33302801927037545,0.6791134383329442,0.15229453803480134
1899,Gradient boosting,0.5861247170007329,0.7556111932453606,0.1363441999383432
1900,Oracle reference-risk logit,0.439542168930297,0.7692763910248828,0.1280903253822552
1900,Linear logistic,0.35368605021644284,0.6739997633976103,0.147730203358371
1900,Gradient boosting,0.4966897082367666,0.7383146023108167,0.1356042003827147
1901,Oracle reference-risk logit,0.5122820538708404,0.7567812636087599,0.13828045614080137
1901,Linear logistic,0.3677351109098929,0.6820188389975602,0.15486080612882014
1901,Gradient boosting,0.5371912260974445,0.7158028646252782,0.14957549151460398
1902,Oracle reference-risk logit,0.43409581118520113,0.7737551955495561,0.12136749765181554
1902,Linear logistic,0.3126067922767814,0.7081899047406104,0.137214985424965
1902,Gradient boosting,0.45410417001821063,0.7477545047562951,0.1291773699813823
1903,Oracle reference-risk logit,0.5233995340452625,0.8000407752697988,0.1277671590980491
1903,Linear logistic,0.4003971345521312,0.711475989812179,0.1504508416806367
1903,Gradient boosting,0.5638230924239868,0.7431172993579394,0.14194657441056638
1904,Oracle reference-risk logit,0.5877454633440596,0.7838694757555105,0.12276318490586116
1904,Linear logistic,0.3825817152526999,0.6991539066241088,0.14114165529553874
1904,Gradient boosting,0.593244556271077,0.7403848196760429,0.1305208079107656
1905,Oracle reference-risk logit,0.4812880822011899,0.7898005864107558,0.12277685880657939
1905,Linear logistic,0.3008868444170192,0.6892902147139435,0.14847642323696184
1905,Gradient boosting,0.5045209095908476,0.7481256294815617,0.13190391921255448
1906,Oracle reference-risk logit,0.49957295205902896,0.7656700233321758,0.13479646087267252
1906,Linear logistic,0.32599036739608883,0.6868797631449092,0.15143391497847966
1906,Gradient boosting,0.6096646615082246,0.7409595433472839,0.14084975070808095
1907,Oracle reference-risk logit,0.49223612234269676,0.7675215521627304,0.12862026015671968
1907,Linear logistic,0.2697892899495127,0.7079676079643206,0.14602863176214215
1907,Gradient boosting,0.5308127569880968,0.7462488200513777,0.13348542633420762
1908,Oracle reference-risk logit,0.4878129152690564,0.7938704349998664,0.12152937239649676
1908,Linear logistic,0.37061168691783314,0.7166176140140259,0.14290560006298073
1908,Gradient boosting,0.5431457071630824,0.7660542025264343,0.12643826021530669
1909,Oracle reference-risk logit,0.4455128485072295,0.7785232811026097,0.12047057170699302
1909,Linear logistic,0.34112496542118936,0.7029694214442931,0.1391370672339781
1909,Gradient boosting,0.5282397992966432,0.7502341866680642,0.12918881669457646
1910,Oracle reference-risk logit,0.4476685185289331,0.7811684032909646,0.1275015584672137
1910,Linear logistic,0.3254199653818753,0.6931193959996058,0.1473819938211399
1910,Gradient boosting,0.5538311840665195,0.7362825155187702,0.13863743712285723
1911,Oracle reference-risk logit,0.5123372882078205,0.7539135629126023,0.13323993691418293
1911,Linear logistic,0.36299288485887155,0.6425371342004139,0.15472140123274
1911,Gradient boosting,0.584639973770106,0.7193150187210563,0.13779015025678068
1912,Oracle reference-risk logit,0.5440281536627795,0.7839492445338284,0.12187073109414585
1912,Linear logistic,0.3524508631936432,0.6885345761138614,0.14242124516406152
1912,Gradient boosting,0.5886732252242334,0.7572678166254125,0.1273450568354348
1913,Oracle reference-risk logit,0.4800900984979292,0.7762833849447863,0.1291636458656317
1913,Linear logistic,0.3116438099662299,0.6820045650110086,0.1484556726155535
1913,Gradient boosting,0.5651125848820105,0.7305913227500073,0.14063119480295702
1914,Oracle reference-risk logit,0.4446632145259186,0.7519840149561791,0.13307551257325526
1914,Linear logistic,0.3920902986559225,0.6678492336840256,0.14862327760587937
1914,Gradient boosting,0.5588794890533126,0.7297489319255452,0.139554406161577
1915,Oracle reference-risk logit,0.4669694430311074,0.7517315547487025,0.1267313639501195
1915,Linear logistic,0.3593089875087753,0.6886884911629864,0.14289372351372298
1915,Gradient boosting,0.4999831987829706,0.7092928415915175,0.13886477720607399
1916,Oracle reference-risk logit,0.5078710887502047,0.7920322941190461,0.1304034456043143
1916,Linear logistic,0.396403516317799,0.6955215095954912,0.1535994637089092
1916,Gradient boosting,0.5905065627971333,0.751197950108202,0.13998617383491313
1917,Oracle reference-risk logit,0.47807243023389745,0.7690701326733198,0.12744079742944361
1917,Linear logistic,0.40028029147507327,0.6909882891270884,0.14622234773450532
1917,Gradient boosting,0.5659668996476677,0.7352506788064236,0.13318376646628496
1918,Oracle reference-risk logit,0.4585495780180154,0.761430434299365,0.13083877091276108
1918,Linear logistic,0.39545492576184005,0.6775777670284393,0.14824315895969822
1918,Gradient boosting,0.5380115308430846,0.7548696851435271,0.13468915539734308
1919,Oracle reference-risk logit,0.4625262519918901,0.7814528170841419,0.12738334153212436
1919,Linear logistic,0.3575432487014594,0.6889763840700072,0.14645153843735761
1919,Gradient boosting,0.5344135838400709,0.7461477864047199,0.13611396520494687
1920,Oracle reference-risk logit,0.4423558214916227,0.7869230043732285,0.11808476237973395
1920,Linear logistic,0.2597427694055673,0.7008251717935864,0.13877662985376646
1920,Gradient boosting,0.47508207001719976,0.747754232169952,0.127439406039475
1921,Oracle reference-risk logit,0.4599974375433821,0.7840541552059177,0.12208318582659354
1921,Linear logistic,0.3191684533796125,0.6992617724977976,0.14103512388065417
1921,Gradient boosting,0.46155060970881495,0.7388142271818733,0.1316130999599407
1922,Oracle reference-risk logit,0.5955267599378176,0.7774199713330149,0.12401976550627435
1922,Linear logistic,0.3885167012145414,0.7008838987099857,0.143391944037615
1922,Gradient boosting,0.5869976447750619,0.7488135053352444,0.13090419053992752
1923,Oracle reference-risk logit,0.47766234980271755,0.7818265106400699,0.12821604963702635
1923,Linear logistic,0.3796747513311691,0.7022076005126852,0.14817062736771783
1923,Gradient boosting,0.5631483532348043,0.7345743277946668,0.13806217374474328
1924,Oracle reference-risk logit,0.5266052808505339,0.7665619196825532,0.13487880050171108
1924,Linear logistic,0.34021507684824187,0.6736627368904965,0.15264629689385198
1924,Gradient boosting,0.5637559234940241,0.7336686950683224,0.1425986985090795
1925,Oracle reference-risk logit,0.5230169485708106,0.7700116601664589,0.12798277820886886
1925,Linear logistic,0.3126102542557028,0.6685923364561136,0.1463268706893556
1925,Gradient boosting,0.4643352035165201,0.7085183547103053,0.1387100295684738
1926,Oracle reference-risk logit,0.6114370442916275,0.7940984039810232,0.12204124799215396
1926,Linear logistic,0.3386432961294678,0.7088200030940595,0.14222192900853017
1926,Gradient boosting,0.5536265715550582,0.7503126289191419,0.13149524404321494
1927,Oracle reference-risk logit,0.46246666935764985,0.785338441890166,0.12290707983387247
1927,Linear logistic,0.36457167500744025,0.6829273578698865,0.14835966395645847
1927,Gradient boosting,0.5588558217289863,0.7563729246487867,0.1299613589112476
1928,Oracle reference-risk logit,0.497391610334492,0.7590749357684168,0.12726488559377125
1928,Linear logistic,0.35900016275623864,0.7148020631766967,0.14069907125907274
1928,Gradient boosting,0.5228219634173933,0.7250580834719355,0.13350029605252517
1929,Oracle reference-risk logit,0.49608629995328873,0.7853246158330904,0.12433373699093081
1929,Linear logistic,0.3587433969735226,0.6748859799707256,0.14946154794570618
1929,Gradient boosting,0.5726528254449025,0.7517702602448366,0.13091664147827758
1930,Oracle reference-risk logit,0.4948440170987822,0.7712489764013996,0.1310877571059791
1930,Linear logistic,0.3851852661344746,0.6933810392317428,0.14679902718987495
1930,Gradient boosting,0.500427883556586,0.7298195985012035,0.14121270030557917
1931,Oracle reference-risk logit,0.4851590992713775,0.7959820548822543,0.1250229699735807
1931,Linear logistic,0.33239241245949186,0.7027123977731796,0.1483581471461414
1931,Gradient boosting,0.5856562201360707,0.773173465366046,0.13416673607951882
1932,Oracle reference-risk logit,0.4604906925632369,0.7795111337817073,0.12642831446364677
1932,Linear logistic,0.33013008935804417,0.6865931761505328,0.14734232431176691
1932,Gradient boosting,0.5573697936121046,0.7586699287135696,0.13360255346001415
1933,Oracle reference-risk logit,0.5192255734014559,0.7705072854830006,0.13394081327803473
1933,Linear logistic,0.35265294581633927,0.6786057861517163,0.1552274013622664
1933,Gradient boosting,0.5416675087171864,0.7284075177737629,0.14505809305890152
1934,Oracle reference-risk logit,0.42318811462308203,0.7761399434962652,0.12876349507426157
1934,Linear logistic,0.31606438852149943,0.6865126359379233,0.14824380564579076
1934,Gradient boosting,0.48863756157591903,0.7369124192112697,0.13860299773439727
1935,Oracle reference-risk logit,0.48267164150435654,0.7878147095751008,0.12775187625322953
1935,Linear logistic,0.36116439319874477,0.6913199092081221,0.1486235439945802
1935,Gradient boosting,0.5128273670708264,0.7534696236009706,0.1379866470079262
1936,Oracle reference-risk logit,0.4848596357501558,0.7892601073858782,0.11938320266751158
1936,Linear logistic,0.3658441326804091,0.7139317845236464,0.13840726124151423
1936,Gradient boosting,0.5786583479792894,0.7473805935581521,0.12740797781365892
1937,Oracle reference-risk logit,0.5079478498676901,0.7862848877346396,0.12422331678376872
1937,Linear logistic,0.35776744529545834,0.7099431902679872,0.1449662040943806
1937,Gradient boosting,0.5596156204895656,0.7546364349349326,0.13024870818172526
1938,Oracle reference-risk logit,0.5495189842995232,0.7927327076128329,0.12627015387380425
1938,Linear logistic,0.368248496458073,0.7006630478614719,0.15004533744222676
1938,Gradient boosting,0.6160338776211219,0.7425101675833607,0.136281847028401
1939,Oracle reference-risk logit,0.4859203399432019,0.7834869770501953,0.1252449555301263
1939,Linear logistic,0.36370419909231416,0.7056310228724021,0.14560793813239076
1939,Gradient boosting,0.6088308406507468,0.7617957351290685,0.13168662053982694
1940,Oracle reference-risk logit,0.5825816588023889,0.791186550406904,0.12557282209175064
1940,Linear logistic,0.35576128646728217,0.7236463117800219,0.14276842602912604
1940,Gradient boosting,0.5501240321942952,0.7722343653508613,0.13103843223140943
1941,Oracle reference-risk logit,0.5047458422159173,0.7777975324353281,0.129934504434511
1941,Linear logistic,0.3764074363296879,0.6980360231379027,0.14641010988031733
1941,Gradient boosting,0.5553815915480534,0.7471736543569157,0.13793115043555765
1942,Oracle reference-risk logit,0.4727526788514795,0.8073842997760338,0.12020006803831632
1942,Linear logistic,0.3253307804753238,0.6911978745161512,0.14478435444902926
1942,Gradient boosting,0.5061424362897121,0.7663583209430422,0.12639285027256425
1943,Oracle reference-risk logit,0.608113646105773,0.7648677620651381,0.12930325066060325
1943,Linear logistic,0.3524250449296368,0.6884479638223991,0.1462627543170755
1943,Gradient boosting,0.5683602431890225,0.7206939740416847,0.13758731070745933
1944,Oracle reference-risk logit,0.480384994879633,0.7585835403604242,0.1319618194775475
1944,Linear logistic,0.3914499735295863,0.6916976221459836,0.1456748827426622
1944,Gradient boosting,0.5338259927559676,0.7312386135099964,0.14085579708440804
1945,Oracle reference-risk logit,0.45676269682598014,0.811153125,0.12120909241035656
1945,Linear logistic,0.2915636386397118,0.7199828125,0.1434891358536732
1945,Gradient boosting,0.5512017083928477,0.7849062499999999,0.12828827746239063
1946,Oracle reference-risk logit,0.49606748659139077,0.7846906999449372,0.12528355607255443
1946,Linear logistic,0.3711173587959739,0.6890573161759601,0.14943679271915764
1946,Gradient boosting,0.6200944313602418,0.7339974797601916,0.139562161833122
1947,Oracle reference-risk logit,0.48597118559166763,0.784172910784209,0.12700288443655405
1947,Linear logistic,0.39852902982169897,0.6971774733399623,0.1483008483391983
1947,Gradient boosting,0.5667655339512552,0.7438304708924588,0.13695438419347944
1948,Oracle reference-risk logit,0.5011048469590492,0.7776685853338949,0.133842442560822
1948,Linear logistic,0.345674711266841,0.714423516731352,0.1480433865802459
1948,Gradient boosting,0.576744665679551,0.7430993646207424,0.14138297180623005
1949,Oracle reference-risk logit,0.4572466569586848,0.7993536924820179,0.12739995153061984
1949,Linear logistic,0.3892911793073289,0.7243201300620751,0.1447104140594157
1949,Gradient boosting,0.5173381253977536,0.7489392427825402,0.13751380621359716
1950,Oracle reference-risk logit,0.4602658035972062,0.7492278038502058,0.13933323406119405
1950,Linear logistic,0.4005121246231517,0.6504106407432237,0.15703206084537386
1950,Gradient boosting,0.542145717644286,0.6974427736806821,0.15031082437245488
1951,Oracle reference-risk logit,0.3955545207621291,0.766255773212295,0.12977577841413085
1951,Linear logistic,0.35107861646205757,0.6846551998725912,0.14412030617178212
1951,Gradient boosting,0.47331731716420394,0.7381509794553274,0.13779771271579758
1952,Oracle reference-risk logit,0.4380593605066601,0.7924088728040992,0.12048311871487451
1952,Linear logistic,0.3627564436932221,0.6852152377852139,0.14490170652812226
1952,Gradient boosting,0.6065983130515642,0.7437890850020505,0.12899431981631584
1953,Oracle reference-risk logit,0.4781105973897052,0.7654511383923113,0.1309745259751624
1953,Linear logistic,0.3885183051669496,0.7107248538798268,0.14844228087562494
1953,Gradient boosting,0.5986061408489787,0.7502598371279744,0.13426101253878045
1954,Oracle reference-risk logit,0.4813065430563063,0.7831443653744363,0.12456902589515559
1954,Linear logistic,0.35005642057936914,0.6996975135069836,0.14178366325377442
1954,Gradient boosting,0.5435151015734097,0.7628842873923694,0.13252223292341472
1955,Oracle reference-risk logit,0.45127243757776947,0.7626618913247956,0.12532875122761586
1955,Linear logistic,0.3641225175815778,0.6769195098368096,0.1420434189988878
1955,Gradient boosting,0.5823954802452462,0.7361689392294992,0.13403284833273016
1956,Oracle reference-risk logit,0.48073829620597897,0.7815276297085999,0.12442048319705873
1956,Linear logistic,0.27274959519448394,0.6830119174535486,0.14452897656902527
1956,Gradient boosting,0.4670172544404412,0.7490917542390091,0.1278913832279465
1957,Oracle reference-risk logit,0.5424929369538168,0.766250063458219,0.12903016397105085
1957,Linear logistic,0.3297910493341313,0.6876998933901919,0.14577816825004486
1957,Gradient boosting,0.4771313212641378,0.7305024621789015,0.13596718084329326
1958,Oracle reference-risk logit,0.4650269845883687,0.8119414441581226,0.12456447566733013
1958,Linear logistic,0.37130107606211854,0.7175725399175149,0.14655675339009178
1958,Gradient boosting,0.5732235813517691,0.7658390749980202,0.13281073503608531
1959,Oracle reference-risk logit,0.472338696005494,0.7800859375,0.12622211839974437
1959,Linear logistic,0.3254952256314257,0.6967828125,0.14552748379239447
1959,Gradient boosting,0.5610714018971734,0.7548984375000001,0.13299377883870772
1960,Oracle reference-risk logit,0.525444283837788,0.7781887872146147,0.1340127549524485
1960,Linear logistic,0.35723921704238454,0.6804496065491403,0.1531215020094269
1960,Gradient boosting,0.5470129413513699,0.7295771851152071,0.14584209656919275
1961,Oracle reference-risk logit,0.42594948945862676,0.786940477090103,0.1266773368602259
1961,Linear logistic,0.35016694870263987,0.6946538325902416,0.14569072287563575
1961,Gradient boosting,0.5943821994182543,0.7409679714854279,0.13970884633573746
1962,Oracle reference-risk logit,0.4806213712519086,0.7823732104782212,0.12387672062096236
1962,Linear logistic,0.367960843018976,0.687671337191593,0.14527844681218197
1962,Gradient boosting,0.5429697502337816,0.7469254492841912,0.13181578950257825
1963,Oracle reference-risk logit,0.5082415128901373,0.7780786618444846,0.1300021969099056
1963,Linear logistic,0.3372373590662457,0.6947061482820978,0.15055042632934204
1963,Gradient boosting,0.5747942996359472,0.7642374924653406,0.13268437090386895
1964,Oracle reference-risk logit,0.4731877902761391,0.7782359140321624,0.127466239188608
1964,Linear logistic,0.345543985106381,0.6934427349992609,0.1454320884225363
1964,Gradient boosting,0.5284080313281432,0.7404560981308782,0.1355860222569042
1965,Oracle reference-risk logit,0.44300243456908595,0.7661684355156628,0.12745894037377678
1965,Linear logistic,0.31401803173692994,0.6872588297988456,0.14364440903135153
1965,Gradient boosting,0.5723353915424088,0.7257128365146934,0.13485358534455727
1966,Oracle reference-risk logit,0.4380411357937438,0.7757510274057839,0.13675861438010872
1966,Linear logistic,0.38337172967973066,0.6956609582873985,0.1549828819313324
1966,Gradient boosting,0.5008388540759356,0.7358414186178959,0.14822553914244013
1967,Oracle reference-risk logit,0.4436104934760714,0.7768890934192362,0.12818986887359338
1967,Linear logistic,0.3550908874106361,0.6951280871299279,0.1481488849200976
1967,Gradient boosting,0.47193597208070065,0.7540159533670808,0.13455768471244012
1968,Oracle reference-risk logit,0.5629958814507333,0.7538487498082528,0.13143666029951254
1968,Linear logistic,0.36249503234160463,0.700567571713453,0.149271352082597
1968,Gradient boosting,0.6275130417496035,0.7295091271667433,0.13894247055878073
1969,Oracle reference-risk logit,0.5011171598026145,0.7821943124154,0.12896949111632428
1969,Linear logistic,0.35526082823883914,0.6858678789302248,0.1474121832401529
1969,Gradient boosting,0.5482352269694403,0.7591259711603241,0.13471867595042863
1970,Oracle reference-risk logit,0.4958985165259989,0.7888295089025459,0.12565542797756823
1970,Linear logistic,0.3376461559960653,0.693631745263525,0.1466851358369109
1970,Gradient boosting,0.4902388564453596,0.7370877337988752,0.13625539373102538
1971,Oracle reference-risk logit,0.4329040766328019,0.7888913635887224,0.12105210224681467
1971,Linear logistic,0.3668309282844041,0.7210279975893512,0.13704845837613824
1971,Gradient boosting,0.46396918628064954,0.7568610143066764,0.12893536921528428
1972,Oracle reference-risk logit,0.46310450623732635,0.7977853725222146,0.12036745713691047
1972,Linear logistic,0.3546894599465771,0.7258783321941217,0.13754043894020923
1972,Gradient boosting,0.4759736827255297,0.7617305295323872,0.12819068520609228
1973,Oracle reference-risk logit,0.47109992100841996,0.7835222460490512,0.1289971364974046
1973,Linear logistic,0.30975002438323496,0.6945320430805086,0.1507803809513866
1973,Gradient boosting,0.5826052080056269,0.7604908126550496,0.13553529574664092
1974,Oracle reference-risk logit,0.5158997844827212,0.7969896096093376,0.12497742380170075
1974,Linear logistic,0.3374745090925911,0.6796535228149309,0.15240039725686688
1974,Gradient boosting,0.5754193942821582,0.7650047777984086,0.13448631213888632
1975,Oracle reference-risk logit,0.5362393665903664,0.7610729274187068,0.1302055238518672
1975,Linear logistic,0.37104241375492936,0.6913518057246695,0.14843297083034937
1975,Gradient boosting,0.5501411143734827,0.7371191846270806,0.13789174363108747
1976,Oracle reference-risk logit,0.4702114756621642,0.7703227786310527,0.1331015754544278
1976,Linear logistic,0.34633664184744767,0.6837966842118722,0.1522379205280937
1976,Gradient boosting,0.5746682378346463,0.7414311051072644,0.13843194968277567
1977,Oracle reference-risk logit,0.4319413285221717,0.766903204053506,0.12869395701748462
1977,Linear logistic,0.3640464523364276,0.7004293099188771,0.1444523773165547
1977,Gradient boosting,0.5252348283311691,0.7441061170836758,0.13252661357694467
1978,Oracle reference-risk logit,0.5080316811427497,0.7586479660768766,0.13909840795777745
1978,Linear logistic,0.3411810299158312,0.6717660041150959,0.1545483520600211
1978,Gradient boosting,0.6038481368660318,0.7189597834668551,0.1453883309983869
1979,Oracle reference-risk logit,0.4957948179061944,0.7640264026402639,0.1306077941268431
1979,Linear logistic,0.30363715642439765,0.680666703888434,0.14876180079938278
1979,Gradient boosting,0.5365317985489956,0.717333246482543,0.13896969255227254
1980,Oracle reference-risk logit,0.5114769016477771,0.78173540319591,0.1315110651252678
1980,Linear logistic,0.3861852010329575,0.6944962637958167,0.15253595053748137
1980,Gradient boosting,0.5855659453281997,0.7427430989278978,0.13881196944085242
1981,Oracle reference-risk logit,0.47860387171748675,0.7755735074820354,0.12702863511493762
1981,Linear logistic,0.34821499607971784,0.6485022572600807,0.15034932992273076
1981,Gradient boosting,0.5234920184962917,0.7450812472206552,0.1354376823332338
1982,Oracle reference-risk logit,0.41533309375247374,0.7853893859862142,0.1271646754705544
1982,Linear logistic,0.31152951688749025,0.6756222018817053,0.14802916797417737
1982,Gradient boosting,0.5341382479286865,0.7448941151563833,0.13495206479942157
1983,Oracle reference-risk logit,0.491982865400613,0.81016479752608,0.11349842169587708
1983,Linear logistic,0.3459398981611652,0.703858649912904,0.1403169460317159
1983,Gradient boosting,0.5624977340118479,0.7535686558497903,0.12449862754540914
1984,Oracle reference-risk logit,0.5303154863061078,0.7852078125,0.12678338962629254
1984,Linear logistic,0.36197124523821417,0.72491875,0.1430739977444195
1984,Gradient boosting,0.6006517906938569,0.7316078125000001,0.13845900537965533
1985,Oracle reference-risk logit,0.5293939853397014,0.7756330052069477,0.1315675074260452
1985,Linear logistic,0.3104575794860258,0.6955767549694045,0.1496533697569887
1985,Gradient boosting,0.5585889388998198,0.7397833605716241,0.1408461210283706
1986,Oracle reference-risk logit,0.4582432831088118,0.7896395209505707,0.12557118783432844
1986,Linear logistic,0.33532890323841114,0.7135897966737558,0.143864701851841
1986,Gradient boosting,0.5181015150719461,0.7351943864139674,0.13712368191542254
1987,Oracle reference-risk logit,0.44627974161186307,0.7537551771744133,0.1334711943745677
1987,Linear logistic,0.31194482074572194,0.6712225801503298,0.15101956382585688
1987,Gradient boosting,0.5310164375414974,0.7145467096180397,0.1428235565080079
1988,Oracle reference-risk logit,0.5433013478066924,0.7874169843584242,0.12475563754394636
1988,Linear logistic,0.26299840193258334,0.7101956852050101,0.14097590663678727
1988,Gradient boosting,0.49307035601728777,0.7452846792645376,0.13258642067171802
1989,Oracle reference-risk logit,0.5024813152852693,0.7748229286256502,0.1302889150637754
1989,Linear logistic,0.3257629048422815,0.7099730864058117,0.1447894097505734
1989,Gradient boosting,0.49099309550251724,0.7260867383107799,0.1389427030534223
1990,Oracle reference-risk logit,0.420829212263709,0.7825266249797271,0.13041664849121312
1990,Linear logistic,0.27097783224010985,0.6857846935649542,0.15300562856856875
1990,Gradient boosting,0.4700256790541596,0.750681767670397,0.1378186652593137
1991,Oracle reference-risk logit,0.5853504266003945,0.7782603487820134,0.13502816461845796
1991,Linear logistic,0.3128137495198398,0.6750128283047857,0.15646586129663
1991,Gradient boosting,0.6157391911621154,0.7516410618139446,0.14279181231366966
1992,Oracle reference-risk logit,0.4605870493942426,0.7691283776815181,0.12482663628792577
1992,Linear logistic,0.34228737433791495,0.6995845580651815,0.14213104144469726
1992,Gradient boosting,0.5500634172410775,0.7346715140264026,0.13149694095665815
1993,Oracle reference-risk logit,0.47990586943451785,0.7947176760736083,0.12891522884488194
1993,Linear logistic,0.35022328555649346,0.7250933522119962,0.14481126688128043
1993,Gradient boosting,0.518884250200694,0.7556046030622303,0.1356631145369397
1994,Oracle reference-risk logit,0.5369710740531737,0.7881464358338843,0.12539630614006683
1994,Linear logistic,0.36442775122146803,0.6925060726492821,0.14800066300620512
1994,Gradient boosting,0.5825068576458359,0.7520288520375051,0.13240052585380785
1995,Oracle reference-risk logit,0.4532236007375264,0.7753432474203997,0.1307126719574763
1995,Linear logistic,0.2935736156596004,0.7085581853772556,0.14844661009245305
1995,Gradient boosting,0.4976736278791817,0.7487729448256186,0.13964551065076833
1996,Oracle reference-risk logit,0.5863906755306298,0.7580625862862402,0.1342471248427138
1996,Linear logistic,0.32118541496697856,0.6771866850743979,0.15067051870540019
1996,Gradient boosting,0.5687098727438705,0.7383785856726491,0.13828576565873124
1997,Oracle reference-risk logit,0.539329847817229,0.7871125043538836,0.12752283777245205
1997,Linear logistic,0.3731546117270059,0.7175494407678316,0.14563660209185478
1997,Gradient boosting,0.49362265316270865,0.7358798715120553,0.13726820749665286
1998,Oracle reference-risk logit,0.5172192499050161,0.7859797329237446,0.1329601323698024
1998,Linear logistic,0.3418073128967158,0.6781107140311758,0.15784497324577615
1998,Gradient boosting,0.5619996862690125,0.7484971324428852,0.14374579071882176
1999,Oracle reference-risk logit,0.46119703679890267,0.7403732143865394,0.1343134216586635
1999,Linear logistic,0.2978430379584142,0.6699038262473416,0.1486232561604434
1999,Gradient boosting,0.5356487606940055,0.7282087716986932,0.13844355359228508
2000,Oracle reference-risk logit,0.47979343701182453,0.797581763597053,0.12905435656517067
2000,Linear logistic,0.4258123568262068,0.7238320380951819,0.15007572783651785
2000,Gradient boosting,0.5893729583486707,0.7566406439984024,0.14065128495510656
