X1,X2,X3,X4,X5,reference_outcome
-1.4765772923017222,1.076562824432065,-0.2169697213652934,0.5942757065136073,1.1265948175470522,0
-1.480961505221427,-1.1210220748886477,0.23429443148839493,-0.3296224614077479,0.10212640996700267,0
0.12415710151738797,0.4209812458471863,0.14715409995252465,-0.1020347053052407,-0.4964848764402305,0
-0.6063315730621018,-0.30056331042796297,-1.014900698509488,1.5293443958799222,-0.9242817773905666,0
0.6948023721012634,-0.6097765161425254,-0.24656157883578486,-0.8678713335519168,-2.389630862811147,0
0.3524981869429419,1.2273932897444015,-2.1568833791266337,1.3350225447675608,-0.9126694884195498,1
1.2246056388116051,0.7979588137186189,-0.23356215815864007,0.29801427402111896,0.8826109787196679,0
-0.23484196215993958,0.43888762854493385,0.7231734543075733,-1.4712418653556856,0.4895780267047378,0
-0.8645033335402145,0.8856229596701455,0.5934443418787446,0.5901435590061412,-0.22591705742801585,0
0.007257589369046148,0.6456327768489193,-0.657579345908629,1.2253390241552424,-1.492544563082878,1
-0.4403504125876168,-1.3023295448465377,0.1970502898949828,-0.8599219275210768,-0.21163964495346488,0
1.6679158440316837,-1.127728756588361,0.30956461545901465,-0.44248602781980223,0.09549873522091125,0
-0.1491468573863455,0.5222276362292193,-0.46059112715900413,-0.31856485923805455,-1.0211519115119894,1
-0.26613478143425856,1.244521371335074,-2.0746526635258937,-0.2964653143610424,0.942218722405021,1
-1.339739632814395,-0.7161376097651914,-1.3815482825893288,1.4209784285648102,-0.2221476031887186,0
1.1345533484384172,1.0604842347181955,0.755293365117186,0.7505717099666296,0.7975428252698687,0
-1.3385592583299015,0.9888335079592123,2.509057562059963,0.18521114989653595,2.1039435290172572,0
0.3163901431949189,0.2986028814284128,1.274690200983463,0.16633951617667025,0.2553224774829306,0
-0.3361732858058612,0.6685882166673862,-2.1992751089986498,0.821500756050683,1.8481820839329117,1
1.2630461282127123,0.5955584487196897,0.8636447745066576,0.40416219798892417,-1.314874984262051,0
-0.8862903784166165,0.4181826365687627,-0.001595631789141815,-1.5285827303639588,-0.041534738197606634,0
-1.4430284284047497,1.0277442265264851,-0.011485399252019347,-1.065607592577882,-0.01751587483192488,0
0.2151823316589877,-1.5636745237766476,0.6685116366011727,-0.536853313168863,-0.4847159926731673,0
-0.471091598939573,0.13106227372720217,-0.10595724611684483,0.28126651964740607,-0.6983748478735803,0
0.43445782443052117,-0.4124895485041758,-0.3414338570639974,-0.7526917102308822,-0.4643170242974558,1
-1.1906343573354434,0.06013197881063337,-0.2004703488370415,1.820277498533269,1.2199886439085066,0
-0.04387015420349301,-0.676155086758379,0.7664070921954869,-0.14318745414563283,-0.41197181740633315,0
-0.7704432839229914,2.042719047949771,-0.6547800242183865,-0.8530679191672665,-0.7082462103555462,0
-0.9489502547641046,1.390350688633909,-0.017462539468590152,0.5846251471330682,-1.1100736912374027,0
-0.14539742434586214,-1.942383832264648,-0.3875301954796103,0.6102737323400147,0.1494783037867337,0
-1.2595643217543535,-0.2721234651469361,-0.11768204930619819,-1.9159987741888478,-0.5203589191662803,0
-1.5229898449421508,-1.7837986700248583,-0.1594454887436744,-0.7395951926823756,-0.03844663878593115,0
0.15180103225145458,0.3576503433017086,-0.5518500072855441,-0.38585139340315083,0.5693084144395055,0
0.27941291765885584,-0.023265720697256655,2.2967633799002134,1.0776856404655173,-0.9670548493462421,1
0.7139661299478598,0.4826562496063179,0.9308522314500829,-0.7104238507264521,0.15446981586072586,0
-0.39762108987745104,-2.380859019777438,0.7513652063116173,-0.29207508340494853,-0.4906343765107384,1
0.23160976737636613,-1.4157466495140354,0.1406180864500743,-0.7623211379312248,-0.8796990797430493,0
1.8955751680279032,-0.10702269743037157,1.2904157235901443,0.051074191041153766,-0.1997731391284831,0
-0.9497475401244173,-1.5610306421559603,-0.06054410939514242,-1.0891014339349745,1.7393391326433627,0
-0.7172848187816516,1.763387320592938,0.7263018313584018,0.7265641224923903,1.3376287564280196,0
-0.6060553694514561,0.9514780706875654,-1.6077343303151377,0.7827062461937815,-1.479084456868568,0
-0.5663390826709203,1.723168234181925,-1.2837132332626797,-0.5856587585412709,1.0863443335016636,0
-1.047052139036374,0.18463946488327868,1.263911982734686,-0.23953724616523211,-2.015290041406946,0
1.654692508235451,-1.04672984775945,0.47996930089370016,1.2439897598821588,0.4033118771049535,0
-1.9436443175100937,1.0407431066201298,-0.37978822452758415,0.16456115245053327,0.22974623992875914,0
2.019725512561121,-1.5145498365431618,-0.3136469469246794,0.20960258398512152,1.0605247334930783,0
0.09616688546647449,0.8679384104206205,-1.5924579335312994,-1.8629869102661196,0.3850257771047855,0
0.3169894359032795,0.7594213470150192,-0.1999332137003159,0.44910841270262425,-0.44817834326014194,0
0.7852517392338657,-0.6727411747380703,0.6643298322655983,0.25743043583954645,0.6471915412230878,0
-0.6566845386136189,-0.9321005619318721,-1.2892099923017644,0.2696904519184836,-1.1082430408416653,0
0.3874475705560718,-1.751668507625638,0.7541663973736904,0.2187225547663878,-1.8379392501496976,0
0.5204064528692961,-1.1848803264527972,0.5512533581586455,-1.2006052715457132,0.4241290958444823,0
0.008616072564379981,1.1118879378663746,-0.9318298078487804,-0.0923079762557198,-0.020933796673575665,1
-0.011150661031283503,1.0303398383664824,0.43019982410223273,-0.08833044633584368,1.137736153032726,0
0.45282521080992777,0.14726509889845196,-1.5219615055114368,1.0716226525685983,1.033376587795701,0
-1.153800087625199,1.2919265500723367,-1.5919585475882247,-0.5946898173359557,0.004261466549453437,0
-0.3349088356267642,0.22711644744885875,0.824609905785253,-1.642364192696209,0.8810080253522261,0
-0.8084803877568957,2.263108224522708,-0.06026025659858744,0.13781261993432356,-0.07033109517393703,1
-2.0727017512799115,0.7705922544787164,-0.09666771306727032,-1.2487271409000087,-0.3284732255469995,0
-0.3141212740109472,1.2052608556582636,0.8867958001897849,1.513151593228299,2.692476546175132,1
-1.0189629972936283,2.0439624315412392,-0.11552339081753324,1.3823418178830211,-0.45516327663175066,0
-0.3161166873742285,-0.4045475500094437,1.6248540445160822,0.1953835341021192,-1.1054257434856194,0
-0.6352121101054353,-2.3547829638222706,0.6804265123687043,2.5441242835077906,-0.2198172915382475,0
-0.6227920638838558,1.0451237761217864,0.5207097365328931,0.2502176300779004,0.012912943776808622,0
-0.259339066029226,0.95303565650843,0.8992419049637258,1.166300855839717,-1.294177819480529,0
-1.1834503044797642,-0.7477256498567165,-0.02021750006374535,0.44893031558315827,-0.010466980540707214,0
0.1926353576127369,-0.5294260036770468,-0.9056682676243056,0.23813959913008176,1.7340319928836776,0
-0.5976926738549232,0.35406897310381785,1.9417944323996388,0.5971852981197807,0.1774598020497293,1
-0.6739917445316965,1.8887462152262047,0.8619276794547491,0.029981582974468974,-0.043983941957907585,0
-0.21558725332612969,0.8421800247133342,1.4912683118466168,-0.33311148495027987,-0.047844359041183594,0
-0.5656049091043357,1.3483614994005397,1.6971684545656356,0.3433854587085044,1.7225634031387864,0
0.6163868245003035,0.12469766087065616,-1.3237933787564158,1.2131948717527732,-0.8570425040410319,0
-0.2179821679853662,-0.9850842480813761,1.5812658519242202,-0.46198222795767646,-0.165382803597281,0
1.755962933364361,0.37211080818832354,-0.31461977687074816,-0.4707020200110682,-0.860775586553223,0
-0.56829532950572,-1.7195075142120422,2.0806023957955744,-0.722575428817124,-0.14603735113602928,0
0.8251652376107608,-0.45661342550268835,0.2636955767972761,0.017685284904957993,0.22756116888829922,0
-0.9225818942521716,1.0242251290672881,-1.5605671417605451,0.36627402697443834,0.21292362335480605,0
1.3512703328527627,0.79940126293292,1.5118511034428137,1.7233713334323415,-0.8201602461897189,1
-0.5654755993761663,1.577952052181349,0.7179911514314995,2.5277106826050644,-1.171060847885782,0
-0.8199419786286207,0.8333480445902371,-0.3332493536318954,0.6025693998756518,0.23843433603454103,0
-0.174252595497461,0.4210088757470792,0.4370034779638126,0.34752662715349447,-0.8860196993836906,0
0.04087949945838268,0.0181346371894906,0.5588402807868792,0.39227843630541465,-0.46369036159483973,0
-1.2877332842297382,-2.691856382109941,-0.962567165747124,-0.49462997321442725,-2.017272403008014,0
-1.3402287848778267,0.658583333475358,0.8052170900387755,0.7652374998129919,0.7659241050329222,0
-0.3377161659469514,0.23371671372048713,-1.3410492105490395,1.0147768990193955,-1.884882730343685,0
1.0453653396516414,-0.3507222755436412,0.1692628175019881,-0.3832771335622625,0.5277594236963417,1
-0.8742889195515159,1.148388607806686,0.8087028595840328,0.07524504033670257,-1.6384015015455378,0
1.248863644335884,0.02741288163327199,-1.6970857914601507,1.6829310800139747,0.612782561482295,1
-0.6265677083493363,-1.1257874229168299,-0.0817389264066059,0.5815045620271262,0.059052266855944315,0
-0.13805730073911077,1.1427097123574426,1.53499061300527,0.2548683435582368,-0.048477396024905556,1
-1.4273041636812052,0.626590476944214,0.040570150388787404,0.8796471435233442,0.008065231011423757,0
-1.0434821134764332,1.8561246789788945,0.5270244186451709,-0.46255659426346224,1.4228872696125632,0
-0.6904835998755291,-0.45949047885373046,-0.9452912177332825,-0.7105423210390804,0.10288003240028253,0
-0.47188496122805335,0.2328660641773147,0.8579990089538753,2.244695884930794,1.0404921042471305,0
0.7032778933609296,1.5856995499478987,1.1196863888267576,-0.9873834356075893,-0.4362644601895484,0
0.22930742761386688,-0.1032895048844991,2.413221173158941,0.8716780131416614,-1.4470236241381225,1
-1.5012795442421556,0.7520911655936751,-0.41077949711654327,0.7892502150424568,-2.030686054955153,0
-0.010528528747157801,-0.20163264345462872,-0.4643879715704388,-0.4481105464261261,-0.9032675921127596,1
0.294258244286377,0.16012232845638544,0.5989158076263946,0.08218284871840113,0.29807020275900514,0
1.4744147150613673,0.6531282720918942,-0.44799286358225276,0.49014741561058195,0.32110945387866274,0
-0.6150976871367159,-1.5121868118654436,0.6052833908160338,-1.0488287930582374,-1.1896554375989226,0
0.6063582165065244,1.024772425573315,0.7035745784402567,0.16232179669424293,1.6932040789162883,0
-1.6246516901621226,-1.8515692877297873,-1.0035768465259625,-0.5846536429434973,0.49184287431708396,0
-1.083498263260192,-0.03922764410385664,-1.7735034494371051,-0.7917782332133081,-0.5703619076123186,0
0.28233269860656296,-0.44891254623153487,0.7876189194111997,0.7797200723278903,0.7805408790999331,0
-0.02631602435442618,0.7902070201974523,0.10789699997039551,-1.4672923568317047,-0.5940785875562518,1
1.3077678347598858,-0.10581569013943955,0.7747682089092074,-0.990750059744805,1.2922799605978599,0
1.3223111779800745,1.169235072653233,0.729850345704031,-2.2202574145801575,2.755662191038745,0
-0.7643214982957484,-0.0684405566163686,1.11826947935602,-1.1955848388054007,1.0156256768958898,0
0.26576018077910635,-0.34889977482464446,0.7017523239916784,1.509345651922639,0.5518070039805854,0
-0.11508902786775856,-0.5450869104060134,0.8662445305649552,1.1490014304987135,0.5345396996413113,0
0.02944858517336345,0.15485921544726586,-0.7516675384915457,-0.30415025924260997,-0.9717011012187852,0
-0.1447176913236224,0.36196887656176263,-0.3312326939215284,-0.20646955275342496,0.5147856324252384,0
-0.10488564087952701,1.948503463886987,-0.38286763060753004,1.9337954162458606,-0.35325652587821643,0
-0.8681357246333843,-1.1380822874087717,-0.7350855905614453,0.9362845536243718,1.347327472728766,0
-0.21261744761241144,0.30345584916624074,-1.3565920642538585,-0.2265709034528048,-0.9693785373170306,1
1.3051270048269294,0.4657988285014656,0.035808793988945264,-1.2552648427618556,1.4251189374194404,0
0.37764505835289597,-1.159008864590297,-0.4738542013510524,-1.3637108914148817,-1.5130240864727982,0
0.03591298365060122,-0.285003925461021,0.3487972429473568,0.17362075812753217,2.3193442778118505,0
1.1949676622844232,2.411915189142252,-0.6906084158990378,-0.8081224400613329,1.1233676070494127,1
-1.301728973979078,0.28853058275413945,-0.9416543800336652,-0.49419207282819455,-0.004512717076088293,0
-0.2510414432858759,-1.083196950516992,-0.26288243493153096,1.1698192229823126,0.3042910254456178,0
0.6457771775916645,-1.1853310126969423,0.8011699101950319,-1.1105341124335588,-0.8224583067803984,0
0.35183741955440084,0.32382805932183434,-1.8215626384653167,0.8207126233878913,0.7012845637404883,1
-1.1536942055948993,-0.931837934845772,0.8096349960326771,1.4286964064645518,0.4398167861970686,0
-1.2712370069612242,-1.7144716873523436,-0.6651975900923874,-0.09168549000309313,0.7608123833408961,0
1.0730783408325995,-0.24675334024902654,0.8414909941522823,-1.1008484403692713,-1.4481058611040496,0
1.0973077565035876,-0.3384407749715559,1.7392358500843998,1.924961174683837,-0.5795142603430642,0
1.0865601588579532,0.8207644515818872,-2.017342221772839,-0.9574007604709778,1.4274074809329456,1
0.6755260574591766,1.2905713908401364,-0.5850117028182642,-0.7661127256809626,-1.9774553639510208,0
-0.5567431144559107,-1.0307913720628898,1.2935463283962403,-0.08493457754971549,0.19082989394097108,0
1.2905230315776524,-1.5993750718247859,-0.16148322770506843,0.36339942723584207,-0.3790244504455428,0
0.9126407418468675,-2.1882104267998677,0.9280086679601169,-0.3209465755172863,1.8969453458235979,0
-0.0618761611657803,-0.4929956927014622,0.017311972307978547,0.09332614296868669,-1.4909059117220393,0
-0.8405391185530311,-0.756837661110514,-0.4555064803540504,-0.28058269845134254,-0.5781009670930801,0
0.6697176692839776,-0.5679024844624597,2.914433403019361,-1.4890806573716941,-0.8163020273587119,1
1.4108345888705656,-0.14232913977873193,-0.18211382540939902,0.09563971499494892,0.4647667354090598,0
-0.29062966903689974,-0.5579172044643619,-2.6376027204572043,-0.8138272483295477,-0.08414176087373931,1
-0.03415136713350797,0.5309212165086,0.6117430445864672,-0.9508389855985148,2.1002584654464287,0
-1.9219695939008714,-0.28170000920084765,-0.7281719283572525,-0.46516481533140736,-0.2639640862807044,0
-0.7086974030365825,-0.014577542265240042,0.0927246166522085,0.7738003672230547,-2.1193631262960144,0
-0.9475482125604876,-0.75596610183924,0.48273889487104854,0.4429813674159532,-0.8935520911030465,0
-0.11071293462151109,0.2551627282560051,-1.051932623740731,0.03999676368339899,-2.053767690647472,0
0.2903828086334221,-0.35489467368956173,-0.036312166779180595,-0.7485786181425095,0.06730690902657219,0
-0.3021982463709063,0.00512810190263452,-0.5382079141996603,0.3176921423816829,-1.5547962382542297,0
0.22906026888154876,0.37759327032748946,0.9337597871913813,-1.4128818016498985,-0.3687572101765868,0
0.35257464779558206,0.4246411345713998,-0.5538835565834865,0.023370679880160512,-1.294034318935055,0
-1.5123393492599364,-0.0069592299291056925,1.2420905271866431,0.5811022684430501,-0.3506332677033243,0
-0.0265331359845681,0.7166299581668648,1.5403619955979146,0.12763627768981942,0.8314790865172386,0
0.2700833213922277,0.16691537300560444,-0.5964601750962264,-1.1254126805051556,0.1716678488405144,0
-0.8895178092230137,0.44685200133219666,-0.20210473497678863,-0.28441608451230943,-0.0857967877198129,1
1.3642820896156067,-0.2834971085352329,-0.23399877980071807,0.5919849373720988,-0.5718582088477904,0
-0.6820181866876162,1.2354913395600806,1.7824591617108323,-0.3013571643968933,0.2222824954773942,0
0.6578272583022969,0.9132291704936591,-1.2203019637924908,-0.5764113739053777,0.6196187590853295,0
-0.4467436970509916,0.35213230741192764,0.8278833959455247,-0.21495805305654264,1.2012482355528953,0
1.8400826248531055,-1.70125328551989,0.07097418254074883,0.02967034786915585,-1.580125062994513,0
0.5642261849326553,-1.0683254400990578,0.2627351978629557,0.8040325868413774,1.790519674039832,0
-0.893701282684072,1.002013523873394,-0.4537247583274673,0.46152635122985297,-0.22435060152650965,0
-0.7383997540557711,0.37135702631344086,-0.9938279951980667,0.12585038856281766,0.794139107154359,1
-0.04774988071155769,1.2436446676972188,2.140099567993764,-0.47113838536839536,-0.7216446453477856,0
0.8654570401702456,-1.0520014965641697,-0.5680796200537492,-0.15965359645410426,0.034019877252934295,0
0.7856740173741849,-0.28749142483131984,0.09410779665529667,0.7812330193349344,-1.1084265373506077,0
0.130533870996306,1.6164730210254548,-0.42712719131489085,-0.09861490424893476,0.32265666047616626,0
0.07145375704765036,-2.695151845107533,-1.010106807600809,0.43772005700188465,0.19926116483987746,0
-1.3277186076051484,0.19871269454944726,-2.3375281596856192,-0.7845643482146912,0.40019220656268534,0
0.032075508912177905,-1.03218215937359,-0.004603153152611924,-0.41835280838048394,0.5364587002731758,0
-0.6578937779748838,-0.4641947837156278,-1.4428683433786138,-0.5973929137721657,1.0873044529862683,0
-0.5285604165429273,1.472350078944744,2.836799752559826,0.47120850333133085,0.6322673918526972,1
-3.4761212952695915,-1.1461816821462347,-1.1123240987213152,0.8986209982604794,-0.024613862632559432,0
0.16247244471755218,0.8045571359557433,-1.0368759497055298,0.8058703061250627,-0.5628573684546104,1
0.9234613004950275,1.4565711208339192,0.3438648030593054,-1.0788692118648047,-0.4317147711949634,0
-0.7427341835254669,0.20046855024166402,1.2404893046814334,-0.7877860982524356,0.2744155141244377,0
0.06557231973416582,1.0444191927900104,-1.6728169166591822,1.706963948850107,0.7745520647808007,1
-0.004118730104849898,-0.2807005020110526,1.1113087914023125,-0.25116592300051155,1.5752382752028538,0
1.0649999920359292,-0.7516655801306368,1.2548236130689414,-0.5994181856727855,1.9169579589434147,0
-0.150903602353797,-0.8173692134997168,-0.6070913123981454,0.5055994029211622,0.7332460859687666,0
-0.7659294860189491,-1.398491073359015,0.29719750296123454,0.9460008190499178,-2.516410058797998,0
-0.7479596587239417,-0.35981822358350335,0.3287655616729163,-0.35875322917752983,-1.6427460679821275,0
-1.7393147834952563,-1.5143730638544652,-1.986752464676549,1.7231864219124537,0.6564387526925625,1
-1.6305156168646064,-0.6529941785566581,-0.5148208691341696,1.5852691366857534,-2.94714359689383,0
-1.24966031039223,-0.47037853477877584,-0.702245956099342,-0.06352069679866149,0.20603041279662446,0
0.29931674789995477,0.46408307193632936,1.7174121881194615,-1.8014728113624727,-0.6268273018531276,0
-1.2064715023652328,-0.7574266273876821,2.0294583789342093,2.146145451786021,0.24356556703484533,1
0.9167143948315232,0.5085523798488453,0.7170084043920568,0.7039106291376386,-1.2455515563691055,1
-0.4886097969395039,-0.3269159597578822,-0.45717172068889084,-1.538484359488251,0.14073125646120824,0
-0.9772713968090719,1.287558918119581,-0.1143634020986006,1.160312076329176,-0.5138780870727608,0
1.2405871182294008,0.3754812071615559,1.093626356675122,1.4206698339051032,0.8096462822818594,0
0.4927799575027013,0.7970742410186764,1.559367111246031,3.5169478234867184,-0.950237236802245,1
0.36539035259585445,0.9046704254291645,-0.45608774638941896,-0.29420659525840664,-1.477750612156541,0
1.3183990332883775,2.3056177853581037,1.1100606660762176,0.6021527310690259,-0.013576992276484031,1
-0.8092622900498648,0.42684822549971785,1.8939409598092605,0.4602387953406087,0.009996996914548785,0
0.016159403340128376,1.804084444179444,-1.5709030179656698,1.685454448508003,-0.3530068942827537,1
-2.114730016156826,1.6479178548084223,-0.5013228542549198,0.9621043994446784,-0.1787463916265435,0
0.865107771318507,-1.5494714751439833,-0.5981274387030586,-0.5729835479015031,0.45891910615081566,0
0.5805863628197633,0.08910633693028455,-0.7735780942300178,-0.9860191360913527,-1.3518247302832387,0
-2.522383267185604,0.049173280489509606,2.7813031640213346,-1.4200641999472416,0.8165188972739755,1
1.327483972374572,0.042589255590069444,1.6090240186227633,0.33498417146507464,-1.8701744285525979,1
0.290792336239644,-0.6515563973555327,0.30174284625339454,0.503172934688662,0.9854540643310481,0
0.3995958146910081,-1.5156035671410542,1.1579876139657874,-1.0143572059801895,1.3697153679959568,0
-0.9287368661388485,0.3432936322341725,0.41345534612340673,0.8125149746653844,-1.9439047412021624,0
-1.534662374965084,-0.6909076553289881,0.556259424336473,0.5966491709331717,1.002475423531345,0
0.056484956093212024,0.4683459243060683,1.1753656026855255,-0.04789080676235522,-0.16330707608957387,1
-2.1756997215812657,-0.32236309112916767,-0.1702490937974769,-0.28256640968250035,-1.2661426573932064,0
-1.2063632069497032,0.5778631423879861,-2.2186817064119184,0.12087469999711133,-0.10262541685573529,0
-0.005118394353344378,-1.6593655958033366,-0.44857499798180844,-1.1500227690925986,-0.5835230768980393,0
-0.5156702454681962,-0.6227663737976215,1.1504345834412466,0.11354164169104251,-1.9637386678045519,0
-0.3252093500680409,0.23131878905474695,1.080889846097263,0.9658280302543025,0.7948439609063029,1
0.9829082282113075,1.4425860085254927,-1.35326100965226,-2.1175132703469637,-0.19563805446699742,0
-0.8736555425379242,1.2090997963952728,0.6579165253914239,2.347009847857864,0.42148789591295954,1
-0.49315223684548704,1.4929793057309482,0.8508621359113607,-0.6429561716181693,0.22067082894116213,0
-0.16724665846974762,-0.01917885480556203,-0.14723546254135667,-2.365080896996122,-2.6365214850211163,0
0.09906087168124371,-0.8722426895836075,0.8646524177004726,-1.4022550939576404,1.0076092241537455,0
0.8681120342506972,1.0214842035091662,-0.8213122196328158,-0.25681530752907844,1.2839707301707495,1
0.7286857902276163,0.9116153791018488,-0.056110478592822054,-0.93736364392571,-0.15529484541488897,0
-0.09997973207145976,0.7744413766301466,1.14751526581919,-0.16987222661785215,1.2802907195956366,0
1.3863940100496928,-0.2601297835463956,0.5338913617771409,0.7876923990033771,0.3658829419805094,0
-0.689923316701583,0.6867898497222874,-0.0896902407482066,-0.6214854764911195,0.35031007145834087,0
-0.2686130880845433,0.12414876801255181,-1.3822475047383076,0.7783481898681248,1.0629980819295586,0
1.0170026585082033,0.08107165593226436,-0.13213610254574545,1.361379156325294,-0.7301995178522366,0
2.9223505441973323,1.185715961444795,0.014121191624386709,1.1960462864335781,-1.3318609403544064,0
-0.6024985272724585,1.4128191569358768,-0.3597961406626294,-0.41385817223448035,0.25203316366303163,0
-0.4621914530776963,0.7251584225481367,-1.2911680927494111,1.0129487558010464,-1.3497335667991337,0
0.683873071979276,0.08211311447252508,-0.2804885808187546,0.7537275198427963,0.815270246737715,0
-0.9696368451938049,-0.09544266195844747,-0.5429647990236162,-1.0312435330674035,-1.055369570900055,1
0.7347123402105666,-0.4634558565396662,-0.8455876555503559,-0.8496617717706112,-0.1484439653094168,0
1.6538139467706598,1.6040943385078599,0.08946573532879351,-1.3064193415565464,-0.5757526330387045,1
-0.3384745942275034,-0.158287365064916,1.1048473601776032,2.085064372656105,1.0868045545784857,0
-0.5254437929767843,1.4976112367564975,-1.321780413162608,-0.4159588300279904,0.2820337651318099,0
-0.5617462742290587,-1.1602445954057645,1.8591167893984035,1.070147752130926,-0.3309860337983272,1
-1.4098740411044992,-0.7185327554205748,-0.0819030626101939,0.7890021019067434,-1.0437882448074116,0
-0.6494143622909905,0.19564922038438043,-0.9615917362838385,1.2594849857002925,0.6039533431386358,1
0.5436296746494009,-0.3747269930640107,-1.3357476757340756,0.7691042511753906,-0.4791947304726042,0
-0.3661423620197518,-0.029849621477362677,-0.127536627532214,-0.5146857507014448,-0.23795412553373338,0
0.3365202831106497,-1.118041511906605,0.686585842646978,-0.8211020248082503,0.6808537330310537,0
-0.8646242375580647,-2.027436413760568,-0.681107130142459,-0.4118973001168826,-0.35581927783006867,1
-0.11432616030782673,0.7076519569430788,0.18803676848401943,-0.7689349232533531,-1.0553443023970963,0
-0.16739675347447205,1.0079273162268432,1.653208461594567,0.17271984689560893,1.4295055791982763,0
-0.38737493748821894,0.6406646773396957,0.6161883256470174,-0.3704579193694587,0.7919899059887461,0
1.1343461022005943,0.5399760360249549,0.12539202356543142,-0.559433634543084,-1.825836745720814,0
-2.837839497608904,2.1920930671106205,-2.0549515922905077,-0.0652708908102648,-0.7426917110316191,1
0.2040557968830176,2.507979202624199,-0.28730615661559356,-0.8349100522929067,0.6030328483317973,0
-1.024922732439593,1.1301227358335308,-0.2480377640204204,2.3321622661146284,-0.30642535328415776,0
0.45633100408980437,1.8041308815838315,1.0161004397532722,-2.2022500248058807,0.204229930161037,1
0.16343416166076338,-0.6677066750537229,0.9102001344798295,0.5613438309306619,-0.5930749610467998,0
1.3429477774175735,1.1291869740087903,0.591472193075723,-1.4173845593672811,-1.1694250973126394,1
-0.4367500534413752,0.3362192117505623,1.2315846390033605,0.03852041442749539,1.1450416562207144,0
-1.119843436171395,-0.18896502720510217,1.8387241595009243,-0.20645218281084235,-1.3143626023772628,0
-0.559026862341074,-1.2466155514503827,0.23829903697472754,0.2883133051525916,-1.299502539616631,0
-0.8062580010748984,1.2615254608317679,-0.4938712480490923,-2.5163470728382804,-0.8079412429500106,0
-1.0453377363317344,1.721104854076934,0.6411638939061454,1.6180011082586765,-1.277857226673071,1
-3.1305507890322395,-1.4577963459075967,0.14046774618434396,0.8714786619830165,1.6102477315690853,0
-1.6977778765123004,-0.2036160522479525,-1.3569339343753324,-1.5918586862255932,-1.4402596191970531,0
-1.1889421770320021,-1.3386424145394855,0.00955336353869584,0.6321359927221881,-0.33854912220936517,1
1.6457395135656177,1.2861351180930496,0.23489770721298583,0.5221384235845935,-2.495803959003277,1
-1.130933514224739,-0.1782957548417498,-0.888191750192886,-0.4154095323753339,0.6805640117788619,0
-0.5673406618435141,0.009339581180499778,0.6000710056708808,0.209278269504117,-1.5085982684398933,0
-0.9173668516757579,0.28425029465959956,0.9021561689564208,-0.5753788331618164,0.641133408722823,1
0.4644876392191327,0.8916949867487745,-0.926400707806564,0.20306630711460194,0.37537896283480265,0
0.08756795248899252,1.4435787166792546,-0.5749057078391903,-0.07438141274917212,0.6521696268684799,0
-0.7811721333473437,-0.7549170871935436,-0.7127037348867737,-0.02460817137125226,-1.466407422237277,0
-1.4405211906978925,-1.8839699279515196,-0.13047796236815956,-0.590261178417277,0.06593467097184703,0
-0.7537519461755325,0.7205178174916067,0.03224232575870212,2.54801589320705,-1.1292102354862494,0
0.7810563751235398,0.04906188701785026,-0.50389096223793,-0.5549353880511217,-0.5962685326596622,1
-0.012963683728426762,-0.09048857123709385,-0.443073915066606,0.9163164846378797,1.2361290184423326,1
-0.19505954095619477,-0.9976396693651829,0.8784974926901638,-0.15912970371461968,0.7263621813944711,0
1.2502762610268605,0.2858726113502931,0.6109827737156941,1.5871248970545109,-0.4542403497787163,0
0.8023933963010816,0.2821822587158086,0.24417923265191216,-0.4853821897989967,-0.4173783330199782,0
0.16064637901356607,-1.2817549170061968,-0.7363844236305136,1.3760053926055082,0.5381581372838945,0
-0.2480384039408512,0.3664987332303988,1.030646192672797,0.9252065890880429,-0.023874006931704127,0
-0.3319557748581277,-0.9116860807385454,0.4600623716124533,0.5951660226275701,1.6343380509233352,0
0.795314705482503,-0.2926383491890755,-1.6420421677445305,1.546899613093187,1.46028104553188,1
-1.8420584454533677,0.43308998169527424,-0.8567183766820649,1.767280783671639,-0.7151026394500083,0
1.3187771177426895,-0.8543611497753709,-0.3503108526607628,1.503278638744234,1.5522263867197648,1
0.18393524145148074,0.5725000636677787,-0.9596060197651246,0.0796571372187114,1.4271592149329364,0
0.22834725486449953,-1.654434562355873,0.20633608392770705,-0.13878173523950718,-0.24237566632011237,0
2.7386345754041828,-0.35381137962970544,0.27021599912667943,0.3756729150173511,-0.9633309467664696,0
-0.5356073461484019,-1.7589691293486558,-0.2004070947988778,-0.8503600873375855,-0.5549722255366724,0
0.23217356263592415,1.4846471045152654,-0.9125804579045548,0.8034414173811026,-0.5944259697371164,0
-0.34758560837747443,-1.473456570939697,-0.28155423391445844,-0.14470859386470103,0.7003885937646963,0
-1.2420412465633646,0.6806880559748147,-0.521258050956625,-0.506331129152136,1.2813804327223335,1
-0.18828733694368374,1.9806534395577,-1.5508671229041526,0.35498408841720663,-1.0143092459144911,1
-1.3519180621355116,0.21771405980797298,0.05974167021623608,-0.4624210431707415,-0.24703277816283137,1
0.6236082124316199,-1.1460918027081872,-0.06462624246907082,-0.45144427458307596,0.8833141837912684,0
0.4953362968679331,0.7524487748990567,0.17445337871141253,1.8280147003064555,-0.6930598013776202,0
1.041105911182348,1.1657900761376339,-2.819632728201427,1.2720401103005874,-0.4262674096224379,1
0.176111477280324,1.0476410721728169,1.7265612854211803,1.0127274332717282,-0.6141011560109215,1
1.1908357040270632,-0.9296148668929431,-2.0133661342601323,1.1691868497534408,0.08793968779099427,1
0.14782519000266467,-1.2767260221993384,0.6980421294175423,0.09047078385415852,1.1353767891046236,0
-1.3838884257310826,1.088332392562785,0.41119357644342813,0.4642343315162207,0.06613325965289829,0
0.673623341351622,0.8674827386073863,0.8395727982262042,1.1338830500490986,-1.535028958708702,0
-0.17637451011724048,0.4670334148739095,0.9510799424579267,0.4258736986045249,-0.2051386508213937,0
-1.2229290385141243,0.2431781485743128,-0.08146146873262405,0.8607399559557156,-0.39044060088269583,1
1.0068434385676661,0.08818976680406551,-0.8848886359018114,1.0385428531859389,0.3043386512963207,0
0.7406136267732966,-0.2824056763972203,-0.9001953162699743,-0.04769296678112022,0.5853661472318117,0
0.4285319734817238,0.9872182547885903,-2.3215422788262,-0.6800436679438414,-0.2206573812145358,1
-1.4316083005432392,1.178742525721762,1.310063291729742,0.5170666462895674,0.16004717683716857,0
0.28993172127107303,1.4829928882120698,0.2948822324318697,-0.23248981184543677,1.6977733853131642,0
-0.41429697233606533,1.0740518749343406,-1.1613208353615339,1.4882510687675796,-0.04890379807100953,0
-0.3344053883414135,0.02249444901712826,0.6938312981962225,0.7870388850757734,1.0775312555716137,0
0.35835289005482024,-1.4839160721712332,0.901926078688541,-1.181956681088198,0.6248576643533094,0
0.7483317260983179,0.9503509503323047,0.2733246811246436,-0.35690799230635795,-1.96710812794695,0
0.638417516383737,-1.3081857675873199,-0.16682753624419625,0.6114027416689224,0.20925029860659997,0
-0.44781173278925956,0.11222819167865941,-0.8645488885675577,0.6717770426592392,-0.25363583161027103,1
-0.8541846364146625,-1.466567117920667,-3.4429019579393128,-0.33043673501816984,-1.6045518986452711,1
-0.02910694430061477,-0.14995418633511504,0.8902444411303393,-0.9650426194351397,0.6558636235477558,0
-0.818958049197052,1.7219363869726974,0.20515531866014067,-0.9043736847866612,0.6692756145023087,1
-1.3791502463473104,-0.19163688783710325,1.6929218687853942,0.2487706378496725,-1.8752227598081812,0
1.4411879648662302,0.5408888142438684,1.0660001914446036,-1.0423897635971846,0.23660205343431778,0
0.575358299419186,0.2178105007001943,-1.3219177401142517,1.2602442381523729,-1.2862702142537787,0
-0.5761215634392118,0.06061589506593502,0.5013025135569649,0.34734264864861353,-0.16514164545232013,0
-0.966640455087838,0.41718913964033794,-0.11623212153490174,-1.0933548636860688,-1.7610795378596056,0
-0.07197402861189472,0.08819486569735065,-0.3723905233862516,0.6150204701546952,1.0181403688091026,0
-0.14915373541803106,1.0109651138063316,-0.4844714879753278,0.26656011116152856,0.582279788559347,0
0.30336879935347427,-0.9023380299085515,0.6032203409124267,0.518327790822654,1.1702618226578707,0
0.9604964262786687,-1.893894484725492,-0.9093027659046391,0.11269295971024186,-0.22465400744209005,0
1.9093477106303212,-0.8996937144208145,-1.4747542199829817,-0.7016475507912662,-1.386081336387399,0
0.410945112090331,-0.36846261539620784,-0.6633522038241532,1.8073174689891873,0.6907897535633233,1
-1.396692340074489,0.8631282622743237,-0.4765366356718932,-0.5978170691855712,1.6270515157462095,0
0.7536400545560685,0.21057386220248697,1.5869469477229208,-0.35475020358915443,0.8945793643622757,0
0.36521867436651234,0.10826545453126753,-0.29893450374568786,-0.32088721004334697,0.7466053875329389,0
-0.941266214191014,-0.4546684734543793,0.6410168795835101,-0.8455970399019398,-1.0298826248813444,0
0.46655213839538495,0.9127227896941089,-0.40520909076948003,-0.00758900356962732,-0.8121491340235735,0
-1.5321532356768122,1.6055826500721873,-0.2565002629438205,1.5038684281108525,-0.9933487283640385,0
0.9598460125171887,0.22546643818505732,0.7605927297691623,-0.3401957754331813,-1.2450573676028145,0
0.7494542919247849,-0.3873562304220689,0.423609334400668,-0.018214590834913787,0.2636621770411411,0
0.21756386850948775,0.3891893909603035,0.350600839347631,-0.3957800640902798,-0.08350767035951082,0
-0.06392112138566854,-1.5355302030139981,0.22735718775518357,0.1704528338043569,-1.779241755845563,0
0.7259552915875308,-0.5815555425368983,-0.6342059858208097,-0.6058897416514303,0.5683224293734627,1
-0.6125947471161487,-1.485922210514967,0.1722037596198853,0.2866790026766441,-0.2732507101003458,0
-0.16287938611754094,0.24499883536810368,2.517085916255207,0.5126580808304662,1.7278319676554206,1
-0.36138690252342687,0.03825325638489106,1.1031236196782523,-0.7832390977375641,-0.7889699173685271,0
-2.6643228559260685,-0.7152023904681571,0.01835436373478253,0.9079354806822911,0.10576959829336617,0
-0.14730063343764008,1.1742189758726689,1.171462405131911,0.013509170771687756,-1.4316748752711672,0
-1.7918180294434745,0.837800513820541,-0.16494209809702606,1.5036075684440742,0.5267446800343139,0
1.1124023036357011,-1.5523786304308411,-1.0088122632546312,-1.183514900771605,3.0447700993517364,0
1.7424269207390761,0.41622728745164383,0.1798966210430516,-1.5721197133883695,0.4446520735059812,0
0.6008544137550537,0.05924657592347571,1.3655131475076911,-1.3866327687553504,0.5804058087547581,0
0.059117483275701585,-1.6875463888879036,-0.4414830795000106,0.39522911284238366,0.34480223032539087,0
-1.8956616972116338,-0.37168621387816886,-0.42406262731538685,0.4463962135949082,1.45898749782364,0
-0.63017050918521,0.196388398152477,0.6162178076633047,0.6030783331609206,0.07863985274002012,0
-0.5576486056243231,-0.04955779001574621,-0.4773179589864726,-0.35797003667170924,-1.347389956343186,0
1.555464250130164,-0.18404982668133896,-0.5649441335265816,1.150918554207516,-1.6794357595301217,1
-0.20433010583146552,-1.2899635215193987,0.5848021987251905,0.3914746933156453,1.082863887447888,0
-1.9733447860547044,1.0633290632922205,0.03368031901287717,1.2671232327293218,-0.04355860166310117,0
-0.4755932018766535,0.4530688893469193,-0.7807897610830344,-0.11360062910605186,0.16432565078139488,0
-0.4699954793458847,-2.0262063936351966,0.5978546839801934,-1.5161589797115589,-0.7848711453392221,0
1.5640989169865225,1.3970294099823861,-1.658013403141738,0.161926131014892,1.1877597509959053,1
0.7229285515898801,-0.7981249213093362,-2.007069892315297,0.6616278349728015,-0.23016947191242232,1
-0.037559889080292876,-0.07641745532068009,-0.32164491196190187,0.7791437905274932,-0.22919568828381703,0
-1.6144141439573356,0.07526316963899804,-1.0659883327585995,-2.030510908434557,-0.28191552121648883,0
-1.5527765542539405,-0.02114442643800517,0.7153747673599884,-0.0672313478273512,-0.05853134440189936,0
2.123527943588223,-0.4152665823762856,0.43576411949277033,0.4253472745604996,0.9037436163099843,0
-0.9120545960988192,-0.0821976918672406,-0.34123339254481794,-1.2212733993514295,1.9231224369045288,0
-0.22315629064750347,0.29295026284574305,1.1291666986749525,3.0691315919433393,-0.8474325395928849,0
0.8364834255486409,-0.7925626445491627,-0.18775726159518827,-0.9192792202876081,0.8882269309770411,0
0.29640641862937894,-2.5607223454459827,-1.218077754010858,-1.16234100232103,0.43498495918410834,0
-0.36481660891846,-0.9698074016512518,-0.2735081314676007,-0.877169944436422,1.6753571701712098,0
0.6284322233494408,0.25495071705578753,-0.8851359491463562,-0.898374329428684,-0.7981634061271952,1
1.1104307377938984,2.316156590417253,0.6218601626575402,1.5706942163806479,1.0036867913491583,1
1.37375112992971,1.3570995520481022,-0.9302603959783702,-0.08849107962404697,1.0276124021557669,0
1.7507130384352603,-1.4482794677905377,-0.4486755672883309,2.7262012619811307,1.847492335215268,0
0.33957973826542925,0.6333977479375644,-0.4862348955542455,-0.23698902745754746,-0.3963362375685018,1
-2.2307325876375574,0.2749813765217192,0.31114415813419133,0.25628217529234576,0.14128352985872208,0
-0.5760683166598922,1.0012184083498255,0.22014900610052154,-1.2711305581855479,-1.2136926374540835,0
-3.2268958536271093,2.1064770606003855,0.10930418889323246,-2.358940565532826,-0.32500059128831615,0
0.2029692908778344,0.8669558432792478,0.37829600974742955,-0.6017982268572246,1.3059547487773953,1
-1.6631868419663487,1.3986193981163346,-0.47721093138684056,-0.4386953064604269,0.838544913288972,0
0.19579361940633075,-1.0901627081819498,2.124743151812734,1.900796759380056,0.6924359446686766,1
0.42216881243971727,1.7646933535262534,-1.4090295180229393,0.7771447440714253,-1.4983891979782131,1
-0.7022583604153674,0.5390008120211751,-0.36317798279498253,-1.4097429835295394,0.2880392996538766,0
-0.7438875234284452,0.12893896433874205,-0.4175643783322237,-0.8498354454465449,-0.8128116458198617,0
-0.7924900547426141,1.096198130966167,1.109167636372213,0.9306737092970037,-1.6441684255938882,0
-0.2917980524981776,-1.0108231940830443,-0.8018316389459111,0.35622150574760497,-0.510367398086883,0
-1.2386886412717588,-1.708998552143961,0.19428044273292053,0.33563945061173733,-0.6906401334084088,0
-0.672482412062176,-0.10498013742942033,-1.0566663140276167,-1.083257013618139,-1.2081747268942002,0
0.08185761934147623,1.382673195560835,0.4488099848917352,-2.2389511663340493,-0.46327212014802993,0
-1.2022196673772196,-0.008441798871435586,1.236380463750105,0.4018610214344758,0.042731940618884405,0
-1.3156602901773151,0.01492213572110201,1.0746445934435236,-0.37220615110301575,0.4202158961997378,0
0.16669650723374047,-0.946758147541905,0.12457159683276813,1.3974681339226238,-1.1500582575953142,0
-1.5746483777121814,-0.2665007953599537,1.4816107269484786,0.8731789931956409,-0.48850208442316667,0
1.4721227656046987,-0.2542758699420564,0.08672246023308083,0.9849103528114305,0.6027066294812415,0
1.5451577623155863,0.3114094875855021,1.9983061095397743,-0.011163605106983455,1.1421975464618954,1
-0.11695243231729506,-1.4062102652698183,1.1107543057092621,-0.3892255442486821,-1.212830199357282,0
-0.3981424005638137,-0.4956188412654171,-1.318016781262164,0.704542564139375,0.33878510555128366,0
-0.27978768612546545,0.25538338260791915,-1.7971468504958983,-1.344368401257977,-1.142022966066228,0
0.5664716046408352,1.5777621378084183,-0.7077669259249126,-0.223145411031338,-0.16407014594950836,1
-0.1389645797722191,-0.49877633565223406,0.06005350145810296,-0.4105912956185459,-1.0408851596935542,0
0.476183247957911,0.11524048839719016,0.47942707589276706,1.4043718485730479,-0.35167170744687354,0
-0.9568915927456038,-0.3621392026771336,-0.02090956753032287,0.42912197757562576,-0.005075459306110291,0
-1.8890829998121426,1.0695036989536657,-0.062401919234304215,0.9614878322160251,-0.8392504682295492,0
0.8082266798163227,1.0807935768701837,0.2847484720142125,-3.144263842460523,-0.06469626739477968,0
0.5127021362203733,-0.9427573512919355,0.7736588482498201,0.5740426282903056,-0.1277424170641374,1
-1.3037907150144947,0.34492325746976643,-0.7137726995107605,0.4383709092695702,-0.42270117677685864,0
-0.15854275030354212,-1.2510398256798698,0.37226063058856734,-0.8562017545092236,-0.7194936225640932,0
-1.2389215749449385,-0.6911757151530038,-0.07397702023972828,0.6593569527161439,0.5183652169346677,0
-0.445592754793151,0.2595470155422993,0.09710655153578662,-0.8188098867512917,-1.0606330986094081,0
0.48196506166840053,0.364711982798543,0.3928680499839377,1.0461646748219342,-0.07532489895642928,1
-0.37700251670903556,-0.33649332343677457,-0.507607959627286,0.6837865760602929,1.254763020315604,1
-0.7427169370816313,0.010874777471428504,-0.4149459589230267,0.4913560372268247,1.1255467330554834,0
2.518752241604146,0.5383610379441358,0.24592399312409274,-1.242229522003177,-0.01820402931490356,0
0.8066415357156287,0.9717193408584496,0.04234022065840072,-0.21981983979205513,-0.44057029045182833,0
-0.23680291696492095,-2.244627516084056,-0.6541513999277708,0.7263643327425067,-0.9075804458001049,0
0.831792229173084,0.7730027889407438,0.37107514413999043,-0.29180258072196663,0.6704979322288201,0
-1.2698878080338996,-0.4210328438472703,-0.9184660995500111,0.16293389334226038,1.3402144641034521,0
1.8876382765969906,0.17889836496260925,0.24431523006614217,0.6763799589766122,0.673578531809408,0
-1.5046468112916733,2.080361027143082,-1.2331529856034893,-0.18616721056301228,-0.747048579670036,0
-0.18766537473187334,0.22345089587440037,2.0255181040606227,1.2326231054859362,-0.7817949407370829,1
0.43166701339965674,-0.09833795416489259,0.2666918097248292,1.8607480843827384,1.2024243903173988,1
-0.05065459160662253,-0.945225686808792,0.6210032249879063,0.010135327119227181,-1.1386029347501652,0
-0.18764179436122433,1.890389585126827,0.29254790269023506,-0.2151280330138986,-0.9341553530497729,0
0.9542821182514394,0.49113316231403154,-1.6854238654391094,0.6790815067488047,0.4353378307937118,0
-0.9573770358502794,-1.2528653758596437,-0.7276752496705021,-1.966628782049887,0.4791351268349128,0
0.14098059174243108,0.21847772892602577,0.5030263499565464,-0.433259700293153,1.030413789077597,0
-0.13244617463177139,-1.0419127298811164,0.5411991575771251,0.584286568270474,0.411034376286094,0
0.07657081499347121,2.2807762735017745,-0.3931862791581816,-0.32803358333413213,0.32514550125044145,0
0.2976261514329061,-0.07512776482403336,1.0873054729138638,-1.1138816002937448,1.2727839025045482,0
1.1367728315924575,1.255966208530291,-0.9275176059016716,-0.5637250453242776,0.4307504919305284,0
0.05426360431504728,-1.511088950587657,0.4739154250199786,-1.0305726522453553,0.5785286340079574,0
-1.3404183134000107,-0.08727590082892225,0.32347159689095084,-0.7882097228072633,-0.7719494067298809,0
-0.262761079121467,0.785866233985047,-2.156541609697078,0.4748925448815448,2.0273877875448436,1
1.25064050915339,-1.0818158818235832,1.4090862416326926,1.450336702400027,-0.6048491083286522,0
-0.37689004118948843,-0.978266144892519,-0.24164814816391417,0.11497384061632086,0.09850405696770988,0
-1.2217278471429163,1.2841514042714979,-1.7882102805255355,0.07989823860048297,2.501958958753616,0
-2.401843726418861,0.17789837449497484,-0.6130589821048109,-1.036807066616787,-0.690987474671688,0
1.349870096797407,0.9796143698106731,3.1893482541300946,0.10681305230909362,-0.4620780900656818,1
0.8202082440635071,-0.9024002662421609,-1.7297617778657013,-0.9335761952778014,-0.43948781821134997,0
1.0632083585638104,-0.8454844917325374,-1.4085316072891623,-0.49216017665510037,2.852635524687485,0
1.4864864109839329,1.0969634425303192,0.3920448020337302,-0.06587078890264811,-0.40535714839202236,0
0.2355655663044759,1.1199465165487854,-0.6631205661253817,0.972889586459365,0.23530697043724286,0
1.1610249683864164,-0.22525013333089725,-0.500741834430017,-2.9244868173140275,0.32931578737107925,0
2.04818205569556,1.6364553958503056,0.4561319492487909,0.5404504357749037,0.8304042268576938,1
-1.1165737949230339,-0.001865610037600086,0.27344239842933077,-1.378126149660218,1.9519756250909228,0
-0.012347519449274444,2.213242641471082,-0.5010844383195301,-1.1306394465750953,0.3570039064091023,1
-0.8352175974088846,0.26823378818229127,0.255670186711882,-0.9508453665739411,1.0606218104964744,0
0.2516584655902954,0.6162809752691675,-1.7106550521647204,0.557457331525082,0.42171777435268104,1
0.5317694748161648,-1.2603767927010094,-0.101887729695202,-0.17588143805136214,-1.3024135119186653,0
-0.6664236994293641,-1.4654929010278528,0.39582924607019265,-0.07699061821239897,0.7820025151539229,0
1.009646231436284,-0.5878731111837621,-0.409576258801825,-0.0612135572345792,0.07025518904422821,0
-0.2727921348103029,-0.8895273074362688,-0.6883422116827368,-0.4947469075645539,0.6952377609121226,0
0.17104361498119458,-0.20705945986677898,0.9742309371630615,-0.6990596976967285,1.52596618916426,0
-1.0051071549100867,0.6188236511602119,-0.1323397488725508,-0.37067881177525075,0.2753347750287327,0
-0.339313594832955,-0.06170971361056356,0.05971204251218392,-0.028436705603972746,0.24476787420441967,0
-1.2308634095164876,-2.586931761181317,-0.7258923342414267,-0.21796828831721274,-1.76709576006831,0
0.8032116218148811,0.36036937389361395,0.8508711286658063,-0.20955659060278942,1.070060795951762,0
-3.035868521435695,1.0672188811952985,-0.9834604477814769,-0.32713470362890407,-0.22146273351384124,0
0.5703325092330719,1.1539891497088415,-0.48135346490867853,-0.5278923757007441,-1.1371644927280593,0
0.6473990159513304,0.7322416446114386,0.8794815162755573,-0.7081494171779082,0.1418043573887263,0
1.7014463454131228,-0.604175743972059,0.1259814503962055,-0.20374401190164132,-1.8145971922983068,0
0.2865488588006503,-0.7793938002224507,-0.9686487412526097,-0.5836489931340662,1.0444328489059975,0
0.3005510390836454,0.5543422866930588,-0.43508841028046724,-2.5095503178993064,1.2226535049084768,0
-2.116953252456191,-1.922584449410616,-1.221455356437024,0.016951651482540485,0.06161017401864174,0
0.9567964620816584,-2.040277218397916,0.4077008111520905,0.8344015697540687,-0.1686467208210766,0
-0.43324346332322516,0.7674634320761247,-1.6426351551141636,0.8613315102348613,1.150608116300733,1
-1.083812597636048,-0.7837641968162589,0.5943413207263754,-0.4373134187302631,0.848122847566012,0
-2.621468942751166,2.1929560382475177,1.0538193432228522,-2.371232248831823,-1.1123639066929358,0
-0.08460101124320231,0.3893824279575597,-0.8891905967363486,-0.2964771461853598,1.046365723801113,0
-0.9225536515613565,-0.1541094362011547,-1.3487076438595622,-1.3103022527815702,1.4809252978666965,0
-0.7314615014841627,-1.390243575854997,0.015061062555672092,-0.15212958252591907,-0.24896309461353455,0
0.4669932638757999,2.2768441649083817,1.5660400593149815,-0.21163784511790837,1.1149550859920763,1
-1.024960783935151,-0.5881223688538768,-0.41564594295516605,0.9481716024796519,0.002528125077639645,0
0.5890678401748072,-0.28053034736220533,1.2116601522817034,0.3432539830258723,-0.2908322458890586,0
-1.0222272632293286,0.5194604853907967,1.636918918063406,0.09643878275192412,-0.4513181728149218,1
0.44325115148134214,-0.4994142746862352,1.8581550415793915,-1.4865991205517435,0.7161047892299487,0
-1.4749757273677848,-1.306075153575743,0.27368809760940194,-0.19570587273822593,-0.5634567168378037,1
-0.9225103761945627,1.1437044341944056,-0.7143535680120185,0.044665977165497014,-0.38011404442626856,0
1.4061336262499522,-1.5622034956415207,0.036943463940404486,-1.4084853110861726,-0.5048940655849536,0
0.09988148184749382,0.21396635061930921,0.4844845653566294,-0.310883342031663,0.5278784642598725,0
-0.7592542037571559,0.2963089650573585,0.4730503343936242,0.024747294585065922,-1.930166884587276,0
-0.5200617497330078,1.6187952878240006,1.1466091513724914,0.09498754835043122,0.6029604305568325,0
0.5313313015799985,2.941574407508346,-0.6860134739287269,-0.5155403979428795,-0.5792285260591706,0
-0.4145271436803701,-0.4867026750862937,-0.870778576976107,0.26848227265029373,0.27497203342228865,0
-1.4903836722961492,-0.17657510793860584,-0.13466506377847104,-1.0938842473163495,0.8244857169318447,0
-0.021869429492616995,1.2575547470309278,-0.249048787000637,0.022415525197562725,-1.8783248924164477,0
1.1491268663069554,-0.07752357925792767,-0.4915235872891103,-0.2556155445862931,0.8914634384744488,1
1.4575838499622171,1.9758623320187034,-0.11852331493110979,-0.783501410341174,-1.4044100099074328,1
0.8163802266591528,1.2957942830647298,-1.60970473234108,0.7707622053352583,0.750119174829855,1
0.3655607926190507,2.0999146613045903,0.7351714458250166,-0.06746575689886566,-0.7922201547008783,1
-0.33741955595461676,0.4683527554270761,1.916246394294672,0.3794316711693762,0.1485305032348335,0
-0.5478876713225275,-0.6525071992137927,0.5032072131664957,-0.6225086585983148,-0.47368790922081205,0
-0.31331775594252104,-0.3739713751116066,-2.2156317454127157,0.9465131751748342,-2.010735903380139,1
-0.26742011039722646,0.10539038714484805,-0.24394481198136445,0.12310208718213525,0.2626981489568103,0
-0.25222105492015184,0.7810161666944114,-1.585117038065626,-0.7009728209344803,-0.23350112473456083,1
2.326734229322898,1.4620123691084697,0.3150036454339447,-0.280661329566877,1.253081617366656,1
-0.8151786118739323,2.5594854774531175,-1.7553654267219663,0.5075020591100909,0.4267769658815711,1
1.173729878987974,-0.15003691185469945,0.4900178526557882,0.9567293992342321,0.7141586861698852,1
0.43005140312468887,0.4053594075551272,-1.2039981705596887,-0.4499921227381993,2.4248469003671524,0
2.2918128802655473,-0.9130196888800257,-0.11925964632046847,0.23064723836108636,0.922111713225489,0
-1.0182785328905766,0.7301825195763453,-0.3573576205526027,0.5375572106899389,0.6277715795479749,0
-0.5476895165187918,0.7007387942970641,-1.0049624424720442,-0.6578401368000437,0.5855268997376576,0
-0.7927173675863841,0.562511495301641,0.28201735282849755,0.20186220856534046,-1.7682194415594479,0
-1.2234687518526355,-0.7687953382924356,-1.282627494399779,-0.18153095900118815,0.9149189538168977,0
-1.2909149217099667,-1.0416953083780753,1.3462557629227339,-0.03252715817227704,2.0907123765983653,0
0.5132293113394057,-0.3376157231874384,-1.406487501812699,0.7125462837051737,-0.8154068576200703,0
0.6547841265539913,0.031029243223336552,1.2871497762366522,0.8478928315514653,-0.5716198992745094,0
-1.1227226075102013,0.6527101591945895,2.760451199865364,0.5779813370962443,-2.451709562887073,1
0.5196466189678433,1.536848299940541,-0.8392113826330173,1.2901083969445692,0.6127268317814557,0
2.4529996585020943,0.4443837085729429,-0.4814952092710225,-0.6446918807084805,0.9938884961070245,1
0.44977291352553644,-1.2501862569954487,-1.617804142421085,0.023425023428487693,-0.3883945450297906,0
-0.9898675227166505,0.4878929924135643,5.254196062901569e-05,0.5380601376602103,0.34165420069302554,0
0.08853786552256719,-1.5646205359707122,0.40932763635670744,0.4134409822929069,-0.12954773847523066,0
-2.4144069654096874,1.0413446822987222,-0.22062234802451697,0.3509780372658825,-0.42551036024863015,0
-0.46580564665348356,0.9036341613514546,-1.092384337118491,-0.35768467334124043,-0.9990232123959779,0
-0.4604207576757202,0.44127230465653905,-0.4940822851238514,0.48251021476066963,-0.35650479746937624,0
1.1242854086690925,-1.2413541276743305,-0.5590822180918427,1.6234307345040482,-0.7522862763867312,0
-0.015062321880969077,-1.1598480519475616,1.4893003284161384,-0.20161215525966486,-0.7987332963176974,0
0.009428736081597573,-0.8563271100272883,0.5361550739654859,-0.8963158919494199,-0.3638620898564797,0
0.43191721852529896,0.32345927324250234,-0.4049841936293526,0.5209183521725174,0.6682822841732392,0
1.8160303092074586,0.2689151027626816,-0.7858831914029374,-1.0126443961864122,0.20727996946250252,0
-0.29708396899483847,-1.5296532654997217,0.69360882956411,-1.7985192425047638,-1.0213789049212372,0
-0.36176890657615357,1.8785885049030517,-0.1157179601216338,-0.8462386268272932,0.522648748455879,0
-1.387389009649889,0.43584645267381095,-1.1470051508341104,-0.4700147711777888,-0.20412547480220933,1
-0.8258302556536709,0.8487907682890139,-0.9840708055817604,-1.3357513329651096,-0.9401616109852465,1
1.638569163364124,1.303173186758492,-0.13471601393063912,-0.6111909188160707,-0.7172038126629527,1
0.6151780540603635,0.42438216834807785,-1.0505150586300402,0.10829240954857675,0.12153923158246147,0
1.381525186799825,0.20867461166148665,0.4338608816632242,0.6892698508116991,-0.9712705709549543,0
0.7803886697313429,-0.40827053233986904,0.726799627646258,-1.8034438507841228,-1.0953219240123855,0
1.1550268963402404,1.4742395593592152,-0.7597692114416409,-2.098129552283168,-0.376186254090163,0
0.1216433213445605,0.8649969343817566,0.3860348963666479,-1.3947848907923726,0.2046021959399582,1
1.5214890498965163,-0.8218019332597899,0.5397225045845249,-0.7875214009890699,-0.019767783960406866,0
0.12861315257556177,0.5356094322595752,-0.07981083951288834,0.9448135961166934,0.6152659997160197,0
-1.1953468724210425,-0.6641057315544158,-0.11274342818678758,-0.3777082402003703,-0.7655263971969085,0
-0.8915207234945652,1.2337669944078014,-3.333493015795399,2.0885257718663217,-0.4349134609159635,1
0.055791931024392324,2.141492856733657,0.9862107385873713,1.001162958084212,-0.38246091165959506,0
0.29113492300879135,-0.7648124772511432,0.6146835007456701,-0.3256838813570527,-0.4818361260649789,0
1.148091614251253,1.7668629171135504,-0.2461968845139585,0.6475914381462714,-1.8224410586103597,0
-0.4774742133534245,-1.035796626786211,0.39285760060038066,0.2216570071334395,1.3647544504262983,0
-0.2625640978954711,0.6755436713163273,-0.11624356626335283,-0.5880797451318831,-1.5744767988737867,0
-0.3642352435479616,-0.5487735422803852,1.2579952815783004,0.9040321762883594,-0.32926122814121306,0
-0.3379129946732863,0.5069243115536982,-0.8807414309898617,-0.886571132093094,-1.0269749100782928,0
-0.6649406156461157,-0.2832924778767775,-1.3169556073774364,0.24073613470156197,1.3802455113408891,0
0.22242227198195752,-0.5983822329611336,0.38980904211899864,-0.6118855650253385,-0.6245105500971885,0
-0.201368348383054,0.6065746234589375,-0.003841313087185935,-0.617074359067752,2.611501373695873,0
-1.2843640487606398,-0.6078176327566523,-2.1628637880315926,0.0933439574257246,-0.156627964113028,1
-0.09286712247893146,-0.586028889237781,0.6620731801443688,-0.6213736046995324,0.267332810606038,0
-0.12297106682555102,0.7432736559555597,-0.5510223253764024,-0.17176019778400844,-1.1770651284545663,0
-0.3425719225601412,-1.7537821684438188,-0.8885778322802683,1.158467862131428,0.7429964891951444,0
0.6596470606000993,0.35949151306173655,-0.29885370998309874,-0.9623395110351739,1.000777361604658,1
0.4353439446880213,0.8510450104508542,0.49011383667543396,-0.041350548168651025,0.19952856111519615,0
-0.8350797335421689,0.11110479792077574,0.7485725655587929,0.0837956845784913,0.10109497936529112,0
-1.2865663188303387,-0.739248096465229,-0.37955057560227895,-1.4933742410140245,1.1156086049153824,0
0.16053280297833986,0.4360767777402481,-0.45257999153205514,0.09783450206589152,1.0556239025588932,0
0.44610560115405373,2.469832783766703,0.7588304737734054,0.19354645650669464,-1.0807224097005448,1
-1.1577933391852193,0.8039894193967196,-0.34112505157344447,0.3669077733633189,-0.468307709185896,0
0.26990829754347445,1.5115836434894814,-1.4867586333104041,-0.18805216221085744,-0.4867489343678895,0
-1.6419335905761232,0.408064870945564,0.20494327079399594,0.5479955966510915,0.9469514551793241,0
0.33193934518807927,0.8208092814945006,0.6164327945843626,-0.3202190481985655,-0.052990324521375656,0
-1.4868740373738503,1.7702314216362547,0.28121323368516715,-1.891841089330049,0.849886344184208,0
-1.320790662418141,0.22740422005373476,-0.34782838721381126,0.3807539739573902,0.3625050029447953,0
-0.3752198434290368,-0.172781060311606,0.04648887778649121,-0.11914687197687328,0.2707394428089208,0
0.30352610362755805,0.14673912772747633,-0.6438168840455852,1.7925375849236165,-1.4531081489189326,0
0.45676430203299395,-1.590483375003106,0.6038092684084368,-0.3300616997178973,-0.42827602829281475,0
-0.6725550816310657,1.2618165045316243,-0.37237618953157203,-0.5956632175487463,-1.1290909187644342,0
-0.3580655955837275,0.6730777603742442,-0.011266678486087593,0.05055457373749363,-1.1829602668404882,0
-1.0597727173673985,1.6819858396994751,-1.5674217963498165,-0.10150986197344959,-0.5449625697000637,0
-0.8956808257111268,-0.3472980739298082,-0.02859996941034917,-1.5968697714210691,0.27408638968836724,0
1.003675404660558,0.04760928909990484,0.7319905484244364,0.09468866580490154,-0.11318843964619678,0
1.163081671433322,1.4609385054515318,-1.8372761899301187,-1.114366569738701,2.2955251083980093,1
-0.6777605137367883,-2.4224044164403917,0.2415899440809815,-0.2394880317240971,-0.5489455592778502,0
0.2547176351472679,-0.16183296217429402,-2.650086158953767,-2.4785567385297513,-0.7964766307771601,1
-1.4984017378450054,-1.4302215459852523,-0.8127105766933537,0.5232727985821534,-0.8658891219227858,1
0.5227887132987279,0.775881744931611,0.743427584408198,-0.2779804372041048,-1.0366870013224665,1
-0.6895567666622069,-0.31185701047825554,0.9306518506263683,0.49829946502263756,-1.7721324336761857,0
-0.32388859828866534,-1.0495087974549286,-0.9198926438165921,-0.10587745651670633,-2.612101610390868,0
0.8699440216682907,-1.192651173733138,-0.09375773467835045,-0.38648284693631224,0.24938093809034467,0
0.6018080448566246,-0.5798220984775302,-0.9617913555044661,-0.0339701253344394,-0.774346342264125,1
0.018919587078605485,1.512355168440264,-0.3240828570639277,-0.7726716665078338,-1.6811995997588483,1
0.5979547838273421,1.120456701433361,-0.6251387310285952,-0.33068645923795636,1.3704262289528362,0
-0.4711221590925487,-1.4703719917441427,0.9539012494617537,-0.48749326367158674,0.07829002725623016,0
-1.0581491414783364,-0.58550267083502,-0.13419529694440224,-1.6138231000380863,-0.36439038315398153,0
0.8167691653846427,0.4925257470355118,-0.6329531315955224,-0.11270226436995395,-0.4299705520380994,0
0.19906416689924564,0.12394346899527409,-1.4418806732516887,-1.0237233585039074,-2.616351358742543,0
-0.346097503029492,1.4580478025647883,-1.5491073641028645,0.12819923747008616,1.4339403739930014,0
-0.5651182660215299,0.49338888705606826,-1.0473691363809152,0.871722280019892,-0.35511176734210714,0
0.21367746290770953,0.9393193843622941,-0.4976599258883819,-0.35267067277638753,-1.1171947842735732,0
0.00930794980940392,-0.5049691624151603,0.9262832174130514,0.1453690474802101,-0.35239458069661067,0
1.2833911244056033,1.3375137438624065,-2.1625172729805535,-1.1245725631342205,0.9983576411017018,1
0.41360094413997417,0.00443105386788525,-0.8088073012181396,-0.6617923816992243,0.7431871495457851,0
-0.4626362081671093,-2.939218089152084,-1.3012414713481655,-0.13145126819457004,-0.22043557710212847,1
0.4877847021270952,-2.087665898075012,-1.1840234778849847,-0.9319626482411061,1.2388707146988442,0
0.09296784504958448,-0.9380584604287324,-1.5315093772167554,-0.7873357008897761,0.02241527404046227,0
0.24261041406126688,-1.5368443352104335,0.3414576678836365,-0.771971273305514,0.02914491596194395,0
-0.028234991981190935,-1.4792003891055368,-3.4390430409959136,-0.4065097923326655,0.8866443536544034,1
-0.8077485546842615,0.14896088561185253,0.7570728799655718,2.5087516420234355,-0.5373931180108625,0
-0.26875424841673407,0.7224606177000913,-0.6226717135797746,1.0254315438968793,-1.3130053185640655,0
-0.08526341693292847,0.31825378399601106,-0.5953670360402042,-0.16937159521282244,0.7847402444501556,0
-0.4402768138357172,-1.4144344774176356,1.0695159170568205,0.06842780651167882,1.1215821811176925,0
0.21350597492633488,0.6284047339822441,-0.6559247133004992,1.038366634154249,0.1487356938392947,0
-0.5432032087282118,-1.1635967075880016,-1.434300216205796,1.2260233154472442,-0.5385274327816275,1
-0.4094865212360279,0.32159429261156103,-0.6278498249750065,0.7586261514176291,-0.3517491402154188,1
-0.9401062939232636,-0.19327811010087456,-0.10471006231921517,0.5886397894118389,0.9652871958054667,0
0.5341460865036693,0.5877793260829518,-0.6201756744833503,-1.970966694770407,0.5831349493021901,0
-0.4794966943926869,0.5635264846914905,1.9693467329474108,0.06606231705438696,-0.22189823094504846,0
-0.2647198755010678,1.4651536158138243,0.30051311561333,-1.1973166237284667,1.8754794882605905,1
1.4919359653739261,-1.1621802837548498,-0.06010153249461665,0.44778060700460126,0.6552593089936749,0
0.8427068495340021,-0.9424176256569868,1.0650908118482139,0.09150340370712695,-0.9408830195347506,1
0.11649882024349494,-1.0340227572354697,-1.5397419349208141,2.3092397493437566,-0.2142926326474558,0
2.062154208175422,0.7469480508582009,0.9301985317487548,1.5007073831870956,-2.004971676891885,1
2.0015258569352867,-0.5272012626871485,1.2026268923011378,0.7389950446447644,0.5068382978695565,1
0.04212014610404668,-1.3650187475521696,0.2945394929218483,-0.9335255494913399,0.6631705910732999,0
-0.9939198446547337,1.3596512576155373,1.0186994729486234,0.36692310713778087,0.2730467056387926,0
0.49761254488892,-1.596712795586693,1.2533330433182184,0.10108743160812708,-0.5470614780466048,0
-0.9039567243640845,0.736642861487388,0.6993083596694244,0.4167777719406477,-1.7242502321252926,0
1.505475699931064,0.2643717613014211,1.0194366078720773,-0.7780352783456883,0.8009674470485368,1
0.73386593768463,1.1091186053185236,-0.7277494392383723,1.510388148314817,-0.840996484517527,1
0.9854498724243584,-0.6494358582233316,1.1346539605761032,-0.33676197068153385,1.3259611102646027,1
0.5784746643641315,-0.9074285540165573,-0.4436960398124666,1.7219372521958034,-0.6957005434893134,1
-1.2247143283935311,-0.23635858237956492,1.7690507677132639,-0.5837443142955493,-0.3172179566968373,0
-0.48394312669767486,1.419353153899631,-0.29054078105288034,-0.4987034349879203,0.22459319724844026,0
-1.7985075593775162,0.024290680561149355,-0.9342974733093466,0.011808046095139146,1.2478835300405517,0
0.05910512356643607,-0.31032312998261113,-1.8246948897714528,0.8688218147067164,-0.6417981144087705,0
-1.3781246453659095,0.28241687263743864,0.39959247263570113,1.5335115308078184,-0.632002085254067,0
-0.17191446868734647,-1.7256945902135288,-1.9507823459409088,-0.13733340745366623,-0.5684511572869914,0
-1.9058516572489597,-1.1745323485215118,-1.0373047765785592,1.3017228105778254,-0.5724002569700946,0
-0.43516400504100816,-0.9527960138049624,-0.0520332194598677,1.1653025674506814,-1.2952571904541823,1
-1.4540459757737956,0.9374008118324728,-0.13349470426371135,0.36611534846869886,-0.7266606599201569,0
0.13182822148406548,1.2557249411805929,-3.0098236827540794,0.7246402505967787,-0.5689731038231778,1
-1.4492448403497669,1.8952497307309601,0.26088222402719596,1.8193328944601665,-0.21427792231589546,0
-1.0335706509203362,-1.4702170159734325,0.3204930988859599,0.018038201620290913,-0.41353575920776403,0
-1.882976996260294,-0.8683661806808388,0.040524470068023934,0.20336153618901176,-0.5138913204923378,0
0.5223191252915329,0.20914799993020788,-0.607723777485741,-0.10592847203006031,0.4035660432258952,0
-0.611906076072504,-0.11016184691255398,0.16951855926090756,-0.34233754242737363,0.9144723966674799,0
-1.4057118521621275,0.22570098616994053,-0.5726496093438986,-0.06204800530617442,0.14161433408856053,0
2.176476435311823,1.1540185065643649,-0.8805242971362521,-0.9656455092419385,0.7206851057695505,1
-1.818539916504415,-0.9655945025106347,0.29582483283258837,0.6469084504492599,0.4842841107443561,0
-0.6361611931639966,-1.0042265703895803,0.9150165659088296,-0.8986183714419002,0.28796558808084294,0
-0.204792104087422,0.7558606130612505,0.9658611673132815,1.5265607433231931,-1.519753964149256,1
-1.1879827620912509,-0.12260898992407657,-0.16921766851233974,1.2655769391615528,-1.0752774472903321,1
-0.06891352240249306,-0.534459365115503,-1.132739006451839,2.223309834946828,-0.5910722332212266,0
0.8164533484084117,-2.4833359498275525,-0.1478380081583478,-0.5899834618949977,1.8136816147145352,0
2.057697945899209,-0.5027445887286449,-0.5197618639150043,1.1764076021390852,1.5515933117372376,0
0.1105386103537104,1.3328866950266942,1.7025182301715551,0.16848608490170455,-1.2460216320027437,0
-0.7749416062196974,1.118028256793768,0.6903430032507349,-0.7306197922123143,0.15451380117074234,0
0.27941699925513697,-0.08747092783438341,0.5327727910851958,0.7619201763669746,-0.6204437207538034,0
0.46863104270923756,1.5274759905865165,-0.27543092524373397,1.38971839566955,0.8570572407223407,1
0.7588685929324368,1.4043886566467216,-0.04849628594199551,-1.798743911374954,-0.4655448039585756,0
0.294300217203329,1.7487174314340175,0.4385345680105098,-0.3853717376258046,0.6387783936902346,1
0.39450605727214694,-1.487150060210284,-0.014120008950923937,-1.0841612321807417,-1.45311175288764,1
1.1202767267133205,0.9998191466050687,0.8444569808237995,-1.896050258317533,1.8749799383494885,0
0.5499546166061635,1.256171338711982,0.601458159682486,0.25132695303403735,0.11759517588979795,0
0.16125979438813776,0.24440759019498337,-0.4616463204209464,0.7383328596706007,-0.012724543557682055,1
0.34944646773418037,1.7408786630360396,0.006993675723637568,0.19793186456460063,1.9838632628306483,1
0.5846925351243352,0.028297508668420585,-1.2038313997559993,0.2149034621883961,-2.4494578993127822,0
1.014489060590854,-0.2395989475520617,0.7557340148613091,-0.5871820221559305,1.1099673322228127,0
-0.7915923005900456,-1.515388816940737,-0.21718454930872366,0.24931103205632602,1.7370660362311747,0
-3.2997201128889047,-0.6800304592228084,-1.2743330195509202,0.8050438237592514,1.4565711461130972,0
-1.3481171141504795,1.8581604725179852,-1.4086642626049737,-0.128497791094221,0.1758442925496924,0
-2.3426416933012355,-0.39950456507953047,0.4024367652438923,0.5525389093510061,1.0286534785287529,0
-2.2243278757187652,0.5715199135755704,-1.929636329986897,-0.5560951735737855,0.21992182422455256,1
0.9615500092011838,0.2906617517910326,1.3433262836682214,-0.0897343615942391,1.1078002047483178,1
1.0299464024191205,1.8144837331674868,0.2165605317018118,0.5108795937545398,-1.3117247104955658,0
1.2639249330375815,-0.672299207359398,-0.8456261238896419,0.4826142027328013,-0.44849484188733957,1
-1.6068945528496585,0.09856496767932743,-1.6259722946454622,-1.4014864832594445,-1.3098108341930694,0
-0.06905255797838618,-1.0333902177056509,-0.4076174350475342,-0.4150931823148734,0.15056614162958537,0
-0.7214340728635961,1.4386283775748612,0.13099784138395013,-1.2912845605452883,0.34670871829474065,0
0.027958985067791226,-0.33053831002621703,-0.9302766794594874,-0.3953444383198989,0.1816793247610423,0
1.024973249641847,0.1233325918292324,-0.13845069413455383,0.46075872238049376,-1.9503772808905724,0
0.6484285489946844,0.6062400655889331,0.28609350119429827,-0.1353033597430041,0.014365843508125108,0
0.6177900737983157,0.6034679377774258,-1.3716056168765312,-1.2517942710819936,0.7159263420064331,1
-0.4301761511968825,0.6675823462272007,-0.42789654527870996,1.4769308115813478,2.0591402053272434,0
-0.06127925501682677,-0.09268708057051132,0.41368886134938176,-2.1312232768138486,1.3027939246523221,1
0.12244609813258481,1.5673210567401878,-1.0086187893197451,-1.0564417553991274,-1.5440312812349668,1
-0.9505489633513369,-1.249180165175697,-0.2961152203060749,0.26853686649477393,0.42332852470294013,0
-0.48220145635311923,0.17912527973715822,-1.5722357130823288,1.3029753873786607,0.3260258685288611,1
0.991968673193411,0.4448833967440635,0.27190134795060955,0.8098071846478999,-1.1389516416688115,0
-0.5601218964837456,0.6077554946860889,0.2270065153403085,-0.38886393683393944,1.347193066758598,0
1.9796437366209212,-1.3919018910404284,0.502876834532072,0.46221677818327017,-0.31877089819314897,1
-0.19453886618526403,0.18582344032907688,-0.029350034471475366,1.2091026515044525,0.5819700115020432,0
-0.3937040074970972,0.835499741428942,-1.3469412189841798,-0.18105803816288393,-2.2839085959453866,0
1.7281365952168832,0.8740030721290932,0.1582360661038327,0.6986542962306311,0.37559555566921843,0
0.9368731404583669,-0.8984562493354558,0.42306680760155435,0.9373976262232365,-0.6464112455233317,0
0.3487714950156883,-1.269517887051139,1.4625442865289944,0.4290091111287118,-0.01038904023860543,0
-1.2118345777984516,0.6631519616566535,1.8398194178434457,1.3789246976216196,0.5831620652961936,0
-0.5086704115387003,-1.3155546577463988,0.641990201192954,-2.7690748523612285,0.6492135221290417,0
0.2394866648381635,-0.6974084753152139,-0.4938909868121816,0.543533978575046,0.9658027734644349,0
-0.18061481596011336,1.3372201673954847,-0.36043845876501657,-0.2676452638422352,0.9473754152264133,0
0.6441483453345013,-0.15761277007493005,0.07770021548095513,0.9991398420824255,-1.9178060207943994,1
-0.6054082628459874,0.48242188866693764,0.649380729565482,1.1303339554713976,-0.34573588552208523,0
0.27025538308410524,-0.639631696679396,-1.0080222338428515,-1.1016898347473565,-1.242255416053419,1
-1.2547183520536764,0.7573327528988464,-0.07440626671948306,-0.908004792788599,-0.07012383441909742,0
0.8085678577271999,0.010191667423844898,0.19511872156595647,-0.9063364145293962,0.2586952669921822,0
-2.339623238691833,0.07563120291874438,0.9583754695625685,0.6069304964085064,-0.39994500572213576,0
-0.7412681182552936,0.07829435299587723,0.7905211050649812,-0.8073371030641455,-0.7687586437306951,0
0.5499663166387514,0.0453216824692195,0.2040654858658707,-0.44531141398934054,1.3543429035537424,0
0.22511154271814834,-0.30786297514683775,-0.2937529614609865,0.25305580344136547,-0.14149734027259384,0
0.08072152588733016,0.41193657743881046,0.9600094182294225,0.10474452637831251,-0.11905268175783446,0
0.010814437413981755,0.7941182220723012,-0.17568432464251504,0.22871346013094804,-2.551296139016397,0
-0.586069965741703,-0.6533275160907851,-1.1851303394444752,0.3226477327521063,-0.268625209131425,0
0.20709751379642402,-1.447401758889235,-0.07644737827425112,0.043350481803319636,0.7762222984631085,0
-0.5881256030772684,-0.11251388804079149,0.7358945836145182,-0.9279951035661268,2.464097991594525,0
1.572202825705246,1.3163518492290855,0.31184350689883084,0.5008931672750837,0.11358841476113578,0
0.8848138840868365,-2.100741341507893,0.7320308583647838,1.3970810036778438,-0.6309602281293888,0
-0.06158821559434134,1.6120279741192491,0.20752081887051393,-0.32312463868886304,0.6131441230130793,0
0.5291475878931425,0.3488856439480566,0.47594461833259094,1.6984843016375548,-0.1328861613856969,0
0.037187827911456806,-1.4641621936102769,-0.7816679278246355,0.42321386126387145,0.680990003748872,0
-0.7449207981248123,1.2667104838219578,0.24574978409608328,-0.01467468218471717,1.3271375560743055,0
-1.9808850225559642,-0.7720213153280596,-2.688593808396883,0.627821418748411,0.17848773414732977,0
2.9512056365126855,-1.0405157183831035,0.6453146298516645,0.2898475698286701,1.3014741242960932,0
-0.7270366164804275,-0.15697741223465927,-0.45835634616491006,0.05806032337596346,-1.576659142814813,0
-1.5704664152196852,-1.1053103293906439,0.007804312279549002,2.178775688322195,0.4355147346452841,0
0.37169897742796676,0.8866308800246349,0.7737911941357005,-1.466504146656339,-0.5661950753629876,1
1.9167722168475718,0.579054609804081,-0.33840687334027547,0.8713526544815399,-0.11630857473532606,0
-1.209577684347143,1.102255328566902,-0.203520358153127,-1.0057068887015872,0.7498890120491117,0
-0.3680443091510919,-0.9916446814354266,-1.6143531062075172,-0.17050571818387658,-0.7880516945601763,1
0.872588252750555,0.23124282822907022,0.5916874584987782,-0.23066999389845189,0.8154565751970967,1
-0.6802486695248053,-0.2975461625059408,0.638810598664531,1.169656623181027,-1.1654079401377992,0
-0.7087898440825595,-0.3855532400783431,0.28083406140611383,1.5059070792833962,1.107208929263047,0
1.631999175709542,-0.7875806845565626,-0.18783606343881692,-0.8872099450996057,0.9900252287511883,0
-0.43756182367650687,-0.3445343096870783,-0.06477762500116503,0.3839602936122847,1.247086556103525,0
-0.37154111576514426,1.401930644687529,0.10944206428556458,0.6800126624186813,0.9824442067794106,0
0.21816617635303487,-1.4655193870611392,-0.27460445289326485,-0.0856754548357838,0.324744994717884,0
-0.007374102245764936,1.1928880375581161,-0.06289987810018614,-0.5277717311169258,1.7584120386541195,0
-1.4514083191478202,-1.385364093460385,0.8806398674100903,-0.9986950270746585,0.29990913357268484,0
0.4736066422301939,-0.09243395430019549,-0.09105337782907565,-1.3704323312750528,-0.05007509083876962,0
1.459587246671483,-0.19767890904818858,1.8350309949378516,-1.5009957176080775,0.9162566754616507,0
0.4315723791295671,1.6491148267259448,-0.17002920821000475,1.183742114429655,-1.1047043189981058,1
1.5188190163469877,0.47798912353423645,-0.1633224053515342,0.2566124324674958,0.5294085371598939,0
0.871049869371672,0.59232797432686,-1.680638365275962,-1.2295072886588159,0.771076983588328,0
-0.6606656038036037,0.13512087627564645,0.020113959210878413,-1.3850332291185459,-0.994176391079291,0
-0.33243608568770017,-1.200922779006319,-0.08225918990166006,0.01601086329218883,-1.087042519731843,0
-1.3265657828430635,0.3768036496107822,0.26102702167008107,-0.3593498088373067,0.6821331814594334,0
1.8044705836542752,-0.394532313149859,-0.23018796260785168,0.2120336958130069,1.3183094754115177,0
0.30321255976127776,0.2395831165962769,-0.9631129472618469,1.3466841783802472,0.47305812480275944,0
-1.5076713218274234,0.1095996583795036,0.7158190504171296,-0.2563373813360825,0.9249499450812315,0
-0.5130595275378448,-2.1652833981072743,0.6549674137373765,0.7631373068916122,-0.6300513040721946,0
-0.19237150291934876,-0.672155368458761,-0.9953044714333863,-0.4129451270497216,0.11472695857035264,0
-0.6241004819646719,0.9287724269191281,0.7514396765060845,2.6158308764205347,-0.7445406150585832,0
0.6666578909924232,-0.3374733115169178,0.43222436184527235,1.6933586942765109,0.28936467742797456,0
0.7057011998343868,0.06868763294471707,1.710708935060685,-1.9801795711092327,0.5672841912884098,1
0.04925638995752844,-0.3775891992656722,0.6600419256736337,-2.1989457254351996,0.7141285374140273,0
0.35277961420117915,-0.008411273773148093,0.8221921668665652,-1.037754257287253,-0.01788133613030346,0
0.24233048834461474,0.4598906109119786,-0.16931490890986553,0.3786143658379231,0.3650904028509717,0
-0.006160599107274062,2.4437327117955467,-0.2722001309847629,2.8564913804330794,-0.28205711404096345,0
0.4447406873954842,-0.47249291064633675,-0.5880135245957708,0.9024558652360904,0.06495466209085139,0
-1.138024050789172,0.7472036655019584,-0.6584169918846379,-0.8534635069471082,-1.0567208594808606,0
0.4631910292978819,-0.8004044884603982,0.47926478435546954,-0.505575256236043,-0.35804557000809345,1
2.8946172322720836,1.2884915571369422,1.6135836499694223,0.43256213356231976,-1.0292435273549343,1
-1.3475487982542058,1.3076922244772085,0.22851404400313707,-0.05103494080562419,-0.43002017975531404,0
0.15879526748451156,1.7350642183498481,0.22693486812953614,-0.055005870582128566,0.03037402317510235,0
0.05189661767046669,-2.713784049634349,-0.720670948578857,-1.4238731261735564,0.2875384874507456,0
-0.788911003502634,-0.37876549262153447,1.3555296325631654,-0.4433402307508457,1.2298285966658804,0
0.26151893263638665,0.4101551493361061,0.7903146879854925,-0.9704110963093961,-0.22466934417762988,1
0.2856744255438335,0.17804816662188122,-0.9094135609049827,0.02598575308562464,-0.40851278605257624,0
-1.3504070403796384,-0.447174861922,0.31229207244171286,1.8606929250151132,0.5401111902130272,1
0.7755647380742193,-0.4976367429506702,1.3943467738380502,-0.299218963423303,0.6856778505990364,0
0.314324443067568,0.24236281099626472,-0.7993443542331565,0.19594867313187692,-0.9297145487129935,0
-0.3051888485793914,0.6404194219037094,1.5104812163014545,0.9022280130930983,0.7579762470535485,0
0.5762978170949205,-0.9857898455280011,-2.9564653226616144,-0.03778458214053731,3.1478277638999894,1
-0.34342419858185785,0.3552986352473653,-0.17009417116338177,-0.7745003294504306,0.866192526941927,0
-2.253222305525992,1.2900045050530362,-0.6351019236416501,-0.2628827213775426,-2.9574560429725802,0
0.27019223383053975,-0.9191698260767491,0.12705710128317324,-1.7394865002134579,-1.0680482168285181,0
-1.1396110784618974,-0.3095936268104723,0.8972993205916753,0.3118515603055851,1.4168426898362176,0
0.9025826219705191,1.5084183536463722,-0.5886351407339978,-1.1202621958034813,0.8228803647491028,0
-1.3688494596849003,0.5755140266243138,0.3011268871169709,-1.484360209056265,-0.20075863483584672,0
-1.1073861399449998,-1.1288983508005974,-0.07559357530188818,-0.18415977274967946,0.057855377302604885,0
-0.008805670233088547,-0.07292303004705876,1.305720622904925,-0.26074331890155666,-0.6960125173428732,1
0.5873640781144395,-0.35912156996376926,1.456597352597722,0.4685292015604567,0.17319511978685537,0
0.028554042755622358,0.6055945803368628,0.9161874428615439,1.7104947486346969,-0.5251492842973458,1
-0.7713014023367336,0.3015640298311351,1.2955872857568616,-0.6896531786533711,-0.8629995503442357,0
0.7575595856125373,-0.5824491997719464,2.661727042570957,-0.4740549256731352,1.130679828014945,1
-0.3212849987123771,-1.4918888139843711,0.24092780035528547,-1.9113748276761162,0.474865551750329,0
0.3235071388542012,-2.6228933312982505,-1.0336890911785777,2.0089689816703493,1.3769417943551303,0
0.4998406437653882,0.6781992638493948,-1.0460852244801815,0.18404092499863178,-0.07866583041150683,1
0.17812770483526946,1.0364734559796818,-1.3097491788302311,-0.9816251978542007,0.1521100617779924,1
-1.0973077028956197,-0.21996628096310028,1.7229377060507605,-0.5774964532417461,-0.2856600276070162,0
-0.159397340212148,-0.1641056371511676,-0.2659922861169682,-1.9272710995822053,-0.009170664340525936,0
-1.3239105700652296,-0.5071200075454189,1.2533759313365005,0.6913711431884711,0.2264969184228809,1
-0.14334441966903916,0.4639793897861006,-1.135883002553532,1.1956350020672064,0.8888645695851422,0
0.2953418964970351,-0.5197477229962683,1.7801613390856856,-0.6723348744053299,0.9652245138333583,1
0.06372235631188371,0.4602041686076175,-0.10889563717742472,0.8228234782429141,-0.8951141300035386,0
-0.9481536401578041,1.1855941884940526,-0.6001321358397296,0.5601747978006174,0.3424285760832818,0
-0.14210268865995693,2.204378689652559,-0.21505898882551908,-0.4748654529387058,1.1523474559029376,0
-1.1591729257460812,1.0666762260307596,-0.48219776616357113,-0.38064669396725415,-0.5267386308536307,0
0.8634793542100757,1.2106586536947568,-0.3909417125668904,0.32432327857346616,-0.34926459576807634,0
-0.0993119001406862,-1.5041011753648195,1.0119451785160705,-0.686937346905202,0.7649066045218966,0
1.7011990784786148,0.6519883162565875,0.018966466768347377,1.6582022460788413,-0.9128943402652648,0
0.1279608611062782,-0.2950608241928805,-0.09863715169598783,-1.386049707484849,0.9431089268652575,1
-0.5478604345669164,0.3051961679492151,0.6606613011719891,-1.5547203324751488,-0.3311433962420939,0
-0.6719171393954493,-0.06521575053699674,-0.11142477528770223,-0.6130255156502274,0.03605477326555592,0
0.5210640164298563,0.5096761187330067,-2.713088541316514,0.3030563747380716,-0.7934994843297012,1
0.04763451846752134,0.7675110752008066,-0.22565851164126532,0.5708911410274302,-0.9820995716087098,0
0.31916473164316506,0.43098224935657287,0.8620736923426413,-1.4558871168282224,-1.9029682041228617,0
-0.40859846720572884,-0.03752099987961072,0.1388522483159927,1.5556800694034996,0.5321160184758197,0
0.8301107995514466,-0.22076960785074198,-1.376170672513267,-1.0980358344379524,0.008586526922845523,0
-1.522441042809493,0.8303377236269105,-0.6391839860523639,0.19697630684381492,0.32036030010697475,0
1.547478296950556,-0.29591924175604406,0.42874661022016686,-0.13627333150895554,0.16865395973286493,0
-1.2733176435447755,-0.4857133018625388,-0.3084182507585536,0.6851108733033489,-1.179783507580613,0
-0.9011957790168627,1.0790203975203683,0.995704648245115,0.11545433715275139,-0.08488068731110507,0
-0.20785736395863197,-2.9751676919664685,-0.014865923106734309,0.2792238473000559,-0.42735517477770224,0
0.06912580373783685,-1.6810610266695338,-0.006773950250895867,1.1112214363389097,0.6366452369302044,0
-0.9883280260748132,-0.28246424727148756,1.0750011830951067,-0.20407384838907974,-1.3449641316348704,0
-0.9279835132976352,0.7867514785807362,-0.04982584005993365,0.9069871652065009,-2.2435825707373325,0
0.8553507181811175,1.0398965547353716,-1.0864051181433125,0.5328687453338266,-2.171904350462989,1
0.7294238360184139,-0.10968277465102287,-0.9550820714889854,-0.19690344224561576,0.7366073432837728,1
0.21563317957932376,-0.1461257483806275,0.5297634623933065,-1.4829770660421124,-0.49349748967291673,0
-0.320736485346507,-0.16290033599961648,-0.2370422012704734,1.2884726006638976,0.17044321740782375,0
0.9776974407308113,0.3408084100528624,-0.48919599645015616,-0.6818885941231732,-1.4538974441070949,0
-0.22092476067859995,-0.3267526308163811,-0.5204556742958316,0.820899847157966,-0.27276681689897053,0
-2.374784669004982,-0.3475746039970429,-0.8725418099580867,-1.3092512021504912,-1.3558598853050494,1
1.108929807727769,-0.49557740714401405,0.5005294717933914,-1.0515193069133137,-1.5769852885572997,0
0.7840221532842396,1.4486509183217042,-1.5592241732649235,0.04142012297766668,-0.4391685934302842,0
0.4556730833846109,-1.0654586395976313,-1.0386096345981666,-0.6341942210355851,0.24345554566134273,0
-0.5309627407308077,0.25796465124849044,1.2722217250707477,1.7319153435204857,1.001197531740636,0
-0.7220138987629482,0.13140942222243773,0.6708206150359761,1.7891721144193975,0.6341697674405363,0
-0.327323685555206,-0.45889841377807583,1.61131560140736,1.516330820009299,-1.2489585195121977,1
0.18919713831468507,-0.7833376137719414,0.35457155866060824,-0.8380952730730971,-0.7993611735260747,0
-0.923767324425718,-0.11913574891880906,-0.5234233771415199,-1.1391737742076233,0.07316378598121609,0
0.04842802597839877,2.033253428726354,-0.8697277710692808,0.8587549249982652,0.3067427376360429,1
1.1618495704166787,1.0123930563507735,1.5721780708118285,-0.4247125748567809,-0.9844737485756939,0
0.47367193418647807,-1.6206734197257104,-0.25181489263729023,0.9726895865749866,0.38584950220039915,0
-1.7171425660628588,0.46099137871698054,1.5623983364499687,-0.3408415993977064,-1.5368624569054146,0
1.5438408969501984,-0.2682779317616036,1.624265530764669,-1.3952422969995502,0.8286768434466886,1
0.1270658534697174,0.7564808292618487,-0.4327552175397437,-1.2980233390011209,-0.1323155563682528,0
0.5358910806774063,-1.2525281357748945,-0.2457464446433135,-1.2160784681346595,1.9999097403778052,0
0.588759740823912,0.18244393171307308,0.8442277384307039,-0.6890533394939256,0.6561657440677683,0
-0.5744254516737014,0.5313460633043089,-0.2730798938118369,-1.344300148005451,0.4353715919367067,0
1.006064422450825,-1.2986497636247527,-0.17593297929441395,-0.5792146136087767,-0.2946253270798743,0
-2.0425190196580214,0.26624729665269553,-0.45423237919268117,0.12630877785347883,-0.8281189801883593,0
-0.12215517944051733,-0.42901693580181083,1.419219576028411,-0.7446265724991007,1.5319054814289448,0
-1.5330355958524944,-1.2790864953626386,0.8505130993550812,-0.9172035707565219,-1.2168621487011582,0
-1.5928059658996172,0.8934082348329192,0.7469598234945097,0.8886752219827104,-0.7826265466038778,0
0.3323854434984229,1.0251221069017098,-0.8520032429727978,-0.9554360206937587,0.6416170382252429,0
-0.45877427390916,-1.4014814336630912,-0.4004258848123388,-0.8215867050572625,-0.1990633459271426,0
0.588092370589279,1.5014490415765644,-1.0046633775133191,0.9826334267717594,1.3575666580770596,1
0.030277998954925472,0.1559035050841651,0.20994267731968635,-0.40184594552715375,0.7682055206508638,0
0.2870929276148124,-0.17528532399934285,-1.1481806536564518,0.20952364597060566,2.0280326543129847,1
0.4892003960339471,0.692354178824544,0.2572555069368658,1.4498770247796355,-1.0794949943106333,0
-0.7147375406924986,0.14629544367699987,-0.18586424583665712,0.14075237599173507,0.6515782367940606,0
-0.4492816318377017,0.5332593575757595,1.1227945971382387,0.5919993173179708,-3.0609896720430037,0
1.72894081620943,-0.4580231910506828,-1.639474322099481,0.4866601873292795,-0.22327320119524802,0
-0.6881473946391113,-0.4599102768654442,-0.2603913070837442,-0.06058219767277189,-1.7452847690643225,0
-0.9649043366727583,0.3496710185699565,-0.6371187938870129,-1.8015627485109542,-2.010911920670971,0
-0.8570065604315793,0.8904717895176976,-0.01813839994816471,0.9802441907412194,-0.7691167841590749,0
-2.068712003928905,-0.45042965476505464,-0.17169174742951107,-1.231648743609868,0.24308750996940745,0
0.7506114340067559,-0.4369475216951856,-0.17850386171140936,-1.1681550032634758,-1.318318370445721,0
-0.12221953625816473,0.3891040036598812,0.3991507075199519,-2.0213533013714855,2.5052686036162473,0
1.1995250299529259,-0.6474787947527391,0.8043549596103963,-0.025046776962144458,0.5733685741340301,0
-1.0054373601249171,-1.3253871597259363,-0.02061149151454102,1.2265961104200656,1.0702466407587619,0
0.05399861954209989,0.3412063391696835,-1.1695370258627817,-0.9219076722156004,-2.2501970059259473,0
-1.2600704599239319,-0.29462108067209664,-0.6200796485870161,-0.2834610169412446,-1.005490662792549,0
-0.06210142355004235,0.8085684256022011,-1.3960011355379538,-0.35878746200711165,-0.4437243810327692,0
-0.3556790921374639,-0.7259645624147834,-1.2731973618516896,0.41553295143726915,-0.27463503828878905,0
-1.9088308564236005,-0.42224995619935074,-0.10330180317615752,1.0366838587087002,-0.2680668901946035,1
1.3242179217513812,-0.6157286902481358,0.07190399033876638,0.6119895547297757,0.609224774975425,0
1.2590424622938792,-1.629329891545161,1.1598245211585434,0.24987695200709908,-0.7048956266496171,0
0.5732600283331052,-1.2518943114430636,0.6950836908090208,-1.6395728760880979,-0.909512569493376,0
-0.8822340871342035,0.07022476466571079,0.43434913354858085,0.8948743530369485,0.021505787468117835,0
1.2578785196052842,2.2520090007777096,-0.991181250329594,0.17970238726983115,1.128656575555569,1
0.5374875970581122,-0.20213098811147642,0.4185519584728063,-1.843132642578526,-0.046753871541538115,0
0.5110426200150502,0.27676803901495683,-0.7759896141746229,-1.5400598712424516,0.35466933201987927,1
0.053056850955284875,-0.6753015982465498,-0.7678941896273009,2.1617760210987464,2.1060432616470703,0
-0.6519923165247308,-0.6134040431494561,-0.4523018674147284,-0.3722562123571582,0.1200788706546732,0
-0.1309582166863947,0.5266471615814741,-1.156755436413192,0.31635758855250457,1.4951414895741297,0
1.584986863091113,0.3418203795874766,0.9111049573283108,0.7566008643341964,-0.32029430494992556,1
0.32374103967887313,1.3242301255621018,-0.9403462542900586,0.0558038705988617,-0.3895469442289171,0
0.5868395117354228,0.5970963538496842,-0.1671871684498212,1.7160672410545816,-0.342743503444144,0
-0.398404788241123,1.4313595506612609,-0.249269549166949,0.20958124743809933,0.01474259352631194,0
0.4014052783322975,-1.8962581478581562,1.2781199545835826,0.8797684246560211,-0.00286269103226687,0
0.16423189125648732,0.3650782824056076,0.7666208963598737,1.5460019988670173,0.027215820879550306,0
-0.5681964608043218,-0.6228566347576486,-0.07376357150950322,-0.21896057333816343,-0.21279239283669565,0
0.3890437211417296,0.4202961020737874,-0.2554137570033755,0.5085493980866325,-1.1423772574846647,0
0.603231944610682,1.0476564652162994,1.1758621531748923,0.904702091018202,-0.8674021737035316,0
0.4041707346476626,1.0557036086829288,-0.3223584018765158,0.006575220723617372,0.8137213912207857,0
0.08734169760526857,0.1892122772231021,0.3802059266936541,1.8228903627999504,-1.8263376357270988,0
-1.051661765659843,-1.9646056266824012,-0.15045761039338762,0.7418840745697759,-1.2622395325983644,0
-0.1381153609801657,0.5326591987581757,-0.3372391038397571,0.23894448931045775,0.8648328809519508,0
-0.9686917933346921,-2.1391939347562476,0.4764788181504246,0.8987301528241295,0.08119939466724513,0
0.3748026012084038,-1.7191581162524618,-2.2283926875287103,1.048876436134224,0.5651646701633275,0
0.6546919103379572,-1.039075220855563,-1.981983650470932,0.2525946871456582,0.8754906078969941,1
-2.209377265814898,-1.6206684906617679,-2.0056599035592626,0.7842771313193807,0.20908760459620082,1
-0.5158917647841271,-0.7273372564606382,-1.4549858755483704,-0.5484135033052824,1.2627413674938543,0
-0.4486376580249813,-0.567404217049763,-0.3332745089437296,-0.7040487486285433,0.17964379888725893,1
-2.1544264316717703,-0.1536526234481134,0.21671010048225128,0.9760699273036177,-0.11062594461180272,0
0.436667189640067,-1.7055426967702687,-2.717633548277407,0.06442668745357492,0.9049056557390306,1
-1.0230080908110055,-0.36476799942918275,-0.24152452319866838,0.3664490991608178,-1.5852725441926743,0
1.2684499244250742,0.08979874184861701,-0.1643366962727705,-1.3400489318449207,-0.2265988994587953,0
0.9967868189630521,0.16864592765145875,-2.3171951474350907,-1.4932360664424866,-1.5057925433109107,1
0.717786764817375,1.1913340752087342,-1.0001304569012222,-1.2460435063237445,-0.23923066406978996,0
-1.0396845020578465,0.32231098337110753,-0.11966190634792812,-0.684134426495776,0.9726983267553133,0
-0.5705139014763104,-0.7213781267792269,-0.15704746363254124,0.8931873513207849,-0.5730731193890761,1
0.5331485382938708,0.37056162983241275,0.06263606895422388,1.5296132322579277,0.6248878351590705,0
-1.908211740930476,0.5953969639158525,-0.9195134144081104,0.19887246822747565,-2.015020918646331,0
0.22994772224861212,-1.1813060258231904,-0.7367082756652198,-0.6000391717688307,0.6963705739506735,0
0.2975830693673287,-0.7976425233761907,0.05971190077450847,3.0795359526299513,0.5157753692631183,0
-0.7310180660590032,-0.09803386629459314,-0.6726829136262532,0.39491066326394575,1.342149250071434,0
-0.6683950875701946,0.10342062226961196,-1.168009033353142,0.8392481046042879,-0.014560278339486714,0
-0.9974633764209472,0.2896962624662804,0.8059316986761647,0.37436525668338416,-0.09104292781920939,0
0.11435419173530958,-0.04231437588158773,0.18765665071199555,0.263032869326738,1.0700424243186377,0
-0.23565829943837602,0.42277366588877885,-1.018926242584404,-0.09496601670360898,-1.1349682516652986,0
-1.7418348956509704,-0.14728192235151377,-1.0278464183095903,-2.1222900094597463,0.775569950794904,1
0.2442140349466755,-1.7594820960549324,-0.6734841054901523,0.3338151856490538,1.4103011932980993,0
-1.3912437733195708,2.116920535041719,0.06408765701134578,-1.3574401697969278,0.2647687920999039,0
-0.6440861231668266,1.6208437918999317,-0.36962896265991113,-0.23351724286412792,-1.5263776735702965,0
-1.0089773401940159,1.050386760910002,2.668077941100621,0.7552423581867679,-0.9777303977666354,1
-0.845452024263242,0.7064589310440166,0.38564519989889423,0.3212295607162293,-0.5967389357056537,0
-0.13509866686973118,0.9262942184617277,1.5475970111200954,0.6614014242925761,0.6158518372362126,0
-1.7931385492991363,1.0743624016435274,1.052267577163483,0.4951302315515961,-0.12684304061863552,0
0.4289931111208826,-0.36228989184930566,1.3056814281505709,-0.27342974457688235,-0.18092656029170737,0
0.2308785545228824,-0.12360218083144507,1.7407711193207491,-0.22909419688654864,-0.18599935381154317,0
0.12135677256449622,-0.34845781343430654,0.038635379419814486,0.8157614727084569,0.42307800271176405,0
-0.4807602183219357,-1.5716631134947727,1.3308794400343178,0.8369691288368041,2.0550963230625676,0
2.302044518878243,-0.4776825424519295,0.8657093531759127,1.6563774626520673,0.37289197172699096,1
-0.48419191524102384,1.0689070180222648,-0.17495003748141527,-0.23229090181509485,-0.9990744964308023,1
-0.06495130785670525,2.6755410080627113,0.29418612420058476,0.8510527572267794,-0.6134381538700542,0
-0.14678379796262436,1.202967474139102,0.49827821908886144,-0.5799396158187431,-2.1735319026358004,0
1.1058086076157767,-0.19260342118822016,-0.17701119924748412,-0.09057844323525685,0.3523241078207999,0
0.177107099506919,-0.7332455589033818,0.7852392748373603,1.2820660764839835,0.03999363763862809,1
-1.5369757648186566,0.08521272096590872,0.22879232348521267,-1.5759722453514469,-2.4801331980916244,0
-0.9750347572849601,0.6843613806672874,-1.1436305545129406,-1.0283541301824513,-0.9459202104037042,0
-1.880180123549693,-1.2494411364006999,-1.523502991430079,-0.016671364998875997,0.9531276752339181,1
-0.7272482152807617,-0.8752741423085918,-0.3071812119660065,0.8521571015422366,-0.006952255785264937,0
0.05428550849761506,-0.1266394499484776,1.0037219497023715,-0.08906601440107127,0.6467894867884294,0
-0.2803971402195491,-0.4544577068339758,1.1642399337511053,-0.7890802276360435,-1.3863822871970453,1
-1.2005971379091875,-1.1601516635150924,-0.8870778186349076,-0.40439274611040105,1.6975091066160393,1
-0.21961086806882205,0.3594368729409646,-0.25411522512440743,1.325563204649787,0.4205049756681174,1
-1.8547275579379827,-0.3451813565871746,-0.34485072134196854,0.6898509645133821,0.13853011318756916,0
0.6012390698686527,-1.885244583212726,2.116182319394554,1.1924835042800492,-0.9459205938359434,0
1.4122266423674883,-0.7653607458256727,-0.3973228884807545,1.1356077665005526,-0.26460851829389415,0
0.6327534662372629,-2.319761239250202,-1.004524806119419,1.2515034834938503,0.6708991894110105,0
0.9229755863288573,0.9445533827991617,4.102130148639292,0.5201943199006608,-0.26979019863447823,1
0.3064582064491257,0.015113325930779417,-0.537453648183859,0.7297204837528688,-1.261124288786498,0
0.5439406307640292,-0.13321050352376188,1.645072707861431,-0.022678325961762762,-1.2365101242473038,0
1.5672117042437221,1.3856614460299448,0.426417329138276,0.017633346239395813,-0.9118147663756863,1
0.2175416135084756,-0.7751247170040602,0.642665776475237,1.5764439694647563,0.0072866200453521055,0
-0.2437762777231598,-1.1292899277654214,0.431846671199254,0.28018414599321806,1.4391113810406861,1
2.2480457991626737,2.40719506998807,-0.5640647564553113,0.7996626068371934,1.930341495464257,1
0.5363432050919078,-0.14395656911406232,-1.4061974991765986,-0.6242354080328686,-0.05998555994386293,1
1.0331808969707743,-0.3146559114627377,0.09310891118195813,-0.5945960545432475,-0.2567518876833112,0
0.6656163193565068,0.4108657142180292,1.7720956606760678,0.4467537209068984,-0.8514543107812773,0
-0.08385013692712798,1.9245807209928798,-0.5472736737042239,0.9984810428707699,-0.6564914976945242,0
0.5352094503896033,0.6257556943776765,-0.19652647889878092,-0.5912561784206183,-0.8398871549946768,1
-0.42780487891091346,1.0736179075750931,1.0242803569101506,-1.821719511393466,0.3935919181964771,0
0.31221413393104713,0.48231072097371236,0.34369039686361286,-0.6106434762561525,0.5916312678771176,0
0.2645342597835259,0.19786250944599335,-0.011677401602643436,1.6782840521748519,-0.0026849002907382595,0
1.5007084378523738,0.6820706236851601,-0.6473984582612268,0.5487792297268179,1.5770546271687824,0
-0.2835516700961041,2.2304487636182935,-1.3441284137172376,1.9581403024427493,-1.441831702379405,0
0.3593478686697962,-1.0030505987427183,0.8116791314507582,1.4693824606354626,-0.09411300239007836,1
0.8252348420705833,0.8596721207552472,0.7945555518731032,0.8182159806509933,0.4395252986322108,0
-1.0667041556727554,-0.9963607743226301,0.8825487141651118,0.08045915719714392,0.47778930517106866,0
0.756949031578987,0.7803212679621856,-0.9001600628180537,0.45852528638334905,-1.1946694706913177,1
-1.354091819854572,-0.17938380618516392,-1.236264489543921,1.2074316835867223,0.286728333511401,0
-1.1789986512093151,-1.0836576767966406,0.8513044742053427,-0.9270690269829799,-2.164948651316909,0
-0.255139193508038,-1.4285453410015,1.311236487389898,1.2439468193404948,2.4026891406408377,0
-0.7085024012905062,0.39776441953322506,-0.6667294958794352,0.6656888147543644,1.8199795897160065,0
0.4818425966663143,0.4285138799270406,1.2871026873479634,0.6433155407320297,-1.1818829812842357,0
0.14140192500849277,0.2541989798204379,0.8257170614358793,0.9112471507222201,-1.3278579959346062,0
0.1924023866699705,-0.38667381612470325,-0.9439781885980798,1.654998126944433,-1.994852739063652,0
-0.5088038533557004,0.9051690141167001,-0.9530240099604308,-0.6334187270453207,-1.0737295580997306,0
-1.0177168434415202,1.3117359251229321,-0.7635373523877075,0.21088298708268235,0.5281133259486563,0
0.21249114476462672,-0.11327497910725172,0.4968306185617801,1.1832599894619142,-0.5432742939024822,0
-0.6516766176141864,0.8753299255495786,0.16886090040481055,1.0216867573477268,-1.1502124045995936,0
1.4751662216860484,1.5146643899206962,-1.1127181144306666,-0.7839309118028631,-0.4687497580165118,1
-1.5282918549473992,0.9883544406670558,-1.5073421680861847,1.173828144740504,-0.03851217676821442,0
-0.8438099589064362,0.061737081593052745,1.518923062670027,0.06694701047088084,-0.42376029780829544,0
-0.8355972875595681,0.3947914918172625,-0.3807399652510982,2.7534362424141636,-0.9950529349626024,0
1.055469699301844,0.06495921358231309,-1.8160366956654048,-0.7863181321582857,-0.6204827855485957,1
-0.23945793830132567,0.5193131832262402,0.41979136125444316,1.622162837903096,2.1622339337120957,1
-1.5232576525999342,0.48523478011864096,1.395341683546139,0.8481170348479201,1.0323994846976827,0
-1.8271123500660202,0.2058229176233191,0.04120094818002386,-2.0293186511008403,0.040200996716094915,0
1.509972787318218,1.0673253192402945,-0.3786523870463107,-0.2737321103098862,0.030344491870898313,0
-0.14059541422715602,0.2195298702991946,-0.3862762267250703,0.905632950634045,-0.9107690283353371,0
1.5265442282621446,-0.5620411583384357,-0.19579373272707956,0.06809420641594668,-0.06337432612134311,0
1.5382631949625165,0.7797946179381752,2.6867043325785755,-1.3394914484652127,0.0335398230683523,1
1.2019813054286927,-0.6812528463011652,-0.7802448743389906,0.14172209392343377,0.632253778225787,0
-0.7631423594635137,2.1930149935538648,-0.5266062099181607,1.9156098415437746,0.1549339390664269,0
0.9673408722797927,-1.5491156860531847,0.7079109370318084,0.08350908078569748,-1.5391814885874497,0
0.6165805857250588,-1.4488100827205606,0.8173077379962422,0.19428087405260144,-0.5567545459631951,0
1.1260916043289362,-1.7837800868042912,2.05280964755675,1.681651941545767,-0.24439937889801833,1
-1.63425756676313,-0.16729023330534779,-0.09491425216256828,0.23101507349873282,0.7857554310248664,1
-0.7965657423938892,1.1018410961712235,1.2306164609907093,0.30752985085685725,1.2559458062710556,1
0.39055602708327875,0.8962460656442531,0.3349841438862687,-0.04358906071352031,-0.17214954996266582,0
0.6983176109040254,1.0978799577156002,-0.3060213763414524,0.3303407567925034,-0.4189075813839753,1
0.08597075009688647,0.13148323585501473,-0.26214747506873964,-0.9560417287965638,-0.8446880540477442,0
-0.4853506227479378,0.5698216032677837,1.8892020234447262,-0.7581297976149143,-2.173967509220861,0
0.5300026735426417,0.5540696855964993,0.9188578313175326,-0.7360279587235131,0.26328196256371644,0
-0.6882570307068177,-1.1680014596926769,-0.3640372233848099,1.050621498359442,0.07863870540332095,0
-0.057555713021781224,0.22134325614336048,-0.08927257225178097,-0.402247207713665,1.1183976501659891,0
0.9324588823068616,-0.36661218198660206,0.1287483410109361,0.8811727152279414,0.43286615577699533,1
0.4397535647585066,0.6163007247619738,-0.4285793502994895,-0.8149676158594644,-0.005025359421437966,0
-0.8178263363194515,-0.5411250635792081,1.8117405773547772,1.071156159654549,-1.3202853735123452,1
-0.9163105482504055,-1.0966375585154924,0.51707720752891,-1.8078533821051601,-0.26040055344561136,0
-0.6500935160292961,-0.02602347001186585,-0.7917037526689401,0.2798123217042076,0.49215872391691917,0
0.21194334600615902,0.7055486040241452,-0.899855652512942,-0.6870985843149024,-1.8498843244031389,0
0.41706129464170955,-0.19146485885156428,1.0573746091108063,-0.5610462891277364,-0.2238472956003274,0
0.8224860370480642,0.07959614109026865,-0.8765276857564838,0.21222313982123953,-1.245310951530197,0
-0.5010874294534646,0.10325483500184852,-0.3343679824745249,0.8037472876415718,-0.13408831709907415,0
-0.6077841520544516,-0.37045838481962345,0.35712142778012784,-0.31687657773709976,-0.8130567134186423,0
-1.1177260219431584,0.596451605640215,-0.004721957081138614,0.6853881614627972,-0.2782634034242722,0
-0.35111367022048884,0.29525480819213257,-0.4768867269240699,1.6545460164715398,0.733247671184304,0
-0.7516251799252651,0.44084999918016754,0.8943583026410755,0.727315769792726,-0.46586148615214124,0
0.07042726874807907,-0.23961369706265898,-0.6697753168904403,1.4268709418970884,-0.1723003742829612,0
1.0255560487602307,-0.1158060349379369,1.4894371307611274,0.21629358285933778,-0.5421720180043822,0
-0.5168810441138131,-0.6293695888000538,0.5555424667409827,0.3659834787659491,0.2655735138966297,1
-0.4989488808036422,1.8107222217285495,-1.8018339981096976,0.5627605847014987,-1.268257504173073,0
-2.6828508524588313,-2.1460492398895075,0.17999669841916976,0.7526451487368079,-0.6153018709885674,0
-0.10177590635872671,1.2186569817769575,-0.9047429764840699,1.337979712084578,-1.933396784208712,0
-0.37744625161604545,-0.899527338984071,0.04153594858271088,0.6162830363636056,0.15357489961953646,0
0.3077598517339896,0.35869380354709035,0.9083296417731662,-0.7394164003528145,0.5141887320395141,1
2.202789993862136,0.278795390310763,-0.46304477112890413,-0.8390423702236711,-0.43424145355138355,1
-0.43086096923622286,1.3702937844243754,-0.16718111188463727,-0.19707836704453272,0.17729034857499096,1
-1.3614480618542488,0.4756633387304189,0.4933956573506599,-2.3032689379610516,-0.4298162027216924,0
0.7251602396017396,0.5410411831559796,-0.03155653030795458,-0.013129880514383957,0.924459139565867,0
-1.1019785185898128,-0.8594222842594728,-0.02737100309633362,0.813098729320118,-0.44822812480636054,0
-0.14566871080170754,-1.3937380232721461,1.3560664758596654,-0.518329848265402,1.9262562096404385,1
-0.06407755700718835,0.8011525374949705,0.37349536094084,-1.4526256284201589,-0.26417824930575473,0
-0.5173109677876836,1.4470175983659472,-0.1772983962248479,0.8483104854435178,-1.044039617781069,0
0.32346586444348174,-0.05454748417725836,-0.30879104781880473,-0.05089049912762187,-0.9664280604294017,0
-1.3398143438678842,0.7224863379270832,-0.0907675490288077,1.1836973951610688,-0.9290206015635488,0
0.14336977179692412,0.24857555938796952,1.1210818153257887,0.025524987468692334,0.11857985083523791,1
-1.2392867752350223,0.15629019533024363,0.10046765198909767,-0.3105160834797475,-0.49531791848280576,0
-0.5875321837657239,0.6829748807513968,-0.421188666721579,1.4776785445752443,-0.28465272774042943,0
-0.35630289499260553,-0.3664131068468125,-0.8574945849732466,2.460151508611701,-0.23812537068623452,1
0.02788145272287548,0.5606449253343925,0.07880081455261154,0.5252926094723609,-1.5243656239181538,0
0.2051974441680703,0.12950993397506302,0.07132996712852126,-0.6150476469940697,-0.33556520779658844,1
0.14315528238391978,1.4872098456706786,-1.7863718118557168,0.3270520097640874,0.9841563426709078,0
0.7193166682475829,-0.6337179743074272,-0.5364917609634714,-0.6178407520924593,-0.2933576546821899,0
2.0176216959709037,0.3785645432173109,0.6685195389307284,1.3529983231782912,0.5668515953769633,0
-0.7763614490060817,0.723363370903768,0.2696432001821809,-0.27775029202758705,-0.5306135112928263,0
0.5824725931117268,-1.0524790292277721,2.256584690367837,-0.3919910956988514,-0.5447251694754068,1
-2.0782300473527635,1.2945392346588394,1.9628252199834462,0.14684573709722856,-0.059118503171205865,1
-0.24147235229378583,-0.11379788811207413,-0.002352781346366648,-0.7775748517266178,-1.3188818692830349,0
-0.6181574558573804,-0.0611442973161977,0.019519880690146197,-1.2302074287358837,2.3962875673987987,0
0.11461126294493935,-0.08000681502884387,-0.24858808119168904,-0.01121281661692685,1.1595531061102164,0
-0.10674444922919692,1.176239320150086,0.4158311178364407,-1.245862621298404,0.7218901733581572,1
0.8363042769613148,-1.9443855809219504,0.22175613503822245,-1.2509822067957537,0.5578884134664744,0
-0.17476722480212226,0.9416571574291496,-1.9565690715296853,0.3415217308055691,-1.4435168948712003,0
0.35802664299032616,0.15131296518673143,-1.1650682254509284,-0.5349139646518316,2.1859019333349408,0
-1.0502298423178948,0.3952473493639109,1.6503732626915417,-0.21847511004901102,-0.2560904445846321,0
0.5237085404710872,-0.16496948456061916,1.5744708452932268,0.3698693091367084,0.35362429612516183,0
0.8848246843914104,-0.7384210249539085,1.6563997122550995,0.22764032235434029,0.8746157167779629,0
-0.5055898564080842,0.03233684029705164,-1.092871048821554,-0.3990033071704917,1.9841852114252372,0
1.8728927350275504,-2.475977688683413,-0.1426041894497984,0.1776075538388667,0.5946839428656118,0
0.22078944663303554,0.007197004365828556,-1.4143336817426175,-1.2166133729350401,-0.5460649214430477,1
0.5833838321114968,0.2481379994643367,-0.1597217488971887,0.5296572934817919,-0.18299538543792165,0
0.022133323440444098,-0.8879042658287951,-1.7473024910090569,0.8020148592857563,-1.0647844403880098,0
0.30582098116038214,-0.7569277007582298,0.40601886692738753,1.2712043599554594,-0.7411982258118763,1
-1.801152770288814,-0.5739309271205182,0.895055323364856,1.7450893632755644,-0.30081777667526394,0
0.08938513453317291,-1.5298262208852274,0.7115186824047508,2.034763795773781,-1.623553846876678,0
0.09080811001136069,0.6721891234608282,2.328637991279647,-1.2491585346440466,0.5608969963037497,1
-0.5170425336956914,-0.8251109550882755,-0.7491167524207175,-0.2464102422273745,-0.12599074811769065,0
-0.06543711888424653,-0.5908927631150191,-1.318342889558122,-0.06703365036253016,1.1262189761921164,0
-1.2945010404416846,-0.43349343114695216,0.8803168197760707,-0.04919481113294409,-0.03526908394862913,0
-1.53596318088077,0.5896217744449757,-1.2600182992692837,1.1934692266365157,-0.6235206402848206,0
1.3351919963327474,-0.41953133115800567,0.17137865294648558,-0.39687306166804087,-0.018621191808031828,0
0.2734017744451892,0.10047081587942762,0.6969712902206473,0.2824774970555352,-0.5673824833570162,0
-0.7601917616723498,-1.1052681235440982,-0.5031136236309799,-1.240904510133141,0.21596743660187623,0
-0.5941445528232769,-0.9103025435680383,0.8490511689399475,0.7754514544594232,-0.22479231119939194,0
0.769862627064894,-1.234296933559952,-1.2907560317104687,0.38625531503439026,0.1675259033158361,0
-1.5385360442919493,-0.9643346905603039,0.2909410397072033,0.720830680923248,0.9344515200907527,1
-0.7840608139898901,0.8662485142531752,-0.33884716191939745,1.3020646334315629,-1.257602642704749,0
-0.3363265661400714,0.5981146964371937,1.5065180511668221,-0.47275709160053947,-0.9494516754807136,0
-1.2565262977163119,-0.4726111514258107,1.0493651941888649,-0.1945848107554406,-1.0737373849861573,0
-0.34322404517826416,-0.5868577783598223,0.38873843945212894,-0.8573653046211562,0.8601870097545983,0
-0.8731779850242324,-0.35911622172604796,1.1271279178302804,0.891858696665893,-2.40599601786053,0
-0.46209479002867293,2.349377894749641,0.6303600184472119,-1.3651445524341188,-1.8506467448201787,0
0.008221321857975996,-0.9409478859415794,-0.5172310528587103,-0.7934221646163415,-2.271398244903892,0
2.077000158319321,0.24768803023139727,1.099596060911818,0.7873965523105145,1.8500322766468997,1
-0.5819255151015718,-0.5796376228316628,0.5705872340689068,-0.45771399063300894,1.7228896197581125,1
0.13736966505362122,0.9187486769114407,-0.03420559548066178,-1.4425300106569832,0.4576368250155815,0
1.07167335797055,-2.0719652922504284,-0.7506580327737478,-0.7943658671058411,-2.2333524548704515,0
-0.3953573992085415,0.3947395241805993,0.6847639972677588,0.4830246440784393,-0.16151938007083433,0
0.920425588200927,1.2015438541179648,-1.1310491488801657,-0.6019288323760471,0.646130990248386,1
0.255327939924717,0.6105330644689957,-0.8974640272508059,-1.7208631255098497,0.9974868645702214,0
0.9580370352276357,-2.514617774879869,0.3120420331957283,0.6201082402988911,0.16541922681333812,0
1.0569434750593314,1.3004979847117066,-0.30570834123134444,0.10573801807532211,-0.3203036190572759,1
0.2657347858148388,0.038210201439264076,-0.2859711039129989,-1.0598060692386808,-2.280524517994913,0
-0.24692666858447618,-0.15122996958734375,-0.26852661123299326,0.700366548003275,-0.5074285311636928,0
-0.09720101929852583,0.11568035572095545,0.5552019317745285,1.143949613128978,1.162939801029507,0
0.8542291278468273,0.6071577875668657,-0.48396920122536075,0.1744555379275024,-0.9248933296510324,0
-0.8600578422252095,-0.46361596198696964,2.3640304127503318,0.7568651424571818,-0.14252392830042773,0
-1.0067828660297882,0.1432455091161586,1.1763085297956726,-2.3678647304367555,0.14388752531195884,0
-0.32578656117900884,1.635400827979765,1.2333170157216902,-2.7996546522760744,0.3812098447110621,1
1.269226816306388,0.20852491811237084,-1.3137177177265678,-0.08412056188493096,0.06354767946546824,0
-1.1431719397115885,0.16356430471267294,-0.3016746455082616,-1.4653709679244895,-1.1967355036902698,0
0.06858139219067229,0.6138166346105619,-0.5220524156926488,-0.6345225630172707,0.8034210670452572,0
0.1774861550363951,-0.7320606574338898,-0.30209835095886933,1.9508034009331146,0.43486419406247795,1
-1.7405666820749868,0.602555823044477,1.2556092679065893,-1.1063985813127655,-0.8103902484603269,0
0.34742529861123783,-1.0784562499112087,-1.2221452273875015,0.35127964658337246,0.47912400640403346,0
1.4404341605833975,-0.6575701663058903,0.10045478705117525,0.36956659827654664,-0.05622077013418149,0
0.23549148516122353,0.1942375858336338,1.2016586190386163,0.6338647053602863,-1.3120507655181326,0
0.7531237485671374,-1.3681255392488285,1.1514727111854146,0.32927700659669185,-0.7727735903562989,0
0.9606599696217938,-0.9540837493287398,-1.0442351308230275,0.5200295876221542,-1.2048828833031073,0
-0.7868506825610334,0.2103814793879208,0.33877022794169603,-1.5982064191201304,1.596031781566439,0
2.1239689852818393,-0.3293760030936498,-2.7719538858166772,-0.03766754291044493,-0.02661825706941035,1
0.5901729310555224,1.6620157191421767,-0.13237081372456952,-0.6817075415986488,-1.7552674468386005,0
1.7622324209154818,-0.029815405670139378,-1.4439555713849177,0.1055158047340401,0.36355263597774673,0
-0.5536747072954619,-0.4197858245513296,0.9654020764483043,0.9057810694311431,0.6159532587030054,1
0.11898828679037111,-0.5067322961591163,-0.49925783806045704,0.338048037553818,-0.556877916145109,0
1.4315957619861408,-1.1270056047132786,1.2231589682868946,-0.0820162786621695,-1.1266318444865486,0
0.07781674589537987,-1.508704884013558,1.1981789933325524,-1.3923257990861155,-0.20730353997442424,0
-1.3623704098547584,0.40517329540849795,-1.551095729638122,0.9959200687675871,-0.476524216857067,0
-1.1732541862690449,0.2704682267117088,-0.8249303611589335,1.0073451691847992,0.5702768072548521,0
-0.4380982374504387,1.4357436558666692,-0.7334093926455824,-2.0335192657740957,-1.6814949485756991,0
-1.2560176395201124,-1.7406025344638885,-0.7048958862448265,0.03294698353245745,0.34472099073751733,0
-1.0728955979665387,-1.167309800244618,0.9161804129254421,-0.5254236095462058,-1.334906662628541,0
-0.15366785792395773,-0.3512657442890956,0.6285470167434637,0.7573563365808484,-0.14366069774131687,0
-1.3837148772868504,-1.2002243477931704,-0.16597234746559675,-0.551551874790562,-0.2488380036268708,0
-0.42378948880131306,-0.7048230577632045,-1.193784172373518,-1.2713137261787846,-0.9883240102209182,1
1.5558108993128739,0.3579754538167186,-1.3159265418307977,1.5487086994984303,0.37203426181937693,0
-0.7935855348388386,2.0530630517627246,-0.6291525204398608,-1.0288173978826731,0.44314007578184594,0
1.7690191476958401,1.1278181779506065,1.383477167137588,-0.6030897461951036,-1.1192917745322863,0
1.6749071956338273,-0.3201591710462408,1.3385205528427608,-0.5286236667978169,0.05102370140872325,0
-0.1464731246108728,-2.250146438899087,-0.09864211993114345,-1.5856786354401042,-1.6452687459864779,0
-0.12874491898751342,-1.937601459654856,0.24407474004154933,-1.2490223543452466,0.30526710992657524,0
-1.0584869505993222,1.2516400616243497,-0.42492693691600825,-0.1458720716327978,-0.7564264812113285,0
-0.39800355842603485,-1.7569977752372283,0.18788171082312027,1.4213981325229263,-0.46517392359269516,0
1.4282543931186746,-2.3261534971228137,-1.064881816913328,-0.37685408714111057,0.1803896853054259,0
0.8632005100752023,-0.2169407355104473,1.1214415898307086,1.4834738631961362,-0.2698053413708906,0
1.312866439456763,-1.1231368578428986,-0.29184651410222,-0.45296158024285765,-0.7490557132054835,0
-0.919586701731975,0.8139274187072641,0.3098961916059891,-0.33957558869754456,-0.2702329215348576,0
-1.275589325407077,-1.0486982214263676,0.2050356925260512,-0.4921322498884194,-0.3035399790372229,0
0.2685461826877624,1.1796728024428464,-0.5251660908370941,-1.1110226523029436,0.4640940247431022,0
1.411678400255784,-1.1300165571866065,-2.5718132311297626,0.5917653154993667,0.41997093455577095,1
-0.03745320142805326,-1.9343833679179223,-1.1839487385121483,-2.017871397178096,0.16107854699188634,0
-1.2382880544530088,-0.6648619588217156,1.021892185484098,-0.42749366064670175,0.4869798698209925,0
1.9324178539481065,-1.9103104927720398,0.635283645709843,0.3487476957580127,-0.3990551168612395,0
-1.4471409633692043,-0.162267606491548,-0.26876366346332753,1.1024875845052202,0.05519977647221805,0
-0.2792076863351341,1.6769155381900536,0.14694645514897112,0.4961530017195477,1.1919492883813312,1
-0.9714242429399942,0.3968663274974242,0.5033789665798886,1.0486585737123768,0.03182237095723279,0
-0.32042245706145533,0.14293144303271751,1.1849308290042118,1.4351292157686932,0.519573408492944,0
-0.36534602421992846,-0.9983855387908207,0.1692777306641292,-0.026324177969611097,-1.3699930546032875,1
-0.9761061340200553,-0.6001471004170191,-1.2604917907147588,-0.47937749713465855,-1.1678784006760292,0
-0.9946313333909704,0.4362862114910673,-0.5900126154106703,-0.7679026947069957,-0.8904586287433447,0
-1.2842449220616416,2.4256789048286582,2.3174711324648705,1.2247521026618002,0.3521862174667829,0
1.0562192867188662,-0.4841449128657079,-1.3094946093798971,0.702488638707247,1.7340437724871542,0
-1.1540422542681825,-0.9302654084849409,-2.5794992793470866,0.39519348450436936,-0.006241935523849369,1
-1.5338658835595163,-1.3332613302276035,-0.9281772431425267,0.5061722748712127,0.022025968684394263,0
0.5882596611563102,0.9337428439833951,-1.5581480347027041,0.5153763252771357,-0.5692537475639473,1
-0.22884779613954304,-0.5503860233666659,-1.3495884250451,-1.269901876441855,0.8405723215667525,0
-0.02941808747346377,0.4156871986325774,0.5701612265460354,-1.8791977782127234,0.6945722982531146,1
-1.268373469549336,-0.4656340914270322,-0.866738551777271,0.2691667354530399,1.728805177352898,1
-0.5998141872220079,-0.5563496135408436,1.7939272736840168,-1.421457404082901,-0.2501916218092937,0
1.2909809145246895,0.22537791398603127,-0.8622882416777792,0.2107615804417471,0.4834334633895499,1
-0.838941200746155,0.9747183564275448,-0.5355212942925968,-1.0964596589137179,-1.0834175493972518,0
-0.3839661962178066,0.030089741770961183,0.4815601041394652,2.0006604372277206,-0.03387038130442974,0
-1.677533912130654,-0.23131178680156564,1.5964714383601022,-1.1799990776120428,0.45750061925698293,0
-0.012821067941573932,2.468892844293868,-1.4484492391632695,0.7112541209373946,-0.351848114370161,1
1.6783548555832848,-0.7511325428370736,-0.8163796183824121,-1.2121660931186296,-1.0614638389030193,0
0.5014292190013495,-0.7367646722452624,0.9064783962531362,-0.9266177235276178,-0.3511821790089294,0
-0.6278414722891195,0.6246308217098948,-1.9586259234063532,-2.8274878205874723,2.3821884772975066,0
-1.0394574906793452,0.7137691473223864,0.902675035989671,-0.1389089881440007,-1.2530370748769524,0
-0.9919650740703682,0.19853177970659527,-1.6482262540733665,-0.38195360324609584,0.008319953875916686,0
-0.2541953666291827,-0.7669930478432635,0.22445398889861168,1.156942078491689,1.6123744209731732,0
0.2702413260063336,-0.4441355244159759,-1.0122507398116136,0.9615154729596408,0.5697924374486698,0
-0.7979024032754524,1.724334792895269,-0.524281805656237,0.4829663558178982,0.4185940634193846,0
-0.12011892042200545,1.417325343456994,-1.1348501558255533,0.9637432998842266,1.2884932655658923,0
-0.2935864640468938,-2.0990853893292285,0.5858049337224766,-0.35728651696281405,-0.6814393119024956,0
1.3330703205120271,0.7904296849084653,1.645454794553212,1.1408083619127405,-0.8648722438525818,1
-0.7075318008897404,-1.8984134196243303,-1.1247437510671912,-0.9992264486918448,0.9683413310278297,0
0.7564758153615648,-0.5506416711836333,0.8027065898588578,-0.5958681095823518,0.2921762334113751,0
0.07268799088230496,2.0626264387273094,-0.6341392650700853,0.5647128145730885,-0.3023072826258206,1
0.3893408211897841,0.3203648851588318,0.894026009606327,1.0895945815396073,0.668544126457954,0
1.4098254536651524,-1.347603919759423,-0.1989321381752485,1.2693874984096225,-0.9316574845166867,1
-0.6360642949888616,-0.12072195837448926,0.8650179941205144,-1.3398332530873303,0.40533826537133305,0
1.7885832032103615,-0.3964004849962347,-0.4124743817605794,0.2604648430287205,0.22263855327948384,0
1.4894472429445977,0.16397237885634242,-0.7045988571998348,0.09438135547201354,1.4721027654499632,0
0.5495278531944376,1.1888388275800175,0.9800187927388873,-0.47253644124082933,0.052716645869212084,0
0.7278650225834126,1.1509729815890253,-1.8632045565069042,-0.21251168900383433,0.3444315727549985,1
0.1546212743940989,2.544778761313322,-0.01398918829426687,0.7345223915583604,0.22983780511696045,0
-0.7704209644133257,-0.4425594791275331,0.28323452913614316,-0.504456666101933,-0.9314829077774031,0
-0.6030646277634101,-1.2907571076664381,0.46516258417628364,-1.0941851195224752,-0.9409243260834435,0
-0.31784748800501034,-0.3265304008294467,-0.05540675971831302,0.13655471501234068,-1.2513590648281552,0
-0.47633498240364913,0.3707170882679184,-1.5099194775189637,0.06785199970108766,-1.2356877377887596,0
1.5058229828163934,0.560146412680022,0.022842494312728844,1.0657664167641814,0.34299999564579103,0
-2.001541100659178,-1.2324893769712515,1.1584503863131184,-1.1924948404975686,-0.03447168187981046,0
0.423826767902947,0.060396628314531825,1.6211456731543796,0.3555025837944508,0.16714263141758762,0
-0.5088877556605761,-1.0285435563312522,1.3184560413242108,-0.7183238835842597,-0.5688343810853483,1
0.3190235287582774,-1.480541582907933,-0.32751074297473437,1.4428070080847148,0.13801543184490336,0
-0.27444336125319074,-0.11905113327355184,0.011128695468373997,-1.1577852718050723,-0.42416720980393186,0
-0.49913393244381027,-0.6678071678119472,0.6217954370766076,-1.0961979066077396,1.1569397644965862,0
0.22224305342810244,1.4342163248907944,-0.6157652341495878,1.0678373051173913,-2.1858198773280675,1
0.33942610007443597,-1.0682267323642485,0.7160716207081278,0.38475088031494703,-0.6565461024541083,0
1.2585104963057374,0.23845089846814266,1.5704706085179436,0.2397954595631157,-0.20759240077329166,0
-1.1007080148976391,0.738867430858415,0.10560443474823175,0.39363925851208753,-0.03586250944244244,0
0.390940438487549,-0.6622987887353825,0.5802647091638793,-1.0298263978388649,0.1679959437366982,0
0.9321403429989366,0.6498603637343126,0.9269408592772806,-1.9320447586577798,1.17902781773887,0
-1.0061247706752914,0.847557738116372,-0.8843482269026223,1.7044583446243224,-0.5156030221619436,0
-0.22385609338222512,2.3311228771991375,1.616401700410894,-0.5855502831296541,2.0732284284965634,0
-1.9876250728687352,-0.6269255408599995,-0.08513227108147428,0.35576706629315935,-1.638463714384964,0
2.296798163826996,-1.423611756671591,0.6282738344045649,-1.6604865539069757,-1.9886343191326492,0
1.1864761770540107,-0.23808794463791255,-0.9184987237864116,1.056895493722801,-1.612060175162972,0
0.8757829834329833,0.28995153167946086,1.7288452106924594,-0.8886148175209407,1.2302918983138396,1
0.5302494579230634,0.30186184397579996,-1.0562733432156646,-0.7364354282883065,0.8805491155695164,0
0.62464293700023,-0.7817699541189999,2.080732908774396,-0.9878849633749338,0.2289905121094843,0
1.207414686455208,-0.33129194091305264,-0.5466837203801432,-0.0270283068993289,1.1620184875256865,0
0.9626806273454951,-0.12277069441572773,-1.7459940091739723,-1.3888649023090514,-0.8318851479445694,1
1.1314147569173272,0.5843629853660446,1.2332586077114736,0.43882776114209165,-0.2084158137485578,1
0.6108961163473055,1.3600549854333457,-1.9905656354865993,-0.47951266061282605,0.6226979486322515,1
0.35069858205553955,0.5710277266329096,-1.9102339289361225,-1.574614281286327,0.09993160475979204,1
-0.7084353882249361,2.268565659899397,0.48230351777441766,1.7724748222774296,0.9282981278829325,0
1.361553220406785,1.5840486381684917,0.034349594271878024,0.18236709618274707,-1.2273003541958014,1
-1.5963018760721235,1.7121249804516623,-0.6834644145433677,-1.4039529056630193,-1.5600984603250683,0
-0.8253868799824977,0.3405052786950217,0.33175426481237197,0.13942265614154697,-0.6607669533928805,0
1.456391560004622,-0.24134785281490662,-2.4706836882764667,-0.06538503585831483,0.33042332412380776,1
0.26426069155478155,0.8986356848216555,2.0311182369242182,0.8107208358187246,-0.9973256143742035,1
0.9871505422780079,0.8971827912155413,0.872779991467725,-0.06749787080612041,-0.6225279389577414,0
1.7279040257261458,0.9216742817597782,-1.3995776503586774,-0.5280569926109822,0.353693480178464,1
0.2097117319064482,0.3822840386799972,-0.21181778399165702,-1.5936500110388172,0.3494814524414868,1
-1.080704268711228,0.213322299996188,1.3335494887632857,-1.2669173745052638,1.5691306209103022,0
2.61855962103701,0.46912747608495875,0.6119524746983829,0.19398649609605906,-2.0144751399593286,0
0.47791047560954736,-1.1081188414721774,-0.048146539099279274,-0.8079711071488209,0.23064994289190752,0
0.20577217342151574,1.209533757395905,-0.22042457277744276,-0.7598027650215318,0.4020965737802981,0
0.3303496920608101,-0.663661236232882,-1.8842382498262509,-1.3351654795657717,2.9333935651102947,1
0.8805794821359795,-0.3325254580876186,-0.6505903888438322,0.427299076653213,-1.2408636195794696,0
0.21876733845151597,0.9531367687503299,1.1886508172004777,0.6509269407194039,-0.3448401305617018,1
1.270278461104601,0.3127806732478222,-1.9805429379445498,0.613619437633385,1.1942997248613252,1
-0.3657600376434373,-0.7839735249569839,1.4249490086309518,-1.094716007544927,-1.6443241317986714,1
0.46250442757883314,-0.6226640737540498,-0.6322355745896419,0.033461035845453777,-1.0876109296397127,0
2.192290857165509,0.03876826223086945,-0.4002644733508774,0.2191347152837974,-1.6579504419077085,0
0.3018313947340305,-1.3014762184452908,-0.8490019446634756,0.6104055255449061,0.30077326837867374,0
0.9791213570506524,-0.27235426180408395,-0.01432723673424426,0.7376375165468965,0.4540697065791925,0
-2.575489729909034,-0.3312129731719062,-0.10949963867962874,0.5139986553462618,-0.5569123887022109,0
0.547972379149347,0.43105459792115447,-0.4798564802780182,-0.8394592012793759,0.045246439815114496,1
0.03543044081616124,-1.51866744961618,0.03242577309613742,-0.27857005008347674,0.5671326561982677,0
2.163338843101958,0.5775720281954844,-1.255100236193464,0.4076224698732858,-0.23989326474348596,1
0.48627271505457786,-0.24131977049850795,-0.341800939375845,0.2659939543013056,-0.2975818956667714,0
-0.9468550946185975,0.9791861346615081,0.25125434507020666,0.5427224958269249,-0.5747088843078697,0
1.5044586112951286,-1.38682343322879,1.7782205680779217,0.734294730819298,-1.5584664074672248,0
1.1370365172732002,-0.7246189748155306,0.5051649665692901,0.7712856813829339,-1.6183044093676002,1
0.6318632979585534,-0.8316310768705583,1.5204937109236505,0.5749459251232429,1.8371123208394304,0
0.9592892644657185,-0.11533042751437617,0.36486273710107897,0.9877667281765445,2.733880761857726,0
-0.973147769358319,-0.30141543799244186,-1.8118842600514933,-0.1956394320330034,-0.21679740789326082,0
-0.19648275177869515,2.0984176821906,-0.5504802253309534,-0.017854065586404812,-0.5667135913633178,0
-0.005939938632233081,2.8297059633522474,0.3821216307172571,0.5483190875592294,-0.33053686467039883,0
-0.19605360706330147,1.0139853583855851,-1.0699406605965265,-1.029321772021754,0.025230219670890064,0
-0.6564196098511667,1.5040868709222692,-2.112224787999013,1.5847122740912327,-0.4234051481618441,1
1.2004940664851773,-2.1491610923312097,-1.5226639227761485,0.4924949087251569,-1.870170792802052,0
-1.2145129645904746,0.3547551258608343,0.40620080890924576,-1.1943481380964702,0.40018943180917255,0
1.0665615209474104,-0.5460041209767712,-1.646227571100435,0.7205434304368327,1.818243789242601,0
-0.9108149889132899,1.5821788026468653,-0.05703572899732828,1.8651452463917053,-0.534062003438212,0
0.8777023845372837,-0.38172343752011584,0.5822010044224489,0.0033082152599660155,0.38550664458635386,0
0.20596910874811208,-0.3302757869915802,1.3324977928413062,-0.28912418833718107,-0.667120373754975,1
-0.15029321288959835,0.6705018927535868,-0.44594888199012944,-0.12691812618215065,-1.1893518809181831,0
0.7549502621380301,0.2637700480152197,2.0376084494103406,2.016338895435291,0.0693240796106083,1
-0.7954273998393795,0.33501383725412015,0.3702971582080294,-0.8988223374016437,-0.08256951345185132,0
0.3342045880864219,-0.605303011519091,-0.3443523785881555,0.9932350201352179,1.0310708325056905,0
-0.36318463349334235,-0.28854528728404255,1.1698857521542638,0.640565764284949,0.9141336204793261,0
0.38451848421409923,0.5361114407031357,1.0440108736464544,-0.4466444743084922,0.15039492414013125,0
-1.6137932805202506,0.5245289998834095,-0.27065930635509666,-0.9880400802319056,-0.42280992235278764,0
-0.0015147880263604461,-1.3367350751175802,-1.038241332815168,-0.5656057872394863,-0.057079146728638015,0
-1.1352866559039734,-2.1942280132455063,0.38027588242729804,0.09177929393795688,-1.2367672967597587,0
-0.1799157629231814,-0.7865916140752152,-0.06985411269909517,0.8686089531178014,-0.054047141319200395,0
0.07568547311944945,1.6929906952422287,-0.6417742050812337,-0.31431405098021165,-1.4380157772239934,0
1.0030243674326607,-0.4620975919655725,-1.039423085004293,0.4451969079480899,-0.3597871453688423,0
0.4936075030444676,0.5036492156563903,1.1521306690307462,-1.651964139163746,0.9709200895355419,0
0.35954610864128894,-0.4511287150565719,0.5949914443230127,0.9951422873791974,-0.6119622751509562,0
-0.014073276474965275,1.1009806927871328,0.6132658034544771,-0.8239674679325335,-0.8512807890725647,0
0.02277832489037577,-0.5426613720191775,-0.8518295928837849,0.27535983760894234,-0.634765524550882,0
1.0652359149640651,-0.26050589846981614,0.3569180992068143,-1.035424442872368,0.8058550237018345,0
-1.452033254503623,1.6909362120638496,-0.07932106798112519,-0.4843112363443885,-1.1062030172496937,0
-0.04631289352175425,0.6526236955151601,1.169995305480208,-1.622799488776648,-1.2552939142025477,0
2.0510213148389163,1.7782053411630463,-0.6265301302225075,-0.16601320316162954,1.0924640515044794,1
-0.7440639731892553,1.987751677555462,-0.734597557338367,0.14165231496980007,0.9401592200855289,0
-0.19329704943498913,0.20714767969378886,-0.4317581918236998,0.21463411805889632,-1.2902045402287077,0
-0.5065649228668022,-1.2094815094556397,0.2364815549960426,-1.4381915085589414,0.07515212497868633,0
0.7415430649417175,-0.19161426825353253,1.4955375698278597,-2.2757951425876968,1.394350103326734,0
-0.3046196471196805,1.2448644268415996,-0.8242058571567528,1.6026962713308757,-0.21501618404170492,0
0.26375115675670774,1.4299862518511497,0.47307052748268363,1.5173991740091928,0.4094519798345384,1
-2.8189450704738275,0.3652370651676323,-2.234214491706261,0.4850277546269992,0.5772546630615364,0
0.1359454786020392,1.3602073947021136,-1.0407571185622053,-0.2424962579833837,-0.9607123007086775,1
-0.4467381600230064,-0.35278172677202485,0.7940886813844881,-2.5517316479037606,0.7266957243277824,0
1.435839764661024,0.034215968594448046,0.282333257822347,-0.41764910988269427,0.16220767759626392,1
2.7362077771330613,1.7302228877001165,-1.6190189136514468,0.4028581536422629,-0.35338320746561436,1
-1.0029586461654394,0.9064627166623728,-0.7391023914788815,-1.7219537428718108,-1.9585863666810681,0
0.5926185157425948,1.0519066492362654,-2.1496594908427897,-0.26336618022956965,0.4817611876066114,1
0.030273279207365236,0.14987008316300557,0.8260909230157786,-0.6790838837865778,-0.24405837117725215,0
0.37714490992259714,-1.7303060868132907,1.7534449916050145,-0.08482187993545154,0.7063854409421052,0
-1.0569423721247069,-0.4774807123613897,-1.6490184098945013,2.0703495682595605,-1.0306177436170287,0
0.175167197092809,-0.7023729977402713,-0.13896079685060395,-0.1282552264829309,-0.29692432733896246,0
0.572139669275233,-1.9624929773754431,0.36049255315151957,-1.1407215462678868,-0.6329017806810945,0
0.4152360443880893,0.7122376457553341,-1.1975484829839544,-0.37467073153265834,-0.14690553510599325,0
0.4526367061384844,0.9262523581330716,2.4097956317233753,-0.8388662158938707,3.130056004773385,1
-1.0504547903955987,-0.07810991693227001,1.417948493227465,0.6385747503519682,1.0096743230356764,0
-0.05534954883898935,-0.8917759130145261,0.34376224925155546,-0.3672570821318043,-0.3072065606126736,0
1.8781341437300887,-1.4627625046696968,1.5166568374935192,0.4988266997492141,0.34837983022730923,0
-0.3116861194090902,-0.6643836295846377,-3.768838748265575,1.6870982577652074,0.9324830064877135,1
-1.5448984385436846,0.4418308756133022,1.3547910679520143,0.04236204806696391,-1.0824620008041475,0
-0.0903021415786516,0.8937464241547295,1.4415831923352127,0.5417571984970181,-0.7273475430413388,0
-0.6304970069889801,-0.9793608473162462,0.3197947807550355,0.7632613019982981,0.3229771672607348,0
0.11600481332938375,-1.0787472137942817,0.915519176152473,0.47069306201516653,1.433905683499561,0
0.7687627494717839,1.3322718255796295,0.1315585256536652,0.6318292329629839,-1.1143408377494632,1
0.46566041467142005,1.7510779397183105,-0.3201425056767805,0.4075459283756457,-0.9571289832075125,0
2.423612862951,1.4154266365195944,-0.24739766721151615,1.0266861865533967,-0.22237053790772168,1
-1.1144432517992529,-1.291286606298225,-0.5063391649135439,-1.0444990714227347,1.0491025010312742,0
-1.159486729680551,-0.2336335097580509,-1.3782839490454322,-0.024455817667542578,0.18094631162998215,0
-0.15061596431122437,0.6475818282038599,-0.897470156242735,-0.6465496913058322,-0.7124461901522421,0
-0.6037346645069304,-0.8844409328220076,2.295429125334235,-3.0095544905759595,-2.4427228535250216,0
-0.03420159276850906,0.4226388065828537,-0.6019977308991414,-0.8946907306132283,-1.1914162746323402,0
-0.9991182994973877,-0.23669001082299476,0.37311016221477744,-0.48941196297111955,-0.9290884468082989,0
0.3286782378972363,-0.36908127741350205,0.018374660198735935,0.582140354256374,0.12605981558003912,0
-0.9781952585456886,-1.3972427325347156,-2.262469596097893,0.6357538034688269,0.39841935241277115,1
-0.5320061566053556,-0.8992064176595411,0.22727538501890598,-0.17901948386029895,1.2107080003732977,0
1.036710927093786,0.4707975865001629,0.7583510929307951,-1.8934075170563818,-1.127023361409961,0
-2.112353894401755,-1.6205759670311053,-1.1140690490591538,0.7867437538020641,0.8458245976824573,0
0.9243481059675883,0.16872146431473534,-1.0535408861940248,1.2981849842195108,1.9502166890384967,1
-0.12843902870170856,-0.18280370988014571,0.2266423599134176,-0.23875469133005914,2.4642782334846283,0
1.4697327307791428,-0.7188801493772209,-1.9831958511338432,1.3857834333639083,-1.4570310521484005,0
-1.0317073401493355,-1.1180730597214201,1.5590627353988737,-0.12133290378104061,-1.336723557422754,1
0.13066053355990917,-0.7763571741655649,-1.6911417197389955,-0.8112415919560737,-0.910326030795481,0
0.18654296072552204,-1.3171324980302856,-0.31438710254541935,-0.8309377190706619,0.1004734018392922,1
-1.8701691718239344,-0.41399332107854864,1.013618812926189,-0.8917700301452065,0.09784101844459384,0
1.3061340331299294,1.0331439936234077,-1.019211387303771,-0.27828786793356103,-1.0218317062388835,0
1.1122846459017404,-0.946406702845497,0.11046649428298186,0.5281143270372733,-0.8155404266613224,0
-0.3013917892771627,0.11857790063630648,0.22429847664535912,0.30291815055709004,0.8942922369829844,0
-0.23371142112536228,-0.5154789712197574,-1.1915808005573192,0.61389121335347,0.48987308420584547,1
-1.3380919862498661,0.05984402590163186,0.1731547519248477,1.6138882597726538,0.20065009418105903,0
-1.5706748029489923,0.3024800436654818,0.23988051640969021,0.2502461668372678,-0.2967021143535757,0
-1.4081454045071489,-0.7125876327155786,0.5574463631183459,0.3126711062778409,-1.3604691127655626,0
-1.8373003839610618,-0.2964018506195523,-0.9028628522276174,-0.9465377926640638,-0.15003815094922196,0
0.020873157816841337,0.057258784820512505,1.8267426411831986,-1.209272666755792,0.6532968117535141,0
0.6559873984001385,-1.2139246007068427,0.10304490854873295,0.09375128644635176,0.6893125624067952,0
-0.8582940014649073,-0.4343361712345674,1.1968097054890918,1.4330178824520647,0.7183456882782375,0
0.1226360072595288,0.6907093685569592,0.36407323635972655,1.456797685280116,1.3749698682419058,0
-0.9996369175700676,-1.149951834382035,-0.14451079151672466,0.701008294200558,-0.03646190963869771,0
-1.7170558575275277,-1.4125644619930462,0.623798796793028,1.8532967344974056,0.420461735244289,1
1.2230773020074988,1.1492081950717523,1.4455566797819852,0.4087458439697389,-0.8596214794664796,1
-0.11462332577825456,-0.5221607244487962,-1.199297978013838,-1.7214249894029376,-0.8882113773299544,0
1.251742096251927,-0.44240411187095247,-1.1963999044853968,-1.2746682042073965,0.8198653428135496,0
-0.14731772693013,0.08200412906814321,-0.8089672957975429,-0.37355404225236577,-1.8042966230017201,0
-1.07664451047687,-0.057144984013863094,-0.7805290866122198,-0.5503646997923003,0.8422868693589884,0
-0.3975649470951701,-0.22314765145500504,-0.38610360927584325,0.5848810986101541,1.4257484353578311,0
1.4510572165333113,-0.9631665050016901,-0.5587017346163762,-1.3482094867752399,-0.41147746150380965,0
-2.020387489255037,0.03450695355138468,-0.6838710003180274,-0.788918205467596,0.3697285135636829,0
1.8259954537595773,-1.8197485595016993,-0.8402143250876167,0.027628830584263547,-0.11409051359468585,0
-0.14431231571978553,-0.5641501564777905,-0.22965913847476438,-0.11872148798826211,-1.2278212751772355,0
-0.9414437942054527,0.044186385830448406,1.4924707248558375,0.8334369109450955,0.2612817526010092,1
-0.7765274976433358,1.3698355905292583,1.0404665225485477,-0.05384582254448652,0.4343227071974498,0
-0.7590888862487489,-1.299421470478091,-1.047903511302362,0.3291002694175889,-1.7024201710561133,0
0.3264368067289674,-1.120150137786583,1.046451948878498,-0.7131125869333952,1.443112010039454,0
0.17400736349983112,-0.31157468370239116,0.15894771412536637,0.0016908083951827516,0.6884711420185817,0
-0.05081111320199213,1.0571110986233596,-1.9782759853639913,0.15704246388576648,1.0323043171063702,0
0.53125560355117,0.6713703182947321,1.1062744020229058,0.8450972100583986,0.24351219617721478,1
-1.0942181134227122,-0.26587205152865917,-0.4330549847185113,-0.16888068841840242,0.1474866293372889,0
-0.38038020299205766,-2.0976288322956225,-0.5239961259444793,-0.029662671937829083,-0.06445441862260162,0
-1.154991039602318,1.2236265032028302,-0.4877435242341239,0.6359641831235078,0.827408927726289,0
1.168295252811653,1.5288891587151796,0.1273595046932259,2.0017543009743055,-1.4863192627160262,0
-0.6849650329037289,-0.3386628196290925,-0.10939038839298702,0.6460641456150719,0.3834038617376669,0
0.2180666422266388,-1.7228376021151937,0.15614511195051228,-1.9581716965770404,1.2473796833199595,0
0.09886737766069463,0.06004751987680884,-1.307365951096283,-1.088452631189511,2.601904780017796,0
1.6467919905346449,0.4338771625969234,0.3267215034958964,-1.112910836159808,1.172411789277385,0
0.37463506500473176,-0.8048247977871847,0.01250987332505354,-0.2134899871567202,0.6920886113682949,1
0.6679725959347269,-0.35875482472980663,-0.8454742351219479,-0.36557510806980614,0.12659463567875703,0
-0.5020434521595797,0.8964714913267424,-1.1800794660463636,0.19917824708785778,0.8525550639734399,0
0.8488757711402453,0.20495535844293108,-0.7914943398193581,-0.5035650862900287,-1.4035215347763272,0
0.5161798780187984,-1.2531611743768432,-0.41334541070253183,-0.716637671136035,-0.8610210697714505,0
0.4468565608379288,0.5444239696129224,-3.1790378660333034,-0.5789436950329084,0.8675002718265015,1
1.84439451026449,1.4583759976075363,-0.7954128748036434,-0.10753607837742885,-1.6881541604937156,1
2.5936379928868822,1.044361200423274,0.06291352009087382,0.00605829502073433,1.0205639876444408,0
-1.791744114639545,0.11634969095092323,-0.8776919342624397,0.26554762925768405,0.8317656600758634,1
-0.06438532844097017,0.6237554514461044,0.12303877818379834,-0.5973530556874777,0.9905807546666101,1
0.08431859748194898,-0.3226498909545117,0.9328198636352635,0.9168331159971229,0.7216230635740437,0
-0.7731724921716755,-0.36744002114221175,0.6618834461823717,1.183441719092121,-0.09414248606229089,0
-0.013331604061587688,0.36767248914814177,-0.6792500608058899,2.109075507916971,0.7154258621973496,0
0.7529769279405443,1.5286408159250928,-0.6681416388569609,-0.8945428764424519,-1.3890699544878098,0
-0.4310832577401165,-0.7453744926878342,-1.5800068814956876,-1.9107213486395667,-0.7670365760801079,0
1.1421670918849425,-0.9544526709666469,0.799242096744128,0.7098157075701573,-0.34340425790905305,0
0.38858764262347234,1.8408251354013645,0.8147826438715366,0.2052563309305733,0.1464520202879417,1
-1.33031957526979,-0.4415356763062479,-0.2895864228877042,-0.12450397332536683,1.2411814422727818,0
-0.4038084185759719,0.570097124756053,-0.2772584214763309,1.1824327283303857,0.9280295800214974,1
-1.1040645332184151,0.1093442282810221,0.20207153528872843,0.27995737986759345,-0.7758657362672136,0
0.4196701261248736,-0.08746809796284734,-0.2270836252664593,0.3466651806248515,0.22561640295024343,0
-0.30411669409634123,0.25289497012520107,0.9220222494544589,0.7421046994138786,0.9481707666332668,0
3.0502539237578357,-0.4130647042215328,0.17886278560870822,0.33953454022370627,-0.9085657820350478,0
-0.3425346540843159,0.25010718162470236,0.8586718022131915,-0.7701439586455762,0.2898972365986683,0
-1.0873042579227328,0.02619857891492875,0.14848733329130873,1.0546185686795981,0.42693859753459806,0
-2.0779503636036005,-0.9534453899459713,-1.6102888633747323,1.5123108536602543,-0.3226255774354059,0
0.7500467480443767,0.2512851658642788,-1.416125422678411,0.9307725851088252,-0.7399357173427398,1
-2.06560629895881,1.1541708742762025,-0.6081309803374645,-0.7523995686873036,-0.6217674062248628,0
1.7715139348707434,-0.3492793077182352,-1.7134159721471782,0.7194967076459337,1.988517431165978,0
-0.05446044985025379,-0.948088809715982,-0.12392185284203844,-1.0195744549536725,-0.7849027930065143,0
1.39358802976166,-1.874740692723486,-1.1993998455711403,0.5674320979277042,0.6598153412083628,0
0.6599869406678108,-0.8459500475207502,0.09860772035401404,-1.4292293610891245,0.06305973822403838,0
-0.7025366254800617,-0.046571922467887536,-0.549246119463313,0.13202796492785493,0.8806522527235924,0
-0.15097933787976237,-0.5787893441229848,0.3660539848569957,1.0122068389451002,0.39245398789463065,0
-0.11988827596161117,-1.777466267466182,0.2262999119547919,0.2910619461578405,-0.6710859702589008,0
-0.19915122186279968,1.0772108411910737,1.371590904150828,1.3754121480944972,-0.36512124828194426,0
-0.6174165165184236,1.6168429794033348,2.101987143479243,-1.4798206830492604,-0.6953251540339399,1
0.36123223982053365,-0.45667910005152734,-0.6791775801243929,-0.06448522633408008,-1.6623163248326687,1
0.05348901226883296,-0.38833843193015927,-0.7596338502912905,0.11121340835812589,-1.2085400634393964,0
-0.8320078437162028,2.430462492246463,0.5679535786488163,0.0007130813169042122,-0.5345688612290981,0
-0.1157413840788341,0.9031158852707823,0.429348181949064,1.5823719747643223,0.7596003501244045,1
-0.5425979758881293,0.7713891384464485,-0.6588213320773103,0.5803926077403211,-0.50124548508953,0
1.0361450912590697,-0.6810774202155903,-0.33065592216787404,0.24072233160934361,-1.1364803596464572,0
-0.8413964811209588,-1.6757394228691427,0.7242070705031195,-1.4171021007170326,-0.19436056871174157,0
0.4666511200302751,-2.959979635060397,0.9480940178626699,-0.2960182421737491,0.21535236319792878,0
0.5789013190582288,0.7100044132054344,-0.3178104336193564,-0.2519766465825373,0.9965424534369107,1
-0.06698455565362303,1.670581068607868,0.9348220682344802,-0.07956507741329684,0.4781037193455927,1
-1.9208275874023821,-0.5181140783146114,0.8633873466213211,-0.16851167115357402,0.46983268207874024,0
-0.6778992580013609,-1.5128434308260763,0.442102404017631,-0.6749162172452962,1.0962217947683275,0
-1.2218189606757222,0.7497450003018781,0.9408562853340593,1.254354407139772,-0.773879487786022,0
-1.8766536294826321,0.2799288834471019,0.16089797711802603,0.4572656800279616,0.4296468954760483,0
-1.057605195913153,-0.9440785502272226,0.8285298664191364,-0.8094901513693344,1.28076253127687,0
0.9733254732950729,-0.336743475370802,-1.0972321997269046,0.3482001078588326,0.7673140004810317,0
-0.7955595980844786,-0.9152117991006513,-0.11186714507533588,-0.9861087319074096,-2.2397361820614243,0
-1.8530878445093695,-1.0856165418213086,1.8273674092200674,-0.5637050758281547,-0.3942485697943445,1
-0.20230699190434429,-0.7778946720337955,-1.1438382992513998,-0.18761957956498362,-0.9688194966515545,0
0.014335406779243066,-0.09302043093640754,1.402410155446261,0.9267685943021148,-0.919109376803171,0
0.5656753479345621,-1.719770476068277,-0.641250880804258,-0.09932265917717352,-0.16714970151031736,0
-0.2874977799832205,2.206961831256122,0.08418786357476682,-1.42230632208955,-0.060083226986204795,0
1.231851759086838,-0.6380850923173167,-0.915842464327158,0.02303423062183124,1.6912205979903743,0
-0.4832329780873596,0.32132505614235773,2.0875332573331415,-1.3174644987154056,-1.5088369481400374,0
1.787650621892205,-0.33106432548305115,2.3095878766931963,0.438492393370851,-1.3667566528569417,1
0.1873475499355654,-0.027934209361211007,-1.4335711021692157,0.6972402187976585,-0.7689503933804163,1
1.0864810733767136,-0.4636977816875264,-1.449991448721793,-0.4194601687015985,1.9868962205228966,0
0.6727004492888016,0.6735722711528759,1.0301673801285216,-0.1781792923014954,0.13022640412153125,1
-0.23003871720528207,-0.4884619669189247,-1.0031735961354127,-0.4373186685256481,-0.0019172406935355902,1
-0.26273251965553873,0.23523742791153499,-0.5298245003046571,-2.052216038719066,0.9271122900924781,0
0.2057286932492602,0.28099630844832163,0.20869463366611452,-2.095583284566862,0.3577987952222491,0
-0.7922448182591872,-0.9507401904431615,0.3885728177487542,-0.3025394481673775,0.7469510481702086,0
1.2570987407919574,-0.44464891989920574,1.6277968519454107,-0.28796414155318023,0.8295062469027947,0
0.7775362780651369,-1.1937044388927565,-0.3220283568396416,-1.4694952627152587,-0.5324307800025598,0
-0.20771533050265534,0.2719927896125896,-1.674477365334807,-0.12745929668536402,0.21916081466044904,0
-1.4326875711504439,1.6221089932155999,-1.0461466772541854,-0.7805669928907233,-0.4687706542588204,0
-0.7718589993967458,0.7175294335233992,-1.271834042555823,-0.1328768468257253,1.8370771242283916,0
1.2127782041187514,-0.3876994868975731,-0.9083976009885074,0.31517404724013487,0.5221780417436279,1
-0.6311200494382495,1.1516331214650137,-0.4870765893056021,1.5753954970578303,0.4417002161934912,1
1.0896470476842735,1.2101940760669343,0.7926290489061344,0.4536424702042616,0.5971909302876836,0
-0.22185694509975343,-1.0567554824320085,2.758091562969286,-0.22504534655658348,0.3664546745936917,1
1.0326290151038493,0.11219189196958089,-0.9165264471316095,0.479543835883682,0.5077694234406869,0
0.23195886629921741,0.910111226499542,1.9596643397092348,-1.0084491768695856,-0.509132760224998,0
0.7154582888850298,-0.1021954112966832,0.8834495275714295,0.26580545224806634,0.6235416031375534,0
1.361855257120981,0.9447600362926789,1.7298238023196333,-0.6792650056680993,-0.011606094410313515,0
-0.9354894042381527,0.8545901949816248,-0.6152271002448378,0.807622232905062,-0.020963773478851304,0
0.30857441274680536,0.6309433638260582,-0.42960179409028876,-0.42056009231029007,-0.3548317489328055,0
0.06893867640682626,-0.324542379867666,-0.24925891715657858,-0.12974194789366153,-0.002129688877385842,0
0.39881911074426357,1.2006630653284496,-0.3503486790716653,-0.9986852366365797,0.23105757894381385,0
1.7014702638738093,-0.2833593439695773,-0.41304732756319584,-0.7186786907910052,-0.5566549602713747,0
1.888830313401484,-0.4230261721756129,0.966771232725782,-0.32665206898183186,-2.3144860963216214,0
0.6217450725261169,0.8755542557344231,-1.0765443998577586,0.15152990245121187,0.09976768367290946,1
0.06580943749224168,-0.63934440059562,0.6971673622151962,1.0103275529990718,-0.8787362875792243,0
-1.3907486896271168,-1.0207076208129535,-0.1578102555041288,-1.2847897634241472,0.023228627514934905,0
0.7355998394010946,-1.8553507240118108,-2.8923615969836436,-0.7725781584223431,1.800339700315616,1
-0.24161382947781562,0.41912496737121013,-1.6514671319516991,-2.094231710335788,0.16501286479579486,0
0.04350677500368749,-0.2592002137625539,1.0141716353426016,-0.18868709680074397,-2.185103492106993,0
-0.802923234800576,1.3670159307282745,0.6340384984505002,0.5551260278510444,0.16507302882875305,0
1.530356013189152,0.4633214349296704,0.45341661778927195,0.18193779614176575,1.347230653655092,0
-2.7383377710782577,0.08565112579608304,-0.4746842443490349,-0.11418515500135788,0.009818861258246943,0
-2.0865191076594574,0.08451726966705457,0.6129910725402073,-0.10282620622751937,0.9680107273477638,0
0.4514986687667905,1.5559667052678972,-1.013031553227766,0.7186724445586901,0.7393450547951714,0
0.49334974111561997,1.5479050135549268,-0.6189414957101977,-2.094368685682677,-1.188889885985748,1
-0.39528149306625787,-1.300468324888382,-2.3189979221672585,-0.07792011686200455,-0.597359028175874,0
-0.1357268656376158,-1.473584917555172,-0.6018176929937152,-1.679839086128504,-0.49653089297519293,0
0.4051295683818102,-0.12754843294349452,-0.7483120170729469,0.7215355298138094,-0.19486935332644068,0
-0.32640733170952585,-0.8466633025454456,-0.6922501623442491,-0.9351464792112156,-0.13951713686393918,0
1.51519179301805,-0.8022471968179513,-0.8914525822502982,2.209800803717981,0.9420804929350282,0
0.8434955935102215,-0.07624291817924093,-0.03156363307487373,0.6902598474709026,1.4588438121879845,0
0.8333027337989659,1.4837639868394832,-0.3473404095248679,2.586627336293075,-1.1492824809160402,0
0.08672169412206916,1.387822756221447,-0.6183077807586436,-0.6452357191245924,-0.6066563502371525,1
-0.09622957091299424,-0.6729894783398792,0.5611269925309165,-1.3296323786326159,-0.7061097182779683,0
-0.3607026306252067,-0.7329325191291381,-1.026005509242106,-0.3914616524418174,0.055768805652429004,0
-0.45855045149668383,0.04979652875769753,-0.5749196348867136,-0.6962325665130429,1.1932600677580465,0
-0.4080856427121905,-2.3902636037253817,0.525833990781817,1.1244859408584018,1.6113886070239472,0
-1.1809739983937053,0.03200585987117851,-0.6103533224481501,0.6898661620996749,0.48487737260764957,0
0.28387690215238437,-2.2319229106539673,-0.04120413976162439,-0.5821704062345909,-1.5104535842428937,0
-0.8632334070121693,-0.3925232386899245,-0.013940818928494267,3.028537918557272,0.7216970298503526,0
-0.6837332894097861,-0.8693229242163253,-0.8331606380465515,-0.8572495714259469,0.836347517898771,0
0.6960047054958376,0.6736054668495075,-0.3749737372780135,-0.784303128256432,-0.22500610384641398,0
0.2669312426561395,-0.8886733196678257,0.6441543745759971,0.2861304843255604,2.764844058171285,0
-1.5046003223024729,0.3284069605547355,1.405380897573183,-0.5804384747758892,0.4174638009536501,0
1.595605261950732,1.1527911019237729,0.8037848990683394,-0.6745188425084467,-1.8695274676163998,0
0.2618414983173728,-2.307876452436326,0.21155255939036804,-0.41720043808519225,-0.21281123060622964,0
0.7448412706084054,0.9509143575056248,-0.7427151582554744,0.736475261321609,-0.8572448286840596,0
1.121690526971892,1.4105911372993951,-0.18026746470387162,0.7191564713576011,1.2204622355025696,1
0.140836316450078,0.5220254881500287,-0.8167519937553389,0.6966263006026897,-1.9816628667350806,0
0.05525715761192698,1.354969110567971,-1.3761710086481749,-1.461351860382587,0.19979680161593635,0
0.3737319683651877,1.301559442608144,-1.007799708930027,0.456216245785724,-0.632527445724808,1
-0.051726285518134574,-1.286034529649631,-0.3178874888475875,-0.9045773997574802,0.3576337823565143,0
-0.7077117713415387,1.4012861723566343,1.3092567635338839,0.08536093046401731,-0.7815269082170307,1
1.502300396993355,-0.04393864797907871,0.8241455898908258,0.14419956512734675,-1.4285143917778824,0
0.31631974382750144,1.4227677649282586,2.207272823084464,-0.8713689230161276,-0.28437234559286895,1
0.11602499020173103,0.0615066487298684,0.12431616547789115,0.8418334909412046,-0.16033327949850537,0
-0.3222520031173879,1.1796250100999592,0.14105473519980055,0.0561588670201756,-0.822734137426858,1
-1.1020009639537531,-0.2069694708805823,-0.040752795696733755,-0.8709818361552675,0.9665399625875615,0
1.9574066580950231,2.0214582282724156,0.27049864420721564,0.4121519380513637,0.9938525989623145,1
-0.2745724152661525,2.054335589722919,-1.090490859482958,-0.1899196873199442,-0.23704817285616403,1
0.10239137530412457,-1.54306088639072,-0.06961813079967263,0.8691251596322775,0.7641392819207538,0
1.9451580070472445,0.16863176932056126,1.6902488065288372,0.03500003697804185,2.340014429197501,1
0.010287183219402089,1.7556602465737232,0.22463905316781804,2.566496967095127,-0.02703655882783732,1
-0.7991411612102611,-0.43460202219028765,-0.9884690051057394,-1.168024035953158,0.5514619987045424,0
1.8692902175293706,-0.7082446476432075,-0.5029751435094144,0.8075671774667957,0.07558854159394147,0
1.1316435261824986,0.3340237220060585,0.0405116029996858,-1.3703040530416595,-0.483810315175604,0
-0.6982028123372059,-0.08251300295088772,0.13513189327063485,-0.8836627604854925,0.4999619024110518,0
0.8362948394423911,-0.028924072716744305,0.5500368362702989,0.29534288461174174,0.9397755508437006,0
0.7374717106143199,0.5140621025335335,0.3664746466986937,0.2745040808897238,0.18747502506694502,0
0.618892702918497,0.8546821279546085,0.8318247020349351,-1.7351724595202154,0.04191816349780897,0
-1.2338893093920615,-1.0585535490061335,-1.1334405713316866,-1.369848511141601,0.13624625678704724,0
-0.28625181612964834,-0.4119506863712635,0.4891172115941838,-1.543395383880912,-0.2791155335487305,0
-0.11089729057008262,2.2155107169421857,-0.5144652361934108,2.0097559247075067,1.5943761595327728,0
-0.7681418924627148,-0.3924041199971653,0.18989290547555376,-0.6154726145785863,-0.5516713404138962,0
0.608425805402141,0.16849223991997714,0.22834134527173533,-0.33803801984588205,-0.6133314324277381,0
1.3706764867611543,-1.4576525418244715,0.5727641271489117,-2.0564213418340227,-0.7663091060642157,0
1.8050710829496728,1.162088386902435,0.10980913330545139,-0.4587589326757712,-0.455802909269955,0
0.8692272501483232,-0.9626634321325355,0.36588864865529336,0.3273582151014867,0.434667189593673,0
0.6909831234572746,0.8158911012394855,0.10797651091778047,1.1307149031058705,1.856868386736753,0
0.8132379304526111,0.807520255035722,0.21669142424816337,-0.07173960126236946,-0.4520500578343398,0
1.8283406671438933,0.6528044883953334,-0.4462289088638607,-1.6830060231845445,0.461087848661534,1
-1.097289468749398,2.4084004954076197,0.8735537718600022,-0.49439780324487415,-0.3578178242944805,0
1.1252542912792272,-0.18462737608183902,-1.0817335274728246,-0.7081158330629783,-0.19424455155160425,0
0.6671353454023983,0.3128118712128632,-1.7807749522415204,-1.4414655030666705,0.22780824491735144,1
-0.47396154134544344,0.4318296138801962,-1.2661191004441805,-1.372329262060617,-1.1818515547496764,0
-1.4439536212523787,-1.0014942437434537,-1.1000793466567445,-0.9385208467521697,0.6758933354560829,0
-0.17923324166017562,0.40839365861551696,-0.8359300244653225,1.0706651449603422,-0.6548965119321232,0
-1.1329020173517703,-1.4170454724799768,0.06964365630935754,0.2648557820264415,-1.197932268513047,0
0.3752852675883996,0.2304937623487693,-2.643501148142259,0.22699326440183465,-1.4281343044910983,1
-0.5488434538308788,0.721249669587131,0.028987614109548848,-0.7854031387813222,-0.5040634277440953,0
-1.2634281511147993,1.0719890335829971,-1.7947996433441629,1.0736357927403042,-0.1565459095416221,0
0.27235600217529976,1.04241463989653,-1.9472530627677958,1.3252151369501615,-1.3156774039595043,0
0.9219822326264346,0.8635843358595758,1.2539310429761314,0.4193209924079163,0.7162858678225709,0
1.1777327786296894,0.5742917415166457,-0.038299663839320895,-0.6869288251314088,-0.2862919482755137,0
-0.6824603489766228,-1.1315802102479169,0.634004456147822,-0.7773017324449952,0.4647123456830222,0
0.522102268230904,-1.2275869326862474,0.43759201677890996,-0.1499577430833966,0.49665159054035724,1
-1.768282715071171,-2.062979286122815,-1.5373291100418651,0.855978586286017,-0.5375181887916788,0
0.24894556646121752,0.9823365487502562,-0.9763829746511271,-0.45348099652377616,-0.06643604118741571,0
0.500086641863684,1.2346223288933702,-0.19962610396185346,-0.28780431486847885,1.4487289961970808,1
1.1433676886629323,1.0508411086166698,-0.3775424960903713,0.8664278664187246,2.142458988981113,0
-0.48070424864474054,-0.35138903977768254,0.026621106814880353,0.0780631096220411,0.6103960181258778,0
-0.24001254874765537,-0.7949120720022744,0.1418328249967897,-0.12130137660267686,0.3147111057310151,1
1.8191987077428386,1.512800867729672,-0.8557077162111649,0.35661772390801394,0.2740056184548157,0
-1.1371060289972466,-0.7923134701880526,0.017834939740895863,-0.5643663861220559,-0.45351986085900864,0
-1.403478534946885,0.06841756422535109,1.1722646719244587,-0.1599004198701225,-0.38160960421053697,0
0.7525327094750184,-0.07593647345623412,0.6663363308853455,0.14563886031559306,-1.4447702036943082,0
-0.23628746873054693,-0.48821255036932404,-1.3222785782612152,-2.046547096030191,0.40370579517167965,0
0.16948108993254166,0.8573153671031482,0.3801527859586879,-0.520348238813454,-0.38454131105585837,0
2.016722573801772,-1.2940857317069188,0.4811946862066549,-0.8702983650237481,0.1472156731829744,0
0.5393551054734324,0.5950576111510724,1.264802561573711,0.12903937456510836,0.2726559525313824,0
-0.5223471966317691,-0.5052874534580453,-0.07222828303967568,0.2723252675191796,-0.004121230624630941,1
0.00954579173186672,-0.015335329477503422,0.5857293326247217,0.07173678049239532,-1.549423707792157,0
-1.1585553654452614,-1.118834088465571,-2.1547705322064608,0.8587704658263016,0.3128912867090725,0
0.7988344862359148,-0.33557361209865194,-1.1391222848765645,1.093523153343326,-0.845061123767697,0
0.08288858171337905,0.3036906456078014,0.01914451211965101,0.392762650848668,1.953192476635685,0
1.0252746957915881,-0.8912492489931295,0.033989912994731766,0.37802701168986447,-0.12884809927092772,0
-0.3786554815885148,1.5916697907797812,-1.0649174948401885,-0.5996380993426799,0.6928248691631878,0
1.1906373903563423,-1.540559498130107,0.23384241120463484,0.7187668176005982,1.0219168096809075,0
-0.6112608529065299,-0.07584193248591511,0.33472137944230107,0.633311183174291,-1.2208009489885676,0
-1.1846967769339796,1.0749219923646995,0.3231173702896485,0.05011478296968311,-1.283705364567154,0
-0.4189292798420314,-0.688998531813922,0.6951594372756505,0.04258269970272134,-1.2266978937970812,0
0.8117560226293957,0.4177946853404535,-0.6335733877739254,-0.3603782701552546,1.034931890123033,0
0.7730542693791664,-0.07843307754830689,-0.04403416734900854,-2.8621991876984167,0.6485546334501963,0
0.722333983550435,-0.8733297781774877,1.5019105554419374,-0.4734256046219055,1.3545579799889915,0
-0.6207288363043082,-0.7626938353797375,1.2176270453263367,-1.2648755674125138,-0.19210127622934794,0
0.8856215866183793,0.5941736262906402,-0.7778964083177561,1.6296614269098395,-2.6752089357637834,0
-0.3757045966843031,0.9417968750944168,-1.6479989200785823,1.3753104599803387,-1.500173789757344,1
0.5502965674114583,-0.67706937440947,0.33442644798647425,0.4884527948627061,1.0045345105782326,0
-0.8393338591739625,0.5668753915002153,-0.617570623820204,1.5833285472555592,-0.9044936777356742,0
0.13027832319893623,0.23842549384429235,-1.0178760606455364,-0.07877628928742152,0.04485877325527566,0
1.3079613069647258,0.5809132254035088,1.012625286894626,0.2227359420708149,-0.022317491628183292,0
-1.4877128653078266,0.06445626396392341,-0.6552043535178007,0.2690216587733501,0.44161776626131755,0
-1.121353221306732,-0.7315768246147419,1.1202782307880415,0.2691303789240619,0.917923788991852,0
-0.5878952887891252,0.6639218118554854,-0.47014485406773093,1.3787022363480632,-1.8680266045165461,0
1.8711871342678412,-0.45858933991072826,-1.5418859134498726,1.0856717311113586,0.11740908041342721,1
0.357299527046416,1.929456647707432,0.48876179692429456,0.7376610320292247,0.5751908981658445,0
1.6603813965947611,-0.004611296514465746,-0.010868246137867923,-0.9469421987274752,-1.7251639438086852,0
0.25597226539211115,-1.0658958610836087,-0.634621634822215,-1.2846431677833223,-0.4792769221858882,0
-1.1835149342023998,0.04966064658628095,-2.117992572747031,-0.7954772046261043,1.465852681315835,0
0.9666140674844526,-0.9495546181061431,1.333975181981097,0.636956280045959,1.5842506273180503,0
-0.9059405219420024,-0.5478590525408281,-0.041972571377350054,1.8713539891796158,-1.3238789473364978,0
-0.8809641854691913,0.39410723260343133,-0.9222847231034673,-0.6433411075585739,-0.29986885127124435,0
1.1483737385719197,0.6170548024106133,-0.2008002393843235,-1.0876459907167622,-0.5139798214619374,1
-0.6874289557277673,0.8536948698223574,0.09432720451169409,-0.32314682800235034,1.301265779468016,0
-0.3340061752889352,-1.9272855078690156,0.5257954937278049,-0.342371173819347,1.7985541119816246,0
1.3448617289905596,0.2498149416313649,0.24024733240956603,-1.6232959772707591,-1.2172352027846023,0
0.31357122649700403,0.24030543909836222,-0.7784550150911319,-0.6713577133390449,1.0337855675491472,0
-0.6708605627790689,-0.6780297610745764,1.8884667763022107,1.2741959495310204,0.7812568436986427,0
0.01253530961636048,-0.29041550469544425,-1.3890213005467982,1.4589561434772587,0.561114372392778,0
-0.13681792476308813,-1.7987982724992888,-0.06066052894610856,1.2839619987269615,1.2518080861359329,0
0.7594630069396366,0.1693850328087382,-0.03939856206645632,-0.6387459786163486,0.0901977449427478,0
-0.7011224605102849,-1.4664343655219632,1.0554702123341333,0.5222807393270461,1.3943394394493176,0
-1.270696630990852,1.2416988113657603,1.525358232534956,2.014773438164728,-1.4008951354955477,0
-0.7279037229078691,-1.5237825225222947,0.6641641578612739,0.1272499483394831,0.6799094039819408,0
-1.0629881062623212,0.6014713685443948,0.09759253534968677,0.6247498021015782,-0.1850544309101387,0
0.18632798965349345,1.0068098955973122,1.1487847592450717,1.4721495298256813,1.3582202537486263,0
0.3984197889590497,0.6273499130264335,-0.5164892927111878,-0.5115266963056246,-0.7068014714354238,0
0.006382268469947693,0.3171293067502393,-0.20781885813420153,-0.7076672272589526,-1.3834950472876202,0
-0.5233168965690556,-0.4792225002741127,0.0041656667211908225,0.9530486881335923,-1.8772292412587206,0
-1.1761587639821725,-0.015900423646364126,0.6448055965135121,-0.10970990067369708,-0.5998010912956325,0
-0.5399412397732908,0.07106556383886485,-0.05031944932662431,-0.4144086181588158,-1.7353368657394501,0
-1.2995128226660022,-1.008113785693048,0.19218817023322024,0.01774684179912898,-0.7306298299640862,0
-1.4691010781328162,-0.6730847031846491,-0.05717776176542519,1.633596994765595,-0.6188189861187571,0
-1.8223711192588192,-0.36131880034448094,-0.15092126016816002,-0.829915377391535,0.19587035889993507,0
-0.9568327045583365,0.06517162376219945,-0.6039651752248121,-0.15370632526832936,-0.3098662811454398,0
-1.0929442617073002,0.24958787845143712,0.8284645260671786,0.3355792503647019,0.7468262481953981,0
0.29396126412142337,1.315691067432204,-1.2260941188052632,1.1919261942277066,0.16610904093031584,1
0.04595031950517152,2.5596866143287786,-0.24358897209152966,-1.28450262464208,1.213633861857911,0
2.7753991936841453,2.064311285196554,1.9575159275798972,-0.9582560358314036,-0.28042861394761937,1
0.5331567689813741,1.1092227191344124,2.257867484253907,-0.18613913103816326,-0.18450709718885444,0
-1.6968066396682493,0.6129273221029379,-1.2765646211305897,0.19497696220526126,-0.8882938956784882,0
-0.5598763842336484,0.18484615337252627,-0.03894644324965281,-0.7508162920306741,0.05114887711349254,0
0.916992700618991,-0.34716091569993895,1.0323412760358237,0.43094345781050375,1.6007172619283956,1
-0.23771330123960038,-0.4608493016914943,-0.34433867768119275,-0.19701940538102522,0.2780340636483701,0
1.345785426266873,-0.7357111608093057,-0.17797517595916273,0.4169958778028162,1.4905477546255685,0
0.7878346421429708,-1.656537138423334,0.4380921716035845,-0.44224093762905137,-2.115982716294757,0
-1.0993105226723963,0.32788152927666087,0.4637689152596113,0.8273717023715148,0.7332675882320442,0
-0.3987570537608486,0.8101949211552041,-0.621649724522577,-0.9189308313891711,-0.8864823375431717,0
0.9281780328572252,0.6014236495950803,-2.4537285983864976,0.869680966025003,-0.12843842778221953,1
-0.02207544644811129,0.33557350148788,-1.0352797824244235,-1.1085588817467442,1.3166271279918558,0
0.5240611754743723,0.22696583001879442,-0.16229508994571115,-0.5879621457180755,-2.25156530503716,1
1.5543263195774506,-0.964013680128929,1.1499491441717782,1.710872657032551,0.6234709712203562,0
-0.18187796126627584,-1.5869126278026127,1.338984950459183,0.5227574646255696,1.77167642770112,0
0.14658642066137353,0.007155442486442303,-0.4105336834527789,0.597969995703627,-1.358573899323345,0
-1.6494259547299823,0.9517315663727063,-1.0793587355850596,-0.4273673680022719,-1.484397864505376,0
-0.2105631204520827,0.10912108196878553,-0.7795722377060835,-2.133720167376774,0.7231448332350714,0
1.4147758441834604,1.398207030738334,0.8438478344160399,2.5390248415110697,0.2482929382418024,1
1.5526763807965833,-1.1712551078082194,0.4208976145064322,-1.0119863243800247,-0.5181651079254013,0
1.2205659929284178,1.2025912590727312,1.1745575791275407,0.5246995227573388,1.4813163156724507,0
-0.07464658804640714,1.0176431227825642,0.5351088440242653,-0.3570125942340852,-0.058671130028832764,0
-0.49803341861458494,1.0513729657475064,0.163813708038224,0.40834350465415836,0.8367850391057668,0
0.7743254020556284,1.0879481775128683,-0.35182288128124123,-1.1220640911998723,-0.31164107242360894,0
0.20737604932396758,0.2581928725066291,1.3331238154248222,1.0123374853171943,0.35855754976079884,0
-0.6281695855514191,0.013552530682767818,-1.4420188921477408,0.7353133954048864,0.7775066341302838,1
0.18680796109647704,-0.7262156782773878,-1.0434790234597433,1.4879375833923902,-0.062144630957702604,0
-0.299269881255071,-0.5531255490274961,-0.9445765981348455,-0.7175262886425993,0.969847816539832,1
-0.007157078199165753,-0.29083647230782145,-1.026422504883728,1.3904171079444632,-1.1415828554074863,0
-0.2525650924471403,-0.3767087574710403,-0.8011085162068987,-1.250115515304619,0.8668682148971453,0
-0.9612193141049853,0.10088201871336282,-0.8852905488159442,-0.03346557314850044,0.5370651424212084,0
-0.6583564078668728,0.18952930537557777,0.9449042075815257,2.5560602595010913,-0.478643863405343,0
-0.11146804145854315,0.20591649587848665,1.3569025636972976,-0.22949416999667832,0.5132039754319834,0
1.3757980743661218,1.3634299750640302,0.05903587456018338,0.5436997802156666,1.6054233739122874,0
0.7376058589662352,0.005602538250320128,-0.6309658068462074,0.13808370192662275,-2.5663473307521745,0
1.08145174205748,0.7855963284099758,-0.09374838159754005,2.0779108159069652,1.33459988365984,0
-2.3580543647963363,-0.4849398423463746,-0.8849716477451545,-0.5468295594722352,-1.0110227450529747,1
0.7286711518730906,-0.5665299044824249,0.6625028895669908,-0.2750274979775408,-1.1874440242163906,0
-0.5244719831397341,-0.9390479857590205,-0.8790681988491571,0.31856430302296496,2.575579714359685,0
-1.6047478050715964,0.6787547929918628,0.7652248933376181,-1.2624725955346756,-0.8082627646331259,0
-1.0797127707190275,-0.4361024103229923,-0.623023473499048,0.1476604770522953,-1.0881893835120946,0
0.9652577391467199,-0.561428651403905,-1.1155340213591192,0.7906020487302038,0.4712206561069979,0
-1.024679972119959,2.202908872293078,1.198992279403236,-0.3260049691299193,0.27129029032526875,0
0.5006181026217242,-0.8761394951490983,0.10735187507437688,-1.7071703559683558,-1.8184822550806194,0
0.06254773071266408,-1.3959885923524245,-1.2137102174445555,-0.08018690760358872,1.070693649234432,0
0.5542413446805178,0.6483232793764557,1.2284153458907852,-1.5699969263657958,0.14710527032032097,0
-0.17393876862815746,-1.5206525487329405,-0.760696665352942,0.8736873541929714,2.683976060841772,0
0.5952984200518383,-1.2611777488099514,-0.10113858049328146,-0.032485502759240434,-0.6052834043858616,0
-1.845294453142831,0.4495350039237096,-2.483694134438924,-1.5234016287558152,0.36701302494011173,1
-0.03800692177379999,0.8504537342528623,2.010958520284257,-0.8851413584248883,0.7606881991161598,0
-0.8565733675917331,-0.17914539618403044,-1.126146729425882,0.7523884113351039,-0.3142956019920431,0
1.3066938210228085,0.06628684907881807,1.3421028689368026,-0.22092077922276204,-0.04304712045438312,1
-1.6687378607477252,-0.695809129161166,-1.8047316375277473,2.2657729019614883,-0.12876961766334263,1
0.6696557695212246,1.0740589584750724,0.656715081448901,0.4421925724336951,1.3984858891979035,0
-1.593764645648436,0.5721584332898577,0.5100463638483569,0.1265119493485912,1.1615419190501068,0
-0.461600555067066,0.7883964713276634,0.8523670668917872,-1.2259509852066357,-0.3065712650525425,0
0.6372717281394693,0.5155319479724068,-1.7814884265078652,0.5813604039629053,-0.7628262605416508,1
-0.3720319311518214,1.6262119095672092,-1.1028541953096225,-1.6101651630185818,0.12968878313478488,0
-2.0476028718956307,0.663349767709606,-0.13014305429225875,-0.08583186588883386,0.4160370759266059,0
-0.7431537067152062,0.515879607342689,-1.1760898441858074,-1.0798572664267188,0.09278177276115462,0
0.6813674103218931,1.1195347617826188,0.23090658924111251,-0.6574188346983401,0.22275764099398052,0
1.7533527557170743,0.929052385407908,-1.3262752851900195,-0.05191971696647831,-0.93837536504948,0
0.18130945842578436,0.9960201738310572,0.6083613807372857,1.4675976147361658,-2.0914343667677047,0
2.3095188230547707,-4.371150397974363,0.6501434085802145,-0.7450314241639163,1.5280077969075072,0
0.27744421000678443,0.31660013284672583,1.2229573014587858,0.9795171195216517,-0.7969369347195183,0
-0.2876470647077079,-1.7530445654867952,0.21333948575292794,-1.8835429837715236,0.6585613709927934,0
-0.9950530585023104,-1.1410979151998717,0.8499323780910075,0.497001737617568,0.00012668060122052072,0
1.4825633391715645,-0.2092103776532328,1.2006953715170958,1.0459250929128094,0.27182983062968447,0
-0.9251642573535998,-0.17608205988940065,-1.2241699554891203,0.2249378874307436,-0.5426079499690006,0
0.17080562062149576,-0.9646749771222657,-0.01123038498245851,0.20818372330202053,-1.2655458319169364,0
-0.062050129929656965,-0.24242490169535597,0.7512812961923309,1.6201224222794959,-1.1400881303301753,1
-1.0496915410745433,0.43025349849360256,-0.6425008058163555,0.4601123054864403,-0.45386215992152384,0
-0.7082357909268121,-0.7656283275120586,-0.8698262287593559,1.0351830903347339,0.7776788524061066,0
-0.08116404675008404,0.7576141689759525,0.4539471561441185,0.3837642885805391,1.4179113640067909,1
0.5472121534825543,-0.13237399979131043,-2.069204254033141,-0.9937734121787999,0.4012372494997998,1
-0.16184811098913154,0.6775245700476339,1.2271914036595808,-0.15814858257208106,0.2544711658259845,0
0.9383132284182878,-1.2782762957779574,-1.0292167532616396,0.5124928299869997,0.09281912456379089,0
-1.1123915924101764,-0.5492944224370819,0.6931688065150206,-1.4199505572924762,-0.3310520454736414,0
-1.3567933568382087,-0.9713597884095868,-1.002935324965344,1.0695654804290007,0.5845115901933107,0
-0.3092374497188218,-1.9692638349803826,-0.178982976378592,-1.1287256104458696,-0.16988399318965283,0
0.7193081463310494,-0.9991923586556029,-0.4843517416440988,0.9506971699942057,-1.976701249667879,0
1.2781662106599252,-0.7462347209640748,-0.18045185847866654,0.5329421198194982,0.01611120224633352,0
0.5731352974444578,-0.39439759859194345,0.2075261696594515,-0.9910072249257317,1.2937684342410103,1
-1.4016285024279402,2.782632360723338,-0.9790252759284859,0.8081953978026964,-1.6025615542705345,0
-0.22795156756811472,0.9776417073298301,-0.6701639870787371,-0.8469836993649886,-0.940517604288947,0
-0.013895127671247861,1.0527750395783417,0.8264183507546414,-0.5764449785382381,1.2764632403863094,0
-0.6448313977141782,-1.3723392404587238,1.408062636726571,1.2979161785523445,-0.5467323083274744,1
-0.242524533773982,-0.3062031338454073,-0.7206220159096302,0.1925782601931769,1.4223989842664946,0
0.8850677318363765,0.39654808796681684,2.6982148991990025,0.37322173537949316,-0.19665363027807367,1
-0.053185015084250074,1.1145059663298365,1.2111390522334509,0.5819654400385119,-0.03619992181629247,0
0.7972706692594972,0.6356050107182056,0.6169753982933514,-0.4138583976004412,1.5016944798863479,0
0.04049153886720646,0.675560947242294,0.3346497746921873,-1.917406831647265,-0.2466504950965546,0
2.8813178506440815,-0.8878655187976984,-1.0113225924650735,1.2063457790638736,-0.941619448461853,0
-0.43536678326154776,1.4464869196917287,0.6169617475235131,-0.16129373336987546,-0.7964969008746395,0
0.4181074098433202,-1.4522897981298917,-0.14379365533614485,0.7226592208445439,-1.2662025576266898,0
-0.35214845011695145,0.9593846179837953,-1.079406003630957,-0.33450511384986237,0.36155250565904573,1
-1.1661991274574017,-0.8599104853889669,0.6838229769061417,1.5053736972964191,0.417992337340536,0
-1.0666258718721657,-0.6183496749220762,1.6312430837156202,1.5776136577102227,2.066025164596198,1
0.024539204822475524,0.15893302094184647,-1.4743490027847153,0.37683828754921544,0.5301662826261925,0
1.4809717201329224,-1.9962488317682698,0.0067507644032985155,-1.8682835499207855,2.0099039715143894,1
1.1749563465705604,2.687215231383183,-1.2600736324315953,1.0482738027487215,-1.4907237310340968,0
-0.14304886778424467,0.2124377381412765,0.07360378441643901,1.920390201014603,-1.4113935487210467,0
-1.2332273354592642,0.6919773012777096,-0.32502482798952625,1.1868959860816441,0.1294651257933266,0
-1.7236691291709645,0.07239348584942028,1.3002923964924198,1.9164045249618717,0.6523387866169982,1
0.5716372871207814,0.8312600783335553,1.5066981943397328,-0.8848349506630924,0.1146690216109936,0
-0.24946670568494073,0.5436979478553445,-0.34725762704577506,-0.03322673011808012,1.68078970193124,0
-0.8704865256144477,-1.5006203890399834,-0.6921829210171229,-3.276729586412977,0.21713415313569456,0
-0.7708803752780782,-0.9614072319543697,1.1808198241287629,0.7659790558555069,0.23400989207709977,0
0.06226872285603909,-0.8966443543847152,0.49179447079862304,-0.8401885445862249,1.7580206513526992,0
1.0974437056245216,-1.272740725332086,-0.37311933071796277,-1.337097785928886,2.542043081143765,0
-0.9912842392608432,-0.4435989816360623,-0.027228404689529914,-0.6188901787629207,0.0757460763401681,0
-0.9291465605517285,0.7343328689753049,-0.13085083050689555,-0.24922402100491567,0.6026397080941145,0
2.015405960657764,1.1104330302602543,0.7214764557352216,1.5425670777157792,-1.4647877889958416,1
-0.09421435895808492,0.8138776632351663,2.2879864462110455,0.5075545442155506,0.744525479697399,1
-2.0990405584679857,-0.10303819060928604,-1.4453343151254348,-1.990646742645857,-0.8293357383714517,0
-0.41588486912209793,0.4414572688476483,0.561536104710825,-0.8229120607358151,0.3103703944505027,1
-0.09937200107956004,1.8193535663984175,0.8143155562352086,-1.8489775312990213,0.6333907913818998,1
0.8162549355831596,-0.005257003531876879,-1.2584491910238778,0.49709009635286355,-0.3913092890634755,0
-3.1860431509062157,0.20743582366603638,0.46226170830112495,-0.6951168694931693,-0.18468061803039282,0
0.5866953606422393,0.3653139758267001,-0.6730326348947294,-0.2042686948682155,0.48035466903330537,1
-0.18239551103625876,0.5577626888869534,0.6833126473476027,1.4786720985188924,0.7288295147540047,1
-0.6716309396244222,-0.1596950767961976,1.1951881762125847,0.2368762994311481,0.18777393202923334,0
-0.8282393747194073,-0.7507225013160693,-1.2922239173373091,-2.1805459074333418,1.505182579130581,0
1.1657604509170896,-1.3703128448373785,0.8962716319238586,0.9202573115234995,-0.32527868479027766,0
0.5296692389821941,-0.31682122889837744,-0.23894262480916106,-0.4763198286889388,0.4356941094590369,0
-1.3240887096574412,2.7528467154683915,0.21741367875865492,-0.68850348718478,-0.20873240493258333,0
2.151966983075302,0.18236604663787864,0.4203303036988636,0.23072688196215946,0.6165004318630335,0
-0.5542571824264875,-1.563782014877896,0.4760853943892192,0.7298729360810084,-1.0662943500519924,0
-0.15779844364832135,0.5773278063197659,-0.8977424283782469,0.6237288252904422,-0.12133744909390015,0
0.717946935029282,-0.022258945224474566,-2.3979057570856925,0.3778409592534067,-2.2030233130369985,1
0.6393419731878487,-0.8181330238269189,1.0234880531387045,-0.20963683248477574,-0.08148200090184168,0
2.6601923186905023,-1.7884621229826174,-0.9476462104347585,0.5917747346951081,0.8305536501692133,0
-0.9739246609802217,-1.4111262285110566,-1.0570246578239835,0.22004935419062288,-0.3448808767613443,0
0.1348659852032636,0.7906523765415953,-0.6887934442754876,-0.36781470786585563,0.6050141293586325,0
0.6052008279533405,1.3549129592170022,1.6606059827510742,-0.8945057276940561,-0.25583417218119836,0
-0.45321772802221555,1.3493753907131736,-0.3804045891723785,-0.8433867468838092,-0.7939417341718732,0
-0.9067379007430163,-0.41589161259422264,0.5553702995485339,-0.39619875665529786,-0.25294473199548567,0
0.7090530864157286,-0.7667262659198982,0.8609791997693366,0.50414085968138,0.09226021772163877,1
1.700685183409652,-0.4741650670656374,-0.22766556436435526,0.03617065039760524,-0.6121108846495065,1
2.0396398590367455,0.3486723791271437,-1.1945960475242412,-0.4937399104504866,-1.1345552945084776,0
1.7516819318858259,0.11735638401508659,-0.051075537443285836,-0.495569242460296,-0.4679280179586552,0
1.048338627328023,0.8446851251576912,0.946107521922999,0.41926010176120515,-1.0015410128052618,1
-0.47711995787770867,1.153491283932962,0.3014678108791862,-0.4937486078353316,-0.6662895144422091,0
1.3627506211448563,0.8536228909962821,-0.0027672329120574275,1.6215566549297367,0.8820168442544494,1
-0.26338832859940897,1.0813573348378134,-2.1551359829821384,1.2175609325402847,0.24769433452356532,1
-2.0146416967055885,-0.4607744790658229,-1.6694531733866176,1.8041139670742152,-1.2514655292694568,0
-0.2881560532002808,0.705707767559167,-2.3508992745456228,-2.460732370833255,2.459189345752295,1
-1.2421514576624602,0.5005390365997563,-1.007930764397449,1.0222246990332793,-0.09521769499247013,0
0.44619723783308485,-1.4294443766653517,-1.5735936493350586,2.285145394598061,-1.484066005007165,0
1.4933876017310515,-1.1898242528709093,0.8168992338332637,0.9904915878968726,1.372109943302976,0
-0.3108233931915391,-0.3528057674249053,1.4095376484624917,1.0934980763922186,-0.2820048007100257,0
0.2453505729598571,-2.221174739965431,-0.1330938936645209,1.246977148716632,-0.9669550061044477,0
0.0003366341388667644,-2.2384760079575616,-0.27948852266773044,1.0350857021460567,1.6077344960720155,0
0.05142014748905147,-1.8303549913868984,-1.5829232797542374,0.31461913894320853,-0.11543203168658028,0
-1.5349702791079787,1.250600909995752,1.712184392680744,-0.14633008060152225,0.9034987385517123,0
-0.47566824307957967,0.8968579102246699,1.3742433643348329,-0.38207476675744423,-0.07552850639540308,0
-0.700723322718801,-0.22512184329052262,-0.29960944619585683,1.8231515286667062,1.6412629225628663,0
2.6787681188208916,0.7733590425895115,-0.9267345828812922,0.10261372790890808,-0.12227811027854969,1
-1.6368949591688862,1.332351233350092,-3.317181059485765,-0.9141036190260947,0.7846770766722335,1
0.9274824906058583,0.2930034271952328,0.02167579503001407,0.9228317012318557,-0.08431017485060792,0
0.024358984540525947,-0.07341593761961634,-1.0108913069065804,-1.6883175839313713,0.22174160384420744,0
-0.24469020079210782,1.1781839903511846,1.0099587455225272,1.0054457699739023,-1.1747841234553669,1
-1.4502665987088603,-1.540317309348147,1.1386638871663488,-0.5453543184812016,0.6665970131953582,1
-0.3060323953020387,0.22713495847836324,1.4830965391593354,0.8585504583772351,0.24799576596902204,1
0.7853142281439758,0.45971302118044555,-0.5315468406081034,-2.124081679300792,2.5955088730473475,1
1.3877316118554925,-1.0294866504069822,0.9578520331111405,1.5667153642369251,0.7467476219749718,0
0.1321948892895642,1.2086276513093928,1.1331603893281503,1.4847137283267757,0.4158939862241198,1
1.1998529516528755,-0.674689226539968,0.4110195667398925,-0.9819939179419036,-0.7844785495820893,0
-0.7823683335546059,0.8971880640514143,0.8432364415345206,-0.7129820191236284,-2.466098457037125,0
1.629502681431321,0.710871451356306,-0.6986189526634423,2.081496712907898,0.23166473024727033,1
0.1805940950057944,1.385195592657797,0.47698788986230783,-1.0779639323405086,-1.2735331276967103,0
-0.19658097738421867,-0.9927185765135299,0.4523660695520409,1.1168683874923115,0.2997064365306229,0
0.8358063927046707,0.9559048302432478,-2.501301255011223,-0.1884969673853398,0.5625017450855332,1
1.119181192650022,0.1661374804304036,-1.6648162711102208,0.41548931775366266,0.34834786431644066,1
-0.17642612964729246,-0.7467241815759983,-1.2787488104894986,0.2987283632187946,-0.9999934353343262,0
0.13118030806299696,-0.6538533163702512,-1.3228873429932573,-0.07245123947262527,0.8160301060364049,0
0.11473303786878261,0.35258607074542964,-0.6408443557724653,1.4104304614588083,1.6130922057927357,0
-1.460986545261504,-0.6783262430431105,-0.03110539459728594,0.6810266713249242,1.8690779658005876,0
0.8168911443503961,0.7731943703158483,-0.10429739918922941,-0.9970949247005264,-0.7338214907319299,1
-0.47580767773026383,-0.44022534764919113,-0.3708610155713049,-1.7118305904967763,-0.5434524751609444,0
0.8975582763441338,0.9565728198269449,0.06247347887977221,-2.322220273240342,1.4355689950042145,0
-2.3740398717518163,0.9446083909849123,0.816123518932124,-0.6135667022788891,-0.19178022080086443,0
0.5724760935772774,-0.785564069436983,0.06430110576097967,0.24751930941465086,0.5058647102803054,0
0.6015549956402114,-0.06061452584445785,1.0958246130218738,-2.5208556119368066,0.4697587271549134,0
1.3910269939936974,0.4514176266994782,-0.5784558714549148,-0.5590350217099818,-0.7031269192585262,0
-0.982011327261205,-1.2808881751846743,-1.0229181533585805,-0.1187590355680237,1.8550820855681667,0
1.4541729776564907,0.48665910899881976,1.020556581352244,-0.3258556151816668,1.1800713742128515,0
-0.014575613758313857,-0.004790677713455889,0.5029316143777639,-0.2528523326451926,-0.35034170756845173,0
0.006606685613329082,-0.621279144960502,-0.2553147369819313,-0.13764767814058707,-0.5121718327650986,0
-0.41252305402521416,-0.418337770374663,-1.8872808732096873,-0.012610999443596019,-0.4293273459384814,0
-0.9969312724385296,0.1630493234841917,-0.5956383346885702,1.1398774936648575,0.1236473043651685,0
-1.2020045118030847,0.06219391254024898,-0.505427569905854,2.1630091692601443,1.0709141584906023,0
-0.24364581599128574,0.833067487499395,2.243585156108051,1.3307137729235987,0.4962294808798771,0
0.5856993240206496,-0.059205130188597375,0.7212320217876689,1.3158174678808379,-0.7439812005611243,0
2.296404352289466,-0.27493375752231125,0.4343132576841918,-1.2925009601541289,0.6889742933621116,0
2.0433151010609136,-0.8109182057061654,-0.07094616010384587,0.48523877360521334,-0.7427550841165175,0
-0.027049101365313466,0.049356211913340685,-0.17163786974492834,0.3258310197658236,0.5046054972432412,0
-1.9398698897398816,1.8591011754717348,1.0880940208967427,0.9950654545876653,-0.16929304292924185,0
-0.2478884422016893,-1.1658011905975256,0.7044949683732237,0.8990450987163543,-0.17638570410538643,1
-1.432665600819034,-0.16771718890395657,-0.43904964854497625,0.20782402208637143,0.8948379763092176,1
-0.5643797419108024,0.2289316877482779,1.2510466652559746,-0.19000852289452244,0.04183791864488885,0
-0.053058544694584556,-0.2993505190774197,-0.2109903302825385,0.6109867797577506,0.27611224228520703,0
-0.4810383996046156,-1.223644180704308,-0.04162502503931357,1.2525983622619357,-0.7452507110938456,0
-0.7833733105203624,-1.5160820187594204,-0.82913079401701,-1.0168994225940915,-2.5025396218957585,0
0.29406903698453096,0.7033137061155782,-0.3748330272583076,-1.3654947107642885,0.6455348710092497,0
-0.39923841951144445,0.6440009148113205,0.2845762920908007,1.0355300160157392,0.45989983893083186,1
0.8753727848067729,-0.9032005509259393,-2.130555589090981,0.895326111825106,0.7306514021309445,1
0.822167082294642,-0.957854885445163,-1.766570670644136,-0.4027961251034011,0.9197485439912855,0
1.102570935865294,-0.2990043854956842,0.3186782618591977,0.28122213437736415,0.9812276998684064,0
-0.5180500974992236,0.11289207016265589,1.1019969315060787,1.37654390774164,-1.0092416001619018,1
0.8744433257042615,1.145738638461354,0.7025957553892475,1.2781497345798152,-0.147503449090395,0
-0.14301827822653038,2.356356238969961,1.553855967255924,0.041544590886436084,1.0211174379152106,1
-0.1432184674443577,-0.03385890457932843,1.0733655533311692,0.6004912327731616,-0.46747822744755746,0
0.34167909274459,0.1373257739564432,0.2815363732252721,0.8047470857807361,0.05519630867029039,0
0.37726032066231757,0.12476260762801672,-0.3215717858366877,-0.1380188522812046,-1.8990155426643378,0
0.8523002643451056,-0.31962990666822344,0.5909892203890641,-0.3172851037578561,1.0082086079796573,0
-0.11775252320929831,-0.6417876705366626,-1.1343380437778083,0.7626590591827296,1.5545242937939727,0
-0.9158833272970603,0.3137517749257732,-0.2806351041123203,0.10985985463397957,-1.2001985832681612,1
-1.4038301506973625,-0.012190683590976218,0.18635050052234128,0.0013726539879129439,-1.296337919670752,1
-0.21869609834365492,1.0496023381190362,0.9847597572909114,0.8132596440628356,-0.39430199660089166,1
0.09765225518985285,-1.4680748710509208,-0.46955810848160856,0.5603163400190747,-1.42473181113439,0
-1.0815765099739358,0.23243982500726212,0.12921515903358718,1.1286923630465389,-0.6519717613320926,0
0.03568190777052784,0.6853651504834605,-0.6915906709566472,-0.5417738322398639,-0.255300505303392,0
-0.18835212783163596,0.5762965784137996,-0.6430293677394978,-0.19996651836978915,-0.3538742100339064,0
0.25187645828979305,0.5873217756892243,-1.0726124652117792,-0.018672016799012498,0.8458248567481346,0
1.359655838681699,1.3572393973359411,-1.3284954258540913,0.24217306120626525,-1.0875092564835651,0
0.5616152346300962,-1.6990239765390298,1.0503610566740973,-1.414814720525568,-1.0599545002350301,0
1.4181925321073814,0.9031125958521596,1.3637516740211213,0.18578659411401777,1.5431034525178238,0
-0.9633294590296502,-0.39094133730936576,-0.00831282635154469,-3.086238060514867,-0.825972304330302,0
1.256072702723034,-0.4648478852800527,1.0914468084009812,0.6555840313330366,-0.08979211669706094,0
-1.1338237505034154,0.021446560807594776,0.07611823502913091,0.3189407702558649,-0.33928641338105436,0
1.0143538551617368,-0.9188626560681069,1.4516349304272649,1.2257663870194158,-1.746924515692222,0
-1.2392158052574385,1.6091589632356076,0.453780867881928,1.5437696927374536,-0.16559867246300206,0
-0.5584491218968568,-0.04881530102882523,0.4648159564409842,0.44146413780374155,0.5421717417501434,0
1.3277528475452267,-0.11231852479999661,-0.6168822319712441,-1.9118070673499599,0.6376083961145833,0
0.4928649385238279,0.21837184267638343,0.6590775986220437,-0.9319055974865217,-1.092988634063844,0
-1.233818957838055,-1.3433888233661517,-0.12431945693913243,2.5692922451965874,-0.136430597962371,0
0.6134034972394165,0.721759232421462,1.9394817406252243,0.32788299538974774,0.28440640768159603,1
0.10982802803742107,-0.029917990384333622,-1.0283806869473882,-0.6494537159554974,0.29824304674143354,0
-0.10777487409409751,1.3371192096069315,-1.2948270978926424,2.5909099745129986,-1.2633879739661842,0
-0.2547545284598139,0.6186149629283473,0.5086476332716398,-0.34953859804555115,1.2817347353185495,0
-0.17547139716692628,1.5473111067079535,2.2172309926381795,-0.39193230405422397,-0.20384663929526933,1
0.5290231716708441,0.8703814074376526,0.40605586773158103,2.0396571783566793,-0.471388758198437,0
1.1670335210416978,0.9787380675033274,1.160195949965681,0.12311542733579761,-0.7666426339028282,0
-0.030560555052722285,-0.25620420421409396,0.16285309262705486,2.3599100096957573,-1.4113215356247018,0
-0.43480576860263137,-0.9191319314042968,-0.3783197907491583,-0.7013774232704149,-0.4598790043856165,0
-0.5759815101649766,-1.2769545285579456,-0.845902549158366,-2.2385673300725757,1.077616518485346,1
-1.652514480876643,-0.23821003499206828,0.2584667473792307,-0.17122221086989853,1.1254473256318047,0
1.7519330851562216,-0.7221934550914879,0.5867825360030802,-1.1607148557137965,-1.2811506321224346,0
0.8842679688316527,-1.9916529398535745,-1.2826030994504969,0.4009367307813767,0.1264058401423776,0
-2.317980286013982,-0.17601489684125887,-1.958089625009284,-0.7605755792164007,-2.111214104947652,0
-0.982355145893788,0.8305150681150182,0.48184650778183824,-0.028836024241847485,0.03843370753361123,0
0.3399636755403224,0.7880279236964585,-0.45315929289523105,-0.515715168576258,-0.38219171996141416,0
-0.020692167174867996,-1.1708555751934926,-0.5893943699433843,-1.0786300190558973,-0.5223446895568885,0
-0.5722298988893115,-0.4140794918761891,-0.8296499980987337,-0.7709644458820044,-1.852034955218378,0
-0.2090190373705669,-0.4576977434449173,1.00698377388672,-0.24877114986071314,-0.14809779488739555,0
1.224850351389499,-0.6673498884400009,0.42222240372895303,0.9646599238579606,-0.3194700824255802,0
0.060110743052818966,1.4147275007671969,-0.36307583493447054,-0.3168158920242482,-0.0924614832464118,0
0.36776743359808606,-1.0647693262831937,0.1561203755344481,-0.6652479267748652,0.42036071118063983,0
-0.8597277423823917,0.8313256944336489,1.138903248453683,-2.0003538547524506,0.854825323603294,0
-1.2892350081172075,1.0846634603438163,0.47923837956904164,0.7397958491407982,-0.6692511261540943,0
2.2445654513593776,0.14090930717359662,1.3583079566019198,-0.6353332815043928,-1.289081921140173,1
-0.13738731034327883,0.6263614569302952,0.7876719156613304,0.06755191057231114,1.5123544260840356,0
-0.4046074044910903,0.6266167447572095,-0.7357271691936251,-0.0807601295589396,-0.9790925444434256,0
0.32487165741555113,1.6329116908062098,-0.1219571251752828,-0.19112797299185558,-0.14486438010844158,1
-0.37005517573479285,-1.5485284837572353,2.7219220776691193,1.930098474703606,0.28600728778208967,1
0.11245375206530779,0.470207850355971,-0.805560248227362,0.37863642116298707,-1.1507818799747995,0
0.9450076541336971,-0.3072944785279724,0.7422571495544333,-0.3890054693821712,0.03440803594731586,0
-1.83264650996195,-1.5416172804905024,-0.8978046120257956,-0.28467136147972943,-0.20093464373300968,0
-1.0322126881318632,0.7952731803124385,0.9823541894964049,0.17585159340430326,-0.17840836170158397,1
-0.23242789722734225,0.5278136316711783,-0.28573955782689936,0.68937399935172,2.98218690202685,0
-1.562053629857065,0.21052133797253697,-0.65154018519112,-0.34213845550118643,0.21139102668664675,0
0.8197367656453367,1.862920759984107,-0.030260592032168333,-0.4039519320429773,0.6011295658091966,1
0.9077604779424988,-0.038727029883466595,-1.734448508245036,0.5617119681298105,1.8395450195515695,1
-0.09754662468939228,0.26732481440800043,-1.5664523077327808,-0.03705028078949006,-0.3655027034805509,0
-1.6258983833392873,1.2935782344246545,-0.05557097871563747,-0.21565755639634246,1.3035567613313181,0
-0.06235178455001468,0.835551778416486,-1.8856785247747712,-0.8000266119919109,0.33868569153874584,1
0.347010661363276,-0.8703749727638904,0.22973919347142427,-0.156150872523427,-1.2371450800975083,0
0.11666803658253189,-0.2777483657024977,0.40013937183827825,0.2100865012950456,0.8827535503983613,0
2.705078531076137,1.095097608356672,0.3472505942716615,1.7773603392847737,-0.28460434385134314,1
-1.1667686762808454,-1.045949478264506,0.34336641791052214,1.0705212207509016,-1.4355169227674458,0
0.18148491017073565,0.8279939567043916,0.1493475709504315,0.5391756740018621,0.11469983790508993,0
-0.6776680905715509,2.094559066702073,0.05382542509100775,-0.7406935925128358,1.971607778009138,0
-1.1872803287613174,1.3190952969618754,-1.1561083502474716,-0.7543824582764623,-0.3720013315465766,0
0.7620720181183984,0.28765453054673384,-0.6479019366005163,-0.17598783438006432,-2.1022250094505206,0
-2.0089708182047743,0.04565523462528644,-0.11016922505658772,0.1041532677690642,0.8299239679895328,0
-0.5279629455565753,0.38908879309173244,-0.375224630834774,-0.9806873230462293,2.0504594253526234,0
0.8686807304002557,-1.2650242101291989,-0.12115533239165772,1.0521446826906766,1.2371850095532477,1
0.14669867185796873,1.2004028980620953,-1.0074760770788445,-1.0821981023587444,0.7411134418125996,1
-0.7808903495256,1.2750679704772854,-1.5911796032362469,-0.650993188079064,-0.006344810515165974,0
-0.3275451335629902,-0.09343933381732981,1.8631800079779115,-1.339482779749552,-0.8780772489930283,0
-0.696044547149568,-0.6513505109518916,0.4802118798841638,1.1420926409921917,1.0296976159273818,0
1.61472406214234,0.3627049411754308,-0.823808958752101,0.9241121755002322,-0.8905587123880273,1
-0.8320590515562272,1.1042381454112877,1.6571698571629208,-0.33321712367928985,0.27094721964276886,0
1.7640653394871668,0.017709290740856278,-0.09672156175061798,-0.47375654256313254,0.397415447251393,0
-1.2135138277322015,-0.35618662916551863,-0.8712966509243512,0.03858477528115596,-0.22874593312157848,0
-0.2530156245997803,-1.8579180255680936,-0.15261821423704014,0.6305977597473291,1.413827584478037,0
-1.307344874014526,-1.7259876727236128,0.6778397404568232,-0.4468577038561425,-0.9973941614295408,0
0.6360396615980917,0.10884809827480517,0.4991810940297898,0.4907048384313108,-0.13441200939380546,0
0.3464115224498794,-1.9483616758337952,-0.2925128595104879,0.01003645640230175,-0.2174153066554629,0
-0.14852469145724675,-0.6112563019571874,-0.14164491883563485,-0.044960924743405455,-0.18884742228811174,1
-1.4091252383216466,0.3650654604349469,1.2327095884761572,-1.399965290127017,-0.6111661445863875,0
1.5475523965183164,0.3166248526031587,-0.11486183205756048,-0.43375526454688346,0.4590797670639863,0
0.7765771687760253,2.064615539165916,0.7218220768625635,0.3018575059521064,-0.08762669930863427,1
-0.8853769364335541,0.11795761832998329,1.1191360744835557,0.5702445170012357,1.3117068772920102,0
0.45840634187058943,0.9808717565847206,-1.440957053047303,-0.4839675920918257,0.6946486429861016,0
2.1172779100812384,-0.2675976199084844,0.3435136381299997,-1.339135882596497,-0.0013974165608583425,0
1.616805487550235,0.7618654972856738,0.07663428856384949,0.7444043646838797,0.6186578953335924,1
0.3582049038972652,0.9441853576769987,1.0138811388200135,-0.6769970154383362,0.12207364622460522,0
-1.4108981109052805,-0.9997038418815966,-0.19781897730825096,-0.4964453619786157,-0.4382148017239106,0
-0.08665814058597388,2.457105922214835,-0.9118422265711683,-1.2461441924089671,0.5785638005024942,0
0.8730632930277841,-0.004537047134529816,0.5865763167834877,2.1980312911278026,-0.7765248068339334,0
0.09515468537645624,-0.41477914694703494,0.9719497696249608,0.22770284466036492,0.740507888487362,0
-0.006709988284663321,0.37080271841983214,-1.8850920443924888,1.1011703211569759,-0.0700770388203124,1
-0.20318161378587274,-0.9965598033328901,0.1934200355539679,1.0810438075753255,-0.8723297113074842,0
1.6423175868774786,0.9300037189220525,-0.2322941867769714,-0.3286681501857847,1.17708396053166,0
1.0490956331179673,0.9811500680273513,-1.1745822509810886,0.02014419598343324,0.8604210941925484,0
-2.2571633231959254,0.819680716755798,-0.48565697356522725,-0.3938214872421062,-0.20375333744220142,0
-0.6662499640978533,2.198720188152442,0.7876248620627819,1.024150863875817,1.8066058087035104,0
-0.8791041338894576,0.8991662159278182,1.1853870322557403,-0.3755762584866311,-0.880710070178454,0
-0.16302966850878126,0.2479012203665663,-1.1564422833460217,0.8750790698039886,-0.35327396524952137,0
-0.025909166781744663,0.07990059106207932,-1.3285978252392763,-1.618065191459972,2.080551059499378,1
-0.1022255597766106,0.8272888351412387,-0.30900281775492755,1.6456170946292077,0.40179036708895094,0
2.35365079767272,-0.3983209175823522,1.0183569126984582,1.6876357256781536,-2.0056641686778955,0
-0.6949445535557738,0.7880017652603313,1.2575977424751152,-1.4929193815388966,-0.1960731590110449,0
-0.5876895004087231,1.1629406599708432,0.30266566600290723,-2.120261827360768,0.784207105960454,0
0.5445565033515366,0.27126653516836835,1.6439379975832562,0.6110421419856665,0.07384016715252927,1
-1.047610812686884,-0.4015911175454749,-0.9006383353676654,-0.31968319868458034,1.6217267473557804,0
-0.09399705165859096,0.7983901073657714,0.49870057214626423,0.015412173754102027,-0.6178763419051561,0
-0.46026073275177254,-1.4574104698483863,0.579584933928906,0.5846375363100436,1.345557900423693,0
-1.8047955901232244,1.0644336968364276,0.5044786650760139,0.26694468235731,-0.984558605091494,0
-1.5175933643824369,-0.7205561497022993,1.75674577384387,0.07063434025999425,-0.8271944262405353,1
-0.27550335876145077,1.4312016812656478,-0.20237763124907687,0.32499598821378467,0.15229310465003534,0
1.4698078359201214,-0.2867589216723331,1.0594803727011,1.0476355866322515,-0.41371743126717087,0
-0.005013437480524115,-0.22126703974760611,-0.062085111767905043,0.5527124496592977,1.5827261159928523,1
-0.37553592351132425,0.33092847303351286,0.4718629555939709,0.7406563886604476,2.579704659140014,1
-0.33445791835149213,1.3727228415280222,-2.494460607777629,-0.14872857765201525,0.42530474767001064,0
0.8995958343835269,-1.322215739097743,0.9479036259208572,0.9377308758531794,-0.026913169106145492,0
-1.6465240957517384,-1.4060290825324517,-0.38785832535742504,-0.45569890426506116,-0.5439620972847742,0
-0.0580016921557744,0.47150907565258743,0.5357424476829086,-0.21764666031320928,-0.4597994101990367,0
-0.004887513368715546,-0.755506553375921,-1.2477527965739748,-0.6422890999400018,-0.3243260222180722,0
-0.9689850758132017,0.19974714626152193,0.7295530483060513,0.527184903892199,0.6850183109336166,0
0.17646109191474077,-1.1771388839764483,1.5569780282278602,0.16497050321092932,0.118405378768837,0
-0.9302152931553496,-0.4015477858379194,0.6542138302441923,-0.23950593415072252,0.14262130953576857,0
0.9035292030445444,2.770232736095818,0.18603656220404008,-1.593370795480447,1.1362109826006597,0
1.7578476712766784,1.907570410559579,-1.5974849263487925,1.4425292683516888,0.5951490286807458,1
0.8873915882631538,-0.3756473362944931,-0.769837038977058,-1.3025631602346437,-0.8785059751711383,0
0.33996546445142134,-0.3925575932374224,0.1959803793858154,0.06731492695387523,-1.3180029298129667,0
0.6448003453819153,-1.9587554705394807,-1.1916823979892506,-0.0025165192584623323,-1.8508371550919065,0
-0.6713749583436616,0.9236999854045147,1.4466361237114402,-1.6647754499282506,0.043226276053187164,0
0.8693792932825901,-0.7277534456215081,-0.15439224101259497,0.49480757524726693,0.09129890790645749,0
-0.25015345870852984,-0.09239762899064005,0.00866596856629575,0.5102156488517715,-1.612323321800731,0
-1.1638580808506664,0.24829215663190835,1.2274075135521167,-0.6876544853754634,1.1205773123919738,0
0.6735272207180039,0.14723683081534772,0.7189630084184883,-1.2468862927441369,-0.5829074369019264,0
-0.4161569197444567,0.2525462941549316,-0.45841327494655165,0.6727834592831954,-0.5938719912060497,0
-0.022380606119467978,1.462538601551269,-0.4349208350833083,0.25144305631189123,-0.5099981677842208,0
-0.4194889028984948,0.3448367298671114,0.18920281542751283,2.3189688689834087,0.15295737962490652,0
-0.553966130614137,1.6829503149981033,0.27847449941422464,-0.9372981888652498,-1.5017678750323993,0
-0.31687376503691705,-0.3891400932036424,0.33360874239301763,0.7548293742496344,-0.5258897744330651,0
0.8299503818313937,-0.10384087501705663,0.37992116644772156,1.6155885252877098,1.2784046082024114,1
-0.7454664354315103,-0.3386857336287938,0.2606724453641288,-0.5618365830587069,0.6254138679074916,0
1.0295980712994754,-0.5100500693362859,-1.3939137780316893,0.43956124606266367,-1.31937802957142,1
-1.6801467906139862,-0.7401566482032211,0.3622541994293976,1.236673273377609,2.2604994920006245,0
-0.7197562472798305,-0.05406477947809321,-0.007846562847350242,0.5388749113019524,-0.47935932297104805,0
0.31969625026855847,-0.7073874409846092,-0.559906820407113,-1.178506642343034,1.8455702717455464,0
-0.33078788879493426,0.5672922610645013,-0.9467126921476454,-2.6585184888122457,0.16239269814987148,0
-0.8380442064666237,0.017281724389611466,0.16145504129624794,-1.2039310529559855,-0.46435322840249377,0
1.215014524490495,-0.22261097376625372,0.21882940418949737,0.7764354423047994,0.9354688819271448,0
0.5239744719516228,1.4624445009760276,-0.16043584226161245,0.17119551943662792,1.3469491738081336,0
-0.32426074048652953,-0.2222225115707737,0.21068051222961898,2.129066513341786,-0.5103840148811271,0
1.0716250034060824,-0.1308994807054053,0.47570376982215634,2.1337568076202507,-1.110876851062284,0
-0.7368252301554756,1.6615290524886255,-0.21165477600936985,1.2907581729455524,0.028476991336110036,1
0.8400559790060876,1.0011278614592956,0.22702818309793665,-0.04315782425499829,0.554815535395509,0
1.023083964968666,0.5918845957988489,-1.0882340564729476,0.6814278213670246,-0.039351846405947195,0
0.10421796630428551,1.058044843973684,-1.9980335070283661,0.8074108285350355,-1.412907038582299,0
-1.8573305604468329,1.0581880481299029,0.19781195823226597,-0.47595468590918777,0.24126838529318934,0
0.48162281338433743,0.31373418770876843,-0.3330683762578427,0.539989309307044,0.8568982949167931,0
-0.4499452091755771,0.056908713222644736,-1.2952618688582198,0.38591727563646266,0.01759957899191448,0
-0.4575920347909982,-0.18803925283314266,-1.958732014137653,0.25929755701957463,-0.8947376197009326,1
0.9998982318167212,-0.5092609839186826,-0.9517593915011223,-1.0418055201828276,0.5156741482307033,0
0.14900557162019673,0.08094783085489562,-1.9112444453040198,0.714213353432502,-1.5339745746707907,0
-0.10744040070624598,-0.1006231241328539,-1.0276183777647063,0.012272645393301614,-0.32899027872951103,0
0.5962533324465304,1.2905424890771637,1.3208157380018772,-2.002999938159542,-0.24286632298018795,1
-2.0383383478246886,0.44057135085709553,-1.245959246421611,0.8031969502416396,0.4577006263838677,0
-1.4650997397716172,0.6887153955370096,-1.323366551694555,-0.13180438486942764,-0.3486706335578683,0
-0.7216842427985447,1.1398918363810946,0.04293469140978067,0.2979883576131124,-2.419552536106203,0
2.0221559066597248,-0.5633836265657393,1.3704268571513705,-0.11372328082638883,1.0318160319376837,0
-0.3354259301105582,0.5627406293387249,-0.1811814226519875,0.6412086136771254,-0.42255042000208703,0
-0.52264558648661,0.8921796146862584,-1.5386894643993154,-0.7402839026155104,1.6440745474401486,0
0.20904706096550013,-0.14283424928004362,-0.5844229643275073,0.2220273517861764,0.8504380193744095,0
0.04507202850586949,0.07745297604703955,-0.9132948633635372,-0.5875308958639737,-0.32009969983325626,0
-0.38596364601694333,-0.6305935400018691,0.34814378238467586,-0.9017369863307103,0.7397617879790661,0
-0.18805833734466096,0.906394674577064,0.011582372675344137,0.5048289865200589,-0.3698796705893218,0
-0.5408972713278039,0.17040431428505515,1.1209841886169427,1.38713130950997,0.678208964530183,1
1.1952912210876032,-0.7683670990412396,0.06908508185797413,0.5039839095313589,-0.5548273808026681,0
0.49762691874757525,0.42167802463987336,-0.3821763281669368,0.14050363860996865,-1.2069113969086245,0
-0.6794503887717098,1.3046082874080562,1.1177841157260477,0.27156438702650987,-1.2164559505330783,0
-0.6233369458016541,-0.26885696290376976,0.21577482045126664,-0.042561486011704217,-0.4946424528365369,0
-1.1937039505263818,-0.9136148314422543,-0.0638517003882064,-1.0975952773797213,-1.5348458109559129,0
0.3326757146568443,0.5281797885483863,0.2783578135831815,-1.6911840306396344,-0.8569818098651371,0
1.827963663226375,-1.8392559450227508,-0.03836462966460055,0.5398396707043072,-1.4085507172365246,0
-0.6830339120526083,-1.5117235392382917,-0.046965418631684276,0.6890322034828817,-0.754549093975757,0
0.06479246364757117,-1.1233882310462378,-0.7003803551457137,0.2402118819415908,-0.1264668147656501,0
-0.23426164162798127,0.6695353643311323,-0.8354581477607498,-1.6697344754228154,1.0805811433958066,0
-0.4083625989080412,1.3044625947545336,0.27184788701875684,-0.5843294600373221,-0.007135313732493614,0
1.3543241084936526,1.410318192535886,-0.02438156606850587,0.3883553653746094,1.4109503815773998,1
-1.620592166540581,0.33144360244346094,-1.4302602571572842,1.4383510014943839,3.1579828474581153,0
-1.4413437063372545,0.8168750236450825,1.4312992499033392,1.2291239070927484,-0.18705533588505568,0
1.0107426792149115,-0.5353863974292987,0.0556652070679343,-0.6574702823814438,-0.6195130789670465,0
-0.12441744962006134,-0.7585652765297982,0.6314814072714913,-1.1857018316394945,-1.2845507089903212,0
0.9437973105300961,-1.0115248329201048,1.3182781491769537,-0.665848034996926,1.3778755205291162,0
-0.6223488105397768,-0.37064183145559737,-1.5280002940398496,-0.1823738052981391,1.3141882259811608,0
0.12429265677597197,-0.6985399793226763,-0.011312947359878459,0.24223587057045598,-0.8837327204079936,0
-0.03064832409580393,-1.3695934378819246,1.8600077629232725,-0.5960925702325125,-2.018366498740724,0
-0.41264474855780114,0.288357018529793,-1.8526155328112737,0.9128385428011343,-0.24777777001714368,1
-0.1843541350925345,0.6410658353909463,1.0953273867471824,-0.08498659216333355,-0.5418612535271721,0
1.3602714485354448,-1.2871540681728773,0.3279688380030581,0.031209626127699733,0.3764696953511223,0
-0.8575367134635445,-1.5758716064711717,0.48587183261616956,2.296292925944008,0.027078130511077582,0
-0.4961546222509212,0.5109703127130176,1.2600442872752189,-0.7972816404353483,-1.1881138849059334,0
1.0977252642672162,-0.4764138412893535,0.5506868834267435,0.9638524313251831,1.0625512603595868,0
-0.3668392998662695,-0.7347418912417448,-1.7558268354625641,0.0061085111422571545,1.3251532511956186,1
0.6102172646298374,-1.7994475325875041,-0.7346288377418093,-2.330822595994409,0.15941176037093885,0
0.023616534670609184,-0.5780461161761046,0.7305553804960815,0.3634490009136244,-0.9622607067191248,1
0.06881073580708437,0.587443979228558,-0.548566543422162,0.5039929786213813,-0.4525981901355753,0
-0.5521298179423861,0.5159295623645026,-0.5836214302303676,0.3224349774717395,-0.8246688531506272,0
0.47482680725754456,0.34222245854904443,-1.5927031883214935,0.8006628642932133,-0.8398587415882696,0
-0.7721910888341235,1.6050312496909893,0.3099481968497482,1.2372194232829365,1.8164783896500654,0
-0.5442853610708634,0.7061123602132809,-0.29498403214229224,-0.7849921690289512,0.24130864583828693,0
-0.7481577876256087,0.4601195012297068,0.46942043099550074,-1.5073687487515945,0.9573393520740044,0
-1.2589366233629817,0.1543260491831751,0.15379161190193624,-0.2177123424635739,2.215207547120862,0
0.8172396054349348,-0.3808849176152935,-1.9742258455342483,-0.49752261543181314,-0.14166061358398815,0
-0.7352826864961803,-1.6327836416427244,0.7921711070317565,-0.3252892110181986,-1.1098461496382241,1
-0.12499825674389801,0.3479917509929044,0.24903518465624255,1.458772144394082,-0.26268151496990527,0
-0.37138373079009956,-0.3232383331524158,-0.0008099645835834604,0.25728585854793107,0.9147093578189859,0
-0.48493100159991953,0.9721640462027766,-0.46886039772661475,-1.5814412209951505,-0.1665591792001136,0
-0.007223202704810369,1.4346080959045973,-0.3549631476922497,1.6759204629755786,0.20020267267615074,0
-1.0532808058958387,-0.9624166065226775,1.1999762831279384,1.9659149038720132,-0.22222669031769937,0
-0.5818467716416842,-0.5130769123631546,-0.3435638366082215,-0.26152198427844237,0.9628343064682303,0
-0.19508619223799153,-0.6972229574793273,-0.3127439784511179,0.33336865799378523,0.39533272073838926,0
0.1930332822095719,-0.9755985417967954,-1.0522103460522383,-1.1753242021715025,-0.45341767141219874,0
1.7303437019084555,-0.7753308507485285,-0.06270576230528314,0.943877924017989,1.3672924111665585,0
0.1376976495987107,-0.8846240478420097,-0.7618143208627063,0.5182963343898801,-0.38408216941775,0
-1.6058874238855962,-0.22256675460292838,-1.0634541124076806,-0.573319020712032,1.36246719790264,0
0.6621199754980077,-0.8585703031147597,1.9591124580956505,0.9338257294117721,0.291067337567211,1
1.4222853509486835,-0.8718695640876772,-0.9750817574560485,0.5557988917802764,0.2630518851785399,0
0.21935644220307204,1.916244507921714,-1.0139023748436666,0.5139656234619951,-0.8130345790368582,0
-3.0065596061072832,1.0742485497873562,-0.7520973632772628,0.7425997241132362,0.21971256378162254,0
-0.09525405770699315,-0.7754531108763774,-1.4704389371752755,-0.49141820803281805,0.7626897193732292,1
-0.5851374498663863,1.4784773844694112,0.9076653659531939,-0.6888580012971582,-2.4298587584506617,0
-0.8897517111367964,-0.02257242549865066,-0.019160580137427566,-2.185337284479843,0.24876732707664942,0
0.7211686654517064,0.36125378786456636,-0.595307075257326,-0.6959068390587417,-1.1875615749231303,0
0.7000918657586697,0.3913247728954574,-0.06742385196298636,0.37765571459175734,0.2915181337338114,0
-0.7999931002255601,-0.2796167369859798,-2.1989896893775573,-0.8008279852150156,0.24039642283560422,1
-0.023524800456892637,-0.273654861158118,0.5707793864120709,-0.16507807407947936,-0.7487116792673635,0
-1.3436329940956018,0.22445824082615246,-0.9378200510807817,1.4119829295533375,-0.1511149347348736,0
1.7031275372013088,0.8186389244887643,-0.5193274669623277,0.21350033289557252,1.7378175414637982,0
1.2345289242630588,0.3854551585373854,-0.18789158711279702,0.6808153228415869,0.7729746366483649,0
-0.3809865879286124,0.16484754899008525,0.27565937445802596,-0.9107373322813702,0.6127865089143779,0
0.8420536114620887,0.8856574978130844,-0.750401328963389,-1.0310190212632668,-1.3023698174059095,0
-0.5600760427670399,0.3744083961809298,0.993209693252215,-0.3324768032427814,0.7937365541620488,1
-1.0660894671911774,0.3648595803993153,1.1905647333995122,0.5974123562057031,0.5753633588990481,0
-1.9208843348546443,0.38848715457605565,0.6783685432455763,0.13320491772792073,1.5067864047543789,1
1.0718373968709902,0.07078138116282562,-1.2958195866170252,1.1713109678990132,-0.017876208927610403,0
0.8490803959238988,-1.8255034654563025,0.21798195461833045,0.9873855117573427,-0.06899581025741167,0
-0.8292084929114589,0.8497984894693406,1.0446455043024627,0.8584718666246485,0.025894407555956327,1
0.15990662673635495,0.6420806983258794,0.7017920792102149,0.7331339171427093,-1.1295532124933427,0
-0.07943371959771446,-0.05894323124640765,-0.16347371970132,0.8370974487613163,0.6363698590022798,0
-1.7638270483099687,0.9110472562426155,-1.0344487504754782,-0.17532989641606056,1.8495980319583463,0
-1.397198108508134,-1.3121258007218868,0.42041982240530235,0.3800491143607537,0.33357562961888826,1
-0.5089173732768631,-0.9045551278940823,-0.42616472839512176,1.4675785580124356,-0.3897516053099578,0
-1.8916543623678972,-2.1966865372846756,0.2792151572059545,0.15546424452517976,-0.5178848176129154,1
-0.7498608341954948,-0.08864412408332878,1.913664021218776,0.02618624591495478,-0.10441313472058289,1
0.8069687816995443,0.7130238193440294,0.5115309769639246,-0.3495240556850611,-0.524882011963178,1
0.18958306885761486,-0.29856078499497235,-0.6772337795208934,-0.8058970859128172,0.06788277090408774,0
1.157567522316224,1.8595055823500715,-0.17819262342520456,-0.7523256960004318,0.06904821605054969,1
-1.720836989888575,0.17327958625258516,0.8930801710086769,-0.6721706121429964,-0.15133359827210283,0
0.862831991860946,-0.9589310172906939,0.9157634696907633,0.371484168266433,-0.7608562269197534,0
0.42783165456834166,-0.22605524419684267,0.8152737640624789,-0.7536301042991624,-0.22543416963089968,0
-2.170661020711327,0.6083232855761196,-0.49194751911785833,1.230117890699346,0.46343415284400297,0
-0.6272542414893361,-1.3173198105993744,-0.5993682256660663,1.0174373968374486,-0.7992525590090713,0
1.031340900558477,1.1664812995280396,0.5540417025225239,0.716896141862346,0.7662587875950588,1
0.06368605579596977,-0.46510328158105474,-0.27009278197574527,-0.6273485259240492,1.939056704443031,0
-0.9824306314495699,0.05214598263112621,0.4851236757584285,-1.7268079097657942,-0.5098329291042106,0
1.226587108582997,1.2122162043899614,0.09964024034409441,0.2106263088507064,-0.5356370146790813,0
-0.47628632366590395,0.3440532920994504,-0.24732087954396165,0.6743060581918253,-2.0665007698578197,1
0.4586623332908198,-0.6192068625824118,1.4427898951042932,-0.7415600333528425,1.0304124711909703,0
1.64686689942386,0.5556496110816802,-0.8417964191296798,-0.9327377687498439,-0.4619548223529918,1
-1.0968174727433968,-0.36644380340068744,0.23041048377216625,-0.0656468464789063,0.23919245757241783,0
-0.2244074410096469,0.7921524351425433,-0.43144637292773635,0.14037329369730697,1.6427983505588482,0
1.5532453112974556,1.273322508067625,0.611326601021867,-2.6129019691832505,0.3671498236495823,1
-0.3728373946803857,-0.5755601672043062,-1.0573989486612159,-0.45462785612071543,-0.7193974749733544,0
-1.0814777311532515,-0.30902680759011864,-1.5832124725172045,0.6626760676551642,0.6360556597074516,1
-0.12622124903474227,-0.43309492924977255,1.2359173773332304,0.8357561860307393,0.9754634279730046,1
-0.8996448377557903,0.4243859873115449,0.5973265108867524,0.880082586090886,0.16875080350841973,1
0.17797670806521687,-1.3246416691918774,-1.5311297434835103,0.35690564754352333,-0.04799060799847637,0
-0.5056585151397429,0.5377607788550594,1.1461725036519776,0.25986569871584947,0.9380074301629525,0
-0.2812378176075077,0.8461451750187815,-0.8682464007241101,-2.036911760141314,-0.17296370815318995,0
0.9044656530021101,-0.7740558709903534,-0.28786445276682254,-0.5740010384947609,-0.5747369412129233,0
0.6699619266775906,0.6250973156487453,-0.47371831698323863,0.10119347488809169,-1.247769339912602,0
1.3598297500442715,-0.49897117115140405,-0.5575314989862945,-1.5025826085161536,-1.4089695766594659,1
1.1599978828735813,-1.4540097210684555,-1.259210097799876,-0.2049514691736933,1.570456179456512,0
0.7343139383415164,-1.3952916994561606,0.7902844296076047,0.7294176472587384,0.07661182785467037,0
-1.0915177249864103,-0.6541767535773858,-0.3059293877948185,-1.9184855281900912,-0.12804664583196412,0
0.2885065375881688,1.2412830219334936,2.4239789972340158,-1.1338270893620483,0.6917122422664401,1
-0.3442857975891236,1.4324585965411822,-0.5909089166270449,-1.1455486932133738,1.7494518209315573,1
-1.2743635938966127,-0.13393126160842403,-0.06475831644675936,-0.45237688488723177,0.015215495979306201,0
-0.39864650588230155,-2.544465857803355,0.19773066856104923,-0.6531752428406908,0.1269835009569308,0
1.4215295460857662,-1.786845897478126,-0.5159552724407575,-2.2123762064621544,0.05492304512095827,0
0.26814946613342644,0.2288289170513285,1.5011802717391962,1.6355605853202368,-0.6849833729886233,1
0.1961318301930458,-0.4468691305568292,-0.812224305339934,-0.4358767994208071,0.39100371496819114,0
-3.3102556196845883,-1.5940306915951303,2.136538921436123,-0.8804478075087936,-0.6635111572066903,0
0.08719499616483337,0.892985038318692,-0.8655076249623732,-1.8564289878369469,0.1563888647110774,0
-0.2346757880295017,-0.7302850850584115,-0.7485603196322081,-0.3697429295819216,-2.4702742724148443,0
-1.403814624717081,0.23170764470134633,-0.4074610284429111,1.1458799989259592,0.776615871734194,0
0.43543976850226623,0.8532777891343477,-1.5387050999574317,0.49560146367182356,-0.7530551690608088,0
-1.0905881360198257,-0.004314614196473927,0.3994444450347818,-0.5453211457556454,2.059852174215724,0
0.9903437420950109,-0.7505221391411808,-0.16668548810693015,-0.9936403561998074,-0.2250994302956893,0
-1.243836772361781,0.46341555587377226,0.07128082277008128,0.30614498108281296,-2.2119237650934895,0
-0.30408645532159506,0.578776177267206,-0.020453051697487516,-0.31839936646864675,-0.7797087923576189,0
-1.6984007092701223,-0.7649500383522884,0.8765915718991135,0.08859498563333985,-1.9359630251058033,0
0.1358613358876027,0.1179902386701488,-0.652429025617371,-0.17757057219929012,1.8870374303840927,1
-1.0189505579810845,0.45654408405551755,-1.5123515398507241,0.22512356601398023,0.4060850048287986,0
0.29001463943184147,1.9051143539005144,-1.4422286364186887,1.9283356033673507,1.1896210703147745,1
-1.3861224847508495,1.1005203713420328,-1.3963988124377487,-0.2272214383948577,0.3796011786003475,0
1.4722137521387606,1.486632604899524,2.182631871303176,3.1844549090000536,0.6493843964008763,1
0.17445077371281878,0.9037272822010592,-1.3705291775097057,1.1952208139449336,-0.5912801857291031,1
0.9435615244379191,-0.4469009183312004,0.15809497827481644,0.03429935512782331,-0.4140471451722607,0
0.49448257137366614,-0.14584592572555663,-0.15017029817452246,0.26443979505154785,-0.2860099720417321,1
0.012576302976469262,-0.34284613325404906,-0.3245007933700819,-0.27358683606033807,0.3918173223970462,0
-0.41440000777952674,-1.6880857865881114,-1.1983377261324295,-0.09867859638230757,0.7158188263238539,0
-0.2649330814509679,0.21571593881343856,-0.017362414740156807,-1.4935448800368785,0.13717211489395217,0
1.0768683080142176,0.7093141250307514,-1.0016492830030694,-0.6251698164437951,0.08711477520308852,0
1.3371357713932202,-1.1309736963323163,1.2508599763750305,0.08938840317214572,-0.5908806231883185,1
0.28209760209233853,0.9521039444486628,0.43146715783520745,0.20854907145876403,-0.4103131846555174,0
1.141696417476749,-0.6239893322708426,0.6503606742234243,0.823119037842056,0.2201800850678286,0
-0.32271836509186136,-0.7568031249353049,-0.8000757230295662,-0.3353627102509575,-1.3117789993136877,0
0.39295587434937695,-0.16311852081320327,-1.9926426234292338,-1.4628636440176521,-0.23319512340880846,0
-1.606970233697303,0.2714544378386251,-1.3609166499112981,0.718098344682298,2.0194812486040856,0
0.3846235283418016,-1.3601150928480077,-0.972914053184461,-0.9023531025178539,0.4210401573779354,0
-0.7694709372319117,-0.1646948442916849,0.3187775110217166,1.318065392982808,0.3193961344408134,0
-1.0444118516117604,-1.0827690688301268,-1.1124434521050917,1.6423435058810247,1.560571731572664,0
-0.6197264536447842,-1.5443871157991198,0.811953216711983,0.6853345836730951,0.7120292192056034,0
-0.4000053461572977,-0.177867183006176,-0.9578258579939544,-0.9446199445908396,0.6732247366034733,0
-2.46378815688668,0.9935391661045304,-0.44090170507905496,0.266838483522959,-1.469721675422721,0
1.1649257818093541,0.21856993949107636,0.38502767533030985,0.5097739588152522,-0.02840274423341568,0
0.25116474356881463,0.353803629042772,-0.7951285059129195,1.2864212765198704,-1.0301227096065175,0
0.3694566622311244,2.1155709373593883,0.6154195954457633,-0.5816377236308953,-2.0794359149627044,0
-1.463023191834824,0.42915125913425295,0.49875566711298563,0.7700354055105301,-0.6756010668400533,0
-0.17641769418669584,0.8732342291131292,-1.3872495107542582,-1.4588862793352042,-1.1343195912390078,0
0.5342420225926479,-1.427564315846572,-1.6039428931152275,-0.6263923790245101,-1.1725790363441535,1
-0.3548078140082689,-0.9386778404528154,-0.3995599255468207,0.9698290550425076,-1.0763994401932455,0
-0.80754724931848,-0.3922460290017291,0.7411973661457285,0.061457224073567886,0.760199440957733,0
0.7964542943623756,-1.3362466640947277,1.0551489709264994,-1.1229779515542868,1.4161447640686642,0
-0.4197839950742925,0.5055736418762882,0.07869846620855651,-0.5222653974162936,0.32564211449592106,0
1.1117201957277913,1.080726387002078,-1.8668843363670824,-0.3986890407976803,-0.19302355900487553,0
0.11709398028719062,-1.383584658933506,0.6683386903461601,1.7795028291229182,1.0319297594183081,0
-0.34061503074842725,1.2641842281322127,-2.5531782409759334,-0.09365281956734962,0.6757860774760817,1
0.04211694753965649,1.7634491484877792,-0.08459252259815095,-1.1884380417062959,-0.4829189260602082,0
-0.01951056107657224,-0.8579712016770785,1.175501430327816,-0.7416919055434525,0.11725282641852541,0
0.33339156552003957,-0.5600250933051844,1.3433203452619424,-2.0858168642118065,-1.180694768532683,0
1.6658565953260902,1.2122779875711103,-0.46087479492894706,-0.05495200023310162,0.3395701566362475,1
-0.1752125446164354,-1.0365636033680299,-0.9642844155290182,0.09229713397957073,1.1627237040505618,1
-0.8232797347336093,2.4905474943848085,-0.46240814260377194,-1.327782790083278,1.358835892355777,0
0.06199817610510651,0.7803556751699618,-1.3441078331479326,-1.4493558554120332,-1.190637361519294,1
-0.049727780408110184,-1.112897692132618,-0.3933391946758507,-1.0014104809845386,-1.1031158543903308,0
-1.4722369549015886,1.2107324395100942,-1.5872356291776346,-0.5078179805073189,-0.7332623110314684,0
-1.9919022194456053,0.4251036402834107,-0.7684787686674655,-0.013592026710759026,-0.8452671402548017,0
2.3273846847795463,1.269862049625052,0.7582466577529582,-1.417055319919452,-0.062276077156122815,1
-0.041696310022547166,0.7701213460706383,-0.19133632325408514,-0.022361232819539723,-0.5654138481150758,0
-1.0589300131124622,-1.155361781190178,0.3746706971786446,-0.3584758883088648,0.27186651008825313,0
0.028127369877043083,0.16232429153152086,0.35179944837220206,0.510908535252246,0.5566868358119698,0
-0.4472216338569227,1.0635322006742545,-0.9299210725506325,1.1372556674374579,-0.19729026967494825,0
0.8622634795186638,0.24270270246515613,-0.2398219240140354,-1.6610948168724342,-1.0236225366451173,0
0.5276624796738789,-0.5282760425899141,-0.5118068218582055,1.2298809870080951,0.8540360073526586,0
0.21932159653497763,0.10298515561946527,0.2733782360863029,-0.03437127258764863,0.4933851877649976,0
0.23493976482442733,1.303720108196736,0.40949334905585405,0.7788073132549211,-1.6167632243119705,0
0.2785565543701834,0.2531472410211212,-2.450295070938299,1.4781480328269019,-0.4239653126527343,1
0.12604907348169248,-0.29587717792521023,-0.40940148985002883,0.12867668681341876,-0.9300390444933438,0
-0.5983311471399466,0.04460248739160894,-0.17869526972239644,0.538131083694897,0.03826809972649646,0
-0.21262046084876002,-1.1648702215087954,-0.6297006502036765,0.4184666596867287,-0.570979463258346,0
-0.09248511641126252,-1.973847170348384,-0.6707844118312462,0.32869431858769793,0.4859213256593721,0
0.7277540483260602,1.2825457756684149,0.6297062987632266,-0.44954203601380127,1.1619821573713933,0
0.667716938946682,0.2202656227418716,-1.8550051041961977,0.17790285038983344,0.4945012913611308,0
0.5772500780765549,0.9496060733466746,1.4488105495608288,-1.0417209117649706,0.35181781810150936,0
-0.4985064362799422,0.7541690025738444,0.3727741623400511,0.14692870709855158,-1.2160048939706973,0
1.1695145440846113,-0.32283835122661375,-1.4945136201267437,0.35729418681467784,0.9187661395603581,0
0.07817139453733964,-0.46346660614007906,0.5860735481482237,-0.7561391456876217,-0.6665879563050865,0
0.2882515498217998,1.2186305816371725,1.0535372944252317,1.3653363706011523,-0.5776398665959289,1
-0.7571211628575331,-1.0339582428267908,-0.36026942658983985,-0.3735970104759,-0.0370724197759043,0
-0.3964389618804477,1.433681031034515,-0.7240323826928943,-0.5650632869013691,1.2868424377418723,0
0.2241863862649655,-1.020149044482681,-1.5504471582329447,0.8933687831137364,1.2268488376323845,0
-1.1914581887534519,0.6213193050054779,-3.751364181672169,0.14800424627047695,1.5157876046843533,1
1.06363459725165,0.32536851423232677,0.3915512148370781,0.12997695455423416,1.3052537588112971,0
0.1022707827344859,0.36003974455172516,-1.2800272236868595,0.38275325065844196,-0.16311776908600195,0
-0.41251666718973484,-0.18729507994371586,1.2516866799536877,0.43144887638773277,1.3639976665026818,1
-0.37698754565008363,-1.0013883463096658,-1.3699821123718507,1.2672923296591279,0.38063236740199036,0
-0.1777625598280638,0.08578083585666708,1.7099971004071022,-2.4902662196529786,1.2956605987590866,0
1.3268159249500395,-0.7198365955992582,0.73678316103461,-0.6607621551994834,-0.25117504736167107,1
-0.6504591093423593,-0.976770925817806,-0.9714408285757534,0.17191148524684288,-0.3343490170144996,0
0.8784339858493587,-1.0812630036893278,-0.6652500247293189,0.3576519279028558,0.6997171558950291,0
2.5555338539798167,-0.8799720141929328,-0.044764519601854534,1.8638279192929348,-0.3929444715452556,0
1.6166299264859776,-1.1195275903436492,0.6684577732491648,-0.4701007481247292,0.97883471770418,0
-0.3350335867327286,-1.9882596731334874,-0.3056581173859306,0.8089587691915616,-1.1514480018066284,0
0.5711781853943232,0.08575726725440111,-0.050996973491288906,-0.9913369029267352,0.2404732259909609,0
-0.23296600539878845,-0.25451332988888614,-0.6845508380376072,0.1354546058374049,0.27821808744688814,0
1.1996307541041078,-0.7591898095293624,-0.06627021711925117,0.5133734534216075,0.8682110653238644,0
0.3763512982369562,-1.0127269548014424,0.29529947258633304,-1.1964712114228997,-1.0665400091030133,0
0.5365505834143544,0.8280099388066111,0.7069058899643221,-2.342782313287146,-0.7924102391476733,1
0.15872819380021352,-0.40141323720784794,1.6247814646561647,0.7320704261044746,-1.2134417403389353,0
-1.3527540111798677,0.6867009760319857,-0.7286652924440715,1.2133392054192047,-2.0714151025842273,0
-0.951862850980705,-0.16267921503473587,1.3212814199985523,1.6006243381514498,1.4314534282151326,0
0.6291346130795639,-0.9495582312025783,-0.2759163686249088,-0.45504111400301867,-0.11949008257034144,0
-0.6653419196662467,0.014588088571821893,-1.7597304532937275,-0.2735111318024872,0.7041977673740831,0
0.7048149447262271,0.368815424170281,0.09123197319195941,-1.5570791922451928,-0.8081265276844858,0
1.3580023366092047,-0.1284045142954297,0.22097621897324946,-0.15203072878242635,-1.347458183395218,1
0.0395444533408226,-1.8809761380777152,-0.9708184085348345,1.2295202748002225,-0.04943378185828834,0
-1.6750585635521176,-0.19698322531476017,-0.10349785637890009,0.859650517296793,0.005821102049049602,0
4.009065694877258e-05,-2.40194796377188,1.5534312072427334,1.9049493468944645,-0.7152217260726998,0
0.8397826456818437,0.5513394934942902,-0.36326287616672387,-0.09722545526855562,-0.20586560739831541,0
-1.7052779569204182,0.03827779198284123,0.3550367299830122,-1.2711110381227444,0.8801524372247318,0
-0.03132657037662695,0.8148368985495258,-0.19312190478352012,-0.9251874865351236,0.6352273626306424,0
0.5060365183908166,-0.48903216088585855,-2.1796006368078737,-0.10461946315640241,0.6266287190061784,1
-0.03973670421264585,-0.06684241867734814,1.1279623287501443,-1.1668934815157987,0.4642380616956604,0
0.2944888504779076,2.3486243219006746,-0.5855266955328624,-0.5223615080459808,1.2320608642260968,0
-1.3136364459209404,0.17133900276727862,0.11898504405926437,0.09599851655825298,1.1142870018313458,0
0.4496528832832209,0.07136530869824265,0.8438503678147741,-0.17819854192185805,-0.19856061354249185,0
0.031052805688566283,-0.7116977737452106,-0.8922698564289553,-1.4313257457677016,1.010981068706948,0
1.0238318895197631,-1.0831713439134156,-0.6595566015908163,0.8122603976689823,-1.2423181339918898,0
-0.7202997016127938,0.4106300931538608,-0.18006523354885906,0.7182446663480171,0.06968094693532077,0
2.5768480972948926,-0.017224820311261827,-0.5415961428230585,1.485104459025571,0.9621556789768893,0
1.1816084218743415,-1.0209318441771897,-0.30175836004234696,1.1084759359926322,1.2492623755838361,0
0.4972323273388742,-2.159866631939735,-0.9179902862505168,1.9376611135526753,-1.3731465221526895,1
1.0636157811889049,-0.16393020088314922,-0.07170109772893711,-0.6923272095777685,-1.1485576601827618,0
-0.27388263657911,1.4226169780975015,0.4738623478046858,0.6664859148950886,0.3877796976421535,0
-0.6900737363933638,-0.3595632875200418,0.8630377266805502,-0.9857150440567702,0.9524946030117254,0
-2.71249842882024,0.868377340274711,-1.847810434413617,-0.23622338745403784,-0.5260057693189685,0
0.02031331997084123,0.6525538575445164,1.30072107434757,0.5521648858730797,0.5412166107284482,0
0.09400177586635915,1.9918091059151402,1.1794473573600115,0.41259189658681156,-0.791601677268111,0
-0.2418045556976682,-0.9624057498646601,-1.3092849147504206,0.31396642801246905,0.7586807578202248,0
-0.04974004208642876,-0.3181308431376287,-0.1877096435167726,0.31600108258734844,-0.9378073092288629,0
0.268510207011197,-2.275907939600879,0.17617443702414448,1.0278968977323044,1.9375637806409411,0
-0.40886578474089835,2.175582244286044,-1.1953561618180355,-1.7551356114575205,-1.1788879618818409,1
0.7743417242732376,0.29619074488798214,-0.8560695439508723,0.14367027052079814,-1.4846308265466377,0
-1.0406183465446588,-1.1787690495562644,1.1675145261915227,-1.1272617025685039,0.44825011425281114,0
-1.4580713638316545,0.9383702849276311,0.5605293890944494,0.9448386800973162,-1.6236582347220494,0
-1.5384149777274743,-0.06883766269329263,0.5760177697158289,-0.5686287700044862,-0.4115182026705348,0
0.6486958478264977,-1.5372019298066144,1.0324889363302625,-0.9120127622626086,-0.6915825602228884,0
-0.6934975146187395,-0.5878896404905816,0.7950745829052541,-0.8320684361380045,1.7136901290198583,0
-1.2573589011615909,-1.105442267099119,-0.5118181005030681,-0.6326988341461982,-0.4097448213368506,0
0.20128549864431447,0.4186748373061116,0.45598214167776346,0.9979545480665868,-0.10532186146068831,0
0.37824749949048336,-0.031472021085081986,1.0113383804535652,1.3201278992904488,0.2898669674840259,0
-1.437276906306503,0.17662576648431397,0.923730570667071,0.8212276102784363,1.1555425356753601,0
1.7575044244819795,0.1624785623539072,-1.6847262977243453,0.7388795556750819,0.9665007275962058,1
1.2135253081409316,-0.9034217095484357,-0.6174021885454701,-1.1557307224373705,0.548022910919641,0
1.2277777069092504,0.30313361296288893,0.39279765531498834,-0.7404783007017952,-1.519646807373487,0
0.8272205278483191,-0.3925960826996607,0.07154291717046053,0.48619101948976357,-0.6142660097961766,0
1.0895049421506109,1.1036817522507243,-1.264692517501649,0.5770303069571114,-1.3293057435071696,1
-0.18261563176471557,-1.7316309828341634,-0.06324293206219327,1.075692415350444,0.5070515670537745,0
1.0510839874342506,-1.045462588227588,0.8420388451301923,-1.9073815870663844,1.3393289154327397,0
-1.3088618363059636,0.7081737289617199,-1.1787168738275438,-0.5136124768359417,0.7152453562379603,0
0.5886494871436467,-0.753828963480709,0.633293014104812,0.5948843037387503,0.36322848153951975,0
-0.7386200464430668,-0.4910786140045212,0.7282308401554103,0.5979730486597729,1.2374925321221855,0
-1.2799737478056978,-0.06680882270351758,-0.9903204727445766,-1.1684376953072546,-0.07272268876085766,1
1.7039609526877963,1.3441857341352357,0.2806935256988402,-1.0930776596338905,1.3126909781270795,1
1.3300557870607097,0.4288523498659642,-0.15073428204725697,1.5039434832710536,1.116611636869333,1
-1.6733656772367802,0.17531621298190964,0.4585633603971312,-0.2643850790125828,0.18207867044879456,0
-1.8749032465969526,2.1209084840681993,-0.30701142534771775,0.96924099875287,0.4982146606537484,0
-0.9308666164100629,-0.2901110931696865,-0.46577513010973953,1.7292359240919324,-1.472196951712372,0
0.24047302151333608,-2.492745782419227,-0.08663164192477589,-1.250121368031999,-0.11472918859200364,0
-0.4106186579868848,-0.20419594795175158,0.6434800685551597,1.3744159757004462,-0.7604347726296731,0
0.6990034628603292,-0.3222720088789929,0.6072638784184456,1.3717187379226314,-0.5104306120504071,1
-1.3744659679111961,-0.7890785387532928,-0.3561592126462968,-0.3936898519203337,-2.2213999749463302,0
-1.4887808337079291,-0.7788550456148786,-0.10028295736214976,-0.8886408462881616,-0.2916915764966655,0
-1.17701828298105,-0.6544923712606384,-2.5444115371663507,0.6755962860242387,-1.2232136929604958,0
-0.7008403218912543,0.4341828850562197,-0.10487843975641316,0.02419775999201637,0.0898952765427149,0
-0.9791585903764313,1.3268321448074143,-1.0767056886760331,1.0300528917202654,-0.3840975874356871,1
-0.9262136857349853,1.5334237235558912,2.020575566048794,1.3022206078555774,0.7576174223272607,0
-1.1828544232874132,1.5850022670092534,0.5708581727535621,0.40495094690761846,-1.394132671003088,0
-2.0365735682095445,0.22834476577740662,-0.5444947943355073,-0.657250222078408,-0.28227117724671735,0
-0.8032372386960763,1.0865499472205955,0.7389673840313468,-0.23992066438054863,0.3299363927576367,0
-0.7068818634795503,-0.34352870943407027,-0.295027105194009,-0.8165144105961654,-3.0506297498695263,0
0.40827369736258634,-1.7591262038219304,-1.652275046570121,-0.11824065625430796,-1.3905080245665893,0
0.325096629394726,1.4316600971278466,-0.11157229437171655,0.4403952001483824,-0.6873471353632171,0
-1.5770749905165724,2.501769444293534,-0.014887262260278004,-0.6806281144820358,-1.0537506481814838,0
-0.8103655644919436,-0.31353960178996826,-1.2779813576573817,0.4849865817479311,0.7230037822969202,0
-0.46581271517571116,0.9474253032789468,0.8465044746935008,-0.4176079830420725,-0.7438343210368047,1
1.3797904910756682,0.4030673859272086,-1.3442457994493637,-0.39097328042079177,-0.16722098200393717,0
-0.6723999011257448,0.40956227920261434,-0.8461600622029167,0.2794445729747843,-0.013037233201262106,0
-2.158965375284227,-0.46319079486253195,0.6970336140989781,0.09347081890024338,-0.10456394221200456,0
0.0616900106652201,-0.7112110252863295,0.7972015148093526,1.0220942670683721,-1.6108784211981588,1
-2.4926468778511235,0.6976122863505587,-2.8223481526567022,-0.08627644557094157,-0.10096340237933543,1
1.530918283315056,-0.6171405280999495,-0.08132235791578202,-1.0960974600439923,0.21407349338186796,0
-1.2857445232625329,0.2715048446900545,0.9695257383178311,0.6393404658671094,-0.42195096824763656,0
1.0965028062613382,0.2433783513639535,-2.103694340239269,-0.6605690279656954,-0.47998498469449913,0
0.910031725444265,-1.20575054457726,0.17767270922747166,-1.0413812728806195,0.801321042152699,0
2.6871322518847736,0.3189256601375292,-0.41282951548156915,-0.9006807341742633,0.3099936527683637,1
1.3611701806135872,1.2165776476395622,0.3966230403901188,1.5434494730639572,-0.4256782454118728,1
0.23170768789555646,0.2289134264610409,0.8599935491044262,-0.9443201713789967,-0.076691248958186,0
-0.5602885520247304,0.6754220811347702,-0.5504858862377926,-0.35451594303305345,0.20142457743205697,0
0.15772654549679513,-0.038819463067496805,1.4356232747600146,0.26756080715454394,0.9604481687367008,0
-0.5531454134658667,-0.6933557469684066,0.30938699293089444,1.65829779347299,0.5434069252360592,0
-1.7024187597329636,0.20758912184589795,-0.6582753183240373,1.398638971470869,1.2139026404893662,0
-0.4476759146279841,0.3612623663204779,0.31189023661844584,-0.33628043528204127,1.005651389145732,1
0.4712177026446525,-1.770050895359017,0.5991469827270445,-0.387288452196579,1.3640919704555414,0
0.2797260240986241,1.7484142805990113,-1.127631479488384,-0.19779553180536352,1.9967440974959663,1
0.4289711393754658,0.6175830238898992,2.2335177742486323,-0.2680345836819845,-0.7073062169969847,1
-0.1278119812935686,-0.24620865847936776,-0.8223320224708188,-0.12557578847857512,1.0392018990844225,1
-2.666879660939086,-1.625753254083997,0.24626843634837733,-2.7087842572174945,-1.436905533080694,0
-0.14983514678189055,0.4433715081823157,0.18772840643314856,-0.5704685838145876,0.3545090645002979,0
0.7007595274228502,-1.0466636418663737,1.3583555668893035,-1.6032869693704879,0.0561280556899053,0
0.28049967774363305,0.009740215888571248,-1.3638408591534532,1.051375651965393,0.534164133660357,1
1.5900430193323423,0.5901400851443387,-0.5673862638594876,0.5030634692935064,0.46925399770723375,0
-0.8605585618648853,-0.32748138304614344,-0.015434673893423121,0.6774815344739048,0.7821433076052603,0
-0.21729619173147663,0.3192007858623519,-1.1986649580758333,0.044756714621732425,1.4360402668990189,0
-0.21631209872146873,-1.5336280423626631,0.48096706469861117,0.2043550224010341,-0.8569346330147953,0
0.8798835290902028,0.5751516758843499,-0.9771242239216718,0.13612951413861432,1.5536928155288607,1
-0.24438198972424835,0.3944224935941428,-1.0640564106005854,0.2866319385644746,0.7951140867148444,0
-0.557423276337007,0.11424655118361098,-0.13730489438255197,-0.7434236877199768,0.867191414213455,0
0.4546752450294034,0.14584327279809825,0.31906945542429693,-0.7967245941241604,0.8654859943358262,0
0.8682785448839341,-1.3775769471467072,-1.000141225383829,-0.7722278648624785,0.7511692133128123,0
-0.6078041958921645,0.12986310750627866,1.2048073710179659,-0.3159360254202454,-0.8053149987302317,1
-0.8987453472989185,-2.457213970324932,-0.30339501830169113,-0.9092875171542614,0.4231488830319598,0
1.8578051452093038,0.1729196986922952,-0.5596878499072622,-0.6882329030497439,-0.44112479466630117,0
-1.989407540371086,-0.6518443136867317,0.5674287126610162,-0.45653853248364723,-0.5632587457768821,0
1.0464436291037604,-0.037537242697583954,1.9476558248862643,0.7312021400040019,3.699146559009753,1
-0.12130136862081457,1.234804741971531,-0.9990432515631191,-0.8660479003295363,0.789758646260028,0
-0.430292484067013,0.823009222993779,-2.588581775792102,1.8228427428559135,1.279920190404567,1
-0.08052530905914614,-0.1922960766487332,0.7847432255657959,0.7150123477736173,-0.5373415578420209,0
1.2071139433499276,-0.25708192914617534,0.3109980399156706,1.0122731110650314,0.8440164313592479,1
1.036587279670282,0.06075247382575069,0.09720173962013609,-1.113013014671285,-0.6446317775983001,0
-0.16987711751167686,0.7437970289019952,0.651047178413062,1.4040821208177614,-0.9518953687356925,0
-2.068208687108686,1.858392721405438,0.6050508993464269,-0.13975592121574534,0.5755349000723443,0
-0.7544871476145923,0.2160093315262158,-0.40021386665922604,-0.9183150085710016,0.21002577720569937,0
0.1949267706449048,-0.7805144693922066,0.7761094782630286,-1.6103470661485377,1.4359496553364806,0
0.5696055320234528,-0.9465255170232324,0.004462581776761407,0.5176999046137938,-0.4908634301706066,0
0.9544455502406887,-0.7339016610706677,-0.3330677706891454,2.3282551270054146,-0.22430331055197755,0
-0.5493723876364227,-0.4134474914962854,0.4665811963660127,0.3693015609542891,-0.6252977266724236,0
-0.10741008009171413,1.249112255438528,-0.9149690193011858,1.9485873740986974,1.6602708068647265,1
-0.04383661693332646,0.9188672496836718,0.47512317860020753,-0.2972245022090243,-0.5671668382566888,0
0.35656144699025866,0.009258918422914708,0.36103498128702877,-0.23036353841242646,0.8238103755063454,0
-1.2815637737549992,-0.27292455387595266,0.425101353123471,0.1227651574282388,-0.0941900392262374,0
-1.0841667935224226,-0.20385567336950328,-1.4286777500469945,-0.7079372795253263,0.22263837723411734,0
0.7297090012350735,0.5182129800466038,-0.6709486795226909,1.2916422812792743,0.272577962581589,0
-0.3885373511144971,0.4455134893354745,0.2063595807161905,0.5388427039180225,1.143937140561219,0
1.676069687451313,-1.1300737556135287,0.08902328555437054,-1.187927084456603,-0.8562298258560447,1
-1.013095004478794,0.05518160732081653,-0.09538884101930949,-1.0587632250140304,0.6883819011932745,0
-0.24751799015857914,-0.9687212376293372,0.4606409073847523,-0.09667526201341672,0.547744336478748,0
0.35747761383644294,-0.8788067558621148,-0.3412502371238142,0.08272555059416158,-1.5030562501200595,0
-0.4920138387420985,0.5687881173804847,-1.2047732150913395,-0.9162895023940677,-1.1957261441642113,0
-0.9963937892303517,-0.12395336137479815,1.6210295859678274,2.1748774258802053,-0.23908813144428678,1
2.444994658490061,-0.2674959231335419,0.16068167134981412,-0.024208821273595825,-0.11894458467307262,0
0.6322927385575472,1.181655077467355,0.9615718646247928,-0.16169059491101673,-0.059933112352598995,1
-0.25170195818304875,-0.3416845920873456,0.5582815028345276,1.3941437474157894,0.8700153604927736,0
0.02204875375529225,-0.2775394378328373,0.6518615905522086,-0.7135605359317662,0.9474652270612495,0
1.1356025795915468,-0.585430739263421,1.075825155247428,0.26556702212155553,-0.10839660671893929,0
0.1498162593054916,-1.0849325334433242,0.11904672257048013,-2.1103114389357285,-0.6996073134541126,1
-1.8875117170071039,1.5227254193280404,1.3627585830900721,2.2383319640434967,-1.4189176785639577,0
1.3961631538355035,0.8686387204527496,-0.34390086612567483,-0.26808661693550034,-0.7190549307665863,0
0.8410847773034883,0.8537731744491018,-0.6336031215687729,-1.2005083611211498,1.2508041494928916,0
1.9969169231820019,-0.4260439293496468,0.2542085294791179,0.6239825584559998,2.2835665772734224,0
0.08564317828114121,0.39677075327006034,0.034049097243245764,1.0982320619704624,0.5436725839719618,0
-0.12380599521496802,-0.10619739664839103,-2.7174841441199584,0.6288299320061156,0.3909609637097247,1
-2.393900129050387,0.6176117623555272,-0.41701441164079917,0.5547569377138125,0.33841588969827147,0
0.7844967779721225,0.35292457378366826,-0.5426872090862032,1.5493107408703688,0.759254539755729,1
-0.19691203834584636,-0.9386464808144656,-0.11025590047959305,-1.3426170780867683,0.8821038250928176,0
0.6732263263108456,-1.4361444580740461,0.006649103018448011,0.31585675809531477,2.3383701339797063,0
-0.5244722286899127,0.09781189043685388,-0.5020479992148511,-1.05176739707654,-1.2368594089310905,0
1.2252938900694168,0.3556997200739785,-0.6129677557718031,-0.4459349396588138,1.3016886411167443,0
-0.8270199800379976,-1.5175885305125956,1.2853762746328987,-1.3745558985858364,-0.7938862583093249,0
-1.4895821206216517,-2.110350485935692,-0.4340072071201434,0.9860730026039468,-0.25785256275223745,0
-0.5891955583231782,-0.17703367436828238,-0.33957903292245667,0.02787749559541498,-0.27844549608451435,0
-0.8090165464358858,1.06121228031734,-0.3350970389670213,-0.2329690606062171,-0.037000473839317836,0
-0.9778254765543256,-0.5389650281487872,0.11664044731881433,-0.4877570262562468,0.2450420498411509,0
0.1656073067692592,-0.37502277069969747,-0.19673770434745302,-1.0019490877606698,-1.4536114231087842,1
-0.9509752949648426,2.4573047350748074,-1.7574368927054118,-0.8011943459375294,-1.4723018727923827,0
-1.5230184524354666,0.3392076773451563,0.8647817755472942,0.9400383710956113,-0.057745526911280154,0
-1.489347765801978,-1.0826196860878807,-0.2931803854716936,-2.0233481007431404,-1.761419675553265,0
-0.9448957072090125,0.6186987904402486,1.7683200539730906,0.8550331227872825,-0.6573240785134933,0
-0.10545991983143319,0.8868801641619615,-1.3701808248883947,0.3855402135013499,-0.3361846183784348,0
0.2585836153920059,-1.8792703260386128,-0.4976130680162701,-0.21682224566844807,0.9915553444226367,0
1.5270215435053545,-1.4152509303983352,1.3363606103164833,0.6018689454900232,-0.5736434227382219,0
-0.08074094129118498,0.34366408803336035,1.099823942708599,1.1574030998606561,1.502494448994435,1
0.007886794336761135,-1.1414334289472372,-0.05351973069815267,-0.0626752074464131,-0.2912098941144821,0
1.3654018596854274,-0.847612611673427,-1.2780751503198973,-0.4615181644247288,1.7381034692716424,0
1.4337965686412901,-0.5042204995682555,0.43049301308954474,2.261327757803538,-0.08019186807831458,0
1.9385962532232874,1.8364030270692373,-0.5464655388808447,0.17113430165823276,-1.108543401346632,1
0.9501508484544369,0.7616069707191704,0.5199805959994679,1.2326377213109398,0.15492960298525008,0
-0.04228620112230322,-0.4511864343597832,-0.10920326880343095,-0.19690336274828474,-0.2160082245679362,0
1.3610052954586498,0.9677188848998789,-0.44886571229999717,-1.24150984458182,1.0938964749558233,1
2.090706535126335,-0.4025894201387543,-0.9754756365496198,0.3431226687285232,0.25734525728150526,0
-0.3485383329092307,0.22857219317694066,-0.13701773839853268,-1.4830589941852428,-0.505942640087165,0
-1.1533933906989957,-1.6216969098343603,-0.947401695731449,0.3686304039546987,-0.8371413558719748,0
-0.4720640631547141,0.7266415059626936,1.0883947717046922,-0.29277567272447114,0.010187104487351464,0
-0.01223101333827788,0.48755138553954525,0.5044015501718204,-1.7448082428483291,0.6955451973865291,0
-0.077202577158063,-0.17502454325227151,-1.8969717716957886,3.0868949716550116,-0.6654270800363684,0
0.6286122820614828,0.8570816208249447,-0.6716546902200363,1.157526208385031,1.1925838493214813,0
-1.5413124123890056,-0.7888117215088678,0.47322630961195805,-1.299947366471056,1.2737218580016456,0
-0.5463885545090953,-1.0926482009211156,3.105494270398641,-0.028182662332223073,0.20736929545975566,1
-0.29550552635871513,0.7733945446034121,-1.1371424968054042,0.2695904710049472,-0.3351369221121288,0
-1.2312973167635617,0.7773805132905413,1.4932222811948996,0.3775527637801467,-0.5100097002533548,0
0.88273247980661,0.5996132467061019,-0.8921623587363813,1.1022927383048813,0.16342044456514404,0
-2.0408435121052344,0.9525342389989389,1.1783172838033114,-0.19776919953298863,0.5832399737776319,0
0.760486508849565,-0.12386998254703806,2.3505145033228603,-1.031740596051556,-1.054331334519391,0
-0.11738560591454188,-0.30579340628596313,-0.8778120963531331,-0.7972100888445445,1.3337391860029892,0
0.1042361348159819,1.426371232638388,0.1861974606222556,-0.6347334214281117,0.028398416964159224,0
1.6120887062210738,-0.1192596766687123,0.33664953059256203,1.3484952992272357,-1.3858527631822413,0
-0.6236638605802671,-0.7042804801873929,0.6062768223601501,-0.6941879041279834,0.375125692885016,0
-0.6696380638908284,2.5675897562230667,-0.4403252180959952,-0.06670816257222098,-0.2877265282251229,0
-0.7335930962655609,-0.10997600748282862,0.6810496388729556,-1.1323015359476087,1.3159394715712898,0
0.05954297933676715,1.2840944534001293,-1.6797779657596785,1.3432262108412296,-0.2797807621476503,0
-0.08167261216331753,-1.3721867279792765,-1.7826844708610319,-1.7812840004212491,0.011786668542066241,0
-1.3619057439092677,0.150226206308452,0.50275464376073,1.2595130741655647,-0.39017224501163,1
1.9577713291686392,0.371379661509243,-1.6813733492655345,0.6197604800809386,-0.45847350627354905,1
0.6056346913471797,-1.9696706702409617,-0.11605544227140618,0.004062509248417636,-0.6095185313092287,0
-0.7694942203135482,0.711598907604076,0.8198202944694948,-1.3108247202089287,0.5880495576457881,0
-0.4528139643508409,0.6353794170529065,0.6245566623094568,1.3227911668486716,-0.39651019843367324,0
0.8692466480769862,-1.8656406467703972,-1.1116232217208957,1.099202506342002,-0.21522259092861157,0
0.6378430299568449,-1.0719102955518967,0.019727223822519596,-0.6454125021634366,-2.3653859020545167,0
0.46084108956999337,0.3119043495509705,-0.5688146695953171,0.6956811905951723,-0.592880387775704,0
0.888134704672067,0.6689417073767119,0.8347438445897679,0.7805711425218145,0.8848965736697345,0
0.56866406875185,-1.217365134171074,1.814149826405391,1.141695137182658,-0.4448413385886508,1
2.379312098536625,-0.16642250861690952,-0.05647409131011859,0.6404538610111234,1.0591682962253894,0
-1.3888320766316622,-0.38274702601763816,0.18282481346915794,0.11286077178996602,-1.4904264239872433,0
-0.853780860013305,-0.6846726125610795,-0.09476765029799195,-1.5431883106204303,0.4489002562803056,0
-0.6005753018295165,1.6999781761046242,-0.3496413864592633,-1.5502335780100187,1.413317392843929,1
-0.6768751797953972,-0.07674996127848452,1.2786503645732243,-0.1968165822936287,-0.5018906181676862,0
-1.3249730625909957,0.605295631728154,-1.8115532274996244,-1.0366886871132532,1.7387325418054613,0
-1.066514228504464,-0.7717299787693539,-1.1666713095881842,-0.47175102472633107,1.3833010706876485,0
1.117235885366109,0.1689552220941874,0.2681997103922032,2.109990504651526,0.21656365635762603,0
0.34428448695708536,0.16430827691158012,0.39817202857473033,0.09705209583014784,-1.6182655095778309,1
-0.16699390896215352,-0.8891685946008813,1.0780379155682054,-0.5653638042160982,-2.260681913945207,1
1.22147101047955,-0.13218515188513563,-2.307220636390535,0.3496097935479905,-0.48940911413546256,0
-1.7850941104070475,1.0092804152682717,0.9119445624540664,-0.8795059905558408,0.4160065663341639,0
0.3252699665547392,-0.4115496174092511,-0.22236388976943636,-1.4675420858486607,0.15223116904991224,0
0.3648074303618744,0.7652890877770007,-1.0814949581489048,0.587537547473341,0.0718476374601499,0
-0.48389817238318583,0.8537429802898397,-2.110862183255737,0.9094012335032896,0.6179736263532634,0
0.7222957960746175,-0.34564941126226606,-0.3598614002975141,0.5207417301501591,-1.5582150635358356,0
1.2209666924899174,1.086542996456633,-0.511012901436493,-1.4707752470733066,1.1366482468394281,0
0.7186831865216634,-1.8954057841347314,-1.6728412585314643,0.8912521034993123,0.7301288183973974,0
-1.495615076002345,-0.9459977427775144,-0.5613778880739153,-0.5147340562103592,1.5111005946556815,0
-1.8076905484768904,1.2751714044675686,0.015984369324918042,-0.12506282035175126,-0.7855483235741039,0
2.159244983670331,0.381137267613929,-0.4798533815334103,-1.1114675885691305,1.6630537373338625,0
1.0498041677523897,-0.3868206018418554,0.750145895609434,0.910492756535322,0.43635163275462385,0
0.6505987871939919,0.381207823510088,-1.039214064234541,-0.7134233423252653,0.9688724004775239,0
-1.000560098447599,-0.8533759705345629,0.26576734081097814,-0.4687681661530875,-0.988074343435722,0
0.568281550077316,0.46969684329426964,-0.1180613067838292,0.7215626995659342,0.5892501392824002,0
0.3008384533240013,1.251838954982899,-1.8456924195018436,-0.7502976792471139,-0.400690939622665,0
0.6768307883607554,-0.009787179520775144,-0.24445637873122997,0.40761499442509985,1.1743837994410324,0
0.539746099516491,-1.032537282264923,-0.46870041137557034,1.5470875213465587,0.08225269937517407,0
-3.1361497819004924,0.21045907514946577,-0.0676467828334765,0.3011394592847662,-1.3949653018976933,0
1.483488277484035,-3.20191444424686,-1.609256001770564,0.11191635461838816,-0.26575009877418915,0
-0.8941307997246782,-0.3413804508797656,0.18919358243356,-0.9909532109638248,-0.08386513319276921,0
-0.770910184836718,-0.7583813146759162,2.057914059663586,0.36966889958943266,-0.36165501980460585,1
0.47084430481887896,-0.630199793952862,-0.574250381874925,0.4380805863787234,1.4879667608489755,0
0.8265868760718253,0.3005335516324913,-0.07351364808218412,-0.3683951027794866,0.11203011709893741,0
0.0920050634661949,-0.1537230622138143,0.026080320522918945,0.5446747451998356,-0.7745701038267134,1
0.03762617475870342,0.4130785885897357,0.3465903829678266,1.3777761665684076,0.4597436212808483,0
1.6281141559227919,-0.3214116303395124,-0.39160851193507673,-1.7865292626478424,-0.6347602373689114,0
0.3891218561771083,-0.27931140458952664,1.5782248295142647,-0.37703594613751273,-0.1801122330336028,0
0.1030558631208007,1.2110443921004963,0.16891048081626636,1.3937727547570864,1.682993863671024,1
-0.158466575239955,0.7038296268858593,-0.3545184840576537,0.32953938404539757,-1.0006746101446715,0
-1.0171056078944096,-0.9864703277559558,-0.6529963594992304,-1.0939965992983662,-0.8526661489720504,0
-0.7458222841622895,-0.9355677273279135,0.68501610051166,-1.926503172098913,-0.2057689262669982,0
0.20890832192556105,1.4567686045217199,0.9669569367399092,1.4202111425835875,-0.9196145256266692,1
1.634464663074413,-0.6701045887244368,0.736279318986638,1.613267752167364,-0.035828210344749,0
0.8658220019170789,0.38258471533237826,-1.232891283849891,-0.5383924864759814,-1.7434005282326903,1
-0.5030234244716791,-0.06171626488783552,1.3675655128368491,0.4174074783047491,-0.6377204063822509,1
0.4081094758934723,-1.772136672013374,0.41954460317278786,0.14537406240566803,-0.37569014889162866,0
-0.31580465969068483,1.2249686327171365,0.9690420530881564,0.49474403315891763,-0.9616898580104054,0
0.6854919201229598,-0.3918455691995245,1.3496001229363657,0.24351860707517273,-0.14505092077851528,1
0.7090104902205914,-1.585570584724729,2.043889663071895,0.5780260560025985,-0.7970040457842277,0
0.077731991215133,-0.8351981122682481,0.036821944212038264,-0.5640468742127167,-1.3370444016749803,0
2.554155580687377,-0.37440931632527885,0.42417782835828427,-0.7356768382951545,0.04788118825078593,0
2.92363970978759,1.0230310139093568,0.9676726991419717,-0.926153637013715,0.5685062407631778,1
-0.47699421332732855,0.6056458036193823,0.024198801202399672,0.39891113020115915,0.17756053949457382,0
-1.2012774404694604,1.0388237441696069,2.0954592617963232,-0.6916870651569973,0.5654745652886717,0
-0.9171038197995565,-1.5307068431252635,0.9920737519534797,-0.12263651278912405,-0.15305219446490353,0
0.8406234380242755,1.667854768106679,-0.5384134511067223,-0.15521292993497057,-2.243150419379029,0
-0.9491760266137803,-1.4366641651681575,1.7257339049454854,0.18850373821948302,-0.47519811379090504,0
-2.4543288719955303,0.4324973357346672,-0.4821275045919796,-0.19953553719291425,-0.8912019648894978,0
-0.6615984393741052,1.365999781680113,0.29334242852941483,0.3975273645402396,-0.5426952264298417,0
-0.6284065657131415,-0.4303093534113032,-0.8065221435234305,0.10470837695526433,1.324684741338018,0
1.9649561072980504,0.45260923137515197,-0.6010519396106739,-1.7546918858412757,-1.0212513326929278,1
0.0799174806822313,-0.017942172605800635,-0.5596386441737046,0.03656416080348652,-0.7174295428455847,0
-0.17767523826332587,-0.10237044192619517,0.8480193046668721,-1.699097468812639,0.2931260991458278,0
-0.719389673245531,1.3822128534055582,-0.04418332364961433,-0.05228729245711075,-0.8566339014491073,0
0.06029110267105624,0.9646362671291243,0.16863216544650741,-1.069822258499134,-2.0057411949297324,0
1.4353506996963847,-1.9046494246758803,-0.13012496451209407,2.5892267676161955,-0.8520599721646358,0
0.053631901028987336,-0.5796605387863425,-1.9309576805797082,-0.6333522581480524,1.283770488194817,1
0.9013349529385074,1.156525961838644,-0.16863055231475924,-2.400483182963632,-0.5046492552791825,0
-0.7540960493835096,1.2004643541727595,-0.7182927162935302,0.18243892897858366,-0.18377732983948078,0
-0.5412436384698722,2.3863846984334094,0.4138677640512515,1.492012990907147,0.21805481488810208,0
0.4509168372430259,0.26852742178975614,-0.31321409517829263,-1.2853716782382965,0.21578934997377788,0
0.5039722925006688,2.144602583581393,-1.1513557936594496,-1.5343463750250559,1.8540183686346225,1
-0.5765026322825294,1.2721288633187036,0.017632508775039038,1.0555505237015759,-2.5989373888298775,0
1.8725147240965003,0.619432242102357,0.196162254241452,-1.1515599564208119,0.2732284327992514,0
0.07940980125398973,1.3443536711127317,0.8512234539341421,0.1268537773360829,-1.2036097553822849,1
0.6666978757292588,-0.5150863263444194,0.5849030616033274,-0.32956345616462196,-1.645581728922083,0
-0.22158068005752146,0.10180895042789058,-1.0629847829577028,-1.3274865625411898,0.03462688509928713,0
-2.0322515828263987,0.5251662499337032,-0.9148850704846271,0.09647224333413638,-1.2700506179135003,0
0.875002683660482,1.2028819200508822,0.41102374922403273,-0.025338406902542084,0.5443066438330642,0
-0.8399150959793839,1.4391542261164836,-1.697251523554528,0.5696302002292902,0.15513491608167565,1
0.8483430043969978,0.34409743358681927,1.0715557045517987,1.0305082388995963,0.17564721519173518,0
0.49134849263404334,-0.23744060426059577,0.06974279416332334,-0.5928476309672362,0.15474966253096975,0
-0.34971370394402496,0.36387791871634145,-1.1611884508379045,-1.402068994118681,0.7761613478225889,0
0.20155244623216112,1.075260096258315,-0.03248855063737143,-0.09788971168748503,-0.8740322300018407,0
-2.850675952186743,0.263814958628912,0.5433697546507738,-0.7976831707834154,-1.2964621241402063,0
0.2193698186219431,-0.8778255875143345,-1.4464158391475803,-0.7212920609745486,-0.7997938232995523,0
-0.3840334000889817,0.48672536671797684,0.9426119792694037,-2.5426716678973857,1.4402152028940656,0
0.18877084692747914,0.4315523508777345,1.6171085885231622,1.8920732942562288,-0.33509497345083117,1
0.5544284407762755,0.399939325496073,0.8849101614686264,0.6347651507168421,0.9005319627552044,0
-1.4513300737585686,0.06477366198616197,0.6348824057606967,0.38606547833578714,1.837217240910447,0
0.04521773401779579,0.4833756297860882,-0.5735769668569686,-0.5237599755726607,0.7041527849206197,0
-0.1440119885263291,0.5915586658110401,-0.11313028923450631,1.6822139656414126,-1.0145535322450003,0
0.4337712483867177,0.4887047787907207,0.5545409033664589,0.7876287139442563,2.9605204103670357,0
1.9866329856744847,0.02393161847391173,1.7881202372080356,0.24549992680820143,0.4618263038189474,1
0.27089506737695745,-0.2408417023978032,-1.0659282512658765,1.3998009128131095,-0.47513287033303864,0
0.22966010254862249,-0.6397994060576383,-0.09453839489893909,-0.8063118372504944,0.21118444187820146,0
-2.00034807965957,1.1492312719407523,-0.23422958749217457,-0.5017100116584311,-0.5733706548911777,0
0.46590067589877626,-1.1623296756527153,-0.31943389945762407,0.6971562248366722,-0.13615969956022933,0
-0.9408661132437832,-0.028639981097106915,2.7809722520337896,1.4470357642660663,0.10863447647874896,1
0.11556113368655549,0.759986077415595,-2.425860535494176,1.8740507552941956,-1.5710822321650029,1
-1.484548826094177,-2.408972126981882,-0.04806114732142297,-1.6003983018668073,0.08421636033130868,0
-1.3935407421392856,-0.7819778425323695,-0.6166422829351221,0.8889261900687165,0.9276479115054227,0
-0.9942910496376541,0.47521557077031085,-0.5134066695323656,-0.48529997175943956,0.14088512648438978,0
0.10558838221643903,-1.5854216106466692,-0.463251970419693,1.7526906851932031,-0.2632150171581602,0
0.2614870953071985,0.3458538401364963,-0.3955728876774854,-0.16730635397538463,-0.02068462177726642,0
-1.3286190479057374,0.130905785662247,-0.8819371501783332,0.18216481649447308,0.22907393478455035,0
-0.845819658681421,0.7085370229118588,0.3132844732562364,1.1389295881165074,-0.9920080531494508,0
1.0903630268315196,0.8556222531305044,-0.3548216922709796,-1.7515398849061619,-0.023736693996027982,0
-0.7242717822878347,-0.9137060836462649,0.4291098555577596,1.8765983396999533,0.12899056163929798,0
0.987886600099936,3.1384002967622915,1.2433871125391136,-0.9721450670919047,-0.5275523416205102,1
-0.7929543291299146,0.20889622018620146,0.5208270653474264,0.0778969907880596,1.3797589778465764,0
1.6260161842958039,-0.11490578113905849,-0.3115459997158749,0.6084755546723948,1.0705192523572211,0
0.5631577790624245,1.3081738143327897,0.354860034060468,0.8369817041834269,-0.40073950138255365,0
0.8354927599819664,1.0805806147366463,-1.208259598895889,0.6016118557801496,0.9654142416949856,0
-0.39914806817918363,-0.04937905868594795,-1.063575057448968,-0.010242938788505056,1.470526689911273,1
0.7276174093913936,2.002985587621976,0.00031675985099493024,-0.8287672373262079,0.43078688575589885,0
-0.6684758933891097,-0.5217612370542041,1.1611336080706818,0.31917097657320753,1.5425854274449782,0
-0.9710998700898958,1.0914747045820585,-0.021332272963460356,0.09812117156115523,0.38069462845224306,0
0.2530987435702516,-1.7729528669646082,0.7444217210178024,1.210582487583053,-1.1326175571618584,0
1.6322441497453108,1.0435643517329443,0.23819824168900056,-1.526205105756726,1.2627476856958284,1
-0.7276298217707278,-0.16383864983161187,2.7332045902086417,0.44000888626087,-0.9522433810141994,1
0.9758063707754846,-0.6284578906975065,-0.14487529176022715,-1.437979225778117,-0.32119964816947616,0
-1.250795145400202,0.20866830733647762,-0.4505407994779248,-0.6438903436281866,-0.6731683594966118,0
0.9037207604725677,1.249829244039202,0.43100897095233265,0.44733619894904436,0.2435939408640275,1
-0.15361153771481897,0.883687403742242,2.7669595572798222,0.6984854530042178,-0.38633469071509013,1
0.6088857883703858,-0.4924485168042349,-1.3108512901137048,1.6535341028172916,-0.3177330300598473,1
0.14054956492079368,-0.19812544820512748,1.565541156057744,-0.33374917413275346,0.5681949207329016,1
0.1328830265671355,1.676981667511342,-0.06014640399821242,0.9320259595527489,1.1800826748369952,0
0.3460902302707605,0.24272187430015016,0.20378485027946416,1.4190439862656092,-0.25025477770236654,0
-1.0470745187290984,0.5647579000831401,-1.0963225027760435,-0.038808740108432785,0.4982355715720417,0
-1.0214521303470476,0.3245225449458508,0.5718811370244062,0.8302186688379786,0.6527105162896212,0
1.6121338062174948,0.15950788253731682,1.9270355070349494,0.8732973824659555,1.0624037593012088,1
0.5298397407906316,0.6025088932361301,-0.5284149414692547,-0.15441547666734015,-1.5943081880153203,0
-0.2146597551429788,0.33323753504692283,-0.7303003411111293,0.1373628780806893,-0.18686480814413012,1
1.0471686266481128,-1.890926706449486,0.30538665104317547,-1.0287414345166872,0.33186194217854037,0
-0.3190076970946789,-0.215343467960864,-0.5653921652458024,-0.21771728369483226,0.3701776804029162,0
0.08841727126946629,-0.09048691149874752,-0.48999263545266075,0.020474209651308646,0.12361443303817019,0
1.3500600715539783,-1.4447332074745718,0.1028052344418642,-0.6243522077754377,2.0822387299725955,0
2.2081987467117226,-0.357044602836216,0.9895679728812498,-1.6759874070889544,1.5235895641847526,0
-0.5461964102826816,-1.1467406837351597,-0.3416103901755537,0.34210329436514214,-0.922670354055614,0
-1.3815355092442427,1.0825894265296205,-0.5121780242505278,1.9449188973301628,-0.8028130636034432,1
-0.3639038309027662,0.7964601860068476,-0.35604888859421596,-0.6230708392412648,0.5174422965414434,0
0.6112910873358354,1.1053622588483105,0.17753572455437608,-2.183553560494336,0.35318560121079984,1
1.188314714240285,-0.9598064650307526,1.1867359138394022,-0.633067582884268,0.04082796622629882,0
-0.37327226185896295,-0.8387104119464274,-0.7687014951525114,0.816333687114481,1.1329599691123213,0
-0.5010821885681296,-1.8576770577177515,-0.35382197057161924,1.1829477688931125,0.41058029350450403,0
-0.27027934429133293,-0.059880628340778785,-0.9764552627169594,1.0820143368644508,1.0800903219177374,1
1.567872122709042,0.3969940023504812,0.44431371520920665,0.7392950257068116,0.13390408678218724,0
-0.0016446050783744048,0.022322607904482168,-0.9835918888035107,0.17572765346923935,0.77239527506487,0
-2.436441775965715,1.548221887696823,-1.5655895347589273,-0.5243769118232855,-0.5179231011649414,0
-0.798630957970743,0.5019508095354138,0.6090860383467783,-0.23080943720924244,-0.9409758774108733,0
-0.5823598071109163,1.8733714435160458,0.3394016453119742,1.9211722079704285,0.3751754011350766,0
1.3603543130421172,-1.1436343306089112,-0.1382054529020883,0.5994425387673114,1.7766880546910075,0
0.5886755510271514,-0.0977704657303391,-0.30048030122098046,1.6162840709583357,0.26385884702458595,1
-0.49313196284288396,0.32237921109899503,-0.3616016596269414,0.048509861332069526,0.4846632144396336,0
1.0672738698052322,-0.3253065172670189,-0.1193011536499354,-2.9960091249376863,-1.0130470336124342,0
1.1168382240352983,-0.42719767007723863,0.4656262775486116,-0.5590299316170404,0.1794220238029085,0
1.0533994150854225,-1.1611942817850331,0.7476504781135634,0.5697667911385722,-1.1626537352625181,0
-0.23450751951587062,-0.5790845819807615,2.43991534150996,0.5961268443559695,0.04928198076866872,0
-0.6589951432015753,-1.0525842670214811,-1.001847344042539,0.38293812865602234,-1.2806796091331731,0
0.07429148817020807,-0.8130457644547086,-0.18404510404049484,0.3830509049630591,0.2992483681294187,0
-0.6362331468131686,-2.1081577383237975,-0.7190962468542562,-0.7609555645369634,-0.6299016741317712,0
-0.5465162735739391,2.357879945060712,1.7862894769878797,0.7238246073638952,0.7201798900968333,0
-1.529515402627686,-0.5259518590542007,1.7351678609905123,-0.01865572985364624,0.5248101030421285,0
0.7076898797786385,-0.12181294215227649,1.0036333242613054,-0.08983892062700187,0.510984601949985,0
1.8318684322107646,-0.9531403740002375,0.9965668145442552,-1.0855858152095776,-0.12256572010253347,0
-1.6130163150908687,0.10093346938534127,0.8764420308298084,-1.6359142638005866,-0.7364930070861703,1
-0.3044018362542142,-0.08031231091393969,-0.8453292905697637,1.6437862800029162,-0.5603957194622828,0
-1.1858747286669886,0.04815457646860399,0.2567318930845427,1.1608643050272354,-0.060904142787782736,0
0.07358953225634147,0.1446336556431552,0.6581127035669998,0.1290733257043838,0.5062481875660657,1
-1.3550752282288374,1.4584293173900904,-0.7844090704777729,0.7145562833457738,1.0559682690468557,0
-0.5751348209308942,-0.6158243447177596,1.1943562578621825,1.3963435369169264,0.8839492725685473,0
0.0414160397132905,-0.6103160167179583,1.0982726590864023,0.7659168922821589,0.5444094478038153,0
1.075598991726707,0.056411466793613245,-0.4311369577438118,-0.3603530803917146,1.7257715063431884,0
-0.20256044713210022,1.3145758756058468,0.49111545321002126,0.3573310351365012,0.5981692260632193,1
-0.5938834312455414,0.160903466863827,-0.21938600796462587,-1.0996296657801308,0.4363412240562482,0
-1.7753078907669555,0.5176118877127504,0.4492135987373622,0.267095070049295,1.1400367863205094,0
0.30042021433802896,0.4807997414486353,0.2304985298534692,1.8172185312887552,-0.2710300380083089,1
-0.14572875736386623,-0.5241256738049841,0.6530518747344813,-0.5047855747395581,0.1590233304451824,0
1.450823044732724,0.618187592235177,0.8078584437819488,-0.25220888181550577,-1.532670267766528,0
0.3278182070449951,-3.4164704479796524,1.0269227881245082,-1.0316851777358773,-1.8294304323961175,0
0.38914814604330605,0.4693469510978989,-0.3364289680466794,0.5560905464139224,1.565463653429368,0
0.25873180374851096,0.20813916721439726,-0.12120023269265641,0.3680629068242525,0.540314608654369,0
-0.04564225807565258,-2.9495210381039256,0.015747662796438164,0.5216459047891167,0.5942201423688369,0
-0.7069110194931305,-2.2925118959752497,0.051752578852685374,-0.8505767987671575,0.2537547485893629,0
0.2883795529003693,-0.4914878208358271,0.743337325052212,1.3143619299634364,0.2630828575015031,0
-0.9922214055700115,0.046983846885342725,-1.1087262950062278,-0.802696500792218,-0.5111162851287959,0
0.2865017697804426,-0.36550367651532195,0.7177381011526105,0.7821746088391964,-0.7441785412220886,0
-0.5933645194955824,0.8580510899672364,0.3418539765354573,-0.5229103259175694,0.652313273942003,0
0.4434638640725754,-0.129288994610064,1.1566026524147623,-1.692757435249411,0.053516274139924075,0
-0.42211242654156456,1.8761215897653425,0.7642347143041183,-0.11335042366338498,-1.9121673486206991,0
-0.5532586947684117,0.7152370537206814,0.20355371362219296,-1.0023731484759697,0.4852267186992454,0
-0.9800752108783445,1.2375371640979904,0.3365408927797953,1.8453424720833564,-0.2482698476310645,0
-0.5086496839491524,0.7673367846286656,-1.3264453517207904,1.2392985153791236,0.6888162960517162,0
2.3230294717558335,0.4510034152017877,-0.8893676509502446,-0.3527829183483921,0.27136327344216754,1
-0.9023225102727334,-0.7398566248815107,-1.3707967988979182,-0.8245276516092986,-0.7411736414121826,0
1.1227565451813348,-0.662835517683149,-1.3018632039698,-0.22305723566442348,0.006417236812374149,0
-0.7209727502608466,1.340595457584158,-1.681235573932019,-0.888414672159637,-1.1013453568570242,0
1.0802959059653103,0.011507383909756332,-0.05563342183643125,0.660911226346338,-0.46843192312069454,0
-1.6041014069643156,-0.44864415124674606,-0.14004248420060658,1.0564753071561575,-1.9131355194609994,0
1.2886827543411783,2.010398101780329,0.14389112908696217,-1.9885015325971553,-0.5376122290442366,0
0.09754618423871232,-1.8576515085096288,0.34128096045209594,-1.9506298586419697,-0.6914891367960381,0
-2.944458532804858,1.2125914340691621,0.8347667353889655,-0.8744018782215061,0.2891298467904233,0
1.4210048588408632,-2.4180647174543424,1.0458982090230038,-0.24418474198153228,-0.48295310152023285,0
0.21079421418692237,-0.6543652377013572,1.1735582562601319,-1.7850716953860186,0.08567464118243477,1
1.5568020668069267,-1.0664672437196026,2.805831217935876,1.5468379994474921,-0.25770616796509277,1
1.2432366771598955,-0.6897529984402946,-0.6201883005785568,-1.3115519863677256,0.8098728426294158,0
2.2503880525843907,0.7251201230011608,-2.2810908564911667,-1.3086932294563163,-0.3146822540082664,1
-1.16926644600638,-0.9781227905109009,-1.4591049937458156,0.3300211796177282,-0.7828760531092452,0
0.1289442533401419,-0.4509089606807805,0.7713845413530728,0.6337784731964623,0.03139259109642104,0
1.240994679628309,-0.9564256551952672,-1.70508434517257,-1.0262655419684121,1.2163293498689252,0
-1.6550746273135364,0.4883657891730051,0.4717655322013479,1.0596675941706102,0.4690696394367183,0
2.055101056024292,-0.5333420925557205,-0.38610175841993305,0.08728047927689343,-0.17731629194250656,0
-0.4048630659026482,-0.09118526709671469,0.28413360810518634,0.46398887033073705,-0.6853898969903344,0
-1.5895352955254078,-1.2186017709949761,0.23872820827328156,0.6285341953964589,-0.8843562621289999,0
-0.33067270473592364,-0.06792499852999716,-0.8304025432076307,-0.9989743720693479,-0.332179937438365,0
0.11863758804113807,1.7518854325816335,0.37259267770857873,-1.3368945255876108,0.7835398084713279,0
-0.9894392939497979,0.05502928471089105,-0.11230594270189298,-1.4991278573129174,0.13646460802452037,0
0.715195864001207,-0.18827590659907936,-0.3381409075651713,-0.23109942872032257,-1.0190532022058583,1
1.541426554703609,1.2637451074493091,0.9442687870817107,1.6683634959184133,0.7759997190771885,1
2.0816954187538252,1.3485397932250642,0.8032046763472295,-0.7338412934506578,0.5446668771682518,1
1.489219742646256,-0.7799826156496739,-0.018232653463851434,-2.151260446435157,0.24417092483059633,0
-0.7225514754182661,1.120980745017716,-0.892961957576607,0.1944152487954521,-0.2713353983514532,0
-0.8777526414884134,-0.4556307673299973,2.1303758083378677,-0.990063694028438,-1.3047472755451155,1
-0.7487073610173794,0.5981520738764934,1.0982345109245588,-0.26498055691714045,-1.9121792626188896,1
-1.2539551480893805,1.7089467066664854,-0.3911335147847194,0.9275661433768744,0.8822012992086479,0
0.12315708257251352,0.28965248764296747,1.5282050696807707,-3.5728363386428232,0.9005486123423992,0
1.026376284497622,-2.0162442691263704,0.14223121113277393,-0.5783279532919358,1.1256407942742186,0
0.15266120024581203,1.4154186133888542,-1.6373043470289088,-0.7732552931100238,0.01864088471164602,0
1.0820796839070064,0.5684682039253767,0.7774156053494351,0.9371209867091281,-0.7562516148078984,0
0.8958785668470121,-0.1768696304346908,-1.2970846956848994,1.3890967609760625,0.2878426249198563,1
-1.108486902270412,2.4135194016389185,-0.5256623696829721,-0.8783552986900901,0.41258831648258465,0
1.5212385927658314,2.499571300685621,0.9615544962270745,1.4758259401616851,0.9911694652481294,1
-2.0190682833108644,0.31245060956562337,1.0103696460010982,-0.4232571257703571,0.6087913111790839,0
-0.5807985440690272,0.36439950230318785,2.0430187506008677,-0.35986186292813616,0.17907499073404892,0
1.4004708296685533,1.6926207263825934,1.2006558504890823,0.420850100303955,0.2830701868365443,1
2.2917059090122383,-1.256071247716433,-0.29929824078359857,0.6538060319655185,0.1761717486732359,0
-0.3144424779989045,-0.4589330680820598,1.57726421663726,0.36434358262176686,0.105954249376963,0
0.9812215292367116,0.5763231069100508,0.2462305930895927,-1.7565082743621026,-0.6211913477287901,0
-0.5694247624717862,-0.7075723907963617,-1.1154957882780274,-1.0155976095974841,-0.31447794679331276,0
-0.2875072688120432,0.01829557436051289,-0.7871284617775356,-0.13333148601253006,1.395850126710744,0
0.07943503543621998,-0.8862445185248147,-0.23490348884720078,-0.9736908175173637,1.8918316736647363,0
-1.340413044428125,2.0862049600799093,-0.48123623593974857,-2.1391271198167163,1.2102856208648274,0
0.0325668211952509,-0.07358589578256755,-0.2839295589818182,-0.19606227474884075,-0.17723850717634315,0
1.1904639032039224,-0.7065766027571045,1.2013870329330294,-0.16900615669275826,-0.6550525670096626,0
-0.5404388141751801,0.2797878658301485,-0.25608874151214633,1.16026488376533,-0.8890393114444499,0
0.21167200782851933,0.29968050893573855,-2.514993731059574,-1.724631757939106,0.2161372710557191,1
-1.1808406066057537,1.060401866244591,0.10471275192176663,-0.6668228690974041,-1.0332907851678017,0
-0.51838426475171,0.19494096248739332,0.03617489608609296,1.2239339723201579,-0.47984873077329204,1
0.01421126802375458,0.26748215901082134,0.5418195770536541,1.3114308272393072,1.1793939244973317,0
1.0987015524387966,0.8878795621911539,-0.39255732011712746,-0.6932302887245262,0.32624289781650073,1
-1.891504727178765,0.4739647523020058,0.4742049641510672,0.16200260458776025,0.21469306201034632,0
-2.104034174148105,-0.5411140209193784,-0.10864670353382194,0.621352420336301,0.9975122945819365,0
-1.0852168001901379,0.6644868859866305,-0.39057320688072955,-1.21974250297223,0.3927498379684067,0
-0.5336119971528176,0.7572107457410109,-0.42612222117292886,-2.812181608603081,-0.3414497613650567,0
1.1076417760467117,0.11140798797759197,0.4619466722982665,0.6914077039990536,-0.4328033018005945,1
-1.0755315628916242,0.5451143118268701,-0.772485441004838,-0.02039569529788727,0.77415249340598,0
0.947606896037974,-0.9028177741163094,1.63141885964794,-1.7325422978087581,0.3161206034111196,0
-0.33015064201472516,1.3636957470199291,-2.089348558095974,-0.8315957492846133,0.7787472694797175,1
0.4659746794622229,0.8319028676333591,-0.497400002670787,-0.6490700823131965,0.06750185258414176,0
-0.20103274304694563,-0.6244856762411244,0.6446243372135504,-0.9388330311268099,-0.7759997852664194,0
-0.02685813174800122,1.388328375547274,-1.4241137374021697,0.009311953743568285,-1.051742766136853,1
0.4241003826824102,0.3120401689356385,0.07504644186328616,-0.1762569708452202,-3.60935567685221,0
1.0049744408966728,0.6979682952416831,-0.1892972405185541,0.6054890679068345,-0.41687960795946827,0
-0.27597663141918155,0.26328129475976714,-1.7264623092121674,1.3582148904160378,0.17689206421948106,0
0.5948251560130398,-0.1324026321350243,0.8809944443031525,-0.6625057398413287,0.12156535145286958,0
0.7654994454144338,-0.5674991374169129,0.9098121932596469,-2.676611058385918,1.55700099281332,0
-1.8812925381209409,1.7327860503029437,-0.10248971660876117,0.2902228615805759,-0.28053287528679544,0
0.3705217962023831,-0.8074067657301179,-0.786183610783149,-0.8790481298554131,0.881947756264699,0
-1.6914361389846573,0.9912436839537734,1.7911988161621306,0.45467651285292215,1.9021247198970872,1
1.4171089921085642,-1.2720124713305068,-0.6582055692105389,-0.18981790581601435,1.214803406040079,0
-1.1225121952006993,-1.008653386734401,0.41480032019352736,1.4225221480705914,-1.8312952191516498,0
-0.21322144930322234,0.11852784692078987,-0.1658918859475145,0.5226906040480125,0.1281178248244274,0
-0.23029194554778887,-0.12146506384785252,1.205637175354449,-2.2245133021062267,-0.7826741457629297,0
-0.5793612888774886,0.9675839106876409,-0.4528139743086213,0.7733977265534202,-0.9845736475646356,0
-1.110239744119119,1.1630149267114391,0.09451328717227714,-1.1987757976362772,-0.9230221480375643,0
0.4251047577566974,-0.20227214900352727,0.23604019017449676,-0.17722152124375343,1.7051176769835334,0
-1.0579311352279497,-0.45656555692898343,-0.8315724750801267,1.6136956648999639,0.8276530300004925,1
0.13487622778390002,-0.16679660022950707,1.8046501084378712,0.23383873052294366,-0.2874170838801165,1
-0.9165088197168406,-3.074174960148089,0.873270567667849,-0.20956300686452137,-1.5561314264893007,0
0.34212286399596564,-1.718582002123844,-0.059381510284035995,-0.6505801467397392,0.2088675003430718,0
-0.7627273853127731,0.6300489944169944,-0.7046674327602387,0.3507830815098849,-1.7114112778989852,0
1.0507461356046814,0.18526398740855782,0.2943885774288337,1.7032089196988938,0.09921698155155867,0
-0.6297345192687623,-0.000780934502632305,-0.6163585399009082,0.7746005662371387,1.5908604739799168,1
0.9022340210709552,-0.2082180939311846,-0.8204517823328452,1.0819332581112924,-0.03177980537646904,0
-0.4539457950019306,0.33128311860947274,-1.0121210149457167,1.7462716830311158,0.3068028735862722,0
-0.5457904632032974,1.1511209491340337,-0.5614788120455277,0.0005521467207781154,0.9569575417796201,0
1.0309466103652052,0.2757929437129383,0.4709888693122865,-0.3934774330249823,-0.9028163938880309,0
1.8570279970594121,0.6591723625681151,1.0120171902478083,0.013255773184129658,0.3031651213653391,0
0.18678758732109785,0.06698679371302224,1.8907438567615227,-0.4408416216818998,-0.146842269969847,0
0.3061785373301456,-0.7397244661689278,0.9367638979715937,1.208205627613698,-1.323107855198833,0
-1.0855906897054515,-1.0883243463325447,-1.7180190985572257,0.2808119657601395,1.7952770319070575,1
-0.765581360700742,-0.4301082874329466,0.4762076741067876,-0.6581224326752559,-0.31797379750344984,1
-0.24007567337890737,0.3400938377805011,1.4652024393448082,0.1713109964957283,-0.34667454114503016,0
0.3129052607798828,0.32838479687853095,-0.7159045443694718,1.3174596095546571,-0.15888371878020555,0
-0.9016674386679631,-1.1690546415018408,0.5001363953525112,-0.5885552028566674,0.056273620548477246,0
0.41182417837647767,1.3282261749189899,1.6569630568702685,0.6229363405000296,-1.8294875614627064,0
1.8037594810440665,0.3820543062814254,-2.476191316169985,0.6995663104916106,0.2905298321822495,1
0.6105827252257782,-0.37257733253888703,1.1018451665343838,-0.6600012747421589,0.8417060498553233,0
-0.3410778199860811,-0.5109740892308237,-0.8980378288365645,0.7174221895357401,-0.8383380957004162,0
0.34977302550830747,-2.1594287716079896,0.8509875184265029,1.1012426668626987,0.45521146699627274,0
-0.44923436576012876,-0.871536740334437,-0.642759995307892,0.45221136137634244,0.4821569591868081,0
0.7242981784578594,1.381743672450149,-1.1190521051656084,-1.1563280739736361,-2.075011425837319,0
-1.3211100936449642,0.5527899314473876,-0.1366373600653341,-0.1999790685126863,-0.547015868575481,1
-0.33355833573948523,-0.11635731111545293,1.054855533795086,-0.1593763387008472,-0.035361086452949116,0
1.160618550104757,0.8842042487716816,0.6413241702991236,0.28348317786558747,-0.13128846098501923,0
-0.4394911031375303,-1.2067030297474208,-1.4004677531234881,0.3475609700348456,-1.716183027969137,0
-0.9529684418685053,0.595279498902594,-0.1524507504837129,0.017142250777255296,-0.5740684542584846,1
0.29512664191109833,-0.8762507231712767,-1.7190767426378715,0.6041751398203393,0.44351565336341175,0
-0.6370659107037132,-0.16268157943074632,1.7824246814663363,-1.2786539289701162,-1.493362971176121,0
-0.6859788425920266,-0.6157074774879959,-1.167570978792659,2.055944551927933,0.680620031450014,1
0.33953356681334673,-1.4620850143355462,-0.6796429252533362,-0.9210699494170411,-0.651541672889619,0
0.4398150625547137,0.35775815964869495,0.28963520120461517,1.6359335813527929,0.006497542488618636,1
0.8375957552615761,-0.16015625618431503,1.3595939507126376,-0.43914464623210003,0.8241732687593261,0
0.23224096661666258,0.6729882840545008,-0.9965230019244595,-0.6114979825120272,-0.47052658056205804,1
-1.286136191803248,1.6450643819212443,-0.5148947372836046,-0.9784923472823871,0.6672728554316709,0
0.7909752723721131,0.5710933242513886,0.375132448364723,-0.0983296875642718,-2.3358893171275317,0
2.904578997227087,-0.45362707005382347,0.22925940117346763,-0.3034631665932146,-0.9121050962509077,0
-0.5926633231226588,0.034705108512382135,0.9824194441211527,-0.07681803282951187,0.8506917579330742,0
0.9717115430495575,-2.591111431258475,-0.12624587978848584,0.9305166122210415,1.0071757931984837,0
0.15697445432595808,-0.7081386074021884,0.03321235742732271,-0.5370049512220493,-0.8461581849905805,0
0.3966203583049647,0.2581532905681705,0.5237156996244368,-0.21080345114245205,-0.15589725224438894,0
-0.36300121975917665,0.48674191040627424,2.371447968151837,-0.8337989396871932,-0.1766250512548339,0
0.9094303379938671,2.0157306566842332,-0.023316002442522656,-1.8433166188512449,-0.18267183718427485,1
0.7806357742263449,0.25647655465501284,0.7611225238513275,-2.0788588122584057,-0.9511738280817035,0
-0.5146029867709988,-1.7817647631886768,1.7419106734618686,-0.1623400595567119,0.23062021017347797,0
0.8285127098095836,0.36060630410074446,-0.455195071673744,-1.114732997921359,-0.7391612582180013,1
-0.6084219656843778,-0.27594491040620356,-1.0261412203975784,-0.23679398457471296,0.576103334095799,1
0.3366302387217867,-1.216072703642646,-2.5199266364477086,1.02622046914638,0.8961180060819807,1
0.3343434321851688,-0.44920922537099456,1.0916694590911096,1.2221390867590531,-0.045250865769896856,0
-0.7535803033136199,0.8115224203507716,0.34658669991021473,0.7439052647208649,1.3804345238108917,0
-0.9681359337294378,1.3289393141362387,0.9566656266851168,0.9097003156731247,-0.21912675030849824,0
-2.4665112511247425,0.24547070481891858,0.33082484749950947,0.032775962940125324,-0.8238664397797333,0
-1.6179184210216333,-0.42080860673745657,0.32636605969666543,-1.7686670961222213,2.311901536298236,0
-0.5235648208383988,0.9938893737638284,0.8037221957230348,0.08465208824763527,-0.10007737843068144,1
-0.6853237914917872,0.643059616337941,-1.4089222112406243,0.4250916641386775,-1.2591255836692163,1
-0.004299952516672311,0.5845173563241125,-0.2068593211747119,-0.949474600246301,1.0126537120690668,0
0.31785542486935797,0.04351190671037141,0.699109675958264,1.6932835053623558,-0.5660726266456182,0
-2.671874265592907,-1.4595462354465036,0.11909267083273578,-0.8772619519665539,-1.166730392041676,1
0.6570280518999357,0.7798980794547846,-0.6226187669503309,-0.4116370797373339,-0.05337437883784357,0
-0.09071364674823744,0.23886406632215687,1.7955443412081036,0.44874551332943735,1.1078284294943996,0
0.330934678870812,1.3936106485135757,0.34153923063181496,-1.4481015451025938,-0.7318836166146128,0
-0.46377094255381135,1.039174329139007,-0.4486376648524003,-1.0272522449522563,1.1267599530765038,1
0.2838502708356224,0.5037313291511464,0.6620692055184308,0.37089163118349194,1.4674430817401662,1
-0.7488120651776539,1.216965580348623,-0.6557168367299065,0.18286231670651365,0.6164019901259759,0
2.138642116389835,-0.7383089134953383,-0.18150532229520167,0.4552019010207572,-1.102215620963481,1
0.3241597660691461,2.428833393522162,-1.1604078858029492,0.49169345036452444,-0.5077216443871903,1
1.1326665484592935,0.4728199480437053,1.3597826649687261,0.9676157033965581,1.4008910968210577,1
-2.15812229742219,0.4734873609239955,-1.5168958354299606,0.08247906597407713,-0.04604304628992931,0
0.05816613437114976,1.0857987488307623,-0.7303562560041253,-1.2668201734422597,-1.3772230679528275,1
-0.7084208832244333,-1.1892020447426659,-0.0502834177234587,-0.9450449720142279,-1.2233352794252828,0
2.5405361954587393,-0.23620094723675011,0.4622079146801187,-0.5739706575584843,1.0779552733220479,0
-1.9666391021579446,-0.4383107369127623,-0.7209973854470174,-0.3671496397802403,0.20520515539683254,0
2.4514074938834267,-0.17738260428377547,-0.1004826892581776,-0.2932185179155485,0.31670947218365453,0
-0.24058312443737334,-0.5614190797086127,0.12858736714823885,1.0180969030167235,0.3645144224590855,1
-1.686044234291458,0.8520696541755984,0.5898796648090648,-0.1434875088751397,1.0310289465490308,0
1.289958014936935,-0.8691432309382817,-0.2101132180555198,-1.295225132146557,-0.1381726591991597,0
-1.1828631856178333,-1.2449708969045605,-0.9923267129556559,-0.8732512017316776,-0.06268371053970823,0
-0.5521390863096381,1.0068708122405767,-1.2210169970246678,0.46410696828047915,-0.6698695659674021,0
0.10780857817382382,-1.5040596404894926,-0.3563730172450324,-0.28854651037107265,0.6740227953619867,0
-0.6502307339931973,0.32947865288527406,-1.5119253491425444,0.31975766665639954,-1.0667129702886666,0
0.41897943647430647,0.1454736979339826,-0.10859898888724052,-0.22198921964212545,1.5456969400227878,0
0.4689514864870667,-1.7753852710311986,1.2401975928379438,1.8739403287858556,-0.4745401196680014,0
-0.29443931420922015,-0.5921651844382653,-0.7865472164336158,-1.405582414378324,-0.6729545158554209,0
0.963914069662793,-0.22711079640679224,-0.08220096399499756,0.03151422110941145,-0.894712896794403,0
-0.5236391841338284,-1.287062090862797,-0.4330111087437206,-0.6344809087676321,-0.8527186541936268,0
1.3887558444370984,-1.0077687308647434,-0.517676581549686,0.4943316717663717,-0.7703633535659792,0
0.7940137641698566,-1.8607443092403813,-1.1407844751344494,-1.4612893224603702,0.6473500933972424,0
0.4897823701742917,1.4166164005909918,-0.529072254467453,1.852878619983909,0.9719928574433555,1
-0.7567948118119455,-1.2680588449466659,0.1792969077201312,-0.9081420909905705,-0.18607833605833818,0
0.649006719176249,1.0199875753458365,1.4998625490890671,-1.7438677409096315,1.7075202565519974,1
0.19775237159713135,-1.117707366383603,0.6393912391279727,-0.5279446811941109,-0.9183292378210638,0
-0.05912710043884732,-0.743250308555783,0.4513559585205597,0.4328108646531125,0.4488619554324923,0
0.5017379068895746,0.6895055559763403,0.33344641548639165,0.25329131481467165,-0.5119125242500981,0
-0.8753900737558967,0.23183779603246146,0.5579415840174071,-2.0773818516365083,-1.0779805657318577,0
0.23889822285645243,1.0189353271776616,-0.8157543697800584,0.6985993861954714,2.3226427681171433,0
-0.28143094760976545,1.5973734150681558,-0.1951958199333711,0.814674281003652,-0.9336515112418925,0
-1.2601254158081938,0.08514691988910279,0.27293167676832414,0.686782953369738,-0.7921621076640493,0
-1.0033526317083894,0.6871760608164893,1.3441921581081422,-0.42227271587267917,-0.2119202875371037,0
2.776626020533407,0.40820654622110036,0.5973735087711732,-0.6343847380082859,1.029652335461038,0
0.6828295884233451,-0.012032070653993993,-0.4301888916400987,-1.2903952725024375,0.002508224791472621,0
1.1446393601877294,-0.38315461236923043,-1.225478415123467,0.6235307203663781,-1.1935133011492232,0
-2.5564101298132638,0.22457807296261653,0.5943793676349405,1.697255989782542,1.722364648254658,1
-0.3305310589909593,-1.6384641155624342,-1.1674987502635394,-0.7753172422822149,0.5796812131339747,0
0.4276596417803935,-0.16173275616415747,0.9089089970144504,0.5244986476526489,-0.10027100584146763,0
-1.3980486358810578,0.24264061637593984,-0.495194516032205,-0.7031823711053004,-0.24943617925267564,0
-0.5128090441699839,-1.273244274784339,0.429295178772655,-0.038877969253620984,-0.3866465414541812,0
-0.1105006203579591,1.1320112040583579,-1.3232035082367344,-0.5573616640513428,1.431321956439921,0
-0.002967493433327643,1.2164019307295881,1.2004906700554487,1.7910890546149698,1.5167968197028523,1
-0.8858285070457678,0.3319763632091001,0.7614876852676532,-1.4683102483290815,0.6032719141903046,1
0.5026701844991585,-1.0438338654388937,-0.2961003509191766,0.2875763558744362,-0.4282183118872432,0
-0.2801111306830319,-0.36491071458670293,0.5116087043359964,-0.4538657104606935,-0.6040608198132494,0
0.3066079038974491,0.19058849591477683,0.21249593862886026,0.5020077713144595,0.889650362806759,0
-1.2088993010632942,-0.061369479131786926,1.4271036015224416,0.35238989726339687,1.0788372172429699,0
1.37060457795073,0.6476034860591146,0.2796325268312346,-0.679265920207254,0.5943031562323241,0
-2.5127011408131437,-0.5077461857169946,0.5042307036201703,0.942312468395791,1.2711804409208243,0
0.41584727975991753,-0.6773497142995645,-0.442746999370898,-1.4145584330150371,1.2387099525968641,0
-0.6824948017406935,-0.401170056118057,2.4142896572231556,-0.1421287610806018,-0.8823369992384985,0
0.2622808331853527,-1.3108551156455508,-0.6079969646548606,-1.262745746273656,-0.20727002306877745,0
0.3974284795946163,-0.17577579520391748,-1.1396312474992154,-0.9839051041066821,-0.5136062614018315,0
1.1042103918596888,0.5182768435883989,-2.6183623039905917,1.574982524231519,-1.2174029199386533,1
-1.022614810285804,-1.239148559945737,0.1757542008422499,0.9222577177184038,0.8558157501927688,0
0.9133336836743785,2.655561137759769,2.248007280626668,-0.38753330240419426,-0.5781104348309636,1
0.4862553814957648,-0.1957439960433415,0.7012606798981783,1.4949734741306948,-0.3954268578929046,1
-0.46646026345953495,0.2244789573998654,0.26084647003808625,-0.439802397945488,-1.3500911097619175,0
0.07429388470636078,-0.5662701448795536,0.24443092282248774,-0.06936128362151674,0.9074201009195647,0
-0.1129904929578934,0.37730683480002114,1.1774249782052144,-0.4986796698580016,-0.7854984798060122,1
0.1890822194992562,-1.6841717990438212,-0.2869469318503403,0.5296262358050726,-1.8365914524107367,0
-1.8721012401113561,1.3191802679779312,0.06930507356766565,-1.6215393963191447,1.2244625859027547,0
-0.414339789649052,0.6407471038169146,-0.5965696162704826,0.07831621898681021,-0.37689185587064716,0
-1.3230351934946059,-1.4382029397186737,-1.1409588736807454,-0.8162985766760466,-0.6339129525739229,0
-0.4772759476955251,0.31269684400994113,-0.1771469171007651,-0.6830044473268676,-0.9887560375019796,0
-0.699829544054752,1.3501137848581057,0.7037929691875531,-1.8876752169774444,0.6342567027090008,0
-0.9602993325053787,-1.309703471013927,0.7230717847568324,0.5178798043794933,0.7515796084262707,0
-1.82807823454348,0.09925444286264899,-1.1681275177013373,0.3683467362291178,-0.04076986218582089,0
0.4233304904503379,0.526513180847938,0.2629047430302649,-2.292217595898719,-0.31054108890847,0
0.09581873151629151,2.1132684462598723,-0.2665164279887631,-0.45082365256101536,0.42023265114508807,1
1.2541960049108987,0.6315281687825974,-0.02646828975839543,-1.7862698009456903,-0.5364776546713951,0
0.6893984949062375,-0.013194360819751819,-2.267456148047307,-1.162855927595678,0.4988851230577615,1
-0.11232511864851076,-1.009829932368265,0.64691213706448,0.29415182862822437,1.704419292886834,0
1.3197651639931884,-3.046158480004532,0.22182355289929445,0.4993103978636964,-1.2269315624885135,0
-0.39398594999168446,-0.4705237881942855,-0.14196009131973186,0.37028993013013733,1.100249468114894,0
0.017352840049982273,-1.0979144770623912,-0.8158827690798953,-2.8452081383301424,-0.24204866738198452,0
1.0345637813099355,-0.38912440261337644,-1.0983842504850194,-0.5599305939425778,0.9515505633461712,1
0.4064395755140184,-1.983425659372217,1.1360746740045868,0.7908900547781637,-1.8031591289421112,0
-0.43867146398833956,-0.7138258448012664,-1.7816999143287546,-0.7443250463206906,1.1380176935672695,0
0.8475246430421475,-1.9616308528174646,0.12444366991018901,-0.44407184022656493,0.8638150679448253,1
1.0396621237401145,1.090926493737996,-1.0734998016386665,-1.7753766942506872,-0.43133684372183495,1
-1.9479418404013704,-0.4808713358143136,0.16035761601772336,-0.9211927801608571,0.2593973274982009,0
0.11264737655752734,1.4177371776183108,-0.8348416051895126,-0.02066494593613777,-0.11764061874945615,0
-0.08660871703381547,-0.7631523385661623,0.021095726036411314,0.3003679508607388,0.7708154656505245,0
2.4873492026892925,0.42641081221755106,0.6052045021188426,0.4361311452254763,0.8014668017986262,0
-1.6249669924469008,-0.8216221818881196,-2.3511223964478543,0.9844686236713889,-2.387413613602762,1
0.4792021106602915,-0.060930830773861126,-1.4240797485130305,0.3871768566694319,-0.30645652175070437,0
-0.29762550494783163,-0.6366705435986699,-0.5503865209764445,0.9066549160190096,0.5418732519678204,0
0.40583564482354567,-0.5592015589698304,0.39155740707217,0.21096149391896843,-0.7187263369913148,0
-0.8657136552449929,-1.6135775648517363,-1.5909703402418942,0.9501416706190012,-0.5146348356791594,1
0.9409815402137305,0.2284655565538204,0.8310306174751448,0.3340245257617529,1.5844580179395273,0
-1.3140569365126131,-0.8718230645723403,-1.299488307426198,-0.6038129885399552,0.40180999716656735,0
-0.4457868446481025,-0.7160535425662735,-0.8635949020293822,1.178876575663947,-0.4709467289708958,1
0.6351946103182003,-0.4572508565573421,0.03214596110857738,1.4899274991541873,0.5923640508295432,0
0.22260224964882294,-0.9097464641597947,0.41833356583969505,1.1156778920733126,-1.1551472809096395,0
0.9970496458111453,0.8708141706625628,-0.6750496967887502,-1.613076623925218,-0.18396971626006053,0
0.18098977796950488,0.2742225989202737,0.41260013702463283,-0.3265250295685917,2.298528470136767,0
0.1639336914907196,-0.5432520412793884,1.0925760600866004,-1.1582705897098566,-0.0888717211425809,0
0.3749034384100875,1.570150652665221,0.4344090783212822,-1.4650258212176377,-1.6439465058036058,0
-0.4346346216805481,1.3136554933417028,1.3366008410685257,-0.6111909557866825,0.46607142234439514,0
1.1016327545353906,0.6804556037072305,1.3897697833098757,-0.277059580802278,-0.619771479820361,1
-2.1916970954258863,-1.1282061024197094,-0.3369927561031454,0.6436280989878268,-0.792678004371793,0
2.0535795023388164,0.062243471417685874,-1.539269183612412,-1.4777684670524853,-0.5722923223635534,1
0.516250862591532,-2.1120712629157756,1.6557291874101727,-0.4107314414242149,-0.7303755029406859,0
2.859680708916891,-0.14664761058373016,-1.0973247981515648,-0.7338635364882684,1.2798053778873277,1
0.2754985237603549,1.290129796783709,0.22073563005275967,-0.5757548206784244,0.8997318011395439,0
-0.45837376190760915,0.24681260186288487,0.049595200479190166,1.0967304877797097,1.023390070390896,0
1.2838410415728316,0.2343547836171384,-0.9680125558940094,-1.5157066529805285,1.3359175153920093,0
-0.6575778805811993,1.863102389796232,1.369646370683785,-0.3810436273327436,-1.0730672052606316,0
1.237780151717709,-0.7015162852886656,-0.1506805922359071,-1.8147481282631603,-2.2581144847720114,0
-2.343596462042753,-1.3533510115222571,1.0329573592315557,0.15534878579419323,-0.7144349589173429,0
-0.481247775949464,-0.06903382128535084,-0.691248778619246,1.0298068043966153,-0.07630507352406753,0
-0.8296836880640481,-1.2571141985370253,-0.6868242560476433,0.17445529653378383,-0.4712792182324108,0
0.22674569952461904,-0.7522813740234957,-0.44051976205468885,0.039848745866167795,0.12923252108915437,0
-0.6668421448794672,-0.17384610199991793,-0.2279375938449152,1.3883955978368077,1.5618199599515,0
0.46051405842215787,0.16644830779426617,0.6599574667493943,-1.340207410004467,0.8328818534975806,1
0.287087338438234,-0.9180207847633205,0.004368621094142962,0.9410391487246522,1.9973344949423228,1
-0.618321554379916,-0.5050523451732825,0.20717003084550123,1.300358957041062,1.4721504846365447,0
-0.9305836523662676,-0.7749993813296285,-0.8176037287183844,-0.6906649893375673,-2.1257045453202563,0
-1.6785314405817828,0.05701102813991843,0.4178900348192546,-0.14550001899491816,-0.9948306604642446,0
-1.3612564803785316,1.0268819532175955,-0.7709671094704755,1.2886793861555286,0.3520263126709677,0
-1.80429502498446,-2.2665327836302693,-0.22267701334472845,-0.7513153840405593,0.39339585046507847,0
-0.45588967666795976,-0.3924300979629382,0.2802047464703801,1.0824302185988097,-0.09616587632845672,1
-0.16596931896748668,1.4770080509452228,-0.338217007999362,-0.055213573069989995,-0.5844621749422527,0
0.8748524392154742,0.2698994954415319,-1.0387716387878694,-1.2358235581242263,-0.4933913713288524,1
1.1134389452985929,-1.0643359302607263,0.15300352513513152,1.0318448791773107,1.5387555899754766,0
-1.4754990913593666,0.9983507585519372,1.291573368700309,0.2837976481708901,0.06610855947831944,0
-0.14728731276223486,0.26480617435315373,0.5931229960899518,0.33243376142535525,0.20502284377499452,0
-1.270477111979123,1.3472321048444786,-1.1377778082715357,-0.7797816785062962,-0.29032219712965834,0
0.34188042236401883,0.8595716371039247,1.9800220288124364,0.504950645375923,-0.7970748254381669,0
0.5382947766867044,-0.44040863990857093,-0.7256184388282363,0.6934075166785159,-1.2709583572512124,0
0.15672797160474686,0.02273892801485708,-0.8948359858406477,0.24721979979386566,1.1371692556624282,1
1.5012034784479813,0.21514749646728995,0.5952741816572906,0.48788768487738154,1.0862070492005433,0
-1.0435727848152703,1.2386511870600732,-0.37119642352871784,-0.3681075366309199,-1.1518028854706002,0
1.8967043570824849,-0.4870301297066209,-0.17549786085969218,-0.9998375930762193,-0.24790782373239575,0
-0.08897193265873923,-1.3488578412680083,0.754903484617343,-0.5664993422529893,1.1656374835332761,0
0.3313459057553571,-0.006236148652490471,0.6262676810512147,0.361475491780097,-0.8292997567068231,0
-0.39843453423790337,-0.9735528404669821,1.3276863004090376,-1.3099656533871205,1.9765494581839702,0
0.6640947643680957,0.7405806187633681,-1.9314620496333377,0.7756583979963292,0.7462283230621803,1
-0.32790020762480754,0.424721584854908,0.2238825095030059,-0.3573470520482791,0.7355877230020671,1
1.0324182167447287,-1.6667777172285283,-1.6757166584524115,-0.4019736546433554,0.7635463974369101,0
3.2343853014776234,0.4829980995715905,0.29985747842048643,-0.2646139367604782,-0.7138906683273384,0
-0.5704788557559687,2.042238267604548,-1.8662508055168274,0.10856913355511442,-0.4330328947283717,1
1.3707277450832058,0.34874267628785943,0.10413556963467772,-0.3701605120513962,1.4114979806317904,1
-0.07907468083106828,-1.6675842197326414,1.2985874845360885,0.27386210516523335,0.9740347842612512,0
1.5820188829034836,-2.6358118667485666,1.0473581440095108,-0.6515444379328951,1.4966113314465466,0
0.903665438432945,-0.44577626999022113,0.28073851737161637,-1.5548734190570266,0.15262080532224265,0
0.7334858972678546,-1.3138882625907782,-0.23775485290669637,0.6315818999658311,0.12054733731089372,0
1.4055664180018754,-1.7250724513060998,1.2639567733546426,0.03958899331412678,0.6744508382350777,0
1.649328726662479,-2.323059970227527,-0.8962530408773902,1.2742553894328679,1.7346404329250211,0
-1.8156987444131447,-0.2753483194232559,-0.24719537419191928,-0.4026339592846362,-0.02518805825411704,0
-1.6749755760953058,0.12199149715326725,-1.170452010183809,0.04643732120991311,-1.941778301379648,0
0.07712705166568591,-0.21235136434153867,-1.2396593274989745,0.7529722959140697,-0.33888545199285136,0
-1.5708850277146016,-1.6616602905362938,-1.0771808741809774,-1.6040428943047598,1.657701158774374,0
-0.656582143623218,0.41797162455929,1.0880377771335412,-0.08894431842300804,1.8790773299766232,0
-0.9588888621614259,0.35057900621882976,-2.0064982798287363,0.010464484982398364,-1.2442421601059241,1
-0.9444347941499871,0.2820158799984641,0.8026083636582108,-0.2979096183667243,-0.3358925044311916,0
-0.7863791444719339,0.3481582110772154,-1.8612324591602374,-0.5119404631172099,0.34395723559014824,0
-0.7521107997080156,-0.41079928374247704,-0.5133763775928599,0.9789062295160427,0.6989287310243392,0
1.3184012809605388,0.4049250913150639,0.2798792808742564,1.104023778440902,1.1911060052782827,1
-0.3650186793371849,1.026480484453203,-0.8679523391918973,-1.1648172247259592,-0.6488374855978646,0
0.9242982271399847,-1.0576439881407542,-2.5696070030491183,-0.20708343549190034,1.7430016203474832,1
-0.9831298537043475,1.6365119516780535,-1.072896789062965,-1.0601955321565528,0.8700068765682516,0
-1.0192858966329166,-0.3557337674276896,-1.4599174622941617,0.7118947528110601,1.1122322388529302,0
1.0861870348616445,-0.41613613546697426,-0.48639249871595797,0.1412417843176963,1.2189698429772264,0
1.0901263203689906,-0.6906132242714468,-2.1751261252950433,-0.1792841580938432,-0.27946149966226363,0
-0.3109721013416319,0.24438020854761613,0.441177522039959,0.7905182127632965,0.4392704917252541,1
0.33253741751775157,-2.025607532367142,-1.1149381050952183,-0.8605142718880548,1.0838755375272087,0
1.1685816344075468,-0.3868505422981225,-1.181823854962868,1.4662513666217032,-0.4106934973282415,0
2.2404422132705255,0.06371447038368194,-1.5624985988961377,0.13936245306239506,1.1559023203630598,0
-0.8407504803206273,0.5891448484790198,0.3125243875931512,0.1108883237961062,-0.4234188347109302,0
-1.6120317061756002,0.9308030151634731,-0.14171194092442355,-0.4567807813453593,-0.9198283992869435,0
0.5180575259336964,0.08028277420526726,-0.3471622618597212,0.7867478822811115,-0.02183113771208847,0
1.0113756770725422,-1.4430676579701534,-0.5492765209883798,1.947345879751338,-2.159509571203791,0
1.867036304088918,1.947159979540863,-0.13457176999061468,-0.5713702858784407,-1.0440448470832342,1
-0.20206659264409257,1.616053612561187,-0.3564703606345363,-0.2774675478448391,-0.947464779910092,0
0.8876759893953731,-0.05720134084454255,0.3644449419038992,0.26095401676719304,-0.3547707779130093,0
-0.9854942203477745,-0.25568712870165067,-0.9904554805574055,-0.9000034245194696,-0.9460402492246615,0
-2.0590423388482946,-0.5660230998614748,0.5123194468844667,-0.5191597410732953,0.09428211931032315,0
1.3344456888343832,-1.3023279571122013,0.5185183466094638,0.2643856520925197,0.5186927666619909,0
-0.18712487143435036,0.8915511638239911,0.33349927414443054,-0.6512863352843642,-1.1615885604962415,0
-1.1949296002849965,0.885003529944509,0.10387908800946934,1.0434875036672155,1.5766696691490387,0
-0.44993539307142455,1.1827636803421258,-0.9684407544401296,0.06927719328789399,-1.097245265001138,0
-0.5251398188732691,-0.9359044816282976,-1.4473903076375454,-0.8264901824426675,-0.3051653237453402,0
0.44066456235203266,-1.5701820662591461,-1.752173659512107,-1.280262699899525,-0.295400432479321,0
0.9453178622742575,0.5088977079473821,-0.8267470019527215,-0.35461607393638644,0.06501218932663523,1
1.0828131267715277,0.1710483289449822,0.2502490915954344,-0.2093685504206656,0.7590358553886482,1
-0.7021682881107463,-0.15306378074766702,0.14974751969678507,0.702869630427224,-1.676018029876869,0
0.2477481378606458,-1.4406525555006608,-0.3806313953926864,0.5075942568882837,-1.3522782461681437,0
0.21636912457605031,-0.07632721933798664,1.6919204925839273,0.10112311984654664,-0.11650656158606519,0
-2.333230689978774,0.5643693075037762,1.7738388972847736,-3.2124454043220676,-0.714247903792512,1
-0.40797348784996307,-1.539218103041954,2.314111376654681,0.17468677713368105,0.8103651144816082,1
-0.049367218559209336,-2.0102258200811307,0.8174804420146644,-1.9052858270935535,-0.6361090409447269,0
0.07879075148076578,-1.9031998927377678,0.09162296116620866,-0.017865504554695908,-0.7877756107971445,0
-0.3248662440711783,-0.37910695601116173,0.8264311433320334,0.7374984142272242,1.2250110830730023,1
0.9539585726050189,-0.8035995099686366,-0.24644923603457858,0.1357550840899167,0.9092167190302185,0
-0.31942566485996376,0.00395985311603362,-0.2680967092486217,-0.020779523103541864,-1.389655142066422,0
0.7544603167415109,-2.05580380897813,-1.4016111142549657,0.2961641766888951,0.7390294542776048,1
-0.2569210421909409,-1.515718752407747,-0.8059779229019197,-1.0076832607383732,0.9129986237373973,1
1.313850801769474,0.9797925990850582,-1.830346584060133,-1.5197667875986736,-1.1905822280284706,1
0.71201798489353,0.33701564446431204,0.808788737832848,-1.2759474415142424,1.3797351562356652,1
-0.5956986810284423,-0.4528792116028246,0.5058410671181598,1.020335038052417,0.789597266371236,0
-0.23771114846210237,-0.3203363094630859,-0.9736080816304958,2.105471028354078,0.45205659692829203,0
-0.04534113782358102,0.7236129987516788,0.06066845905341773,1.1741869145047088,-0.7950018097610609,0
0.06582103011154786,-0.14577133591308558,1.8868802880317572,0.01076542262112494,0.5253081516113268,0
1.0193562291948814,-0.9133548021270016,-0.2196342694193195,0.2708595583711723,2.3770674985751703,0
-0.10307960586102999,0.2804023685069946,1.7981350244282022,0.06321759891683175,-0.7598360611045002,0
-0.40038609945243875,-0.682094357395844,0.39674086307913,0.16075193038369653,0.3746207204490892,0
0.857757150446778,0.6115713752281475,0.17291571802236214,-1.1288206807785146,1.8705821323844054,0
0.5822163200843858,-0.3899608004502622,0.3959570858328195,2.4510221674010415,0.2602527434520713,0
0.9736606742644692,-1.3064936729659153,-0.2108011492469741,-0.48624395547265314,0.881881129483238,0
0.53757218738171,2.0452746900646646,0.643805329226536,0.8875454047538028,0.4264608237535507,1
-0.10486393859364469,1.7539613169895376,-0.5596286239226336,-0.23480468832847814,0.5753515702665991,0
1.2965596285965182,0.4495552416529954,1.1627406477692492,-1.2467644311642843,0.28373894652664267,0
-0.4896397419897937,0.11360296867869556,-0.281143705380082,-2.7401886344271804,-0.586458043209758,1
0.18268392848458959,-0.4881600215312588,0.20645853943282905,-0.5184974928891347,-0.06259101946087767,0
-1.3101520285351052,1.4484054720888477,-0.27826404058652965,0.3843740383625202,-0.5691064760101571,0
-0.1793131675100119,0.3835839759593125,0.8822063167435216,0.7068464167894658,-0.24465950784244306,0
0.20632597528695534,-1.3010549809666372,-1.6007078990292611,0.15797499494749415,-0.21656274141791462,1
0.5311963519721924,-1.9836625762896498,-0.6360176163265433,-0.030249977119359072,-0.9256220226228513,0
0.8547891899554287,0.7418451416439477,0.08061177151379968,-0.9756620033797202,-0.2832182928199761,0
-0.18014821541795384,2.0638585476945313,1.0638008848630642,0.8427579613510018,0.8100788735837706,0
2.9521450915410967,-1.3060270578900435,-0.29641132823221794,-0.02687714256996595,1.8066645277501219,0
1.463589838228184,0.23796869862910702,-1.5625572319268,-0.45665996786094143,-0.5539372910673079,1
0.9163876713512045,1.1721070738288297,-0.7487322252620278,0.2413572534477899,1.3180122403029921,1
1.7423116777247398,-2.2216372651935714,0.3116621869866894,-1.4933868860817843,-1.3136229981745082,0
-1.385067104931941,0.9544568106399377,0.018430557922353125,1.5754167049374634,-1.3446555066506782,0
0.721276384006084,-1.685606616631634,-0.6167188085275173,0.10291198599258192,-0.06253737520262972,0
-0.674859451462148,1.1016963507545263,0.21465919119441995,-1.069526557854631,0.8948865688795887,0
0.10002646178800541,-0.6884970175701571,0.6308626696219646,-0.3855040386735341,-1.2926151121641283,0
0.6411681493323321,-0.9464566513443454,-1.3087614675756978,0.06028692361028637,-0.9743462725928784,0
0.18064423069761393,-1.4218312365500405,0.22647178076325783,-0.09489854827188211,-0.6091707736851822,0
-1.408496718071269,-0.04319068932753541,0.6689805751771994,-1.2559502798999247,0.38021703668947066,0
1.3569404601474064,-0.08499325615946127,0.20246788862064047,-0.10427426218437671,-0.09281212241735001,0
-0.2376615227780869,0.3151587555729459,-0.2033988473980645,0.08895020243189405,-2.649656463551671,0
0.5234309317795158,1.2603795572789702,-0.2874096813167014,-0.728388278670805,-0.07873038458861227,0
0.7605330856894279,0.7022158754485797,1.772958153654672,1.6399498800781203,0.27866128595015716,1
-2.0178269522314003,0.38215944211636504,-1.2240092931533681,1.336823921980436,-0.3093222497960618,0
0.6008522847755602,1.0095935766773114,-0.8840252589684836,-0.879294492897245,1.228727888481402,0
-2.934747249488144,0.15183183010028384,0.11985941616937829,0.6151698972357919,1.4538304417802115,0
0.17078286176070528,1.2711407729808355,0.4773129624310467,0.06881518305487944,0.11627800806990067,0
0.47315222809445107,-0.9533102962025236,-2.040528154131981,1.1531519899772222,1.275122661249556,0
-2.188951465990893,0.8589500217172732,1.430090548613025,0.6280239213121181,-0.12166198383208957,0
1.2952549545512484,1.090536166672527,0.4878515575548346,0.12891615378422858,1.1580947824440442,0
-1.0033322483166485,1.0260842499853993,-2.288945502282002,-1.9699661976438163,-1.4893708830765582,0
0.5093232205039723,1.3223718217651184,-0.2166171879068172,-0.9377037697285929,0.7538961307552063,0
0.061618060404191474,-1.4794918354227242,-0.30276781506036987,-2.412486531904886,0.24179614551780038,0
0.2592416117516125,0.17176962684529581,1.7584206317930264,1.1178035641039916,0.29454917980370005,1
0.28267438851686544,0.19899741387565278,0.2559219702513171,-2.0568711195700207,-2.1220285076431153,0
0.29344291948565326,-0.6046034266916108,-1.0559686770753507,-1.8033817639544398,0.0017063626951860787,0
-0.5757434447302737,-1.169814844320971,-0.16580263115177774,-0.9499846481078891,-0.4514391831061818,0
0.8006566867725138,-0.32556075979483257,-1.7405930347847047,1.757083267652465,-1.32261882691606,0
-2.2880681441432196,1.5642982522222972,-0.03488211905264793,0.34965956803503273,-0.5647764593573035,0
1.7628098909732535,0.3413613398431953,2.0377477376493034,-0.32137715475490314,-1.4141296327932642,1
0.9796971202533501,0.8222704737084852,0.299306566725255,0.4265575640501968,-1.1399289469253395,1
-2.125745003795327,0.848044624260449,1.1760361731694586,-0.1459290660178447,-0.6013018490062126,0
-0.3344801170097387,0.28650022268661907,1.0222084345482765,0.24016370631958778,1.010707059673927,0
-0.626230803813675,-0.7935300607748452,0.013647385437132781,-1.1113250379163633,1.3106137025358493,1
-0.5041382557425447,-0.8939487827113489,-0.13143977387590672,0.44711542130454496,-0.007450117492985746,0
-0.08912707673382878,-0.9678802471312568,1.680070784552642,0.375253246844039,0.1302689714016046,0
-0.4518641361507604,1.1945257322651204,-0.5096842896004622,-1.5431144111097108,0.8909310997517038,0
0.12613333089195036,-1.51179175384206,0.42150053788180336,-0.5348106900293347,1.659192938206827,0
-1.0772099131619504,-1.5944240954529236,1.5701428216806568,-0.1550686173843578,0.7745704005438714,0
0.17350721653332432,0.009986985139892523,-2.204579538337365,-0.9828247944985682,0.6590165625496434,0
1.9847753072127254,-0.7160934808090355,0.6369715861387307,1.1521284503938427,0.6552507504986478,0
0.7047050419801257,1.932765146933482,-0.30130197217462895,1.1512690924351248,0.5772929972493865,0
0.31587660220998504,-0.8387585876656417,-0.7033009130560579,-0.2255017042748481,-0.556701621645306,0
0.5704934507771136,-1.6759348776343896,2.0449239728647095,0.53036215594778,1.5654594077053783,1
1.3480227743218403,0.46182957828021376,-0.3697505293119448,0.4331569507347199,-0.7789196324756817,0
-1.3507426574395034,-0.7398760171957626,1.1878037877200127,-0.6686786855477461,-0.8605841425367964,0
0.8668281847521796,0.22471052457357915,0.7630150789941957,-0.349330685330377,-0.10038888047395826,0
-1.385912495567547,-1.0815284359701072,1.0723505258756738,0.17383386568542797,-1.5765708134874343,0
0.19834188546216516,-0.5144295869498038,-1.4560093631066373,-0.2053285098672186,-0.5275163038076325,1
1.1640433676404462,-0.11975411508527921,0.6116466224152575,-0.9491975806432245,1.4128601118120374,0
-0.45052728765202577,0.6530637717259731,-0.4408031749561485,1.2939219307337841,0.17832081483816667,0
-0.8180488814309987,-0.5388058505998875,-0.3086297319853057,-0.6855550771190677,-1.2536487409339436,0
0.6599202410500614,0.9676957795111438,-0.7748585399746702,-2.118248491768489,0.5955489488993965,1
-0.15604060906693656,-2.0710201646199415,0.5873326886380092,-0.21545601898673877,-0.8843477002613379,0
-1.869447719945289,2.348449592371949,-2.266327221643548,2.147564183344138,-0.5182821373356651,0
0.3684695823112789,-0.32416008088469267,-0.037712210230863415,0.569260862977872,0.5072700875965472,0
1.1736093302351223,0.058510617832565386,-0.5379636041512866,0.9912306164952273,-0.6632059690610737,1
0.40471357298049093,0.5676818543058773,-1.5094247471771078,-1.5199955999055157,-1.1817908958863208,0
1.6768226591291502,1.0687256420602966,0.9693747164820044,-2.582298641324103,-0.3443105440521783,0
-0.38060842510309373,-1.436729948454831,-0.012724149859464571,0.4362994825759195,0.6256304120685247,0
0.32092379358800927,0.36008990479475345,0.18840581031977383,-0.7583736818532921,-1.5672386188734786,0
-0.32274629224703577,-0.28457726674100137,-0.1554789010622299,-1.628963327515759,-1.2904993067690511,0
1.4731271631590528,-0.7620830540551496,0.2628024220586835,-1.1677475561791428,-0.39809140623737455,0
1.6604125562866006,1.1530321558098529,-0.0623964373411401,0.29565402140957453,0.010623342814827436,1
-1.046760060176349,-0.6889572110471279,-0.8993578215307289,-1.2448798461200357,0.261337565246535,0
0.3386806256766694,1.8237057256215787,-1.514702463104185,0.09804188618531355,0.36769854883934766,1
-0.811431391702223,0.7151822779186505,0.8616457302138605,1.1304614222350373,0.10010038715640467,0
-0.3065852890363299,-0.6475011331381813,-1.2007759348036808,0.67847667175302,-0.36059735895525585,0
-0.763120118627861,1.5909010409898465,1.8339250267743321,-1.5945485748364996,-0.09695357306279152,0
-1.2997621129885848,0.015553327141567711,0.5826038918728081,-0.7495060912333902,0.7496652201117525,0
1.4026334503550153,-0.5029231543467129,0.21658614915059948,0.6188273850421777,1.215314365800815,1
-0.17165306393459143,-0.2064096158485141,-0.14492065656565856,-0.9395798116890083,-1.6348242392912304,0
1.212863976862026,0.9149900411585236,0.12064717877117753,-0.2678112237537691,1.187554656029211,0
-1.0952492687551683,0.7929090929821587,1.6447932358063468,-0.8076899680684111,0.766576935443046,0
-1.7716815462428392,-0.8024763299408909,-0.48165667926990224,-1.1088795631948882,0.4651948341324333,0
-0.7072738183787669,0.8390380083574698,0.06821836786374454,0.6297808214348988,-0.987105208783149,1
-0.5806980874397636,-0.2744798013153639,-0.46409920057274917,2.240524040629127,-1.6768096502715306,0
1.4054465895072143,-1.8694469855593658,0.191551268534553,-1.800046740096416,1.6390347605024274,0
0.5531030677666754,1.0866482268319855,0.03531915434090225,-0.4166020913504447,-0.6552827760883567,0
0.14259176183361497,0.7944974406260168,1.6148761700832606,0.3762877116718448,-0.9672783549390944,0
0.43981043614714577,0.1991355906954465,1.9611375535047142,1.540322344409221,-1.6220242474463344,1
0.16328913253557534,-2.096405241079523,-0.6501172158570634,-1.1908680223038377,-1.0601852832064795,0
-0.905951115625907,-0.5083574009400794,0.32073751718486554,-0.47445561973992145,0.5065773901613568,0
-0.1526449718045753,0.17993590313050967,-0.3043270259801231,1.2232774487547557,0.17106599349796422,0
0.060490399989416035,0.6705065761877108,-1.3098683331467997,-0.872676620754816,1.0529461898974402,0
1.7817941803630333,2.2693913347994497,-1.4405625424036874,2.1092930004260504,-0.9801183201705076,1
-0.21832988410161971,-0.34557485512598785,0.020061927154262662,-0.4290098496738467,0.16108483843925944,0
-1.4219281183621675,-1.4042519171412504,0.09302100367197044,0.6264872270244637,0.6081137329480749,0
0.10132232705820139,-0.48076718098152166,-1.8784962809065744,0.2883481290374517,-1.1151890680796466,0
-0.009468259837818726,-1.2891390804030671,-0.3379828980574473,-0.8708809316447591,0.2698761036913917,0
-0.013647912596027429,-1.7814176068042582,1.6377683203411748,0.12415592678470846,0.5573791980546424,0
0.014044880991289095,1.9080378385880117,0.788438559224506,-0.24425935957974165,-1.039744549648434,1
-0.2810053000867516,-1.1103113854353865,-0.0478927004388296,-0.5020261267647403,-0.3941972820897264,0
-2.550858320609332,-0.7835353748476112,0.5247974621009143,-0.6751404750793415,-1.248334109419661,0
0.6056840136790779,-1.744297889370372,-0.6911119051042,-1.5086112855976155,-1.4463485904096065,0
-1.1457609347339899,-0.39154517920579957,-0.5105257708312171,-0.2794418602321679,0.893979070585277,0
-0.709816880623574,0.7887585998800115,0.6186708632395868,1.4752770325150264,-0.08920956865401654,0
-0.3077131273191167,-0.32979624964509896,-0.5683938673446891,-1.5435456389068185,-0.08286663605098987,0
-0.24255880759698378,1.3246185418956298,0.7683886061248804,-2.0584521124694364,-0.7482168924994016,1
0.781254850594308,-0.5914315320401861,0.535137156454818,0.5739882279436376,0.7906791070835054,0
2.0427773853988467,-0.8869622414723,0.5553262160756977,0.8296955601025147,1.0198201215669112,0
0.38813665429910627,0.6155091469118913,0.9584676661372675,0.04444113408246502,-0.6852148456012931,0
-2.1920547032571824,0.3929166878123545,-0.11212878064775822,2.5522788065791815,1.7444248710016685,0
-0.39524616299388315,1.6274583282751127,1.2049131729783715,1.5431242139665944,-1.242329409584267,0
-0.8261744552509495,0.5298260917654729,0.07371259326635021,0.8380293781054062,-0.26519259837076753,0
0.6302085872853112,0.288040092785211,0.28314657182541353,0.29326642573277595,-1.2905221430735432,0
-0.03809777261915741,0.7107778010542402,-0.9459221357385443,-0.23410927622803201,0.601055689260751,1
-0.7371529968932476,0.6802065983204907,-0.6028719110000121,0.6214337874930096,-1.9716694320023092,1
-1.0588538564131431,0.4268855568714042,-0.3645039540901342,0.4865816793503284,1.4905106862033948,0
-0.9066149691317814,-0.1940702729219999,-1.9432806452218478,-0.6824229617265919,-0.6967191592224332,0
-0.2185449538207188,-2.7751009622135214,-0.10168831181191042,-0.22393968211366488,-0.6353767684977479,0
-0.06540353740077909,0.2696648184359089,0.2937952471306217,0.4041365687905672,-1.2898636683293057,0
-0.23094967965905278,-1.1719017428834917,-0.309031732075224,-0.009626114455209781,-0.8559490089316035,0
-2.4229288539624116,-0.1262546683875117,0.7691481320426266,-0.36704535089510276,0.8723435614903282,0
-0.021757653643703096,0.17755142612157768,-1.3941513143911708,2.0003548506181623,1.6164658780819818,1
-0.43866409768586473,0.8239971430535015,0.8877542178055958,0.8920065612378856,0.9356304600027817,1
-0.9613269019623095,-1.2214567156791813,0.3466395513227591,0.5003185474022951,0.22475890526314862,0
-2.0185694244726915,-0.14300831402418934,-0.017886281651885907,-0.8373036710280339,-2.6905042686218152,0
0.11443153026858216,0.5906657803049572,0.09230636451991378,0.8614169416843519,0.24622984551472485,0
-0.4521902393012263,0.2473329658313927,0.36613527264273904,0.42556551258756486,0.4383341385027227,0
-1.2962482517532128,-0.6687854719920625,-1.6332812901338836,1.0235939272574186,-0.020642117026211302,0
0.6270676231939548,0.4639252202979738,-0.6289831070795762,1.2660730791947106,-0.12568108976462047,0
0.3583119538444586,-1.1829828555487232,-0.5061183213079702,-2.041175697537776,-0.33229251663233406,0
-0.9605282481232787,-1.4433536619601806,-1.361205417786063,-0.40901241775477515,-0.17023233095511545,0
0.44330676913741235,-0.9136909484810064,-1.36228499384292,-0.29365065959836,-0.23768313676934238,0
1.0231360939240033,0.028166607701215977,1.4514108091416613,0.6382415924742695,1.0529291803945415,0
-1.6463916989154008,-0.14619864007627023,-0.35713756167233646,0.08413544718712516,-1.120359476390515,0
0.3228610856056624,1.2832371166273526,1.2885750896337371,-0.39508359286962774,-0.9737670663518312,0
0.26165565715450917,1.3980372888154509,1.1108780635875048,0.5719520827273484,-0.890107280001247,0
-0.4846324691117579,0.10873498616164348,0.918035132408223,1.5725481365613307,0.8328198721148162,0
-0.5033878605614023,0.35050950484726484,-0.07504166063416848,0.054741747959307155,-0.9288402916044263,1
0.3976542293230324,-1.993212900454462,0.08110458371604175,0.34044871084768547,0.7290077436283929,0
-0.7785144482203377,-0.2523400527830125,-1.2003850328218881,1.60262124175426,-0.274984817355929,0
0.4465717714101518,-1.9002022503838496,0.653117152003794,0.7906321121833567,-0.5124348520905811,0
0.8230188272805531,-0.2632214100262413,-1.452019219953747,-0.6995858041640485,0.43416613984982055,1
0.6424662554226355,-1.0031711275810828,0.5310493047770759,-0.006066388388212585,0.34878287232921695,0
-1.0412479171702838,-0.5168624025593661,0.1154243710906622,1.1291637631472955,0.7669886945041008,0
-1.0556044804998233,0.0750362995451655,0.4972865747049676,-1.6443101942265945,-1.4744855782390598,0
-0.3931857114237312,1.2560413712163256,1.3811494525893386,0.8016858152922278,1.8621664236151423,0
-0.18334860444143056,0.8560975986629035,1.0269746738661196,0.555269261696481,-0.8995815487904254,1
-0.38716790815124297,0.12111974490468402,0.17262243887215614,-0.55441537625408,2.1181381318972443,0
-1.2225691334554118,0.8303070973685988,-1.7573172035561713,0.16723780730804746,-0.8022284406588519,0
0.390830538490426,0.1670820538427949,-1.6557430592537359,-0.5863423014194595,-0.4135754474916734,1
-0.5777493978951856,0.04528717818744284,-0.8706801161517638,0.6913528551606715,-0.7693257523268314,0
-0.3943211619447998,-2.102248452693725,-0.43910237692537085,0.9862933829925125,-1.151258570660979,0
-0.24908917191894417,-0.978613136117236,0.694364767811839,0.22930461866091195,-1.1186319838517007,0
0.18421936808232114,-0.3458956179429282,-0.5200642438469361,1.4062923463412809,1.5976659928162147,0
-0.7045421982168913,-1.623575299258986,0.04510951361065811,-0.4575843494011265,0.9648507783402129,0
2.1391008905202056,-2.873652658664802,0.11163100742328874,0.5079293664610208,2.7030732488989027,0
-0.9585320722041787,-0.15581964913711782,1.010744124633533,1.005846016315263,-0.6922157516954275,0
-0.029494124191757072,-2.5491405102064655,1.3832268209373864,1.1234926755631212,-0.6000172388818538,0
-1.7420172388772146,1.6521016948805445,1.4967059451716755,-1.1526795235854392,0.49343242117158503,0
0.1415530610509717,-1.3953025134653085,-1.8805685276140933,0.4278267191115398,-0.5036743882981686,0
-2.2523793761083573,-2.277274183021893,-0.17911666725325465,-0.2571585808275794,-0.6578193637064448,1
-1.1233121640330683,-0.9161560766346137,-0.4533523292158307,-0.6591290695355181,-1.3661460087935133,0
-1.7162051665684959,-0.44128556324323354,-1.3810960439107314,1.622586745523142,0.8713143155636355,0
-0.021609817607381836,-1.9208830972964903,-0.6433520945445383,-0.747990921222717,0.676070548964115,0
0.34731287607969297,-1.7624724138340655,-0.8891438761516692,0.8152890519081245,-0.9850921870518882,1
-0.8297369005484554,0.07501897293219462,0.5605864021138413,1.5209513128728263,1.4027468200028796,0
0.18666825230971432,0.2280262367188342,0.7134678017618801,1.708790966766056,0.6278578757404968,0
3.3654247154637913,-0.5139212002446402,-1.9718008867107455,-0.334270070761315,-0.1115032232130119,1
-1.622130090778965,1.3861166147168105,-1.0133806653445028,-0.6062199471837092,0.41871944466436295,0
-0.41900791228242307,-2.1501568381490963,-0.23856514776972979,-0.7282878323299644,-0.8255226557618243,0
0.22797203396010976,-0.888067047883065,0.9729660870101207,-0.9588075352109751,-0.8285826483408002,0
0.24488410381230433,-2.031897682627736,1.7828097386326238,1.0486188335619293,0.6599094766492932,0
0.025199531150390832,0.12178652223737604,0.4035825388452167,1.73428262195863,-0.049972358290084444,0
-1.1030225952238082,1.2433286365242853,-0.8068998597070031,1.1490903837916404,-1.4859594409440922,0
1.1079537778219246,-0.31638382037397655,0.24186728462488277,-0.09659499677221164,0.07992616148915234,0
-0.042909232247251204,-0.3409254999128449,-0.11106955021339675,0.6789371712879754,1.2583309086260388,0
1.4739516738810532,0.019319305636476845,-0.6558359984500753,-1.5829097297548786,0.8951810552645364,0
0.21960249883669067,0.5510404107766074,1.1507820057315639,0.4443892771282869,-0.48562109221465627,0
-0.2052165011973468,-0.22361977470811392,0.5244231780923111,1.0089847273089108,1.2493792678802138,1
1.385296645020518,0.11906092251451585,-1.8503698453393487,0.676346960491082,0.23580479862446133,1
0.0800818814676884,-0.27768337423702877,0.34637480253390646,0.4135813093755695,-2.0174336737062575,0
1.5369650157682444,0.582583508622238,1.6811352027021422,0.6532156516575964,0.35299583018254854,0
-0.6200029423738979,0.3540647484143088,0.3545760377617712,1.0075708555113334,0.9090361455121184,0
1.074679620087873,0.5344255879297622,0.5373286153987732,-0.1545301653286804,-0.15941000620319015,1
1.265020035088804,0.32652987801499633,-0.8668341838330246,-1.1230060026891027,0.2762188612017534,1
1.6001473239825168,-1.836570374893247,-1.77072249650584,1.9789099583844383,0.5249755774563534,0
0.6273663151667372,1.9059762666061766,0.4626203441937161,0.5073386478660573,1.0086269004698856,1
1.0916815575121412,1.0162633401630323,-1.5199431495289615,-1.1178781113331608,0.8862539844643054,1
0.15240457199327653,0.8135214161577109,-0.3517662955967973,-0.7010892680863252,0.7608743168037513,0
0.06341807477709217,-0.2153802963843961,-0.8333753116372654,2.2903715385221304,0.2986125091366362,1
-0.9797112780615387,1.8142695257670758,1.2607805945022568,-1.053358879700465,0.3360276635945119,0
-0.7417205162135106,-1.4722344402816978,0.9973209767334983,-0.8075179367248235,-0.875322987906239,1
1.1125354099458913,-0.6330853366124888,0.14671695694887307,-1.5164672857810249,0.8903934646519378,0
-0.07547653670114292,0.549250092407984,2.685609197518054,-0.7060072921680444,0.6285475815109915,1
0.5194524133462778,-0.4186330709944182,0.8877294374816872,0.9548778936034372,0.5022103872026251,0
0.5180512987461973,0.33554760170755804,-0.4653625170062627,-2.54462945110506,-0.7216978076883701,0
0.25804806476227404,0.7959134349788562,0.4064038844535801,-0.7257255358312248,0.527362431197426,0
-0.4444039026988882,1.6041725041266393,0.03283788341996804,-1.7103254366522997,-0.053479607373333536,0
0.6694715222428805,0.6790608873780839,2.114898985454941,0.22119773984007504,0.36013305938257734,1
-0.47181433435904946,0.9895400969428418,2.007588974266354,-0.12527303343973595,1.099408963687172,1
1.3200446101732668,1.3315568025048183,-0.3391507699337899,-1.3650922056317676,0.2549191014458732,1
0.1955206271283182,-0.19487711100944527,-1.4413913584000384,-1.346831413664738,0.38781560850470287,1
-1.2377904183276263,-1.5087880710727637,0.9931579358189323,-0.09618402134195159,-0.8697454310979564,0
0.8010504605928398,0.8174222139771236,-0.2750564619379985,-0.9656546744432156,-0.754768253216704,1
-0.06952808609084883,0.4631395807702133,1.0907134805747785,-0.025816813136114163,0.7423964729655202,1
1.34858011994581,-0.4799277065658267,-1.9796381200278186,-0.1774264172808165,2.5817946040275035,1
-2.4104765562035615,-2.125016400074203,2.025074389465578,0.0505702619219429,0.7060855565574774,1
1.645983270634457,-0.4693099751394725,-1.324482050385305,0.18289965509575423,0.8147832957852289,1
0.316429902115884,-0.7704083907357648,-0.7095475768231699,-1.3358050468490121,0.4223103860908565,1
0.29498033206531415,-0.15841988104503055,0.6593326898933606,0.8331520188394265,0.7053752292487211,1
2.8076737329240684,-0.15660372255985258,1.0782583736960725,0.49538336517258624,0.03230975886572624,1
-0.500378600829797,-2.987120680735125,-1.1055657419155456,-0.46593054013615587,0.7323339538903261,0
-1.0269015095518257,0.13878060503747447,0.02798247578593278,0.35075216856637337,0.9786032012487005,1
-0.5136445506772114,-0.8168763936580464,0.43827893864500783,-0.10185557314232449,0.18516597195888498,0
0.8862413936275889,-0.5737643502276577,0.3602748719201945,0.5039192322401973,1.1856962243122855,0
-1.924437330700267,-2.2342802140360147,1.305659848173572,-0.01004383760429663,-0.07017297960537663,1
1.6170691608996706,-0.8445846604433173,1.5891518825336015,-0.8482930375485571,-0.47739338850269275,0
-0.9857100483191564,-0.18884966830112335,-0.8820983497711191,-0.06411521425129645,-1.584597552092164,1
-1.8947687687262267,0.923203577167925,0.2523396849961567,-0.904459057801532,0.9441670760574035,0
-0.6305735638607561,-0.9640901212397603,-0.28410553732222527,-0.6911696190102614,0.26814262997702487,0
-0.6312642903812629,-0.6010527448998895,1.2646122697193578,-0.6690535985078051,-0.43474316190264706,0
0.1846960580037093,-0.3385962735221263,-0.6745142845512908,1.6132267734170258,-0.8968479661892168,0
-0.23052587452309029,-0.8824472080121103,0.5509360808828407,0.648871800979299,0.03324131613968932,0
0.6474518930138015,0.6413084772076374,0.04052631036057565,1.4675165310696128,-1.2557393750640657,0
1.0520441689330418,0.3820535278640087,0.0023101479714241853,-1.0012296034765011,-1.4970559382032933,0
2.019672665328506,-3.280627547645995,0.19985703313395206,-0.8098325053849432,-0.22025137225828303,0
-0.10985234321442071,-0.008998731054108127,-0.8568799745069783,-2.1123080163829506,-0.5726316190819222,0
-0.3927247692851581,-0.7679850001728991,0.10481495842428445,-0.8533065379324181,0.09117909889860126,0
0.4711808907841361,-0.2867015004219072,1.4852625203206469,0.3705036348224032,-1.0921138972755307,0
-1.176047822744552,-0.05018036190385796,0.672142502719932,-0.21849826466153005,-1.7477532323939111,0
-0.834010434234696,1.518145638538842,-0.5072352334172455,-1.7345138734890633,0.26907013198641466,0
0.6347512035324877,0.5319486923390493,-2.1111465471761868,-0.5908318616853794,1.015434674101735,1
1.1220692921556568,-0.514040212397506,-0.30942423464048024,0.739089236309367,-0.18633889687563873,0
-2.010552054402925,-0.11692383086185752,-0.4472060211341951,-1.4188259437738437,-0.9262992962693976,0
1.9126829619055643,0.08840902118352288,-0.7977095376294681,-0.4660620947866989,1.0692710219480388,1
0.989972145859656,0.8757541857517059,1.5162294209645641,-0.37979337064098223,1.0313830773238823,1
2.237051754683254,-0.8952988015251137,-0.571133341318063,-1.5741859287759092,-0.09407035938639279,0
1.7412690635313504,-1.7933749321147807,-2.356697751043679,0.4747323635832943,-0.645004965293442,0
-0.23971659661858533,0.03444928062668538,-1.1270761801447307,-0.4812867218739174,0.9966846690388306,0
0.38661080871760967,1.1003876310504443,-0.5979733399902242,-0.3797112897012104,0.6024754080047251,1
-0.49950584426628136,-1.0180613862459384,0.49209780875960696,1.344832285878524,-1.1614610994589967,0
2.556585319207686,-0.3664099877321907,-0.7232993870420723,0.5972812957767998,-0.9634660402961273,0
-0.5574389111080454,-0.1406768779321416,1.7987658293985227,0.7358583162476394,-1.2505688601483316,0
1.0477715622448476,1.8387617023890226,1.5847185193247182,2.271486161403073,0.23311685109385594,1
0.16987416996031757,-1.0048446780176623,1.03699151677865,-0.7501808879921489,0.507300560992466,0
-1.4447084272099915,-0.7384137506631896,-0.5470440927502487,-1.1434986464267156,0.32183768442829885,0
-0.19586053741353077,0.8268068959476678,2.120723684320727,0.8688923593506915,1.0643553028200288,1
1.274967897643549,-1.2889893727615613,0.831237557580684,0.7410238511785622,-0.9489811226868393,1
0.4762959135128197,1.9505094738385782,1.3319550636025552,1.0135393288810954,0.10904679478356487,0
0.7682863763392831,-0.48768740523114745,-2.149232227975334,-1.3896584331364654,-1.2894728027151838,0
-0.031234966717206887,-0.44699232474310263,1.2236901812692889,0.909714360107712,-0.14899270557948904,0
0.08082138361887095,0.10627176385179411,-0.6377794421141754,-1.0097205782775727,-1.302447718763875,0
-0.5227262163729997,-0.2908516712647723,-0.3065599741419535,1.804136399947261,0.24804056744787784,0
0.3961997742886923,-0.8955414498212957,1.0219988993637936,-0.6115841254904595,0.2870765318881989,0
-0.6196655576184086,0.5168763414036174,0.3818748880278591,1.5401782111878097,-1.4388209340770088,0
0.010852801971602303,-0.02247585479664138,-0.9075941433187158,0.8726526460620815,0.07085137129412779,1
-0.990245358209022,0.7673170431644598,-0.4478147787864375,0.14052171037343136,1.0332862154134448,0
-0.6277217360932523,0.9346814158929042,0.4438846904257674,-0.36709865556485377,-1.3984059181969564,1
-0.19167266800826785,0.19073837522556897,-0.28853004459315124,0.9366074232721865,-0.6864919501712747,0
1.030166313159723,-0.26218716800314656,0.5659088074238099,0.8151876884102015,-0.04827155945602012,1
-0.14071257953081612,0.3506135989306244,0.04630576940699675,-0.21181771077838896,0.3434394223601585,0
-0.20411158809610572,0.4099158414696651,-0.26470881833138166,0.6033964464548099,0.36436120451954107,0
-0.4416447948879208,1.3857271853374558,0.14612023903554452,-0.6903689452311981,-0.9341493884350194,1
-1.3852243169128908,0.16158516551952704,-2.820888707336628,1.8076801351596286,1.0475769268346404,1
0.5125372421378247,-0.681266587258552,0.8874859049759717,-0.3670055867967558,1.0495705506693265,0
-2.0687201745071153,0.3640652650791671,-0.6739215058685815,-0.810158142040189,0.9879880521754342,0
0.5217375049939295,-0.3954710356317443,-0.9631543304670502,-0.5106318986939834,-0.4297818457368992,0
-0.7605831609775665,0.38145216863674947,1.0782972699861049,0.5510410791226803,0.9794554951755884,0
-0.6526954402857719,0.40842150054658793,-0.37406609046746125,0.841300731578219,0.6826784282658496,0
1.6005850779517556,-0.27021003423349765,-1.543020692724647,-0.7498583966508962,1.4039612603552027,1
0.6789030686486326,0.42227467299244237,1.9000480243636662,1.449634663201902,-1.8277132272849834,0
1.60598404201298,0.6060461941331572,0.11767960261902011,2.866172189131345,0.9128819100887174,0
0.29134748770157526,-1.4030460386150192,-0.06858947899173494,-0.6995374116888307,1.1121786472467425,1
-1.5026186070376808,-1.6763798740303357,0.91096981520589,-1.1997350144779577,0.281730110837243,0
-2.211978626663416,-0.18321507109128446,0.11779856162041653,1.01961408017751,0.49902285530132523,0
0.44556544482206834,0.3338801724541879,0.7198015778189816,-0.4043385284897618,0.34259438748518395,0
0.2769304001033444,0.23751422784016105,1.433053330168743,-0.5995089329638997,0.7617715506751962,0
-1.3567904635990469,-0.055791439384807164,0.432134475498814,-0.926127351139073,0.8686438304619684,0
-0.015489593546002805,0.1863707680445567,-1.1395863418968581,-0.5250827002507484,1.8355921030447664,0
-0.6959686018354355,-1.6386730474657165,1.5562734761316421,0.6642526108303322,1.142180517276241,1
-0.9482361751083519,-0.7013576284964301,-0.6948133560386857,0.16398003319815124,-0.24817055551747264,0
0.4706634136703783,0.7612678929308745,0.40123736522458026,0.27034850874102345,1.0552035362172738,0
-0.7679586748478164,-0.48711164942612073,-0.960044146322514,-1.087494149094043,-0.6280913913180279,0
0.4531470454423577,0.26683749472391016,0.8612987203939652,1.1912300326129868,1.166339635349907,0
0.7160032454480065,0.9924495221014529,-2.027289758408567,1.3026235378704636,-0.9856883364207571,1
0.16511953900022638,-1.3019222913938606,0.5474583609155436,1.4726322166255945,-0.6186250296428607,0
0.8335458048999828,0.5648499278186025,-1.0404293929347261,1.4642425829012846,-0.1018162043388674,1
-0.3415032421724631,-0.009659324760388104,0.08259101034370493,1.5062706938175645,0.6536161939942173,0
-0.30189096269312576,0.16716067782029498,-0.058573016826956516,-0.3820855423806149,-0.7873776656479885,0
0.938727301540442,-0.23953257390558505,-0.844921249380666,-0.5572932342445193,-1.0055235070081532,0
-1.8986371156715254,-1.6640209015239635,0.9070334046471532,0.7902873409003576,-1.3589197554455612,0
0.31378331684889504,1.2760639506628482,-1.3297416558106265,-0.6796984177905341,-0.018305493997751443,0
-0.1035270001056335,-0.15399857496827035,-1.390337415535868,1.2889808429525722,1.196412638385854,1
0.21030470869589896,0.486036885183208,-0.777776739608714,-1.5812910322103049,0.7870232120153189,0
-1.227524261750756,-0.9164157149901994,0.47472992436832784,-0.5113172003849531,1.807109334365858,0
0.5950777955877959,-0.9849549513909563,0.1673828176078641,1.8166253776219488,-0.293313544575149,0
1.0671455611173841,-0.5332766485900571,-0.032914882724498495,1.7977480847218152,-1.2783794858351325,0
1.3428808421149445,-0.35880857819597034,-1.718440982974568,0.6290643062860208,1.0874551397565175,1
0.5076810713412537,2.069042379254705,-0.26500326333892427,0.6369903077088057,0.36791839928970144,1
1.006766634623015,0.09737054825095122,1.7681869129787176,0.33038811157315645,0.4520573939382892,0
-1.2206723470002965,0.33199171726119686,-2.661628871040654,0.2242541545381709,-1.9509278366423488,0
-0.3772830802025927,1.34698502035703,0.5565873620651597,-0.5007858792212717,0.05069270821587468,0
2.979378186971548,2.150896224641872,-0.6876034759837714,-0.8830761917070855,0.4313311131921603,1
1.5609872566244418,-0.6392157647463177,0.28045386821559065,-2.0739686280234277,0.524591245386446,0
-1.5983444626241754,-0.7486341202005645,-1.067969254527044,0.39809054006626565,0.6090443529616609,0
-1.1113940393210726,-0.2071633631013346,-0.037184973745149355,1.5169080359642473,-0.032403379073996354,0
-0.7558088732441245,-1.3379279624670193,-0.07595710622685747,-1.0963124299562568,0.1570362085262585,1
-0.8955128930388827,-1.6525007413260673,0.7754659487202147,-0.12079784291015051,1.0986619859625,0
0.20971907820806948,1.1673678183746303,1.113038168307649,1.4469810864917836,-1.2160116334913735,0
0.6540772741064623,-0.6187994299130533,-0.29298181913181676,0.21051593243713115,0.13741590905643924,0
0.6359623003872086,1.197969006285567,0.6195158496246154,0.7631269070829758,-1.8029194176657601,1
-0.09821312106542596,0.9889753964904795,-0.7404041860158973,0.5122462670819641,1.0523221303380248,1
0.7845521162985958,2.8828907315442582,-0.06434589711757957,-2.1897439264883083,-0.9676369950874175,1
-0.02922601791249133,0.6911581990231461,-0.7475679637189874,0.33969412283731426,1.2742755663228376,0
-1.0256311795331476,-1.0940077509856765,0.22586374316547317,1.665065049319294,1.3747698469436198,0
0.2019693511295071,0.7721408564315977,-0.3359895197690243,1.0832924700689484,-0.42254970495567357,0
0.2759035043239681,-1.9581056856757608,0.828680374750901,-0.8216338416852929,1.509427433053507,0
-0.02309249583977726,0.09479197735687532,1.1096264855514235,0.18994644106570335,1.5299671898537175,0
0.08115247866695623,-0.012363361350272375,-0.20977476924463995,0.2470701450982422,-1.0387072669094963,1
1.118687559813636,1.8415519983913247,-0.0006174951060652827,-0.2411984987977395,0.4672478169046802,0
-0.022867066911268646,1.5172214874530208,-1.5294232956202227,-0.6765506188618473,-0.885294098209268,0
0.9836318466543478,-0.8970318236237076,0.6359324928335924,-0.1792254480023557,0.4119101992801308,0
0.7801065332421954,1.1570898340397822,0.48568795253886327,1.0768659862672307,0.8865901331891841,1
0.01030442553787815,0.518865834046148,-0.7145473259135796,-1.5757385150820915,-0.2879396234255055,0
0.6771388867550889,0.6575050061133403,0.6816717566228829,-1.185497427992506,-0.2263502543050396,0
0.18446503228609173,0.382470589757657,-2.8988202141145663,0.07943049754595281,0.2620288218950152,1
0.13346679461427377,-0.05935886622671104,-0.5885228227937004,-0.049280657267533945,1.1381342601933344,0
0.61237275417862,-0.16537259221413567,-0.46235530271123304,-0.2009681983350364,-0.7039461891135121,0
-1.833049513808709,-1.7962403339917572,-0.9914171629110524,0.597209865900107,0.9847973276902894,1
0.19923170393717546,0.4212605648028934,0.1908133216595484,1.1463341482094167,-0.792588838063533,0
2.002433826949324,-0.3125084770454696,-1.8909420853607302,1.8274235192524009,0.012619172242096155,1
0.23613434467465982,-1.0684087124459507,-0.6042203071162565,0.30704381572653466,-1.1176661011715994,0
0.4648571095158916,-2.436898768112531,1.5292769087257112,0.7748503432404954,-0.6738438782095588,0
-1.1524599956489532,1.0123947798019088,0.4316583848891726,-1.009326854824191,-0.6780494267086341,0
-0.4165574172066761,-0.5212876878552649,0.06695610690177946,-1.0583929130509777,-0.8094463118902827,0
1.0387959868267957,-0.4848337879245933,1.0304808490819117,-1.400699461818859,0.9052387692540176,0
1.281340175224162,1.080007753424443,-0.4496263195719607,0.5346196701097484,-0.47632455050397426,0
0.7454254150749875,-0.20798197246102382,-0.6551160136294505,-0.5919297580517618,-0.6572442307075296,0
1.5366822984338355,0.09695197303941766,-0.48896015910695695,-0.24983422409758418,-0.9304101116195401,0
-1.24296433737874,-1.3131978704097234,1.8388018824426882,0.10171292544078511,-1.2595451316879827,0
0.8268867283766255,-0.31648401170985746,1.488138092228678,0.05629001872606066,2.009228903222637,0
0.8272434318233014,1.423068473117965,0.9153326882355911,-1.0483473608501312,-0.8043348213712498,0
-2.045828024776733,0.7419280975481222,-0.11352586730510134,1.5401144788324415,0.23836454017926692,0
-1.6098326804234944,-0.7840359183330413,-0.3834853601286773,1.0830951610602535,1.4548755297932723,0
1.2991215893908754,-1.2770235063307998,-1.5208217138433129,-0.39492071744681473,-2.5825492875481078,0
2.792720255801586,-0.021563079266462237,-0.25155602035641794,1.9932977903054965,-0.8106953752057205,1
-0.326836531829259,0.3848287644988239,-0.7143057012506115,1.868846957579121,1.0111571311547447,0
0.10161556069839947,-0.12477541752371958,0.0032217221232520373,-0.1789489785648273,-0.6715122573075054,0
-0.624069304711114,0.6746536679437081,-2.169034736070867,-0.7195171983963877,-1.3197018207647337,0
0.08986801293598944,-0.383703616283187,1.0465649717120185,1.7347145336974794,-1.4358527543417938,0
1.6903410935804153,0.958513022047614,0.4319464600397584,-1.7020382905135165,-1.5308242620926238,1
-0.0918173522618554,0.9531332008189719,-0.9343918455794985,-0.264672847469078,1.1201529216242938,0
0.07201946357013683,0.5108936062624018,0.3676445811329314,0.5654164604786628,0.3151618949344992,1
0.4912715500707911,2.203184243277961,0.9741494438918687,0.7554032614186619,-1.0270695534613772,1
0.7149874205218871,-0.1274735313981917,-0.1815570628177443,-0.9625678353265639,0.5796083902331719,0
-0.4075519789008502,-1.341557538821389,-0.08287511452079635,-0.8529344225213598,-0.06276740812670592,0
-0.3386672469055428,0.6811710987249259,0.5020214533266811,-1.464586914080993,-1.1153701244640808,0
-0.9346868225360994,1.0250367412258612,0.49021322096857073,1.4036386799995078,-0.29055501267082945,0
-0.3227339637991202,-0.39867584557241,-1.5206274943650278,-0.7168620160097654,0.6046586148729209,1
1.6252231397366304,0.36973720792545856,0.7350962143495539,0.5823038557671538,0.9625657458508233,0
1.0484321230610254,0.015790102480709133,-1.57421934739535,-0.2792932903850126,-1.5364097409761086,0
0.6840113048048785,-0.9723129108155772,1.636428006120717,-1.301074489502373,0.03382680745088487,0
1.730891092603121,-0.17403413273291665,0.07901300931753895,-1.900452048385898,-0.20187739805196211,1
1.535587362297424,-1.179815772149817,1.9743991618407384,0.7872332974873288,-0.9262215303217971,0
0.011739172670390862,-0.5556052488473457,-0.2464311498579089,-0.36188567873032174,0.019609749842253145,0
-0.3436585858825178,-0.6241587553378007,-1.3475813677178465,0.599635698500847,0.5563472846796672,1
-0.28274818145072844,0.6409627757854712,-1.4373181301475244,-0.15384328497259198,0.061302042088529594,0
-1.2717415333990965,0.9363411842519431,1.2370032132414988,2.444223357896455,0.31365994479367204,0
1.7982602624675241,-0.9482763003370971,-0.46633207511516933,1.5302596350593876,1.776533266271195,1
-0.8898754525464447,-2.275818317417109,0.39979700785234884,0.8731068543771126,0.5020498555864861,1
0.08085093016834564,0.23848239979123367,0.4920841488554211,-0.9189625446845762,0.38205564432364125,0
-1.4861236915959304,0.9560530294775252,-1.3292907378708907,0.2775588847638263,0.18298556598606425,1
0.8643449650963855,-0.6154945399850407,0.3307574558356805,-1.078232653990337,0.13276997419132355,0
1.2141701597183647,-0.9129286501872251,1.5608711142104938,1.2946100004365977,-0.18903202475101064,0
-1.1010150025093235,0.6351615210337981,0.80707839597006,-0.25461541225828777,0.11008597265034488,0
0.2503189826970084,-0.8887638506636972,-0.3799249566083234,-1.4054308083738045,-1.8528474917648847,1
0.8888008074673152,2.5398871145544892,0.5540606094917357,-0.28936759346442015,-0.3985090987658836,1
0.006907899485425095,1.6397895262249178,-0.5954943474614406,-0.8613610543442168,0.9248400719683376,0
-0.8035770633517506,-1.310251889197305,0.5345905900347375,-1.790929591637423,1.4155941347650889,0
0.8569257460696724,-0.4518292695389918,0.5632639778415252,-0.9003646324370519,-0.8216249462033955,0
-1.3456546853051086,0.988102001589703,-0.46114580177529446,0.363662055357218,-0.6623088772852659,1
-0.06283084615523156,2.007572260896867,0.7260498546411989,0.8674925510752641,1.7629780806966575,0
0.3619885741822544,0.9529233922816073,-0.05038138271757391,-1.1273164030033278,-0.692608065605751,1
-0.7705686669049697,-0.0009446352086838209,-1.249532577252856,-1.1044196017519943,0.328398800278941,0
0.24597392529907813,-0.4843423825085175,-0.5011518002620896,0.978202562963159,1.0679869230218644,1
0.16109613045289484,-1.7684682496837474,0.3772389792895133,-1.3986138102849615,2.0728253861056607,0
-0.2994479967271104,-0.21464327420069168,-0.5086819312775558,-0.5281902723995353,-1.6796129140287976,0
-0.8890539459962551,-0.17804741285902184,1.4028092424482888,-0.8607763185024876,0.051693262644174155,1
-0.4427107277891476,-0.8041894919778887,-0.5473398471920234,-0.05306307893746863,0.7661678253737142,0
1.7055214625966564,-0.20636397605102713,-0.27271097287985785,0.5317521681780026,-0.18287933618084304,0
0.5396962416160658,-0.29348857448479554,-0.31391245013506636,0.4733091867637706,0.26390587755591177,0
-1.0710225971405813,-1.3539782764060475,0.4235535374236507,-1.490996628208884,0.4993493911790805,0
-0.29688322199904565,-0.7950133752213275,0.5071413037313578,0.2861579485145601,0.46522483364444434,0
-0.3720710224267513,-0.7314886999098317,-2.260675991874711,0.7398343311804649,-2.4081114324515958,0
-0.3058662326433753,1.2191133817254434,-1.410176574333367,-0.6193035293167316,-0.4840093494232677,1
-0.359970076187368,-1.168856599705938,-0.5732093598445489,0.5960954116762074,-0.10880998881292783,1
-0.870240205732604,1.0487704632562693,-0.3032505443604547,0.6159238001816577,2.0549023474993047,0
0.6744319097940366,-2.429688052768521,1.41804486478956,1.2419883034889587,-0.5877365347411352,0
0.6767178370639092,1.4707587477903579,-0.6152049306745284,-0.7044851585492014,-0.10334920164572695,1
0.7724833257461458,-1.3220074743443984,0.5923543610781461,-1.7376752762133318,-0.6830894009129159,0
0.59248640126244,0.5512211923194514,0.7022970699969345,0.7238616169812528,0.1910602100309437,0
-2.4949130284337793,0.1390761429081598,0.6950714685193196,2.284333493978255,-0.7688169815511171,0
-1.8888317789930167,0.35990364221412074,-1.916134861298102,-1.543662997477096,-0.809159662994883,0
0.08336065461233313,0.009722512228917369,0.6726308645784714,2.1075708693893755,-0.359780172611618,0
1.1844293143889693,2.7900445469185287,0.6444044248617822,0.23949816012176378,0.8040470827931472,1
-0.13976691268874283,-0.181768496510155,1.1919548392237809,-0.5047328023817322,1.7675949331806429,0
-0.821786273942572,-0.6835492782663177,1.1454825447627073,1.0917556031234819,0.35608847985977354,0
0.2001493149535775,0.5757394722682537,0.7336003498637839,0.22697326857301484,0.13891140027865662,0
0.3197192628879725,-1.6072725468404576,-0.944516561124025,1.4224899546812149,0.5146681446435875,0
-0.3520270357397725,-1.1437507158090228,1.2691930932601319,1.158788850494085,1.3148531466892655,0
-0.5597964042558878,-1.2866628859793816,-1.274202894774152,-0.5252196768508377,-0.05168354918739561,0
-0.717448416186271,-0.3267733228252293,-0.5739990205882608,-1.3933607909665384,-0.5759578699890888,0
0.9134328621579842,-0.8600265368507463,-0.09693677075000616,0.08513372387586908,-0.6737971493333698,0
0.1778536592081838,-0.51519037071381,-0.025792480552287833,-0.6557527886817676,0.35344052928686204,0
-1.0812179076359467,1.4433558942125555,-1.283469309281214,1.3735941524692576,0.6372892738724306,0
0.04185498200236114,0.23904774253562772,0.9306973890321244,-1.1334719348256947,0.29990011089281987,1
-0.36168121229344036,-0.7987818471560444,1.1972625404765986,0.445174633936899,0.9476839268489585,0
-1.107416783739404,-0.9400481666865796,0.8690824221236618,-0.024180181783713724,0.6903497956582515,0
0.19810294455771377,1.611045755852937,0.34255680352515827,-0.04823874368397298,-0.27353033890163847,1
0.697767502418508,0.039962246747330066,-1.2908806119973477,1.794960556903651,0.15892008509422342,1
-0.30683610548455453,0.4349352339056186,-0.16342139010517776,-1.9769547948426256,-0.02538070852166899,0
-0.42294033881436266,-0.7185900771131424,0.16587746488415245,0.31727683211787794,0.15047468204627315,0
-0.07636126426582766,0.6000301988632225,-0.8069827730165766,0.9993294947322157,0.10483504578912542,0
1.322336927370147,0.9539480745479172,-1.1752604773612263,0.14492754112088171,0.4546563575793597,1
-0.0608821908180272,0.23983024468510442,-1.5234091595657107,-0.6330331259389219,0.3656765896580361,0
-1.7280174475261019,0.4429909080024599,-1.81192752213305,-0.22680920118415543,-1.215614004310505,1
-0.47443360151992037,-0.6399488744318235,-1.6824596129459608,0.4102703283237628,-0.5905507077820181,0
1.0616666449526964,-1.0547471660280514,0.12272201637486603,-1.1326280107312967,-0.37375075646615985,0
1.5071528814407826,0.2739264707213411,0.3204585502688196,-1.3842511110642293,-0.10924144836457114,0
0.997381753310085,0.6524819305615193,1.1630132323983429,1.8486152833665397,0.48171933102179515,1
-0.27734932362781867,0.18690310285643216,0.5386508829652418,-0.9080706758980874,1.5784924269791467,0
0.32429421250168833,-1.0750136592792203,-1.2804119425632678,-0.1702088358663407,-0.4366487947695034,0
0.5439879497596487,-0.4780624744337664,2.4123200298531557,-0.22513010681987206,-0.041504443303419306,0
0.038990672854813384,0.21193627465650197,0.22086542391900968,1.0248298974762724,1.460746174144798,0
0.20582477487361828,-1.0221577932620405,-0.07500154428861133,0.6762986082287874,0.06644956998654937,0
0.20200546355733404,0.7541603605516561,-0.3909669507241222,-0.9997948547832993,-0.9290212574950503,0
-0.10100183568368531,1.5140435784747035,0.5347235666484214,-0.9353974581787207,0.7603585384166415,0
-0.37730706193341496,0.383189973937241,0.7245679339601049,-0.7192365930111928,-0.6284786433317969,0
-0.6793198135309232,-0.013121590995618052,-0.27078250318542807,0.05351695477810792,-1.488742448335624,0
-2.046726728509798,0.38214584089343845,0.43360864411592115,1.0685689638407336,-0.6136772112742859,1
-1.072889054102273,0.45125383703982985,0.6919041894212984,0.05514748886641199,-1.058728869546999,0
-0.0884130761068941,1.084150579622913,0.36558631948562237,-0.31938066591336145,-0.773921766159665,0
-0.7795851889964294,-1.3711532350898554,-0.26479702135755895,0.09402119504949324,-0.06522531988246237,0
0.41761604892080373,-1.3151349254765987,0.986406108250902,1.6805893521955482,-0.27153058100879945,0
-1.3279367662900758,0.5900074210836865,-0.011279009958432763,0.4781534547698009,-3.4733431040518226,0
0.9877142181010273,2.7904139540024495,0.0009423675180777897,-0.05439490419641702,0.34210627762616186,0
-0.9163749521308504,0.36123770896837515,1.149640947103537,1.2970063927115023,-0.1373075573273917,0
-1.4203533153915475,-0.2757428383718956,2.202256356999831,-0.4461856485038108,-0.9355354143400646,1
0.7270582382331917,0.6853652565929561,-0.5484196001223578,0.2559645427431869,0.28973794649027446,0
2.3577304906974734,-0.2438212072543592,-1.713850362251095,0.4471251434803482,0.725064778880381,0
-0.562157056236181,0.48602626323053105,-0.22593024915840326,0.20421588570403232,-0.46137630710558225,0
2.1041648552023817,-0.9629148833621068,-0.4396386315246614,-0.3019410925828345,0.2081924600847924,0
0.7008338893930516,0.24230838331276708,-0.5607571986949472,0.56442621361387,1.2117629413598636,1
0.1655418939262766,-0.09200651884599964,-0.09720239492163366,0.04181818847937359,1.0156570905072102,0
1.5623184429761348,-0.9308632733361897,0.525541792804237,-1.0480986793604168,0.4199753659886063,0
0.09962304287790108,-0.7674127464998735,-0.7356917444898603,-0.4122666979126033,0.9592536673502126,1
0.4926621006805055,0.6774824516617579,-0.2989601382736206,-0.03979396889185482,-1.2930518099611732,0
-0.4371688586759127,-1.3400090580432922,0.6791641599505782,0.6878780553333731,0.7599392557157942,0
0.1130137521861373,-0.6885571335241564,0.09963454376797086,-0.19313834216037146,-1.13995445954058,0
0.25430407537815625,-0.4140512430314055,-0.4000896108180908,0.016521854905020512,1.18976005005446,0
-0.5725173565795149,0.896945324591784,1.067691244215193,3.0224820264466037,0.4349204739847699,0
-0.23999990367765944,-0.04347130585680171,0.7409209926267739,2.3608505160835844,-1.1207836872244503,0
0.8622450141362791,-0.6476394729097351,-0.6707876834218436,-0.03286841362672072,0.621408221229959,0
0.34103948541047896,-2.5638483384839565,0.5465788445492253,-0.057889891277930636,0.09745543365645966,0
0.440517479874679,-0.7671401799497076,0.10098411340860017,3.127661869581968,-0.30867569457921695,1
0.09049668192621178,1.2819135450680184,-0.8142708589872483,0.5947396947411678,-0.6614592926201208,0
-0.16229955322733935,1.1682367118255097,-1.7054450933372522,-1.139483716402225,1.373133969974668,0
-0.042701753747787716,0.2629063454008331,0.5786958840988656,0.3997768481945704,-0.8037363589739296,0
0.5808177230605105,-0.7389482058223232,0.8709555058880776,0.31432284252373127,-1.66094128556763,0
-1.290742412147486,0.07288939892180515,0.002994650504142347,-1.2630602418693087,-1.1603757032544704,0
0.24531201031979286,-1.0467396579537642,0.1030758857548465,0.11768486078699764,-0.2811773741188586,0
-0.26033400851536204,-1.0350499082931186,0.1480105793065728,-0.7137705824202812,0.5430259530822468,0
0.002544815092203887,-0.31692436258970696,-1.0301957901155223,0.8202859496842667,-0.08687270510593324,0
0.9002384499511881,0.22462233430237977,1.9621063514061956,2.325929875766269,-0.1720890637407315,1
-2.1654887216442353,-0.7699864131885644,0.7196333037159299,0.89794857008728,-1.2056107787945654,0
1.4739248814667645,-0.34997257556263,2.0640444076607642,0.49186245062573436,-0.1813672422789513,0
1.388694748470847,-1.1417988818651672,0.6972213824434613,-0.3336083521471525,0.09995367762676244,0
-1.2958772378710228,0.44025922244702664,0.08928851038588369,-1.9771191586924741,0.9958533857765006,0
-1.9736190136658318,-0.2829532826723937,1.5814525478798898,0.10659693631036103,-0.7767541669097153,1
-2.432112343024039,-0.05228323614864438,-0.34059598798096763,0.19168754026727347,0.2084154070045834,0
-0.9292394871339434,0.17989146293753025,0.21635121379489555,-1.5504777199907345,-0.14577394136202262,0
0.3519065901660227,1.1143467342496571,-0.6891845271174804,0.8944909995876009,-1.1079300626516628,1
-1.8713988499155791,-0.8707693397228206,0.4403952445892845,1.0758292361501514,-0.9114673882322244,0
-1.2129071432851102,0.6999150731592761,0.7188300945734171,-0.9202687128589787,0.794291691123297,0
-2.014657906126907,-1.0557718076357516,-1.064116138249019,-1.0420770183739114,-0.8752740088274779,0
0.3541957438167913,-0.4249512261862907,-0.05165672653334861,0.03068186357982374,0.48742637988786097,0
0.5674456379978379,-0.15954141552930348,0.965397429697028,-0.3891141365826375,-1.5079860506394318,0
1.0697415594247686,-0.8921275594746065,-0.1575454355161884,-0.3882966989688726,-1.221079937327331,0
-1.4489327798853024,-0.7673111381834837,0.9965999655543002,0.6103794717626878,-1.082338036406567,0
-0.9028380922942667,-0.2272992115192641,0.3406006182386044,0.9486224983771719,-3.359442206845631,0
1.1162890374149113,-1.7406261401922023,1.6083640532274652,-1.0303406410659177,-1.2834707976193216,0
-0.07779248678148651,-0.0918098460133837,-0.7424639845319015,1.991274750993354,0.939859351880299,0
-1.1637300970185778,2.0243452279598313,-1.2817095525331563,-1.3130281407014757,-0.07907108433215239,0
2.0142374191611223,0.4388483343195099,0.4166353172668131,-0.14040703653013217,0.3316585203877431,0
-0.4635402044220873,-0.28931012075443097,0.9804453890688014,0.30022225146212556,0.026115562113458446,0
0.734886314581115,0.8178932809530622,-1.1463205935063585,-2.205960856241181,-0.04278278991433145,0
-0.41934302910322896,-1.9055821477063077,-1.089410840522266,-0.24439928371955136,-0.08294913119897995,0
-0.7675632332757953,-1.1570534880242258,0.42941051701981664,-0.9118568453831992,0.6447142131963192,0
0.6639654546000844,0.1877954153472502,-1.9755748852387842,-0.46379548871597526,1.3040661417480002,0
-1.616768902310025,0.7149974851043838,0.7139227619795522,0.953230908273338,-0.6533908095094836,0
-0.8790043177735172,1.1072986903154782,2.153930987479386,-0.5234598181497,-0.8789275333545054,1
-0.05779461715487433,-0.1886509301401027,1.4749895961131714,-0.8271005140227494,-0.029386738102908733,0
-0.009780610436773857,1.4569770689181738,-0.017608124766670886,-0.09970107092260903,-0.7099019293494697,0
0.48086491646760415,-1.0167117753053871,2.4929381310032666,-1.0901914905267407,0.7162471327198375,0
-1.3850106365510118,-0.13208218235082125,0.6152874202600775,-1.450348853190308,1.217978957284052,0
-0.1199653875891163,-1.053175728336728,-0.01622040661813458,-0.4924610631280428,-0.4656684580910927,0
-0.31492523721599,1.2893432968411236,1.59367704537762,1.1467039287888103,-1.271224233484656,0
0.10875790792539382,0.10093273506851289,-1.022999239715557,-0.3623261804242934,-0.6084167351793662,0
0.7011046160646228,0.04754670877526618,-1.6456539886248138,-0.022221111754576736,-0.6976234507696433,0
-1.5049159249300712,-1.9896687376545097,-0.08321332846382624,2.0337562559729014,2.9566621132133606,0
0.24914941622222408,0.38863928497905353,-0.6304190344501696,-0.6724072903709989,2.3209415541885696,0
-0.4912399993116692,-0.14904425855031583,-0.37777157800258027,0.21098568828657868,0.4430846371000461,0
0.5402770175839953,-0.41644947310442615,-0.5137779937433273,-0.6460746276866428,-0.027831175940196316,0
0.48392253571296406,-0.21478645983137454,0.4367023646183062,-0.060375613189208505,-0.8075074744259195,0
1.1819957881261665,-0.9945175170282771,-1.2184442004572729,-0.1794692246958717,0.29945926468524575,0
-1.4664753139226747,0.11602052029590454,0.1750353137882258,-1.1602650589775185,-1.3148237320395304,0
-0.6642828881659424,1.0497011715344464,0.8529552595863665,-0.11281545905970505,-0.7307707521038076,0
-0.24934820145628603,-0.4801061352022831,-0.35899146398609105,0.03926906893479196,-0.4439205260151226,0
0.7711260039140406,0.30276510873133333,0.020062015568425365,-0.25098044211336096,-0.1504655388303558,0
0.23351828378529738,0.02333106580684473,-0.6379030099694015,0.6402710379197541,-0.832635703204802,0
1.0253072044340144,-1.423987776307079,-0.34052403686835486,-0.06258032308192098,-0.8071219577247544,0
0.7479674392513975,-2.2690014989080503,-0.24752524895965022,0.14964144081490038,-1.321388741298199,0
-1.8441270217450632,-0.7527297559299163,-0.2613650971600253,-0.394374607452227,0.6406586656028567,0
1.2089692452924086,-0.9058685007851421,-1.2734110991271765,0.6725092450314579,-0.47632450430767553,1
0.9071769095605838,1.640892383251097,-0.15757581216539698,-0.8287928747445527,-0.04967437912225272,0
0.09590796210556281,-0.6525203726442466,0.8255062332286921,1.2906434681825791,0.07923311640458543,1
-0.6554486969679728,-0.37373375576954504,-0.8670540193195392,-2.1866817005433106,0.21719663785648027,0
0.013866591328503123,-0.9644453957002326,-1.583324975714941,-1.4675390500585155,-1.4757861446059866,0
0.6899161040128136,-0.00028925258922031153,-1.7894458919292269,1.0712947411512517,0.6473688240434469,1
1.3477787001012163,1.224313515979558,1.4583265348446113,1.1311436647242834,1.5699170207137274,1
0.7240052295179177,-0.624369902239136,0.3694452857254881,0.3673413580143159,0.13365937306071438,0
-0.9689877696712265,0.6440364555040002,-0.2393257273517593,0.7125265706711934,-0.8296062451816436,0
0.4901306570933057,0.6397802585055616,-0.08009528012546097,-0.1366730969917033,0.7727492321290098,0
-0.38772139103024733,-0.15594792988603698,1.073768320495391,-0.17247029305820186,-0.7756079756011166,1
-0.4362478115687638,0.16343868814904308,-2.1345402486525833,0.9376034955956593,-0.2583539458374426,0
1.3544567965522258,-0.3171841098932478,1.1813195571623316,0.5501044870658629,1.110832731652755,1
1.97962259014615,-0.1877821111797734,0.8142839710329897,-0.8905728637516105,0.7262417352563721,0
0.07671806597125931,-0.3322533874366357,1.6483756434022099,0.953705711359555,0.2545240001778877,0
0.35281137641093724,0.9186304373170651,-1.3943916862331318,0.1880558268603129,0.30874778585039797,1
0.5188694092559907,0.885754968760945,0.6476856986216731,-1.4768276726233764,-0.2310557633710003,0
-1.1564277113452668,0.018258265577225694,0.7199058338807678,-0.8157095965787434,0.7856079447631373,0
0.23080490877095844,-0.6093601465714544,0.4265640562614652,0.14816639706789927,-1.3729668048821888,0
2.476306535759662,-0.7471399635038706,-0.6856669190385016,-0.05798706249467069,0.7859576103686678,0
-0.4979178403224797,-1.1820319267029746,0.9805014003413742,1.2906518720839295,-1.6137881817198372,0
0.27819653484236717,-0.14383146592830512,0.4357517912669338,-0.16712564089397922,-1.2975516598270715,0
0.47310028969252726,-0.06451166197620702,-1.9461075438494106,-1.359337533459827,-0.40103265184019665,1
-0.09090411275934397,0.04165955046836687,0.16187948880877373,-1.3976497168963298,-0.3564873032533819,1
-0.22817361668072664,-0.12794806131462222,-0.10586343915964512,2.214800481640838,-0.2608798145551348,0
-0.545988336506061,-0.8052694438594251,-0.8699875598172989,-0.17993100768834877,1.5176475335396784,0
0.03496014888611763,0.8117491104732296,-0.37516350401686105,1.1793566852993136,0.3152766894860942,0
1.4333881010165903,-0.5852680431308276,0.01672369124092773,0.44587486797735104,0.27412873602569854,0
-1.292427610055174,1.1843999559004994,-0.5273523260634876,-1.6357871168748812,-1.3689631565462426,0
-3.241509387533393,0.8737833936378397,-0.5209948543412625,-0.23401912839129574,1.1892999328035185,0
-0.9986975322857956,0.9715482063365398,1.0635714031455092,-2.1121023654363,1.0586119258277227,0
-0.46192911165751077,0.22735179610846853,-0.03352341379000068,2.0633279806597815,1.13560947050249,0
-0.8841336771327949,-0.030944635684526278,0.7404764137799803,-1.2877204960431277,-1.23062642063771,0
1.1149310795238316,0.16608047637973428,-0.36609333182789794,0.03735828731915971,0.011529940333331018,0
0.21474703865260653,-1.249414154152034,-0.15560829310893956,-0.6262136502503172,0.30265268278870994,0
-0.13230242723081764,-0.6723150187263752,-1.1783783125464513,-2.151798922064196,-0.5403588870274468,0
-0.6525862815431516,-0.24651220341011562,-0.6318194742594471,-1.4676932252892732,1.2000707734583105,0
0.6155744663753859,0.9547968053096583,-1.7810772516456619,-1.9562722979141722,-2.822362740075315,0
0.21599939711642932,0.661319137024596,-1.1537580996586054,0.9788617552926869,0.742413674951618,0
-1.0566296690345802,0.4182896169411271,0.6794691665660099,-0.20301721733995712,-0.4328039336786256,0
-1.616870266715862,-2.3200565251308207,-1.289286517068126,-0.09218173776998843,0.1280095064728944,0
-1.1653684554301675,-0.6298532929141252,-1.344762419043463,-0.03610433156719371,-0.21971169813502664,1
0.09690955741644096,0.42954817612719454,-0.03478104453856563,0.5624035001340385,-0.41374440118618255,0
0.35388021782649964,1.3535791727396653,0.9879707705412254,0.5015868814197603,0.8605910244468131,0
-0.17050784113590586,-0.3832508058309015,0.9519839776983636,0.5962036701411952,-0.24289272026655026,1
-0.5274754095006456,-0.03345266394553042,-0.39256589372755335,-0.9753227916650979,-0.8166638383210157,0
-1.2165825771482697,-0.36675384833273517,0.9339385311870197,-0.9655114763216573,-1.419263369429117,0
-1.302270201186474,-0.485967290686856,-1.2634290141940245,-0.22039587805532967,-0.5734746255698885,1
-0.24036097257640215,0.005429995325448153,-0.8636281523061313,1.7921242240177988,-0.0319198252891993,0
-0.2326058090925094,-1.4460003148082834,2.60758506574792,1.7869315727638806,-1.1464133263497063,1
-1.370610165141559,0.4718387052636424,1.3271331019161738,0.9069171028279681,-0.6842487876273886,0
0.335881696989106,1.263757035422687,0.18809592444638862,-0.5332880222873632,-0.26729937256067177,0
-1.767802136346123,-0.05547302215462359,0.4626047695178013,2.039248909427396,-0.28725170996730415,0
-0.4825194955557256,1.4366589335514257,-1.3290105858019658,-0.15362997510922527,1.1441274543720947,0
-0.27540912632026393,1.201995480585707,1.0998093258919275,-1.7133434177963804,-1.0075692518417605,1
-1.1115522279579104,0.6131770566671052,0.017263317288219164,-0.11425334624224409,-0.1501555613247756,0
-0.09892276801044435,-2.403283377075165,-0.2731598169306591,0.37390055945800094,-1.9521769780610612,0
-1.8020137302256256,0.6408188142959251,0.3910328832495459,0.6382146709424552,-1.9112963399280452,0
-0.5103438130172044,-0.1699608310707928,1.0434420502906374,-2.6150968637438687,-1.231554361172071,0
-0.7504644552634575,1.0506367357086113,-0.6420948490926239,-0.7755619143155866,-0.7546461866670107,0
-0.2678477029385414,1.367215974256043,0.7385996669120697,-0.10618115142428056,-1.4041759346517837,0
-1.5316598760192652,-0.5905972695868057,1.4681262738779848,-0.0979840784382807,0.7948740074387867,0
-0.9023015271146003,0.4302696685774416,2.539619770651234,-0.03516166031650533,-1.0754070187311129,0
1.4547324363312404,-1.091326214074702,2.0133892110799456,1.7222806267047264,0.8194985345958449,0
-1.7388344353968674,-0.9403188403938926,0.18160143297327672,-1.5066605767593064,0.1263491505871079,0
0.7770654287548749,0.8362145268100529,0.06265729410655031,0.1349071367002508,1.3827363948382922,1
0.8388189566434259,0.5056228766289083,0.26352406795594274,0.20622004147473283,0.8730823816978162,0
1.1601925942417908,0.8510208606401662,-1.1028833918567857,0.03939697923122086,-1.1760300599974907,0
-1.4968058562676347,-0.5532431045848089,0.5277241486508184,0.19048816373280925,-0.15895185877603227,1
-0.5827292271254766,1.1787022663395832,-0.5729043862175115,-0.9684199381087538,0.0851622110678667,0
-0.5585761060221054,-0.27310774048785436,-0.6580125990326227,0.16182171918144517,0.2138547600253438,0
1.3449624311671176,-0.04860986933357113,0.27053531819704146,-0.6745985591198177,-0.021431694258626583,1
2.507405041772171,0.845860844776517,1.5865172775342957,-0.07742011209650691,-0.7144095155613722,1
-0.8729719735849177,0.7108375117594421,1.4124353581913578,0.2651013231461057,0.5526707379972552,1
0.79997012118733,2.0341481123313474,0.1804468331760821,1.134935341698384,-0.35829091904013616,0
-0.040985556060648465,-0.22145759056578326,2.1170526858967853,0.38417874674716845,0.9961290405310399,1
-0.2940388925202517,0.07502866867873419,0.5720717795163242,-0.5826876467529047,-0.8198252430278836,0
1.1338360385506754,0.3935460814314683,-1.120473673723359,0.7490838696138102,0.8355774063558178,1
-0.36066309952305736,0.045048204248233095,-0.2520042959723377,-0.52553780827718,0.018970401328222718,0
-3.1675505463227585,0.04700452840053854,-0.7291909916911818,1.456863533207948,-0.043707142139595985,0
0.15749184496005772,-0.6467210960544975,-0.7283621755952244,0.8798050750363701,-1.0383543317489685,0
-1.0013600043509108,0.3724769993254681,-1.0137498999218253,-1.5044649076315435,-0.3981324612352209,0
0.5405597557058587,-1.6014455818562097,-0.32860246297506857,-0.5299892010082402,-1.0312077626939484,0
-0.12453575537771987,-0.8769153201427881,-0.9340505065222353,-0.20198119233316536,1.3212505765594735,0
-0.8750961173316337,0.23992426581436063,1.3491948297049363,-0.24035745431312358,0.956375856991784,0
0.017114481803187958,0.05756166884154904,-0.02266963217795176,-1.5907141565823886,1.31513043076739,0
-0.707615052623304,0.06732799654493879,-1.1719099077903452,0.6509691743853206,-1.266857826506057,1
1.3949028189676824,-0.9793930683430515,0.46125995341573967,0.7556040606012266,-0.6329630879509287,0
1.5552325816820456,-1.0996548954270895,1.612956784375486,-0.2520059695959391,-1.790634118961535,0
1.6400925902242962,0.020418304800594922,-0.7456549397168987,-0.008502165697544558,-0.9937831547850928,1
1.7061498024031971,0.6090159064091268,1.7229827596098446,-0.23352250417337173,-0.37448301993886224,1
0.1837563085597355,0.7127702510488533,-0.9095698174836319,-0.12817667413277983,0.6777920470502327,0
0.5683548061509999,-0.4952164527027252,-0.647771138803507,0.7979982088208641,0.4567528595839504,0
-0.7321126594861025,1.2468318876318991,-0.9021855699959974,-0.5977338384043404,-0.6259845795216715,0
0.1822062666257156,1.7207187994953896,0.6773353023059235,0.19209184266781879,1.589557031731433,0
-1.1866994422295654,1.154724230839061,-0.45387576609140795,-1.5916574728079316,-0.7132323351073846,0
0.5652265775483206,0.9498356178223237,0.46321425537931415,1.1191128686320404,-0.9802683188181213,0
0.9933352809090478,0.6731337313631528,0.5193486182560738,-0.8855057160560527,0.5689180184062352,1
0.48357403643012664,-1.1008776892910148,2.1826500300343055,0.9209211379892037,-0.4386433064621164,0
-1.9651006413811651,0.2206890183555642,-1.3220010102969222,-0.5584917182487377,-0.9784165014449736,0
-1.1862185921406194,-0.2283696150545288,0.9933058496199247,-0.6535398952401329,-1.00723287230104,0
-1.3987326356722456,0.5786409725918987,0.3224870535705048,-0.5832763391700766,0.4008313336761974,0
1.3401350671588008,0.14607592170212305,-0.6441044295205536,0.09100443763000304,0.9075462676532581,0
-0.9210586179014076,0.4972237549814795,-0.4649888706067929,0.09759334503042723,1.5793769684160528,0
1.0804009184971588,-0.5716368676690896,-2.094776364952281,-1.5380488303677655,-0.834505650495178,1
0.1634728159027172,0.8354367512495003,0.7299484984260719,-0.5212101063191338,0.15526431860417064,0
-1.6312613920503045,-0.3644997109522411,0.258642082172103,-0.9997322732079419,1.1250073068512552,0
0.6269613748912664,0.18324755366026377,-0.48954703120684,-0.019317860052957585,1.344379816778903,0
-0.7529382780990022,-0.12045532446128297,1.9504619291699554,2.69441216220482,-0.13878905111243983,0
0.8424247960282818,-1.0282693516352939,0.07845461466604257,0.18132331384945516,-0.25149823838383356,0
-0.39230607383247795,-0.012791264043505592,0.09690884674334194,0.17656021241878234,0.9945663389855128,0
0.8800690533583729,-0.3627038879243456,-0.5971113112928719,-1.9940361786660856,0.9337349285066128,0
1.1685361834284103,-0.4006861721976531,-0.08070038542795085,0.6909729156476493,0.09086296540257333,0
-0.2796962501337142,-0.14225013766333958,0.3782854746850546,1.0466010659305294,-0.7684813619010749,0
0.5506537437076584,-2.0212456013262283,0.3091804284541592,0.6828914681930924,1.0213188063643652,0
1.1370868551863664,0.3723543809891382,2.7535731958171743,-1.319260978855536,0.7314938912057753,1
0.3800333933593621,-0.4809591585159258,-0.3809024037943918,-0.25821214772930323,0.14587648267131267,0
0.05346344837161942,-1.1535081756324252,-1.249855844798146,-0.5760006098852182,1.245342514835708,0
0.7233981784600925,0.9085109220928174,0.9724340182403287,1.1229267528933609,-0.3949229341353076,1
-0.2961184424609501,0.28977271343104694,1.3506698799369454,0.7269302231436963,2.0305778269743078,0
-0.24881170063536504,0.7529526665758433,-0.07354126175430054,1.5214731472312144,1.870021639085205,0
-2.2883464122632624,-0.15988712607663147,0.09802054296158612,0.7191379012384693,0.6225110065099846,0
1.4849508913225935,-1.5997253650791579,-0.3815286903326576,2.9059061798940866,-0.8192215291357151,1
-0.9647856049503964,1.1101230150987176,-0.060573676439627085,0.298632733642045,-1.4458413071123573,0
-0.5699421597037975,0.5001045389407697,-1.2123625811343224,-0.6934618676143824,0.7742720936706249,0
0.27259665193386506,0.655541066477678,2.052827516685854,-1.44471859026872,0.9949877682121692,0
0.3091385768490982,1.1109595275541575,-0.9996914200823757,0.5844278104303529,-1.140434338996127,0
0.9195098919685847,0.04037375649994279,-0.6213500624334953,0.3878332833200065,0.8671566365654529,0
-1.6160547712986049,0.09367473109164622,0.63403089811651,-1.0854837886444735,-1.5419796791131937,0
0.6601196665582226,-0.22464636227384877,0.13309984168680533,-0.022096876378067964,0.6451545805898571,1
0.7273008074936196,0.13559344445533134,0.47636005170370666,0.35384400984122816,-0.21870979980007293,0
-0.733100358822135,0.5425703958804842,0.1948052796428517,-0.8497588305109073,-0.8007256868775062,0
-1.3123216647309102,-0.8213542662641575,0.7556634135611621,0.2688191084569347,-0.5816801519201499,0
0.06368571631123493,0.04986670673385843,-0.6935133245197013,-0.04791663256136674,0.5785304912288589,0
-0.2047857906749581,0.02025155459392865,1.4789772760111481,-2.2034104655653777,-0.8326775412603445,1
-0.3209104781971603,0.10203552986770842,0.41895728401333604,-0.5593663218965302,0.39055401696185477,1
-0.40391148898356716,-0.7300078951553914,-0.5978112950529996,-0.7721818911944704,-1.0774970981981848,0
-0.9449794898269583,-0.01255788947369322,1.6637695115447693,0.35486115676711993,-0.43629417187126307,0
-0.5665433854962838,-0.6002224216785657,-1.6236906858780424,-0.06863928921000546,-2.1710208800238497,0
0.3525730521233969,0.12054317187934227,1.122749664124109,1.565477391477466,1.1824913087725977,0
0.5082415913869754,0.11363415668441809,1.0162803092218342,1.630922984572016,1.3262646974200358,1
-0.12601136523431938,-2.041647454580882,-0.3164567216311499,-0.7979666118121777,-0.12338616115376229,0
1.2728134074172537,-0.5008074919708277,-0.2748984481222792,0.23634271953608227,1.1410715490653338,1
1.8171647808470235,0.28593143365759915,0.48984329327745657,-1.8988475463778869,0.912730464494365,0
-0.8380804831907995,-0.008794876633611049,0.6900789928555294,0.5460110322211871,1.7060067259047547,0
0.15772113997429352,0.838335658673006,0.26408114364497093,-1.134558725125112,0.10625787971012277,0
0.020237240092762628,-0.6263314990912621,0.04316926274886667,-0.9870083389703623,1.1424254281280937,1
0.40222099510421244,0.04162833338679725,-0.8983426816665977,-0.2754775671418685,0.3772177185039144,0
-0.6233402604448,-1.2027289835469834,-1.757941462467166,2.010118454196088,1.927509580930599,0
1.1617043864671326,0.7841415695186174,0.25462117768618503,-0.013957482125992246,0.6000814081164052,0
-0.9963678614427842,-0.06429590444423237,-0.12337365309963894,-0.12473490045855083,-2.3316175141296203,0
1.2823735353851993,0.2674446569924105,0.3716936417034153,0.19210195822147602,1.017409393941306,0
-1.3328809311849137,0.04959431715786299,1.5625966525193289,-0.5730419236034032,0.7715792403321369,1
-1.4396619380317082,-1.2830826047778967,0.26454757122082895,0.8909797282709844,1.1245772493434338,0
-0.9324341103582012,0.7073999696901121,0.5657102511853604,1.1135136940569192,-1.146591271319411,0
-1.4055894086427088,0.11654574328260796,0.4994333924154079,0.7479477141936353,1.2418536672524367,0
-1.7152577864766532,-0.8581664606871182,1.42209935879592,-0.7091831725898355,-0.5887620819074159,0
-0.18791890332400543,0.4451931673665181,-0.043220500252242396,-0.3062003144980493,0.6157833985752894,0
0.31411171012379213,-1.10369043855533,-1.342608993262569,-0.01644725442568344,-0.36730762831475483,0
0.6014493657071875,1.0408099644301487,-0.43591964498863545,0.08438565929935463,1.007586374491072,1
1.4181992650660509,0.48887762509819305,-2.062009280039293,0.8024065461360431,-1.3173860523168588,1
-1.0156552204092166,0.7077901996163267,-0.01917471350119259,-1.107243514513612,-0.876952440341625,0
0.27288772799526045,1.2857849493108426,-0.25639153067343357,0.764317238072753,0.7029345147838963,0
-1.0342942723298825,-0.3669897147017745,-1.4162708241550623,0.3041782651198012,0.33756914482161404,0
-1.1859626606763285,0.38852739441860235,0.5298468808544312,-0.15266332512658248,-0.6087086129870883,0
-0.5879396726997158,0.9155594369674117,-0.5359013272120636,-1.4764731510706635,0.33975458392250535,0
-0.2425062254772099,0.47040852577848585,0.737488476614225,0.21895821049476413,-0.267397573789284,0
-0.40990923994395845,0.1925866555821038,1.5705810756829752,-0.5021630067030484,-2.0633189222245725,0
-0.4621124578025695,1.2177894420719593,-0.9685068648020118,0.2756074542035529,0.19712344066247584,0
-0.04262930551393116,-1.5475278212169647,0.6351075183392232,-1.1191282638836029,-1.2533114808927333,0
-2.2849385070342074,1.0477040784755585,1.867408433689814,1.5265662604228274,-0.010902059164973148,0
0.5439764522965543,-0.45821575148529614,-1.3047298159667249,-0.1341254573949797,-0.9866887570865631,1
0.8821396724677896,0.532977217402933,0.4723586811566376,-0.6102027813332663,0.4588049865542515,0
-0.5506317807750906,0.6279254288830151,-0.08079344144596176,0.8386386050166021,0.36292969743500886,0
0.158965590285159,0.6638865553442344,1.5901297091241904,0.5305284054832248,1.469709058833547,0
0.8610303177997574,0.9645931377463212,0.9647006623263981,0.683231651253811,-1.8145566509423057,1
-0.5820666556282831,-2.0575962390583626,-1.137149787380356,-1.1421006034388645,-1.090329465417019,0
-0.48169399809856317,-0.9671356590821116,0.2057982607452922,0.254844661622257,0.008474073285653092,0
0.3488528734204053,0.4846843115390826,-1.826342464974924,0.32362564453454984,-0.5857614973292177,0
-0.6068288019562119,0.2939401682390911,-1.2442815844832678,0.3833377544172942,0.5351546408039185,0
-0.9191503581369505,0.12229292026594644,1.118404566482666,1.6603421027419298,0.47443347025534527,0
0.3444063537014197,-0.10929613376615611,1.2472688310018862,1.1817518768643995,0.5391124148605242,1
2.106515925024554,-0.4703307313177335,-1.3914409442563973,0.2269652325023559,0.05784664646120919,0
-1.046523037773749,-0.2945040734568603,0.47258213606957106,0.9385635438620623,0.7385300346613788,0
0.8527193450886199,0.940480459274242,-0.9659814745756425,1.8071478333307889,-0.4805804889710673,0
-0.03158302642483543,-0.9368179567541608,1.536496792789902,1.271006308978629,-0.7859809911276616,1
-0.49344001055541586,0.3485001822744001,0.5327137626960804,1.5679157577223644,0.9443638590047868,1
-0.6689779247243894,0.7328496502963325,1.4527498103938625,-0.9917665115346472,-1.577320097280425,1
0.32189658901371065,0.5221750000718881,1.2891918759399952,-1.880048694447523,-1.089736739978281,0
-0.15611594768368875,-0.41880829435510925,1.5951265399030707,-0.7297458105387826,0.08563532456259715,0
-1.3278376818117654,0.09348678492142633,1.395414447607937,-2.3187374275286037,1.8114044083099157,0
-0.23415219449882083,0.8514548107481367,-0.14853384914964032,-0.863364796729409,-0.21323009374892102,0
-0.13681573477172085,-2.6729992455471634,0.8096857348433425,0.10971779085327789,-0.3931405758888331,0
0.11889174077213958,-0.8415166737065621,1.060967039491587,-0.8237783265811461,0.23500397166687273,0
-2.164039035335475,1.9780978308166564,-0.026284216983875397,0.006455180864521242,0.49590727020554976,0
0.5366147300694785,-0.5046150070859924,0.3287790500796545,0.07195835555679647,1.9141141700401287,0
-0.42553164956001666,-0.6333320189239188,-0.1771045463778205,-1.4472172181343113,0.57958374979208,1
-0.042409916410610426,0.1744862442040443,1.2766649931907543,0.6188502666140917,-1.414654716965093,1
0.07870380037125864,-0.1772959194441206,-0.5040842460777206,-1.276686436790055,-0.036351878698564585,1
-0.3601193024466884,0.5165269726396682,0.7522645488972365,0.8645839918871844,0.9780166471599414,0
0.28760743200750083,0.0322309877105538,2.162317853737836,-0.350145908316259,0.26357957555291084,0
-0.08425704716519646,-0.39728663868523545,-0.04161989057491354,-0.661737111046471,2.4529603238510393,0
0.2374949979640802,1.114015707118215,-1.8650702274648787,2.993864113976831,0.02235697793647864,1
0.7333457240340157,0.36380404244352815,-1.389659682634087,1.2777948673971382,-0.4820550807653625,1
0.6628785200452203,-0.8131806806031133,0.4898744386577971,-1.7572938889456726,0.8504185174285043,0
-0.18165847822363324,-0.1140892704786695,0.5179956888605869,0.20567078196788321,0.24903441278901986,0
0.5107370827760542,-0.2533640506694106,1.3141660956376917,0.01736552001513213,-1.00035457501102,0
-0.7775725446852105,-0.34396604276032094,1.0694749608200147,1.9419045646942745,-1.4503318035111608,0
0.28860233506094096,0.4142024207927947,0.7444902194431551,-1.9849467711615671,0.23722274286824557,0
-0.21219087125767105,1.120241054292206,-0.4765813629846106,-0.65110397503047,-0.2546292123122983,0
-0.06784430729110054,2.130437962313995,-0.5360295332784545,0.4632809261160204,-1.6718392141428298,0
0.13512777036656323,-1.1551986496581483,1.7863543787537104,-0.24197292466111453,-1.0250700529801324,0
-1.2310886576634392,-0.7590081068878349,0.5314230041903497,1.123162209528456,0.5141119968728691,0
-0.10602219110492102,0.953040187119521,-0.5734046930719069,-0.2220543017476596,-0.1583343812462339,0
-3.5026090483581798,1.0486609675618956,-1.0466860745262068,1.3056886661344826,-1.8935046296990212,0
-0.1305829165671552,1.3306276872231557,0.5374465298764508,0.20059598993108782,0.12281328408711097,1
0.8161799124631337,-1.458848054765369,0.5892830809445984,2.9606652075725077,-0.28305471858742987,0
-0.1045861899624153,0.3586077063243919,0.3623610450164819,-1.1235153200886685,-0.4981205605226593,0
1.5875857993654927,-0.7191911412416246,1.3204734941072307,-1.0522645508619917,0.8748075594363647,0
0.487016304121071,1.5332096766973973,0.820248297352581,1.8081865897683134,0.1190958260705726,1
-0.5809637146133292,-1.5584105153773353,-1.32533888255019,0.4166552505060724,-1.2155799150401518,0
0.39524187255141435,0.2207581585723609,-0.7061300416983558,1.0060542091789675,0.6553262259622565,0
0.6518605970636723,0.5954033366866143,1.4596893298408775,-0.7675383484668341,-0.729407680183204,0
-0.6913570435749333,-1.2197610461747417,-0.08281295530171003,0.5488760684440339,0.17603220784910714,0
-1.644896375760118,-0.29034543719652284,-1.4124313336717258,-0.5985663871760143,-0.7487880629435273,0
0.9608688773118363,0.03776340854590358,-0.2798319399930757,0.9873108231598924,1.3072670982277943,0
-1.561063116652254,0.8004853873720099,0.3913059784127932,0.4425847960462843,-0.5274487500199339,0
2.4933389487511546,1.0314807699351585,-0.2844730660498468,0.9403510144887974,1.1439990963745394,1
0.8695117878856233,1.3879384511424855,1.74119888504477,0.7071694668130722,0.8664301980871499,1
0.4421979727261659,-1.4691599699039601,-0.4814304398704959,3.598055100161141,-1.1421829024361876,0
0.9925754503787607,-0.6192916057025087,-1.2368386122998976,-0.0892131792763697,0.3946284144265683,0
1.0767342254201346,-0.7909305009516836,-0.7698122427048962,0.10710798049017693,-0.21466907740149752,0
0.3201673962979229,-0.13648107223681125,0.1667989222200847,-0.09087263664625587,-1.4621127523707202,0
0.02189017320953191,0.7595103197222471,-0.4274198075249445,-1.0983298546029876,-0.2879814017969108,0
0.044329374504255226,-1.2790097848171442,0.20277215135595905,0.6924720694786108,-1.7826472070360422,0
-0.16387542327750237,0.23507115194338787,1.0192212355001973,-0.2779551988402186,-0.2950541386648712,0
0.5430748651899088,-0.4136824750022608,-0.8470477603587089,-0.04481404492877058,0.7869526337022885,0
1.1080686475527979,-0.7740146761802592,0.7199419897988393,0.2248907395646582,-1.8683452557234586,0
-0.6581869596776473,-0.3047291225892345,-1.6915124155634056,0.700152152233804,-0.9428804694747883,0
0.7088698779836905,-1.6792550623739044,0.15159983500927343,-2.4571780825434626,-0.7136953798640198,0
-1.0071265482941978,2.0615320902271606,-0.599353943426571,-1.405527313078644,1.0637108952894883,0
0.9552390648361412,0.2171590568136595,0.04663397541864007,0.25955487028302077,0.3952345545046868,0
0.2207492976506727,0.7461844795472372,0.7816129750729918,0.7089929482669263,-0.6034950806867062,0
-1.5221343425379454,-0.1468272108781101,0.6017546353457827,-0.342514815135957,0.22639574038109786,1
-0.5006873484367099,-0.6175415709975015,1.299814150985296,0.6108451562015066,-1.9444940593598459,0
0.4075351970884458,-0.1741043425212019,-0.8585997143655189,-0.5142495141204936,0.15421207570068374,0
0.9648981252000456,-0.09205255800720308,-1.3093131859609464,0.5498385900913731,0.10648938650109264,0
-0.5067552514070305,-0.20750775771176563,0.13090311906264124,-0.7573713252184917,-0.6146786909772455,0
1.0036094698060745,0.5192127103329635,-0.48344229988005805,0.3857379279080825,-0.6500246495881438,0
-0.49770790109247515,-0.13930255722234883,-1.1646172417710952,-0.5672557216487195,-1.1226189226973768,0
-1.494630907319986,-0.5352824578658553,1.0865743361078342,-0.944051321802618,0.392289200962996,0
-0.360882849066152,0.3926697218773696,-0.20708864097323704,0.835356975511222,-1.7033908759393346,0
-1.0872661552158838,-0.6742661805944318,-0.019406783987363008,0.8224770049432184,-0.6102471509116654,0
-0.01708253782802944,-0.7165091776378381,3.7347564444076644,-0.5518775557804478,-0.3422988017445473,1
0.8153665073289686,-0.19153679261212542,-1.2767396312911046,0.3026884265521549,0.01922539343959297,0
2.5962254730225984,-0.48067535925132376,0.6224259983459238,-0.4801671405328512,0.2813331801623703,1
-0.10236937540737569,-1.080508150260447,2.732918732767214,-1.288746496398004,0.06489363866256889,1
-0.22766822212756535,1.8937097762710715,-0.4479628385180646,-1.5659133741113997,0.016486863928105597,0
-0.42799628893418085,-0.3955554244361719,-0.6751968351646563,0.439750940128249,0.825746316662189,0
-1.1312229504866103,2.1322223451934184,-0.9471821684449113,-1.7834063833506208,-0.9010110069404939,0
1.6298464077031056,-1.0199731465318398,-1.1463726453202845,-1.3356624984736765,0.16391037102832684,0
0.8216695300210557,1.0595826762702412,1.0179936018098918,0.7349310702185626,1.608203683272328,0
1.2610158164456566,0.13156326505984564,0.6994212609241848,-0.8940215315681306,-0.05871404101516208,0
-1.427455264292587,-0.7740809782497272,1.4679808165298234,-0.007006755664981231,1.2334337614862632,0
-0.557728034712009,0.01577378661997922,-2.5897542758299625,-0.6539862395790781,-0.05725513074261911,1
-0.4609579509915986,-0.5479801290423242,-0.2665051957601809,-0.042473784349709325,1.656551283926335,1
0.479743110813102,0.587476589290171,0.052764280299171885,0.9425871938038327,-0.2590381975592205,0
0.5611614639287917,-0.8157276254365594,1.4789878327226214,1.9153688546577565,0.357461763741793,0
2.0950097548745124,-0.03934936528385816,2.0871101121216102,-1.5886413193525317,1.5758793912190572,1
-0.1589086988498716,-0.16606431557492643,-0.6336312268986124,0.44650905593397117,0.9888363803590658,0
0.3613874171989508,0.8537709030079889,-0.8721637819701029,0.8881479124421141,-0.4920339396827501,0
-2.284789228829985,1.0169053665243386,-0.4199505925116884,1.214863186496345,0.03906707485242592,0
1.1715471415918632,-1.2492164035163307,0.6224741241044576,-1.4315502291090088,-0.21020418815511976,0
-0.8033004768874082,0.8122416904995352,1.4575763968611637,-2.5203853959598477,-0.32289908123273003,0
0.9583617802534692,-0.13780941813734324,-0.5197410733116536,0.8199158620461131,0.6289934121664549,0
0.521889989345918,0.01929884564435979,-0.8702560471323945,0.22876957184246977,2.603457252348108,0
-0.42221334921301346,0.4511008720242883,-0.6180211454336505,1.0731553739290647,-0.5746838108602612,1
2.271416183522737,0.5761013045759624,-1.4393936494606574,-1.3620408861737399,-1.5302017904524428,1
-2.2379154347637527,-0.5813597262560696,-0.23592366425754324,-1.1158422188705432,-1.1728999852440012,0
0.462232939965967,0.17278299445499495,-0.7430140375939536,1.7718513257983486,-0.026801164142510082,0
-0.508796278283669,0.820462034632983,-1.2122132925745168,0.7177238690033595,1.4621479687433918,1
-0.5554666903961275,0.5955534389014501,0.27969627417585957,-0.3250077837499078,-1.7068813790442945,0
-1.1104976289440467,-1.841030969210197,-1.497243833667464,-0.8751902781816804,0.1966494805606931,0
-1.9830621306582117,-1.0265838044313602,0.6849677202060738,1.5188182912662096,1.1391478184867478,0
-0.6586669249655158,-2.042348849284519,-0.24768156742252645,1.2738467959863264,-0.867216845816111,1
-0.2686223801359997,0.5156119504303303,0.2024715373344758,0.12981726674073144,0.311804958241322,0
-1.4999221381577392,-0.8100448854130111,-0.3257204828702663,-0.5526098209091571,1.0795272090002537,1
-0.4531457523279662,0.004640820359609238,0.5255351036516813,-0.6840600528997917,-0.6121782318100649,0
0.38127992717242193,-0.9849888253352447,-1.1388085541596487,-0.20690225566606182,0.8439334955073252,0
-1.8564136995678016,-2.258592269165033,-0.06245528150516256,-1.3016489559850009,-0.3898094578091134,0
0.2555473158847023,-0.4457423214678242,0.32918966502357144,1.051349902364796,1.3061990006935829,0
-0.8278338498019497,-0.17212954133885663,0.07454155221603848,-0.051251056100758814,-1.5286586489690703,0
-0.6928698428549269,-1.5627605686349741,1.6827354074621503,-2.3546273043480297,1.8055942641157945,0
1.7501968550033173,0.44702431247136215,-0.3049248599987988,-0.1355585353261102,-1.010351974605441,0
-0.9781909780744907,0.14381896653062864,-0.06242459440895405,0.8505410410998415,-1.723791901807847,0
0.6768842481939449,-0.055781023201643826,-0.5406536681507578,1.0290488229150503,0.4868722375452019,0
0.7946733495464723,-0.20339417497456455,-0.9645325071982779,-0.9692850004415102,-1.4704591500071593,0
-1.6781831339727609,-0.07486944410330314,-1.8401026089491077,-0.6695455566377804,0.42526691222297536,0
-0.8699754612718107,-0.9369219581011781,-1.9003728041007368,-0.6671914799461108,0.40305151560297764,0
0.27917898609671554,0.05420165548601153,-0.5008949058467146,-0.676809966709308,0.44031640220093504,0
-1.4313341396452555,-1.298602043640131,0.6599568729567119,-1.2776450630190561,-1.1919352236265217,0
-2.292845552252193,0.5199040701880755,0.0527430768616587,0.8187823678851701,1.3902818434440505,0
1.0444895095600715,0.3931352861683854,-1.141711389241067,-0.6879546982098187,-0.06534994200766707,0
-0.6431208098023996,0.5678622161469343,1.695142435657533,-0.7235939723080028,0.770755950398385,1
-0.8663898794423305,-0.5385193148472643,-0.7495690040462066,0.45917966674712396,-1.0893002190945185,0
-0.21901704744331235,1.4799790834287057,0.5930423684358549,-0.3195886129521781,-1.8063926064534983,0
0.16394239921352355,0.3452537727475475,-0.41688101688878854,1.4173115659568014,-1.727350239539445,0
0.11748094256714368,-0.6991155522786247,-0.31630280530816485,-2.0622600475139574,0.812108667891662,0
-0.21508526762746627,-0.4437072898015501,-0.0943527086862502,1.5578083429408667,0.4013334085795732,0
0.09130831100119415,0.8132061832347398,-2.777168403444782,1.2874561977605086,1.776610820199267,1
-1.2928362540102647,-0.19146403550492844,1.5370678389792447,-0.08129184053554103,-0.699427462745493,0
0.16653492724704136,0.7114804793624949,1.3489160524158286,-0.4378114514248418,-0.15976393591466576,0
0.2015932983630776,-0.5806183310438212,0.08038197414926243,0.7203443101495534,-0.43355129950874033,0
-1.3184648952345028,0.22578654967735934,-0.8879667090067618,0.7553309931237069,-2.372442420190315,0
0.9031720415153783,0.12293867396009121,-0.7107733447265814,0.5635663984842383,-0.2193567026668993,0
0.5990646863876367,-0.5844793845134917,0.29753223690548564,-0.9731017745664714,1.4125883972047686,0
0.3020014405922882,0.5793462234183766,-0.5607664728086279,1.0921473268009927,1.3091040313659812,0
-0.3610689607559868,0.6857570924286404,0.27410216807953625,2.5789782514011557,0.27306958633193323,0
0.3539182698962943,-0.6134241684350458,-0.20421825877187383,1.2050694546084757,1.314329267851935,0
-2.277503271397289,0.5367293677772155,1.1583914034404503,-0.46957627795749857,-0.8147521036509476,0
0.8026599274376217,0.2836910038269523,-0.005221539145721584,0.5115289287260739,0.15663490123438173,0
-0.5859876705593268,-0.5275968860823284,-0.4397904266392884,-0.04143675656645977,-0.7803857638741366,1
0.18779470311863597,-0.8493996582082063,-0.8476078178132022,-1.6154891242033158,1.0226728819740925,1
2.599095971592881,-0.5350563900381137,1.0547346146047039,0.3030489060318452,-0.600490875365297,1
-1.0324748955609655,1.8223186682740717,-1.366137893209665,-0.9782362881617499,1.193364110607424,0
-0.018821800315242936,-0.8892340437348355,-0.08338982708362765,-1.3038045375749605,0.1731153895256341,0
-1.1275520789971456,-1.4212423215826449,-0.4023233406530686,-0.7520374739710364,-1.0149182398230805,0
1.6863638389202875,0.9426368113325788,2.5177661493352943,-0.49686439437469526,0.27070311062475777,1
-0.6128672118458306,-0.24585191739998433,-0.9470619068848651,-0.14600951604054715,0.5066599148679097,0
-0.8477768394982502,-0.2808972360000106,-0.13079444287639583,0.4389355812185548,-1.1506326231470154,0
0.499634586172162,1.1632218632948041,0.5385714508916137,1.501118215101002,-1.3736735854962194,0
-0.48506805133104514,-1.2620579359371706,0.18104802040378473,0.13728993489562416,-0.4378812698377986,0
2.009547558748709,-0.4306033508289411,0.7002206106938054,-0.0516930115435366,0.734257303802509,1
0.7003258322218207,-0.45248562256897396,0.009416984630533165,-0.2558436878971461,1.6316621964927784,0
2.1537005083148233,-1.8417716481354611,-0.23009358353120954,0.23267234157136565,-0.5424017348704115,0
0.6712726463995919,-0.1212642786777627,-0.6449031081229334,-0.6711109642691333,0.3042564289512668,0
-0.8704060258413636,-0.24987611729102782,-1.5482545120115305,0.3504176448821866,0.20117691747253397,0
0.3631740359789259,-0.7089890238502,-0.5324845777914363,0.15412118884965198,-0.3393668148148622,0
0.07876084275304453,1.5985711931455455,3.2728199637911217,0.7244841134318681,1.1900266190050146,1
0.3345491839114265,-1.0931270039676426,0.04933762080184694,-0.5366788983141235,-0.6404469385127058,0
-1.2873734850481484,-1.8612945285361129,-0.1420404031696281,0.2580476540399302,0.36354638302378584,1
1.7351375734869956,1.1707512697306417,-0.3768015486214401,0.8810771097472723,0.9115019595627705,1
-1.7861970488286496,-2.2956350739116442,1.2338922169360709,-0.2949751907760784,0.4802343333959377,1
0.7034063479353709,0.5986413909863568,-0.25271952023711686,0.21199281363927758,-0.1855052453098513,0
0.16870246834348976,-0.6181102259336022,-0.5520542001989295,1.8068236212151187,0.7389860016314836,0
2.1863002894161143,2.536536988744257,-0.5040400011293739,1.1252841411282803,0.5561488677640526,1
-1.8342547188077691,0.5110147152127249,-0.6169204695133067,-0.5713716592148408,-0.40398041973983834,0
-0.14078189712013772,0.04139157805496082,-0.05142423296862578,-2.009996771066821,0.47927082575455726,0
0.2656863475791739,-0.7392623513756832,1.3904556141681421,-0.588067965892851,0.4917499056673812,0
0.30424598446086126,0.3664766154942091,-1.1261811870378375,0.29849120973251886,0.653281989990839,0
-1.266802374668814,-1.859238381727429,0.30798443525039526,0.6283492895470824,-0.6993480684823501,0
-1.1899320499672092,0.21218560197536923,0.2666621033941801,0.08692720162919909,0.9103154797836391,0
-1.8551655601071337,-0.6430965017328278,0.6712554846350764,-0.036916906260613704,0.756613155173125,0
-0.9987854510676628,-0.17671759226647085,0.28956740658275715,-0.18957992074371588,-0.7278646535738517,0
-2.2604659498016475,-0.9203827702697374,-1.9577294216158365,0.43078174574654404,0.3342891438923021,0
1.031291424416327,-1.0651305650965506,-0.01609038326462352,-2.637768534379857,0.079141511266736,0
1.1552672335280516,-1.3108764696761026,2.1932815512028174,-1.2727045972264264,0.5389082838213181,0
0.14978527288640694,-0.6530202687257924,-0.3642236953541794,0.009962457006881741,-1.664356497721129,1
0.34262956243249443,-0.4101832901124562,1.281583139744833,-0.03331539540040469,0.869606770741786,0
-0.29045481334435436,0.07217992138608893,0.23700108931698421,2.0322730471727724,0.02579004265397857,0
-0.7172646590213492,0.9637848243288281,-0.40085651948256107,0.42749963704619925,-0.7200439520760749,0
-0.09429018238766515,-0.38664319191520985,-0.9325272373633751,-1.112268144718416,0.08399577708590171,0
-0.16214841061152063,-0.5577345536486679,1.1813409441644025,-1.1295733125516176,-1.1402975221829688,1
-0.8532216954678185,0.08296502503552211,0.17098908908764246,-0.7554000451260573,0.1665672797016414,0
0.15172220841844297,0.11088545753346436,0.6103086109477271,0.6268876847927298,0.4761633676673959,1
0.01439507916472561,-0.2625638491427702,-1.1033866089266697,-0.7013379421381586,1.4751853764575937,0
0.15155154931507686,1.3914704891697363,-0.5585502243843451,-0.536853946243778,-0.3725216224618108,0
-1.06053692471811,-0.8010812036068803,-0.38542768358495,-1.528330635437785,-0.4258211950287337,0
-1.495553829206435,-0.5820529925890832,-0.10853851016241091,1.3570760882254593,-0.03102278843101489,0
-0.9377522333028124,0.6446033434050809,-0.20757620835463086,-1.0017580708319453,2.0773163164857915,0
0.7830261849187805,-0.6470144060971028,0.18752762782908672,0.4480586039916814,1.3664035864828938,0
-0.662316627192994,0.7183230610512417,0.6693278105911974,0.9913124217771245,-0.06464089684461993,0
-0.03385338441924056,1.067128851987126,-1.0512522849977894,0.3404998157785673,0.2594348552859131,1
-0.15391400986523782,0.4483517961970132,1.0060219061917768,-0.3136072041703616,1.4049546819343846,0
-1.9143686891969158,-0.39941943211685316,0.6465348694407054,-0.4327461647928494,-1.3550360946116375,0
-2.4599917986677933,-0.7282399614013697,-0.03837896766251457,-0.9057658032936288,-0.6677600404809247,0
-0.5124813987201383,1.0205114638198702,-0.23034952074317933,-0.39040861734735816,0.07675658620660417,0
-0.42560337474274024,0.24534029102319677,0.18449327688832046,0.181110220101873,0.09350941154959129,0
-1.4357622503135128,-0.4643819196107708,-0.19029295764658005,-0.18731689569498272,0.16142175913676593,0
1.1915099900649924,-1.212966798334607,-0.0330977188205031,1.473335607480311,-2.6876239728961773,0
1.1716337940894341,-0.5886265245806568,-0.5436867427171618,0.0505084718913521,-0.957839880878998,1
-0.32506281894517863,1.2288311809605683,-0.5656331121932574,-0.5021778343975452,1.0635485188091893,0
0.48666926132882327,0.30079624605477834,-0.03478431754287071,-0.540755909306233,-0.4685297496862409,0
-0.1790660677703775,-0.22334032734048218,0.8938873964942501,0.48461054409766136,1.2571805279852022,0
-1.9993579919517652,0.5332947663442954,0.5227186803377751,0.5239800192904396,1.1296722913373165,0
-0.8125859123409745,2.694755748861403,-0.49832731939532465,-2.350526753344296,0.44765326599418975,0
1.6743977822617029,0.6683174129008957,-1.7324114514855322,0.27465113033253064,-0.23142392944900106,1
-1.0466661686062528,-1.6480491687316297,-0.25045597371020806,-0.936066111488173,-0.2802182110257417,0
-0.5853710952088967,-0.03982204297075347,-1.6606728306676366,-0.8092221151233607,-0.6791016172030803,1
-0.3155256703615582,-0.5536456590245215,2.8358147569899997e-05,-0.053050547862018044,0.8082861476169253,0
0.4434981888893599,0.7589321448651752,-2.8642862375764886,1.4577047579552986,-0.5431302064380756,1
0.4109717358040523,-1.4979177291990706,-1.322209334492816,-1.3128288775515207,0.9754124503984876,0
-0.7626446553166198,1.0150212723713603,0.9889720673151289,1.1428415935638023,-0.9763723882972117,0
0.12617462593933346,-0.5800683181837173,0.5301618929502262,1.0673976915687962,0.9208373498176917,0
-0.15209592222356083,0.7343414980958887,0.889220578660248,0.36578843279152595,1.423703740679308,0
-1.793653793994461,-0.14264288133298245,1.8348982715355977,-0.4588368698983694,0.9650328758405571,0
0.3264530377838365,-0.9957791543482526,-1.083114420636002,-0.5581515640365681,-1.704934857769592,1
0.6997180048312692,-2.2120185012909745,-1.6480750040892906,0.39471270739425424,-0.3937626819903463,1
0.16671930268880714,0.7705235127211647,1.5633842788183643,0.07900979087421808,-1.5470563983269878,0
-1.2742850216892272,0.17838008375236644,-1.1673334100677422,0.7569176931570423,-0.7914793774232022,1
0.598095062888382,1.1292382387025264,-0.22883566368999542,0.9771875639064445,0.22280808922416395,0
-0.3685118560600739,1.0974248837365166,-0.772065049143655,-0.9651659978048671,-1.5442525556843183,0
2.0864249157596473,-0.46338185963126083,-0.2635866049253143,1.8134161075201167,1.2696113441550352,0
-0.6804698750660222,-0.5265564500881903,0.3932991422200729,0.38257547741083503,-0.5873476972689015,0
-0.06958880465781114,1.0899289766513387,0.5462304279476631,-0.7858416676054273,-1.9141714035488735,1
-0.8519962140631594,0.27514300337461745,-0.038755717883363544,-0.13055751213473685,-0.4712630727814156,0
-0.6991594247254722,-0.8010888504218164,0.30548269501698044,-0.029546347076906614,-1.9436852634389277,0
-1.7783193761145035,2.166713164170882,-1.4456381966216285,-1.6874738449594606,-0.9147125993597585,0
1.2434010714666937,1.6619497947726993,-0.5568634749710188,0.25295135911543576,1.1168219052063202,0
0.419462704583158,0.3294311499462974,-0.19357391543905858,-0.3094555126324456,0.564627667938297,0
0.5131611287534633,-0.14866393701510944,0.03829290422183852,-0.18144564176246974,0.9211208438970767,0
-0.5113702839315313,-0.16114069683857293,-0.02787852663239442,0.5018074901328842,0.3574478160141068,0
0.10970041730432137,-0.8260742510204311,1.2698051756643611,-0.977427292638546,-1.3524112203165088,0
1.1972814403202932,0.6200695749985559,0.8736328383927562,1.3277741871302498,0.15791751833727646,0
-0.3551955859877779,-2.169382221427462,0.25819377719512104,0.9437561944391082,-1.242435099426032,1
0.4753933552172179,2.6893249745708903,0.7112485513671392,0.7181463662517555,0.11563885995329193,1
-1.0674958598525819,-0.33107866242718087,0.4500697352141318,-1.4321805276978823,0.14162436708123738,0
-0.04266477658203655,-0.9984477885397544,0.2157787238490143,0.8206544643569862,0.8916277654353901,0
-0.555530171644316,0.8462505186829671,0.05447131168695769,-0.22177888491022973,0.2998941308262324,0
0.768146628597381,-0.16603095734016646,2.056918733547178,0.36169100184818087,-0.8250897716803645,1
-0.12951919296961917,0.5370587399628012,1.206587347242626,0.2389370695238698,-1.9983340220752852,0
1.56151431280862,1.9445674460081792,-1.7987270775724427,0.9093826972914353,0.1565823230527225,1
-0.07495872622391488,2.9451180700233617,2.231955369120194,0.12071671312690768,-2.0933004064256413,0
0.13940272582891583,-0.09240743360092683,-2.4716163020618334,-1.8996332206308162,0.6286668962654565,1
-1.7932433020733352,2.1638594199780177,1.1516882796314072,-0.8720911018017251,1.0722497891815082,0
-0.3634030597210293,-1.1069618695158874,0.5948113112461868,0.04930537681407783,0.22544848522604238,1
0.22422342595933256,1.147371109984556,-1.067088555368618,1.3759036624811387,1.5417235410538854,1
-1.4884504307528659,-0.3718946332292419,-1.0517504165746683,-1.2747778129941152,1.5000654402347626,1
0.7207765157673821,-1.5223904164440396,-0.2174615832225669,0.09362472854460989,-1.9257696196808067,0
1.4948037766393,-0.20567041140646383,0.03225559067324147,1.684251143373215,-1.2267767482069678,0
0.11038120493529921,1.5908747589027012,1.0082081998892616,0.9532396040018792,1.7588205999912483,0
0.3209067004373635,0.23178808533993883,0.6878986061629474,0.08124694243786378,1.4283874927179558,0
0.31343536072755224,0.221535744695266,-1.2191827979914698,0.506177929010922,-1.8015135155912232,0
-0.6708543680117034,-0.912814953059192,-0.2098610052621593,-0.3569576402746128,-0.40181833269239603,0
0.8383200192655366,-1.572175078698516,-1.2394438617724952,0.2204429138175431,1.0251132566906473,1
-0.98371931016004,-0.14263062494195552,-0.42703451395822994,0.13730834393701605,0.6378280723374733,0
-0.20395820254325217,0.16865832668014824,-0.8912188121230824,0.6808623044288779,-1.017612853679667,0
0.34631540231879077,-1.0637624811580026,-0.6543951405102351,0.7943939683842269,-1.0265901054522382,1
-1.044192299364724,0.283307228630689,-1.371033707371863,-0.4921927587995273,0.8682731524181403,0
0.14163102845564401,0.24278288156443822,-0.9978034352735204,1.1693371915830422,0.9571009956595066,0
-0.040981304626320846,0.5790147810154705,-0.5781723977735547,-0.021203202058665903,-0.1859460660236044,0
-1.5616478549356005,1.5918991432743932,-1.229355066066395,-0.6337144534184934,-0.2611662808385419,0
-1.4952395262101938,1.4709562052778682,0.9589113083610136,-1.3253810430247117,0.1400246056014626,0
0.7681650901862238,0.2554749399469823,0.823458917803639,0.4056944400457021,-0.22760338129634267,0
0.16218991161548554,-0.8059322203516547,0.036290684950837815,1.9540785192743588,0.8763273028461016,0
0.48227758716610336,-1.611320898402151,-1.6917678035150034,-1.0707052426913208,-2.109481124617869,0
-1.834432152861778,0.4508555862380613,-0.454276828712082,-0.9557345436073102,0.5989675423171635,0
-1.0885524854070374,-0.08787204693079881,-0.8135605269634731,1.8146642822688654,-0.38908187063575655,0
-0.1376755040426513,-1.0061034897660361,-0.6280449150877423,1.7504512504660676,1.3131552770115664,0
0.04925406557118424,-0.7142743491051712,0.07667132149247259,2.425251975139423,0.20919702328125162,0
-0.006117144417647774,0.9700336489049405,-0.12569053007289832,0.1354795920626925,2.1224534896250398,0
-1.1105330938819584,1.4203926754355256,0.2424471182385721,2.204466893323792,0.06227338020257965,0
-0.47345775790661004,-0.9744760929990697,-0.29499975746510093,0.6411569318522512,0.727120804815761,0
0.8092658930300355,0.581869903185079,-0.8346337101828173,-0.8596988330083121,-2.056726867714837,0
0.4830913529514286,0.7386056174255059,0.6615658246950918,-0.9511174810721411,0.5943634814879288,0
-0.37925719908074684,1.1067720126101461,1.2035420436509257,0.42949184578103106,0.2905822088490281,1
-0.7305863358960399,-0.17006015112285433,-0.9302369641770446,1.803170965274958,-2.02987482906262,1
-0.49741424806629786,0.3185663635901099,2.122393417615226,-0.5226776725560843,-1.1100197802068883,0
1.2042017550847222,0.16081893901831681,-1.0631137635390253,-0.6602071107817851,-1.1880852455556312,0
-1.8753733274428095,-1.7366124016228608,-0.9281113841870193,1.245537158671363,-0.799953323607052,0
1.6190742079919738,0.3245095650105224,1.1138358235797239,-0.31354311038689614,0.7497758502920356,0
-1.279203416653039,-1.2749679905137372,2.061950332709562,0.8507654177492864,0.07078805104600988,1
0.11351499714788425,-0.08482993165148019,-0.24807771501597656,0.13548809460073233,1.5915577770766374,0
-1.8183850687088712,-0.9065924268811365,-1.5167030061796785,2.1336594071891506,-0.6765817480942785,0
-0.321311231973592,-0.34422647478456797,0.92037878888638,-0.7098958891176367,0.04139538833912174,0
-1.111350428248453,-0.45155559985460453,1.6269011032398968,2.893908481965598,0.4999573869250183,1
1.6897177422163898,0.28823288881291276,0.29100746224394863,0.9886603558819136,-0.2071496419150258,0
0.7478121322560051,1.1966346651174475,0.3276468439200307,0.6039648631361378,0.5866649111183759,0
0.16048763360331564,-0.45192948004798184,-0.5559699706134227,-0.7174944236849249,-1.1953451380672568,0
-0.8595628636083528,-1.0613441119924882,0.12885148414755546,-0.5161582061718403,-0.03942511059916519,1
-1.2662054901659734,-0.008807428940920417,0.24485804048398152,-0.7758285672262661,-0.36043705182632185,0
-0.0011765981508588723,0.7271783982059266,-1.1153551332149136,-1.1032500353583827,-0.7011956434923085,0
0.17815644422279786,-0.17545802974182365,0.109255589079901,-0.9161292438155231,2.2164159467609235,0
0.4257431198494954,0.3499059850708778,0.5096288162029947,1.3658986722918844,0.06697735370800116,0
0.11314756138949938,-1.017645714094171,-1.3390280262748113,-0.87970555976048,-0.9787427385412262,0
0.5996979780287122,-0.4643498681193985,-1.648622907213089,-0.6047378989698882,1.8386878326180194,0
0.7709151519190424,-1.5051524484659407,-1.1075874551005898,1.002463721008236,-1.6322059443433365,0
-0.8537527856556145,0.08071768322891669,-0.7849825307687229,-0.4438161607123924,-1.482278084840457,0
-1.708687391289018,1.7408855468521724,0.4808599797442382,1.9027049420086952,1.2379832378769906,0
0.6975070188586827,0.40878263168312234,0.7755070073545645,1.750451475189224,0.2096217651880739,0
-1.088559780358515,0.06603435305288637,1.2670866287309555,0.1464005513379736,-0.21194689391337931,0
-1.4468226190507825,-0.764186682134532,-0.5631914623109591,1.1785299692127593,-1.2119922892512702,0
-0.6634766680358642,-0.43643640711736875,0.3219380146720664,0.7859588922892523,-0.25134011013342233,0
0.132693963833685,-0.9954253432849314,0.6264321202390031,0.5664878125993851,0.03506305874542094,0
0.4248903971732172,-0.0648049921667033,-0.4422986891624901,-0.5608833983653425,1.0453613892198377,1
-1.5952773817195964,-3.231679684749893,1.0789464392317096,-0.888254653364539,-0.33331959969594904,0
0.5283821768522287,-0.3021682669250779,0.2192254223075586,-0.549939894286852,-2.311612004938744,0
0.8921348967316933,0.3331376935588842,1.3734527316079257,0.22794605696728762,-0.6049999061422978,0
-0.008276206991231869,0.20635451698256604,0.04308208689501499,0.47721147443433337,-0.9156688101790441,0
-0.4981161497422154,0.7744878455282955,0.4586089848793842,-0.3824622930873686,-1.0715825129112864,0
-1.0890739446389097,-0.1621151867984532,-1.0735705192944307,0.8603227064969481,-0.21611535993656059,0
-0.7832541315307392,-0.7906128272248706,0.3534096781982155,0.6658414089168447,1.739442631046428,0
0.18006050239642288,1.4392637251487752,1.4695447312584728,-1.2171804419783983,-0.018932775116978065,1
0.3750669346333798,-0.3074807950843471,0.9647494507800678,-0.04539641693366658,0.3836867488498625,0
0.08271974064462644,0.13780490331546097,1.419883870202527,-0.8609174421168466,-0.8707481379931906,0
1.0940732315003083,0.443189941055534,1.1907904072833366,-0.2568241988449217,-0.8599950740533928,0
1.4607449006706898,0.7567252016679228,-2.3380058283763443,0.11971192620985176,-0.4093041005509405,1
0.7602376429407425,1.3495680244558015,0.9240698944444369,-1.499645620836333,-0.39490903089466567,0
0.34969810601701934,-0.5617152711380416,2.5112146343579034,1.0725837998972334,-0.1983421428949963,1
-0.7800851724774964,-0.43752311652444703,-0.42513985182838315,-0.36199838210153573,0.3676593479156769,0
1.8951683339505034,1.5046649181278542,-1.2046260513089457,-1.7073324884441765,-1.6297868050849218,1
0.33894762049206556,0.06463411078120983,0.4855412192370344,-0.9513894961036072,-1.03730220803416,0
1.0344456911083,-0.13869739126486816,0.2879510258913192,0.9038713568368166,0.8165654710151488,0
0.6360843313718004,-0.6817927090050271,0.621872670654278,-2.1893924032138883,1.1250516579821819,0
0.34346793069254006,0.42552665931222056,-0.7243760755271986,0.45178609451724333,1.2717900752680702,0
-0.8021609602871981,-0.9679574566808178,1.2102470333036568,1.801985869286601,-0.1400173313555924,1
0.15490702860609945,-0.7743664691850043,0.9953993192647291,0.3146834539175733,0.041120147138558404,0
-0.041628729008889115,0.29760728998700825,-0.02471083728665417,0.22532956450823816,-0.4455540830918871,0
-1.2044135643509841,0.08115575340767017,-0.24346023636699404,1.1510062945340693,-0.24419447129987779,0
-1.2842977482115556,0.3479591840144974,-1.1082958137802355,-1.5154148784752965,-0.4846924604033024,0
-1.7786781723862457,-1.4265118744849468,0.34914829692599647,-0.31940677352699387,-0.7611748924378656,0
-1.0147786025508814,0.13875369441006366,0.9083587272719225,1.6616993498413253,-0.4940126033318713,0
-0.7044617856869175,0.5342377715552117,-0.46686252965284014,0.914035639395931,0.02469973236765637,1
-1.1799029211909309,-2.139682033079261,-0.15567921187286035,-1.0233195310700736,-0.11554147697661919,0
0.06553391079018175,0.44477988095727855,-0.6187177801288769,0.5967440615829991,-0.038919799324077006,0
0.5357892541885237,-1.8448099394258004,1.1779160755671383,0.21071331931978254,-1.5786329139558706,0
0.1259101304853313,2.796521031121727,0.2016184345876177,0.08849904980408671,-1.0289998799646438,1
-0.12587011935553713,-0.40295701307137705,0.1182129287468515,-0.7124249222483322,0.9224927738563857,0
-0.9039217912753417,-1.1960796759628094,-0.03967085458870335,0.2045182829435034,-0.5512688509403425,0
0.5559257477688847,0.3221081611654801,-0.15979461275623827,0.38556695931646384,-0.6847795040419337,0
-0.46313594793905094,1.0160077531370553,0.6058177220772099,0.017006534514500012,-0.8422676858814396,1
-1.091428996298124,1.23317498284231,-0.21923870595644196,0.6140018063631231,-1.2892975710454606,0
0.5844393167753995,0.822556635550616,-0.6873404151775685,-0.3988464953562844,0.2007082772444554,0
1.0948050149460966,-0.7355057082585423,-0.16708987820938248,-0.4832697863654933,0.4758802872240588,0
-1.5090384114935242,-0.34221918642400984,1.2666595581207927,-0.14228267286203544,0.5533527772327822,0
-0.564072239141903,-0.7758221156177241,2.6361094371834457,-1.3476220554693492,0.15470041205303883,1
-0.3069465572989012,1.1410985037090018,0.12003583530182747,-0.09987325295016031,-0.4737199758594788,0
0.48299054985155365,-0.7911434782559484,-1.6327976081652331,-0.11451455685223182,-0.18410566604446835,0
-0.6431551195100442,-0.34495193552042,0.5578330230453807,-0.5272152663585306,2.217939670600104,1
-0.8144226925929843,1.4755617281006153,0.40697538808207107,0.41599647255670935,0.9417889361539342,0
0.6069928439692223,-1.0021669394850758,0.13537250032145406,-0.7443850373208223,1.0413287811908711,0
-1.2018344374257084,0.5163992931776452,0.19656411259645906,-1.0360877709335847,-0.9191397601899072,0
0.4539312293020298,-1.3814359362959492,0.34535914066138546,0.17928630848875438,0.006021925442605056,0
0.43083576185362166,1.5021677836448843,-0.29852481330672825,-0.19333246792657058,0.03139965871030012,1
-0.8552177374811128,-0.448690658518602,-0.6957660102588494,0.46483394503097875,-0.5935545688958122,0
0.6972404879680455,-0.27892228652733214,0.6330141670309851,0.6328345630626662,-0.13485910573783236,0
0.8550851992226272,0.03705022990457786,1.2774324863050481,-0.7590152810481133,0.3014673545880195,1
1.258391426000527,-0.9312454883659346,-1.6567302991731943,0.7051509553358661,-0.9731263365595079,0
-0.8215921218450208,0.0019674941355751476,0.5553277895721654,0.6016906166809199,0.064552475745478,0
-1.599740878354954,1.7575406941232663,-1.693718757056233,0.5823026001763658,1.0245318547964797,1
1.1773997343049933,-0.3101226385187383,-0.5688584574272463,-0.07694399609094953,2.2985773404879017,0
0.24583429832064144,0.8940978534433899,-0.7689951554070673,0.39302302871534317,-0.8321941232428267,1
-0.09767282052630742,0.15585405800979502,-0.3793964395600221,0.535676485187802,-0.038221127843772996,0
1.1153242431728625,1.483433481968516,-1.0531630029664751,-0.22548126067476174,0.2649670452596464,1
0.15025103985739077,-0.204341048422753,-0.5713057472799011,-0.1448017988591395,-1.0294269671090095,0
-1.1736274907084179,1.2625239369281662,0.5793683194277008,-1.6971296731252725,1.2301820879545398,0
-0.7208219950639119,-1.4460536095901784,0.405374146824591,-0.48509734190248466,1.55178209925859,0
0.7881949604275199,2.145608287481318,-0.08701547520403347,-1.1593382031151267,0.8053507809265426,1
2.957020896023188,0.9935634170657286,1.5381229929007212,1.3386687291945043,0.032005869890153145,1
-1.4482935385634754,1.0339462768130876,-0.21093174799220613,1.939613384224007,0.30400435960024186,0
0.07038353854029536,1.7236458710273457,0.007659413595748682,-0.921113534260496,0.6472403583673915,0
1.0929786020507706,-0.2554159530444846,-2.323012536568685,1.0646292300967777,0.6331673298959144,1
-0.291808734244582,-0.7611559040253623,-1.0843313547118998,0.6598570162511114,0.1675985301125582,0
2.2886807832685174,0.5967396160058709,-1.325934856034055,1.1451994590592094,-0.10773249109444866,1
-0.994593964374899,0.07259141799261137,0.3415564835984718,-1.6019187724711321,-0.9105593183153706,0
1.011804046039408,-0.9821694862053721,-0.5564572086080475,0.7225326513513975,-0.013050762649840491,0
1.0962556443760563,-1.087647376985918,0.6432546684396322,0.5236965594571062,-0.8270355517263721,0
-1.544802527034273,-0.5304940793857539,0.3214202302461408,0.39859454103563724,0.06346141233521126,0
-2.8571675631856386,-0.6759400757977271,1.0569954331270088,-1.1768226150205907,0.29215220949267584,0
-1.209617800770388,1.9053618312447014,-0.32817924792351455,-0.9716127120810364,1.4027935547368389,0
1.719679806703145,-1.750578333000767,0.259511968694943,1.5034990583380827,-0.504128008533943,0
-1.0785681762101829,-0.08988908310830568,1.0362925450035816,0.42168086776154295,0.3166547493582345,0
1.7030700208316867,0.2943360094746249,1.0134558085664869,-0.15981494121333864,-0.27203927272559675,0
-0.3467080183758288,-0.5653729614844407,-0.03867149924922515,0.06920091684765987,0.4590238237085026,0
0.7902089217788802,-0.9703669211236586,-0.12241445337839778,0.33887656508382275,0.4458618770454746,0
-0.4752973819609577,0.3401751937773575,1.5317091958955154,0.9735429681997801,-0.13760159641283012,0
0.46265966736547687,-0.3504253273884682,0.4004673053412041,0.7839177856263174,1.412161996275598,0
0.8467209261921402,-0.20932671742008055,0.4836923849033967,0.24962375245557578,0.9246910364443444,0
2.0886049689429673,1.3548306178769358,-0.3584659827718268,0.27288594736227195,-0.5023799074587137,1
0.960115115477874,-1.1749060185845293,-0.05440110572317917,1.8241185515978853,-0.7136271387329702,0
0.40301013583306444,-0.4160710899858991,0.46291921537072894,-0.4036362990356682,-0.6247229438408594,0
0.6496868442879988,-1.0870185469465976,-0.464011768899991,-0.10894399775489699,0.5835404091064044,1
1.7123241949535961,0.6805487751636933,-0.3707750126223936,-1.0024398137810087,-1.0186955003587215,0
0.47037318808751327,0.2554199949080758,0.7646562079692449,0.8245686001072164,0.6610529541253991,1
0.8887034576111729,0.15113067937950622,-1.0956908469976927,0.6015590692380841,-0.22134912252269043,1
-0.7069676104248569,1.363862226304491,0.6721107928924673,-1.0730313770800728,1.4509596367070445,0
0.32457429931715753,-0.9789413391450853,0.3953050681815463,1.1978485611587033,-1.2342794008624565,0
-1.4291357984250344,-1.0893090751919452,-1.0246196667292657,-0.15712611774736507,-0.9371308950187001,0
1.7271201304051016,0.5239855227833617,-2.0074744810874225,-0.10952002926950963,1.838144478150441,1
2.1186856963854623,0.6265439231088641,-0.05166741498610708,0.6968505289245834,-1.6784049300038826,0
2.0917669398578203,1.4745175639044577,-1.2319496819567815,-0.14518687690952528,0.6532830321174289,1
0.545486742177096,0.6422038356891288,0.46314353870041264,0.7539881452342185,-1.7087002461419252,0
-1.7880106750889726,-1.2360797240318695,-0.48320028272550136,0.9382823424238231,-0.6580656532435235,0
0.41786755666397507,1.7441848526038166,-1.4433537424748,1.4337920591692366,0.4674490668341873,1
0.0293804083682726,1.1378614729995877,0.7230747079150139,-0.26346039659005194,2.3067198426618174,0
0.4970918683073346,0.03889754695867368,0.859595447162052,0.3396851366017381,0.8307583337625207,1
0.8661439628638902,0.3466338314157697,0.32053258938388973,-0.4707182864445657,-1.202032994497474,0
0.9381880605397472,1.0360768152823734,1.032500507442779,-0.4127324704957555,-0.1863287593796066,1
-0.008591442283050595,-0.39872502040450486,0.7033627402470505,-0.8757351580460345,0.5131143839524921,0
-0.34556154003543743,-0.1801954341050883,0.2909205502798381,-0.44428181039189274,-0.20305325715303546,0
0.07585464911837614,0.3092961244438339,0.3479686218599956,1.1706434120440266,-0.5119255445422061,0
0.16602271276482328,0.2804503486044862,0.6561364236088094,-0.13991967814044431,0.3417082672896161,1
-0.49187510670870666,1.4189998625543998,0.22286068246067958,0.8451018423376909,-0.008022748952566461,0
-0.6126804731849418,-1.8598928670984851,0.5205810404563674,0.8247670747825604,-0.00880258961244397,1
-0.9244558392710642,0.6597405169486048,1.188977560198331,2.073705246358685,0.2758873023945852,0
-1.8502661557887128,-0.5525341288895482,-0.5105746778059955,-0.808016286863197,0.5620229326700265,0
-0.05093991801760374,1.2687893585235255,-0.07002900399198174,0.27674966415286245,-1.4475285782491951,0
0.26070858191532365,2.2786289841351284,0.6904215981884145,3.024008153521346,-1.1491946123646943,1
-0.8955013899337951,-0.3562941259801572,-0.9673908886709219,-0.9746103819132832,0.6971772063969767,0
-0.6177844240355044,0.8753665025918478,0.0926282124529216,0.33005639649815327,-1.2759456865177372,0
-1.6037253664678746,-0.9586997897196963,0.38594495342743645,-0.7890638899601627,-0.7547072871529705,0
0.3147747451431297,0.299945752006955,-0.5430764658603778,0.5868297104527133,-0.8418080645144641,0
-0.7712407054118894,-1.0090656190911673,0.19375729756713822,0.38657045581267635,-0.10615281107114288,0
-0.40279626750726505,0.3320049674094565,-0.07181621718131728,-0.091800649875624,0.5703280666811714,0
-0.30433558967632335,-1.8297859891888368,2.2588670975890315,0.6851739767721847,3.244534749116589,1
0.23308516511645888,0.2850867079190607,1.0179394567697175,-0.357459551651611,-0.2734702399726919,0
-0.5719927520539299,0.5359319177331118,-0.9134262057771902,0.14385870525004496,-1.120247733933659,0
0.8604115368780834,-0.1224808612901113,-0.639758178274499,2.641152347010402,0.8645616089036553,1
1.1209298904376412,-0.8760394624048448,0.3450759006220063,-0.8124291052664109,0.9429536560228815,0
-0.8265543671620528,-0.1970042493460613,-0.07381115776222405,-0.2890529740693337,-1.0405274215847258,0
0.6740537643789273,-0.3530242826709549,1.0668363567811174,1.5068031419437142,0.24699906716526784,1
0.20294331782980415,0.029032658485159006,1.291584947721366,-1.7247880765353727,-0.6254775863634434,0
-1.0591982101223993,0.6258228689271021,-0.2913670487361662,0.6540543758554214,-0.576730342024101,0
-2.159944448632659,-0.06466836496330605,0.6343958944911351,0.8285185794426573,0.020555126413822553,0
-1.1333126145193375,0.22768462643058648,-0.7609444241160209,-1.683766775611826,0.039828027620047494,0
0.4980449341531733,0.22439657287046577,-1.2735394657627432,-0.6380675626739608,-0.1796955965614286,0
-0.7999749723473684,1.680477847868367,-0.04404057345281243,-0.6766492173328864,1.0594709777606315,0
-1.0248387216903765,-0.2562186807059801,1.5388907812992683,-1.7441070090358435,0.020758624678487034,0
-0.16461380478807558,-0.5524799660955722,-0.9136894214312679,-1.7763029207899335,0.4207830404193126,1
-0.6934476578441745,1.5839097897953303,-0.3541223525586563,0.47532205915897585,-0.5297183422002357,0
0.2587153134610315,1.5002359554483258,0.7428892232904536,0.2881837817185686,0.5180556582954823,0
-2.5856077424987407,0.3104152869141393,0.3565361086702735,0.7116822965938341,-0.32021271820303965,0
2.046898829400513,1.7180240047041724,0.34139330529840917,-2.775923599189769,-0.9111778361223769,1
-0.9598819194268289,-0.9905699823827305,-1.7836016049253245,0.3555564510880523,-0.15353484319020105,0
1.5420813232998567,0.47086182674987764,0.9748088174931641,1.0819284500885202,-0.12134056200730678,0
-0.11081427987294923,0.76046487616834,-0.574504717657999,0.24332951688251991,1.3960268487634455,0
-1.4918598716597236,-0.2864063434783987,0.7987198817871479,-0.6632832901370791,0.27185817454581324,1
0.42736592258791184,1.2373771445463082,1.739229190312184,-0.4110758872553916,-0.43359089165707915,1
0.5522721049712128,0.5092076411965845,-0.7711042557626148,-0.5494794513858419,-0.07442157233101905,0
0.4589650300342732,-0.3071520367397725,0.6242119643226337,-1.183741577077671,-0.21241156821253207,0
0.2627336688121192,-1.1763816751311886,-0.15891310255306504,0.8348711736552067,-0.1574071004813594,0
-0.6455187922020164,-1.2866698253628506,0.9035370097091332,-0.1214207222213673,0.3419082393340949,0
0.5422975058922551,1.6410631102907791,0.7367602944057622,-0.14269402621850097,-1.4041009342772386,0
0.12924749984442072,-2.05365726495792,0.275736784579556,-0.5653151136644311,-1.2871450007913328,0
0.47404125845367573,-0.0637652568931118,-2.080582241781955,-0.343875214374402,0.5912831715084444,1
0.02971625662056562,-0.2249469395442574,0.2409200277099999,1.2314152227635164,-0.9564379790896067,0
-0.9862390583790261,0.26988463135197877,0.7603874858547367,-1.8053412785690344,-0.5687262205454892,0
0.3219286606158428,-1.7802142455411891,2.5662289819701507,-0.6973681539257742,0.7169963691884548,1
-0.8207018391106897,-0.010200874343846322,-0.18864784858404343,0.10576698292708235,0.8189934098362935,1
-1.4653388734049384,0.8566304851275817,-1.751153752093831,-0.9012229008767666,2.597852339376957,0
-0.16366082881922195,-0.40691087118156316,0.013419677765243117,-1.2834818288636027,-0.68433447156338,0
0.7338838633945016,0.049870588986443476,2.6337862912442103,-0.5590095469552158,-0.7868114993615425,1
1.3569532863188727,-0.45281425527370744,0.028996366706242595,-0.5748562596566354,-0.9598903451101914,0
-0.47219585581245876,1.295239817332973,0.49903073164333894,1.5472863200233946,0.7086627373261388,0
0.6761143479665093,0.12612532209940047,-1.4228536322682928,-0.5623360824391873,-0.6140198267791952,0
1.0645892044354321,-0.9479350217307332,0.6003014714815641,0.8648409200094445,1.321021232447294,0
-0.05728492523020792,0.046493583774748035,0.7407024599777551,0.1955539874974859,-0.8909705664021915,0
-1.0503502334001609,0.7901245661691478,1.2260719315977988,-0.3154426375946255,2.0665705268900534,1
0.3001776611276735,-0.5342690551324334,0.5024637778401951,-1.586104644357573,1.6975988651651641,1
-0.5073924468019797,-0.051191752960129414,-0.6238500734837394,-0.008484696880343999,-0.20184497626335918,0
1.0450341806531516,-0.8180771315343737,1.7738800914343833,0.026893169514842937,-1.0117020186536345,0
-0.3209965610940502,0.19341162653028998,1.3533764766911902,-1.5301627197257486,-0.4720441628908662,0
-0.17423296073758424,0.27809631609871954,1.9611192170907215,-1.3289151634526415,-0.6337216955546345,1
0.5259796554722138,-0.9396356557303671,2.4623680262484338,1.2999449740489433,1.1407569254598808,1
-0.49268797415115473,-0.6082071180003789,-0.7589324220812146,-0.2017658056293119,-1.2746753736540815,0
2.2404833119848786,-0.38173752973557185,2.32589519759026,-1.193120322668611,-1.8881027113214233,1
-0.15227639947398836,-0.3020027191916209,1.0832328277942553,0.6757918170978221,-0.49736960079197234,0
1.070268785644954,-0.41433780309487506,0.440734011764552,-0.9943815466025621,-0.3058893634508334,0
0.36080027665384445,1.4446159468976445,-0.23205266697258067,-0.22833704088160547,-0.3689004344926214,0
1.0045412278820802,-0.40448900797967324,-0.4370653174096427,1.4550125724313996,0.24225790235423858,0
-1.0823478506700126,-0.1305855205756267,0.3575391885312739,-0.14129603883896508,1.4734685448096139,0
-1.0843923961962243,0.6190286870576271,-1.2780489636486865,-0.49155692269931744,-0.7839770192201266,0
-1.8464226544641318,0.3242724232656113,0.19181591040230805,0.6895054835998429,-0.8571361378413078,0
1.9082184500590786,1.9157891597443901,0.3781671315842857,-1.0910350242113804,0.08325047058038632,1
0.03636023918285938,0.40823822856005015,-0.8026922308642493,-0.0848497448050276,0.09169250812553614,0
-0.7629169798033173,0.06795705083407395,2.0295468132402386,-0.4698933897625579,-0.0070605204651159985,0
0.5545346905726636,-0.6250282369306612,1.2003518278891459,0.7441977979520216,0.6751205896647404,0
0.2592443194726346,-0.7060543708406902,0.1339712430238996,1.7213731437134723,0.9399199989938201,0
-0.9787149364867984,-0.0656588127558985,-0.040703030921523435,-0.7582657326564445,-0.8605955708607715,0
0.6643629743064104,-0.06138971655158721,-0.4766064819129577,1.1914366078688552,0.47108379501388215,1
0.26443811136819156,0.08305457935480492,0.24954298683192844,2.557591545522073,0.8552321698069794,0
0.15291980781959,-0.29241769824986136,-1.393580645449749,-0.6972069125908295,-0.013064628494860132,0
1.43199922922831,-0.7037735482872418,0.042676680928681994,0.549251641517964,-0.7932338786603578,0
0.24893068228604484,-0.6255136342647193,-0.41494131031962894,-0.1769761321860724,0.21082965295403747,0
-1.4508738977110862,0.14443254374625103,-0.9965288535827489,0.3267704197120306,-1.0434282588239232,1
0.54809505225493,-0.05604543816855672,-0.7538414557053256,0.5618245355104498,2.42033639601787,1
0.08266958361563666,-1.485011583062024,0.606710482605625,-0.9682366566698937,1.2323469706818508,0
0.31076621253349435,0.03863611826498624,2.0190490501061134,0.5222928396765406,-0.7196587664821424,1
1.0319799676980663,-0.06713718812561019,-1.1540887007443028,-0.3528212990314385,-0.303722719329357,1
0.5352418187816688,-1.0504830839278128,-1.1343393436870788,-0.5598021723078499,1.038816477632311,0
-0.1850261429142506,0.24797960171778477,1.1437687000391705,-0.006613047702917599,0.3298157893719859,0
0.11355971666707455,-0.3001167152668475,0.28593228456737524,-1.1744809251380832,1.0296197419329167,0
0.3253047854932698,0.23572893087122573,0.48795006529105805,0.013923480957691319,1.055606223624359,1
-0.23046672194364204,0.8020408260383641,1.5192957289515452,0.3945837296399122,-1.0771853939329767,1
1.1938983594908534,-0.2969379441997986,-2.52291181662032,1.7178208541643212,-0.8514814226049554,0
-0.06427074807925745,0.3294125020107946,1.002337247924924,-0.10066215010477374,0.6969388507930095,0
2.4858427310800373,-0.2480359818782212,-0.976228029985122,-0.5425577542010451,-0.5393010141461533,0
-0.1811936301936004,-0.5186993359875813,-2.320890690236664,-0.3202736917964454,0.08804396025767929,1
-0.12290705738913835,1.4311950683315011,-0.3357805473378724,0.9611484303262124,1.072123701208967,1
3.22368064564043,-0.3411080203484594,-0.7741811032295277,0.8505042636621732,0.5867097029619545,0
-0.7024682339593764,-1.967326946427142,0.3958513248256803,-1.2070257311202321,1.487708965528346,0
0.31205640800674667,1.8779473891309686,0.2626111026666996,-0.07279098724929306,1.1651511107776726,0
1.1790913301499117,-0.6290244416472199,0.41685626321945973,-1.213772066523487,-2.106072066417871,0
2.887259861772118,-0.09794186831722601,1.8143299250538054,-0.4060812565831279,-0.9622435617605128,0
-1.2811401874134083,-0.6004657490686041,1.10341392268024,1.043399823726302,-1.5365909590355442,1
-0.708346094427135,-1.6912932444132225,-1.4059128871792421,-0.3098514934289479,-0.30666682427655506,0
-0.12309175645629447,-1.0638088599169322,-0.030926687080148254,1.9545306250385268,0.6026231290466502,1
0.24279478027630386,1.006687855346148,-0.7417161979831723,0.45778516019539117,0.2958682294483322,0
0.7174736049095484,-0.9466691755254436,-0.09564695795035555,1.622302698844251,1.030338074992364,1
-0.6306666276798121,0.4682446625200735,-0.5744091558049546,-0.17469147394394488,-1.420362905571751,0
-0.2665512051487233,-0.7878434078818484,-1.0602737329479035,1.215415951241003,-0.8082047533358101,0
-0.4048626905055384,0.23597361430614885,1.5441978888459647,1.1486917267857362,1.2016984163681568,1
-0.4246483262319921,1.0764842034882254,-0.6284548477460704,-1.7972893827363694,1.1117067815874808,0
-1.7733970895698346,-2.7091666742439915,1.6151719653176602,0.49592042236894224,-0.5383795351185419,1
0.21498535260257617,-1.5613520379923813,-0.6199869999661429,-2.1937267167594046,-1.5782747939202648,0
0.4591983759533853,0.847301402392671,-2.2782899415785454,-0.9308718164405289,-0.4233580453280137,1
1.774050591446684,-0.9355561273424279,-1.7426740895269712,-0.591636970258598,-0.9862692394677387,1
-0.2804401504050104,-1.7618514712826094,-0.38131559074671234,-0.568279754359554,-0.008195655522574764,0
0.6391456940175305,-1.0645720533571525,2.218624023941386,-0.7435526559687149,2.2575842665023416,0
-1.0923464693913003,0.6219173381635372,0.5443833927460063,0.9610551885103699,0.8818233573981242,0
1.4718909299471816,-0.9052681869748319,-2.30934453991389,-0.9381962342582897,0.27676798036362205,1
0.6404146894325639,-1.3752951816224408,-2.051468376647807,-0.9544873372146774,-0.8781132565101046,0
0.979740034318549,1.3799334910312502,1.6759848938700403,0.45127541864598514,-0.1547905356995776,1
1.415229318092298,-1.565419181315347,0.23718220927928102,-0.9649635130948324,0.8586941740816261,0
-0.7052254400258542,0.5549640057645815,-0.7223897600350162,-0.7365665697436146,0.2902022488049741,0
-0.7405387495216454,-0.36576281859696974,-2.0359755091148064,0.35365690465568367,-1.4739170487532611,0
-0.2087681645540241,-0.12322692642747347,-0.7913718618482182,0.7355565574154317,-1.3907989259685625,1
0.24765844944007392,-2.7395312019084455,-1.1240469407252827,-1.0347379771431464,-0.6353570572472693,0
1.5038330223326137,0.18671382951931234,-0.601749059987493,-0.03679157910009663,0.49093750226724364,0
0.4110701390361399,0.4286292261985139,-0.12968949015578327,-1.7927690434945844,0.2356481169082153,0
1.2125193388354285,-1.8637689912336597,2.4052125872884,0.5524408087562316,1.0403362265841603,0
-0.1036579656204986,-0.5363352965951803,0.6362165711056137,-0.6339757638761904,-0.9372289377403352,0
1.5942319363168314,0.7379151829325029,0.9616537552049849,0.4659160621738005,0.6048831061317378,0
-0.07151282128020969,0.9603930114464952,-2.354457513352493,-0.41138025190190985,-1.3472677896809588,1
0.9978506092469315,-0.5431629800142816,-0.5088996407569368,-1.3393219876069438,0.3692751342479237,0
-0.10734610172848477,-1.2439305573137733,-1.0590057057130708,-1.494917553207741,-0.8469945372110882,1
2.623809516379799,0.35766841809101224,-0.3177579788502898,0.1361447412506277,1.8025057933644895,1
0.16235966346123304,-0.6320729248977874,0.5403254952702902,0.18595115376870033,0.3801431128620234,0
-0.35637964283011914,1.5207567391846486,0.05492767685678136,-0.113456303589546,-1.9760638738715999,0
0.1888277413850883,-0.7256795603051707,-0.28376363304757085,0.08161573321648499,-1.664890276796468,0
-1.0996969364228768,-0.00320016362893785,1.8200927290820759,0.3798584208935176,-0.7855718550852768,1
-1.9181808849707473,-2.5896116756146417,1.480655859083103,0.8065631472095738,0.5827391803627618,1
-0.4060209436456928,1.1296348746831288,0.22450548514928703,0.14875951910123425,-0.5225998917913636,0
3.1907732214680093,-0.49567989533936446,0.0974272398411336,-0.5266989021706888,-0.08296446143487247,0
0.965153424681969,1.5076962264136484,0.7983519125293297,-2.0860426788447435,-0.5773164194917667,0
-0.8625925356367006,0.8937378533924287,0.8833752148072687,-2.1031279162793055,1.1932655389739184,0
-0.9468991246420397,-0.5751712691319363,1.0565422873129326,-1.8949188872867917,0.44920578629979413,0
0.8288814298090206,-0.26853613785974845,1.2381970189505045,0.9715435632720292,0.06732539859164582,1
1.7196771732237568,-1.2082383813098383,-0.048107925859812835,-0.9495845973129916,1.057187730235002,1
-1.7723103018932953,-0.8077626369066182,0.041489346238942695,1.4176444994227202,-0.04712930237932832,0
1.6882736127382805,0.26963024615751036,-0.400998557455753,-0.34835125894102253,-2.3690162636386454,1
-1.2450076236275558,1.582751656416978,0.2836649820372819,0.8278788106805357,-0.33965733877139775,0
-1.2762908826747195,-0.3819153315260728,0.8009272129720427,0.015985811284209436,0.4051064359915751,0
-0.7144272383219863,-0.025698933867369576,0.22330602342107347,-1.2947413747823355,-1.297191777218366,0
-0.10926882074783488,-0.33352564087332703,1.2632537918492257,-1.1306207643059478,-0.20139222052466002,1
1.5962844352960504,1.3531284786533166,0.7920160349397688,-0.8651597354042981,0.7043454691878541,1
0.2125744355792874,-0.6152543165497554,-0.09544100354266719,-1.4115013654915916,-0.7809189638864502,0
1.1715708105406428,-0.39829163869635126,0.7423143121353617,-0.20555880693770612,0.46684998023218977,0
-1.1381757523479854,-1.1417123541389034,1.235177653627793,-0.7184207643062298,-0.12613537464909774,0
0.5809326702108216,0.7973279731000442,0.4909468970525577,1.8165211587291954,-0.7260402974782882,1
0.43371154557888114,-0.8179444634718956,-0.7801755987922255,-2.1108553228503446,-1.2695944245655362,0
-0.8976165222157301,0.3369939107043376,0.5456627045902135,0.7961689072876261,0.40892859235083906,0
-0.46170823199773636,0.9143484915744412,-0.2071328940326591,0.8934793199398707,-0.7488385655716159,0
1.118707745612356,1.2527958657290201,-0.06940193162160194,-0.10763366688426915,0.3003181018211287,1
1.1670091961794342,0.13778647016349374,-1.0588583862394614,0.7359230107092914,0.6344357527163726,1
-1.2010473346030832,0.8823780229002346,-0.43356104766194725,0.5336786555133003,0.2667635775383382,0
0.29294789893954376,0.2178713974469769,-0.0864663271330352,0.7176422371794985,-1.0510428503439277,0
-0.13078010001250553,-0.3840135404429576,-1.4841705463153934,0.7272378202369729,0.9249822437257109,0
0.46926734786607466,-1.7877799534129841,0.48481956341159355,0.09784818274161054,-2.699661314880258,0
-0.5289715148410403,-0.8949267795326459,0.5497773610631349,1.2708364407279695,-0.696447942195513,0
-0.6362121356582925,0.534283337699033,0.8305930666204676,-0.7213724936867646,-1.151969084232994,0
0.9547720788038718,0.3942088871919851,-0.003255064870513721,-0.639960033065712,-1.387065724454576,0
0.42623105078703716,0.32986937720496085,-1.0044535207467828,1.9666307242116423,-0.06081890587064203,1
0.8949234479538571,-0.09475477458680315,-1.4407536713828206,-0.4571995072418398,0.4954607111142963,0
1.1735609079956897,1.4959570124649844,-0.5587863483117532,0.05184568433296403,-1.0575947543344786,0
-1.4855151251154726,-1.2619224901473347,0.40328523941603145,-0.34450342508910664,0.8754653399415074,0
-0.45956155886222955,-0.9333865805724201,-0.04717619436878634,-1.3225836810688465,-0.6843044448067178,1
-0.9555066713247028,0.5279734667814132,-0.21902851751652916,0.34533593869457124,-1.8243043444662048,0
1.8474889151072698,-0.5329582868869077,-2.034349985643381,-0.6648733227642529,0.7757687156524813,0
0.6714923335766021,0.041000616718019224,0.08114462704388352,-0.6368175238340567,-0.6377900478198096,0
1.2904529528129647,2.0182533026465195,1.1411194960604694,-0.7924101079968386,0.1495095184805546,1
-1.336256690490452,-0.9227324767959636,-1.0199824940576814,0.192536767453878,-1.7303824115720372,1
-0.6578042016677194,-1.0560810169720056,0.6144053674205473,-1.5785218007145667,-1.318370591349732,0
0.38518191549186126,0.5348538680880586,-0.4766941642050498,0.32074051039323503,1.4345105526660282,0
0.3358811984551896,1.2009499174915244,2.2526492948861145,0.8241704778012116,-0.5442517768028643,1
-2.059543763754252,-0.25465107093107825,1.4547156532569914,0.748673962887221,-0.6848673782373884,0
0.09575445628744977,1.8808056468656154,1.7295936070228195,0.8222733052260403,-0.9929781420429613,1
0.48269905585374284,-0.9092267342182391,1.579137596605402,-0.708017644659501,0.9821437444356562,0
1.9497307717017531,0.24902509564694944,1.0843258678922059,-0.9036002908785672,-0.01771043269095554,1
1.4944726597539688,-0.40920603065903666,-0.7497502157970312,1.1976925999102077,-0.3007925528234885,0
1.6082401083806026,2.022701585251119,0.7848762452864327,0.15722855514599637,-0.045332969815456155,1
1.506601148264493,-2.7749992166544715,-0.061037809924518543,1.6948834413242968,-0.9522669586948638,0
0.6293591377599204,-0.2537175635503563,-1.2253629807530384,-0.36836350836815945,-0.5908780955313381,1
0.20782510578319524,-0.7483711414006149,0.62434067993118,0.9558630161965397,-2.131455967390005,0
0.023640020448754243,0.3636787303269052,1.8249331234229542,1.7577077831949925,1.1310510383977888,1
-1.437450440442633,0.5946483036537596,1.2934041005474115,0.06810446321506881,-0.4564465777560617,0
-0.7705210011789825,0.7191625090494758,-2.0306174935899017,0.729457358412445,-0.09888144540748368,1
0.9943669881208772,-1.4077863919343458,-0.5372659490910655,0.02520336049218528,0.48920577808154786,0
1.3109021815847428,-1.079036688531321,-0.35880983703277514,0.2206662952220425,0.5277073385464428,0
-1.289248735030388,-0.3570466921336281,0.9856766143124556,0.05924839326191253,-0.2302853917969748,1
-0.16062210026028248,0.18911320792552266,1.919999471655459,1.0417464479704919,0.1752991527386532,0
0.3493280215433606,0.7830587710645063,0.791352132645523,0.9287273742298692,-0.6937931873528567,0
2.54058599039382,1.722577127790717,-0.04761904094123203,-0.6536135992542355,0.5386312293496403,1
-0.7168528281239028,0.17806658852677515,-1.1267403408225354,0.43257487164459285,1.4383032466228387,0
0.01558823983063974,-0.33410098043817366,0.030438095887225257,0.7151905332567886,-0.17973977692578905,0
-1.1826610518716554,0.0695211861125758,-1.1244702529555761,0.12698296462077271,0.37742995061180445,0
0.14179083509457321,1.145677130319151,-0.6531665363707316,0.7290349330273724,0.3685119673687573,0
-0.8773155064087959,-1.532906228462205,1.1053827009188673,1.0289441298273436,1.293685677926286,0
-1.3069982029659817,0.3648753676731131,-0.09134264223337929,1.0452061691102952,-0.35121541849021864,0
-0.9996070543555335,-0.6727588650935521,0.006449433930543837,-1.9267916703953984,0.0719231584991513,0
-1.0698230579313979,-0.7611943181483514,-1.693099571359096,0.441121658628979,-0.4378310692915868,0
-2.6713282477173146,-0.5592428182434601,-0.5198596766232897,-1.2960210591913202,0.007083062035889273,0
0.11586645979359349,1.0949252172031054,0.24640832666461487,0.26604811601070116,-0.5905873893309004,0
-0.3672232355749528,0.23415549977855327,0.1509623764737718,-0.855688727136417,-0.711490495002169,1
1.7262338851148031,0.1672617066250529,0.14124044064213198,-0.4934325201255854,0.7722647495478449,1
1.4117234206147375,-0.9904318325914419,1.3003969664987112,0.5504428716980925,0.28002715373547943,0
1.8712925221347334,1.6366650954128894,-0.10102901791045209,0.2210874987417845,-0.6542037088841317,1
-0.21469940376282934,-0.21784304285294342,-0.7182866520417397,1.188983533770293,1.6302888391235526,0
-0.24231059149257383,0.41241542009060717,0.07331514884968753,-0.9780716186190418,-0.5458842988687315,0
0.8444625283440453,1.5320084634420548,1.0826153155137133,-0.8757905717916662,0.6790501669806969,0
0.8489981175675625,-1.991275743477114,-0.2200946843219531,-1.7281857238356915,-0.48410857016102776,0
0.5252605847795512,0.05586918520625319,0.5192439956653244,-1.0295954188319427,-0.3626633691733013,0
0.6436095869878681,-0.913115946413033,-0.5055712975068409,-1.6675370218912298,0.5259626485818679,0
2.3878411389932297,-0.0035613047214610462,-0.32266322303546063,0.09952847155533866,0.16256735819787838,1
-0.905885834947836,0.7155396939432773,-0.6616006923760529,0.15199155101023526,-1.4504418397026744,1
-2.0415175573565394,-0.48528220442442227,1.9305035196347933,-1.0688592843248088,-1.193335708387232,0
-0.7788870768672427,-0.3913076892519969,-1.2090311879486366,-1.904583483743665,-1.1377905793867702,0
-0.04616239043503621,-1.6035227951204982,-0.31152119360776337,-1.1847242107633025,-1.0363218594553825,0
-1.4522208056026047,3.0136665221221994,-0.6394089864608284,1.867022301273931,-0.6197191187942297,0
0.7631807302305744,0.7511665268326856,1.39915879164925,-1.0537122285636518,-0.1668584442346062,0
-0.8473915682710317,1.233232331800487,0.3774375453407764,0.651096646692239,-0.13155067924044447,0
-1.0455425797020108,-0.3169213369104659,0.5668355664590384,0.8413217280059312,-1.0350053297675121,0
-1.2893590595413695,-0.30643335486132434,1.2080583334836366,-0.2631955425766706,-1.9915832978350383,0
1.9768224965336247,-0.43513109860731897,1.0173698067218857,-0.23213565751258752,-1.4706804002893816,1
-0.9078504518568985,-1.2777894001053571,-1.039034745631556,-2.1794761632193405,-0.7957646381505613,1
0.243286035724155,-0.838483887509218,1.2104170848947264,-0.6357966936469858,-1.2525453962537985,0
-0.5958304094234064,-0.026678982121830588,0.04448811106030089,0.7011216799912523,0.31739019837511756,0
-0.6428546364953223,-0.7972225377437657,0.29095388343674794,-0.8168254114966632,0.4498532257655114,1
-0.14528583321410762,-1.1837196645831156,0.9213273884639255,1.302392831036271,0.6606512443980224,0
0.2040501141090634,0.5987064672190304,-0.5295203212625478,-1.536164156128146,0.033234224028949176,1
-1.8395980736404174,0.10199055711529191,0.40772148446697004,-0.658934963440331,-0.10289292451350279,0
-1.7115461001752876,0.5400210620353134,-0.9402393784040889,0.7586733103959323,0.6238893291012149,0
-0.8646491985998155,0.8350392640241988,-0.7977832034853473,0.6881101753156813,-0.4815326106266945,0
-0.6335651063750786,1.0211739856726414,0.5679709487048115,-0.4272371436359621,-1.598157656895677,0
-0.4133271804829498,-0.06098369517984784,-0.6569176593503152,1.081217103730827,0.12321975633845476,0
-0.6828652576355961,1.7144029643343024,-0.6086855315292781,1.571502939736165,0.5019635732739972,0
-0.237272104889102,0.3263909849051068,0.6724409870606519,-1.3639950905569889,-0.43279569604274126,0
-0.30188184905657933,0.49927467916905316,-0.4886421761561794,1.2170734936018908,-0.6678861288407758,0
0.5635836648176256,-0.6712466779383819,-1.9763195411255676,1.815880499876992,-0.5837731542160045,0
-0.19729588035179454,-0.060123206591490126,-0.46878003338435853,-0.2909735325957302,0.5389445535417139,0
1.3124968413549647,-1.1315041940636554,-1.0070259251024252,-0.8404674655870561,0.9259813266868582,0
-1.247556121290025,-0.8692739859808325,-2.3912375980892353,1.1688155533796492,0.5514534569850409,0
1.4514915295873314,0.3470280824661769,0.606822294930788,-0.22013872008780308,1.2347086062204182,0
-0.15743478383240317,0.053673574976182074,1.0643956847916471,-0.273766480068586,0.5982700965749094,0
0.09962318477161418,-0.005096459911403365,1.1282032119661896,1.0667603947875668,-0.07479037011222979,0
0.37686080297914226,-1.3981124153502196,0.06676644033287696,-0.7807830260070844,1.1227667568903725,0
-0.39165900047774266,0.35769039926068097,-2.4202627925641917,1.5364034334537329,-0.007477891126969732,1
-1.6216495196114382,-0.42356048315909367,0.3646610327253353,-0.24064629430081555,0.19941120447075064,0
-0.05942575395255801,0.8171729097832493,1.4813125719120577,-1.0064428088731319,-0.20983092486093852,0
-2.5101134932137947,0.21245132432068006,-0.8274855051202082,-0.34108606449541967,1.0713343141546607,0
-1.0767651568139198,0.23595893611709037,1.2082127207060283,-1.0933658899295238,-0.4051318883358401,0
-0.8874454783702339,-0.6360297811025994,0.38300102075561915,-0.7041167471685056,0.9941068771258308,0
-1.2361783385920266,-0.3105463067193192,-0.01150587846563294,-1.1232987790565974,-0.2827951935690211,0
0.14727993061658207,-2.3353223835448156,0.9956185461517447,0.4965279575413214,0.9022263639464259,0
1.3888506908848823,-1.9240378598564598,0.054340688035647074,1.9029314069941292,-0.13740182201962364,0
0.40287843738470236,0.1665885965000332,0.1123168666967603,0.3929019086236828,-0.5002592505776542,0
-1.742805830262578,1.5339656460493607,-0.1002844109304761,0.9455797937874199,1.6134221039662557,0
-1.3548444343455819,-1.0395530529126193,-0.23753310622676307,-0.45457444901082694,0.7577231922213509,0
-1.060431398070777,0.6755852344981111,-0.4313755300159565,0.5976499604219259,0.8459292755075065,0
-0.5069296958276928,1.8569985367502508,-0.11632951938155939,0.9505848131643955,0.34460629184873287,0
-0.12139915965571528,-1.6546894263389111,-1.480803294658915,0.2704181784338759,-0.4900787217830124,0
-0.9535375649691258,0.6910828436610927,-0.454327398016061,1.268716008905938,-0.1948652851584748,0
0.5239523355732804,0.907384921887552,0.1277659735260513,-1.9567723565576196,2.0312406239144583,0
1.0070137668244903,-0.1645091392924368,-2.0413301363164122,1.0270880287683843,-1.4053278909256681,1
0.6504140097550158,0.009079650507644251,0.9546253019197332,-0.15218218325504176,-0.8947240766493131,1
-0.7515129892645546,0.20082741014922362,-0.11821502932753424,0.7486701141761624,-0.043945838899387454,0
-0.003921546534576113,0.2648278130968615,-0.18877317714616987,-1.2494644315695478,-1.3995663365925053,0
-0.23578445891781,1.1213448817028857,0.9648640808329025,0.25994293734096247,-1.3950037560419353,0
0.25825160333953356,-0.12282710882659133,1.9060831007226788,0.6331789640698945,-1.769135230445216,1
-3.196374569449562,1.0246393301848982,1.2655935432493943,1.7657246810109801,0.19758819528550883,0
-1.581026526045749,-0.6392380089917791,-0.505059516418209,-0.2561684702611872,-0.2786306955954941,0
1.200565731169721,1.4085889114995274,0.6258634291770865,0.5227957807740761,1.3086774706390942,0
-0.20896102263242888,-1.2187858004211265,-1.4850187929889378,0.2538200836910126,-1.816724702111084,0
-0.7644123493073718,0.16486958939138396,-0.4790984422452527,0.13310384938443823,1.2664187206070645,0
-0.18676105470762266,-2.2942605576672452,1.0191465304274838,0.8143162624867177,-1.798534547079754,0
-0.5261208471092578,1.2085348832733585,-0.6191411505147533,-1.4396917997843106,-2.424258053322717,0
-0.12666439369087037,-0.9193795342804673,1.42842984183374,0.7855352198542976,-1.2259838369288474,0
-0.7256357016207898,0.2551524077375584,1.0200392396014137,-1.616691774469861,-0.1452237705191227,0
-1.7966347870976709,2.004937335886221,-0.2617969379641443,-0.8248859211966092,0.24643519752811663,0
-0.01485633462712215,-1.8841777717405208,0.552925746541897,1.787932722618383,0.21382749684126326,0
0.8689567279146369,-0.290732189811536,1.7161746969647595,1.2922872905973264,0.05956251058042803,0
-1.0389511226959134,0.9291432049982095,0.6787498292185158,0.056945142858184784,-0.16269811868670453,1
-0.18475308484073943,-0.4140426585220248,1.2988400718484479,-1.7481506173958445,2.625418846701301,1
1.3872592219752906,1.4722065278489247,-0.3458497253940025,-0.2636181632699405,-0.872317930623028,1
-1.1393492185921021,0.002110636882260135,0.1299089171600955,-0.04946549629489077,-1.4067590374489751,0
-0.8794633507804838,1.26664488311246,-0.27490269382839916,-2.651254640068824,0.5089847303654591,1
-0.23216742594832765,0.7501407922296797,-1.6014092193472385,-0.3179143408047713,-0.3878868610657629,1
1.2817319903236544,-0.48623290746601133,1.344691734168201,-1.9989839478508815,-0.9082975851119955,0
-0.6889144463989092,-0.716378013251074,0.417519156338502,0.5348973046567292,-1.2734310104539586,0
0.8945577426563964,1.4855328800296221,-1.0829406987465717,1.6975633930462835,0.6388553296422351,0
0.19202129388028025,0.7308428964265686,0.07611529444564817,-0.3984721176831078,-1.7535071627236147,0
0.6240577519876164,0.09647132117461536,-0.1266438802369107,-0.6795942777668365,1.9351521019359066,0
0.5570327159125518,0.6508262250754909,0.12905882267827878,-0.4907882120927627,0.9745123269671184,0
1.4121672773879488,-0.6202909203768795,0.6180159523991967,-0.5371931773029179,0.04061199385628805,0
-0.07011668608517124,-0.5690120515980984,0.648795853460269,-1.0311219418012016,0.4322009991951066,0
0.032884814684331506,0.11495886674536801,0.7763525625208384,0.7177894337094859,-1.6301034251487003,1
-1.6241489817954864,1.5379462282960674,-0.45832713069248493,-0.8623987239613912,-0.4939236226841283,0
0.8482764814669431,-0.9207276610143045,-1.2995478489468282,1.3974286048897184,-1.5575694979812713,0
0.02608488547534064,0.7627466221289217,0.16755763442862165,-0.17368152177101737,0.05798228237147206,0
0.5620785952209492,-0.4232961310866039,2.397496495214905,-1.7405440436149466,-0.8517491312139716,1
0.531331760925011,-0.9776973387139144,-0.5253047939397892,0.8686778931797484,-0.05461054537526692,0
-0.16106727121481865,-0.1605436774782641,-0.4433394771069722,-0.30828002967534585,0.4388177108642223,0
1.3959914023863047,0.12980584887503155,0.05593488403698948,-0.29774956439209643,1.9147786998580207,0
0.41751359131689,-0.4353521399052334,0.45438779030775783,0.6830912768086754,0.28647033476334827,0
-0.6038917986761921,-0.06503076200301308,0.4944038351417265,1.7474229800845433,0.2940427739504995,0
-1.509176934679931,0.8545657777964,0.2953464250679343,-0.024130743108696156,0.047283952540625694,0
-0.6791598610636398,-1.715949938415481,-0.12751605911944583,0.4375853353932326,0.32537407312937344,0
-0.9375193798947805,1.005127147782089,-1.4901643313749526,-0.8874523618143858,0.8646805648715922,0
0.9354434939132812,-2.1038847556546485,-0.5077916420939126,-0.14908165669643866,0.6445165806094307,0
0.25138101691228854,0.36676360233270705,1.2916489386404257,-0.2670954553744848,1.5189570712558196,0
3.032343044707571,0.5843347202660704,-0.4936118278663402,0.31420864672219806,1.2100475507784125,1
0.3552048168565183,-0.3983815780957803,1.0090880740837307,-0.5884267386701134,-0.9932995200763435,0
0.14533367350400797,-2.113302408905856,0.6639129168633812,0.4108659098571384,1.0198048051440802,1
-0.8264431914163001,-0.37674253381339096,1.4781315257443222,-0.17715664121338845,-0.787804961276191,0
1.0024495245228517,-1.1574103046666113,-0.4184153571759527,0.15500838324888283,-1.7373472625114863,0
-0.47230473165676334,-0.829681844814588,-0.5596287360278949,0.3468228748122652,1.3154199084584377,0
0.5127804790821314,0.4049762207365891,0.7235337073465187,1.0503631661985056,-0.1966803117256243,0
1.3709066656659334,0.12626607220527591,-0.2941920688541318,0.606327648802976,-0.9787297419383292,0
2.110628703122617,2.1931334306789534,-0.16625824607499823,0.2793287666296352,0.21068577617109915,1
-2.2108149245860385,0.8558023116496886,0.786938127973097,1.02192148419619,-0.7265442321373948,0
-0.38314894281825757,0.728073648056308,1.206896784177358,-0.1858492110614206,-0.07455166050632421,0
-0.29264407971826084,-0.3236328291298154,1.2767706811958315,-1.1750115107632417,0.504528840179239,0
-1.0158463525671675,0.917937092295576,-0.7853327974529324,-0.9377718846783155,-2.187440152892971,0
0.32359018751003565,2.2493993299138655,0.5150082043241677,1.4203622613965543,-0.8019850163894463,1
0.7056744307131712,0.15937305904289142,-1.0857500978891355,0.4281425107466076,-0.7215227412196523,0
0.18128933828005125,-0.8799488176464201,-1.3739402414717679,-0.4150730490696128,-0.1147273293802758,0
0.3556526650088452,1.3304490780397937,-0.40101740847699374,-2.0492578112522644,-0.7453707994110652,0
-0.06739655279905389,-0.48015556841772744,-0.1962161335136645,0.7626785423753958,1.087686130186532,0
0.033721775216500806,1.346919830139928,-1.3931291084075839,-1.7154398779316085,0.054131466660253494,0
-0.7691943124187808,0.6767173485795683,2.178131670928284,1.428195738921849,0.7224149483969601,1
-1.47694595426742,0.24863988306050727,0.9765432168840787,0.9147743150869821,-0.6378922985606871,0
-0.3788519080732472,-0.3204430386389684,-0.21804222296477374,3.2082486519292663,0.7057123586237717,0
-0.39054386026611543,-0.5944694477187832,-1.3617381981970345,0.6437271161825481,0.05780065595563203,0
1.4271451716238372,-2.4185710126873285,0.2585273634794714,0.9368086269467986,0.22745296525401845,0
-1.0684008265486844,0.676292340536872,-2.144096240142727,-3.785983262575446,-1.1516124443627276,1
0.46301166185446085,-1.5872804894614283,-0.5972218872318021,0.8122420898344525,-0.9023231423973288,0
1.8739169215248077,-0.1699527566385279,-0.06638734426518732,-0.22961682291619182,-1.0932748012753775,0
-1.074371404944136,0.19414146165586568,-1.0817547701001988,0.12411891015797907,-0.007951267299501213,0
-0.1071318853801598,1.487350143531885,-0.33708332690425397,-0.07001411104976944,0.6238615947028718,0
0.6823763657286704,0.6678891108788237,0.20260461367041355,-1.5820133201201523,-0.7297320376092217,1
-0.6915744796854029,0.724245614477556,0.048544750497812726,-1.778328163084919,-0.5105863660585146,1
-0.5890947292024924,2.27004883160087,0.8042530718511937,-0.829211767836952,0.3484452963059943,0
1.064852674135532,-0.18911517046153237,-0.5843296579363294,1.8361655624389868,-1.1529337023602753,0
-1.1552839912678747,-0.4538783319731135,0.09205776477368523,0.6594017726992859,-0.4315586517489308,0
0.061853906131648054,-0.27076746833124676,-0.44844354543044307,-0.07731525130351195,-0.045071099599546645,0
0.7374424816721362,-0.0757248906346069,-0.24604546506809014,-0.21008365205077717,-1.1000385786112377,0
-0.8332302734749447,-0.473804581006806,1.3766953887928641,0.4652734969936932,-2.391167437005715,0
1.0081583272040138,-1.2477301567993055,-0.26212177591382296,-1.6756194388957637,-0.6198571685892852,0
1.451019568488045,1.5547514315496902,-0.18504713738430217,1.948879572821406,-0.321584196809932,0
-1.7516674553563227,1.3264204634100745,-0.07093847661372499,-1.6502369750635195,-1.408589571567418,0
-0.47983782946256787,-1.905249140395619,-1.4682127447850684,2.162340041564194,1.6697416208634202,0
-0.9308000045856938,-1.123556424911237,1.7434298995389061,0.9044607714288949,-0.2732593002756147,0
0.8053477078664274,0.42308346716619183,2.2040848101714836,-0.41393545705676627,1.2206443871286743,0
-0.6006984237496584,-0.6251647742296517,-0.053664832051434026,-0.08983420813731076,0.08404053882780362,0
-0.10022224085047081,-1.2177662850053859,0.4481686206151734,2.626069570512599,-0.9477365381989253,0
-0.24056514981206642,0.29178211902823564,0.6657464894294954,0.28214573121606534,-0.8693408760893329,1
0.1824569974961305,0.0034573042511749493,0.43594067710841633,-0.4928434759415874,-0.6140577003984921,0
0.46554823959360303,1.3496634991163188,-0.22147208961406245,1.4717608133019915,-0.0009068294328610646,1
-0.012623391215240452,0.8361672976682861,0.358070510377109,1.0298905566833274,1.2885885869860707,0
0.8691691694525264,-0.21103033124023535,0.8926829280110132,0.2640326557490835,-1.0281108935282295,0
0.2904397930867661,1.375109921991646,-0.28947098764230134,0.5869957089061323,0.18472321625214505,0
2.5541812788082177,0.7092466402978955,-1.4035568553854374,0.7401259662264347,-0.9591046924664224,1
-1.1095740842652448,0.5328200372128484,0.6020006821499148,0.5205663645919921,0.6660272213342007,0
1.4216084619111646,-0.19704073777131384,0.9028336112251744,0.09466433363437889,-0.662060133658704,1
0.8196717988317397,0.18129352546088928,-2.320641558351075,0.9024163870734593,-1.0342752318749473,1
0.04426932137608123,0.42857871977739004,-0.1426086236116889,0.2354454494735904,1.6232285170570584,0
0.8306224184035773,0.2979257546033313,-0.8389045418415918,-0.324931899731684,-0.6541504240340136,0
-0.2541228155390593,1.139462289221039,-1.0373453204892829,1.0475253604339214,1.0407919238405285,0
-2.0516355987293244,0.2868375503411254,-1.680527526012799,0.4934451041827706,-0.10347280613460814,0
-0.45628360575037835,0.43515816519504125,-1.606821326147019,-2.8549966269103004,-1.3739628463115894,0
-0.3657423571115788,-0.24334394945177862,-1.4751166390993504,-0.309733637523231,0.9505832064339347,0
-1.9456111612356808,0.6712825740034754,0.5714404449167259,-0.42172803133081344,-0.08234520312116744,0
0.24796737623456314,0.48422419904715763,1.3091656926616455,-2.131924367091206,1.3698281476165284,1
1.1246603694563513,0.4256498241815192,0.4668452040652605,0.3155019601952525,-1.6105633090251141,1
0.6909223843292328,-1.832741235319491,1.1533199190829835,-1.118829840658163,1.5388635524966732,0
0.1025604245586336,-0.2219806598382574,0.3433602343006856,0.9548479819316011,-0.08418184341511317,0
-0.9911710830141284,0.06766868237421535,2.2076825930124504,-0.9550624640657244,-1.8402108172708593,0
-1.3131864566464548,-1.1071517832309856,1.0268126101867774,-0.9693854210472124,-0.33516937406829256,0
0.37771511441969,0.1773069010745993,0.8310624544962214,-1.0826015741634947,-0.8582763846068513,1
1.953792332530777,0.5296722961544468,0.3195121841716552,-0.2661557238731838,1.6997913884571632,1
0.014367757260740998,0.7783236819461088,1.3530074261357006,0.045710295702609045,0.45436421965058554,0
1.7692542920799592,-0.8144591903252479,1.848905083005752,-0.7667751187270799,-1.7615750694223968,0
1.197207285914505,-0.517528495000106,-0.2434158741722386,-0.6577462478554624,0.6334187075114963,0
0.43419137278998315,0.0793205720785922,-1.9920038406552925,0.24008795076442238,-0.05677758318237858,0
-0.691597187650258,-1.2372789519507439,0.40796410391058285,0.3358795556763778,0.11474625593295198,0
0.4278969086213697,-0.04460086696111343,2.1818083175541814,-0.25873395691754303,-0.5232753300305152,1
0.1995746439618479,-1.2409308561160841,1.5073622669755966,-0.6972017561978533,2.289908957541449,0
1.3230033362152205,-0.9955954678843266,-1.5559945697443491,-0.16326546552208604,-1.2020609114409941,0
0.7133096680896119,1.3827043839088788,1.9663628547301553,-0.21006029441497623,-0.5444640200060897,1
0.011610414631450567,1.9887778770040774,-0.02979240293612481,0.876940118393072,1.0356308899130067,0
-0.025878848909934228,-0.3930926615702135,1.6446069976981452,0.36449861606688266,0.08201025813815954,0
0.4998807831986019,1.0161996662218418,-1.2080561068251356,-0.18076756073049666,-0.14982597689741367,1
-1.3617837587108972,0.23394013269759953,-1.7366459232919818,-0.6303115331675343,0.6254408072249411,1
-0.7620856407828736,-1.0852859116679636,-0.557120521473925,1.3390253980962368,-0.25346799455737984,0
0.1368268862619066,-0.2874617352256581,-0.6032407386097616,-0.09603301329755905,1.1621302753342915,1
-0.7835668109539279,0.335027740519364,-0.9814024131001653,-0.37676369587742126,0.3823565613623645,0
2.491353208113546,-1.3555496005681036,-0.2599310575058413,0.09462853596460288,0.9854851159920055,0
-0.02321656555278258,0.21321349355974523,1.1396506607807517,1.1755189847937884,0.271665229672503,0
0.38631962652881924,0.13370890787213915,-0.49816143158745047,0.744744856961899,0.4394109121407238,0
0.4552687714711088,0.12157960910637224,-2.3547130468110242,-0.1321745104475125,1.1470113586935375,1
0.03457760160440781,-1.9298246413594555,-0.3918022988918343,1.6509513617705192,-0.5564036341685723,0
-0.7104633893307789,0.5575210480274733,-0.15143236949591968,0.9042264687101984,-1.5215684147530062,0
0.2490840874712011,-1.0766997729709704,0.07793050162629099,0.28578575394697103,0.3506823768715711,1
1.084964528137374,-0.4382474531593257,-0.45041594624969805,0.5898148755113056,-2.0990761248409107,0
-0.3368515995968317,0.006802429449499605,-1.5021497690009378,1.0986904932878523,0.10106529954720991,0
2.275396062503736,-0.056071571371487224,-1.2166517445570517,-1.082054789961451,-0.7341803191352646,0
-1.5629148501925803,-1.4616793282903107,-1.8011334264637082,-1.8740418413307482,1.3978633136664549,0
-0.7757700150448756,0.18365087870934882,0.6425519827607594,2.173475897585954,-0.04664892964383773,0
-1.3463495470702582,0.873761009382644,0.686630871639915,1.9722582916642066,-0.38165416702081245,0
-0.5855185532631115,-1.6955739268765904,-0.03384165797268124,1.5421457713811115,-0.4024093392977678,0
0.19514168019034353,-1.4256510968429659,-0.6997762505986376,0.7649904561897318,0.026818664749975914,0
0.6431321233600382,0.6934543220960824,-1.2585426452161004,-0.5074272983456973,-0.9017458313672626,0
-0.9749070335775225,0.1354983654375549,-1.6422327035852018,1.2457726167185186,1.3192621309935524,0
1.1581775375190306,0.8121382128886656,1.2729390371770009,0.41923281695966047,1.7320084561057187,1
0.7324623795840148,-0.44659132034989496,0.1054170871255871,0.510179876731893,0.40231163325810465,0
-0.6203583666411463,0.023749339322332762,-0.5256616310745217,1.5252410051033982,0.6842765484596391,0
-0.6991295771431143,1.2750719564252957,1.5094658961834129,-0.6469860421428696,-0.7961922649417988,0
-1.5014209140342891,0.1390175029416286,-0.4526822843007719,0.3423122535149629,0.7373262572198871,0
0.37696114003392556,1.1095397374507712,1.8599686844458077,-0.48252893673189134,-0.846689033594709,1
-0.2775160861469007,0.016998786695924317,-0.46857963255301066,1.2883718021619959,-0.5978616607104892,0
1.731952831091162,-1.1006066930257603,-0.5229197549896631,1.4255561560198813,-0.9801130067680303,0
-0.6727959682982888,0.6625286035192383,1.2633673937925427,-2.1235993840579996,-0.43921095950811,0
0.15332386121027702,-2.1239238278508568,1.659466897285971,-0.5581152473284947,-0.7997224553469873,0
-1.347173972249756,2.8186567410428442,0.46172178730291713,0.901528705062513,0.3172985896231597,0
-1.35513518172928,0.5944264409134249,-1.0124827885754921,0.19405262580191845,2.009861394568481,0
0.6834577846811992,0.5896347881621139,-0.19535935164463064,0.20049154816407766,-0.46270819552489534,0
-0.3457975500337764,0.2374213212165635,0.1731266858085265,-0.4909977218477498,-0.6034207605149796,0
1.0559074600265703,-0.3500369509993204,0.00899009114004997,-1.5062827032192472,-0.016587174902276732,0
-0.9141956641115756,-0.8788146166280019,-0.19628502920604687,-0.5916719497758245,-0.7187184616793145,0
0.8372954242155023,-0.8104673843934237,-0.28196024777331485,-0.04857594593846131,-0.9074259972780676,0
0.5156693482072653,1.264996365622199,-0.14848989232224905,-1.2546884711895967,0.8070091321776951,0
-0.1285060716567714,0.2935280369432621,0.7655356888186927,0.4055004724121895,-0.9075118669233101,0
-0.1292995180167353,-0.18474548072705987,-0.6260982286686989,-1.8059247545111974,0.8221268047159623,0
-0.7915332418451537,0.01319899346912478,0.18113897080319677,0.884035069934694,0.5418191353439986,0
-0.3180783750004354,-0.426434185937869,0.6396423390660453,0.14122375400119538,-0.5220652487328806,0
0.27379663854956376,-1.2498960152648755,0.7595389519843159,0.43123191689337875,-0.4199308126057195,0
-0.43369147793534046,-1.3847881541320475,-0.3147928989041825,-1.9169188957485472,0.3320801194869878,0
0.671899783027622,1.081576995963226,-2.6882550838152133,-0.6488267224999904,-0.19976340925745337,1
0.21447897207089078,-1.7450908661040507,0.23164309623307153,0.09451719100863004,0.703156746303631,0
-0.15627989385328192,0.4870759248612268,2.323362372661508,0.7740122615814574,-1.4765015528673615,1
-0.6484958783115933,-0.6402206825684273,0.2459320888116843,0.08425656198452366,0.7253858047363397,1
-0.2670118097254934,-0.5713617084219775,-0.6026261066284062,0.3800993724232312,-0.9206534889500296,0
1.727929532453333,1.257309825538435,0.38997762599978214,1.1095815853842228,0.7637014185409101,1
-0.6828162437799808,0.3836601075940602,-1.2459201747529813,0.9837148316012557,-1.2041790453729375,1
-1.1896155797861903,-0.24683117522421513,-0.9355298905875438,-0.3648037043858085,1.386325949812457,0
-1.921431078789583,-1.1705526295560045,-0.30208297980814236,-1.0261756633584749,0.25885751555023556,0
-0.5286516260224317,1.6555055400048173,-0.6706319988535878,1.3718968649000494,-0.9455008340352943,0
0.05740257291716375,0.018251516682537036,0.5364140683407147,-0.9842501523963046,0.9095495438701938,0
-0.4433804177647516,0.5842754892822946,-0.5639768144580921,-1.8778370187734568,1.3417045944775974,0
-0.6057270233850742,-0.9719126244683831,0.02315300375059969,-1.0150345826279805,-1.1887508095296757,0
1.3689862895188274,0.8413189743634801,-1.3453496544597374,-0.39096349507346384,-0.8333244149127136,1
0.5900546700175746,-0.17330492488853516,-0.8989335366066743,-0.32933784263231314,-0.7228806133756648,0
-1.3919633293750613,0.8426904917328908,-0.09574311079766992,0.4153902528013121,1.281860328381131,0
1.6705694248429277,-0.06645393259025216,-0.456457380505388,0.3742111995213271,-0.4430259122797687,0
0.30011178560649676,-0.9546801663548288,0.9993051154563486,0.5887035890308161,1.1327154170924862,1
-0.033317342673919004,0.4395863458500152,1.1662317903928479,-0.07163045058795543,-0.2667361209013844,0
-0.023352393481506598,-1.1557955916935243,-0.12411543404836818,-0.14981047938664355,0.8975329693462868,1
-1.792877672280177,-0.158400212804171,-0.45560993325933513,0.46052512374913873,1.4577455478817565,0
-0.7496834207268068,-0.7689139357699145,-0.2826106803642326,-1.9355136260707408,1.1875646588533926,0
-0.2063021849606261,0.19031740516484955,2.078382729218767,0.4504999327261275,-1.2083274878143417,0
0.3745779189709448,-0.6709779000473078,0.45962117063075913,1.1727514661191285,-1.1865528213152297,1
0.6620067115454522,-0.5243095706206852,1.2304995948175443,-0.7627512804639838,-0.8515254974166907,0
0.72704911752709,-0.8560559635948612,0.31889373948271804,1.1808278240978396,-0.009025892226642993,0
0.1626166156996351,1.670327985023839,-0.45726964091179373,0.8873905131436411,2.2659983365783,0
-0.21423675186476476,-0.9067758958470772,-0.9919146113638724,-0.14431380581470418,-0.30164041948123294,0
0.8455840496418552,0.7153517193823896,0.7263969483586872,1.5067025842489281,0.04403178141025253,0
-1.6791346721951885,0.4010754833507021,-0.5143048097085232,-1.0127782577367506,-0.8888550899817466,1
-1.0505590230262811,-0.8009606458069373,-0.3378661110738449,-0.6182398338596085,1.659240997782456,0
0.4906787756182725,1.6229288740561572,0.7458087663761356,0.1771462810812435,0.5864306464475425,1
0.6490760038346856,1.0895614400961449,-0.5246434771293431,0.179498637745223,-2.033712297913575,1
0.8574793739002167,-0.8098710050162486,-0.4408541252348127,0.27451428813884055,-1.2816237288682257,0
-1.5657694987787751,1.6074602086109628,-1.19172253984323,0.5559455032454509,0.39188246788091535,0
-0.24617355575433267,-0.4066357127973116,-0.12149998365362347,-0.46239051211134186,-0.029326641892474845,0
-0.3720037588198128,-0.553831668385668,-0.5752272581750457,-0.4854920279380209,-0.6674961854539165,1
-1.0560244006516752,-1.1202083553415612,-0.41708236499004125,0.3099003384713925,-0.5210162293437187,0
1.087218958237184,0.3384027656047617,0.36802938849226996,0.06515899039615754,1.338343019581633,1
-0.18843107603500434,-0.7760501031110966,-1.366526974663678,-1.236749538995933,0.0711239740833281,0
0.8867351775697867,1.11352519842262,-0.8298962950555786,-0.49670554167684394,0.9188954419059178,1
0.061226632772373356,-0.03335150210201992,-0.25770387756560686,0.4981266106796111,0.7799277122185521,0
-0.2867591723706542,0.7472996570617768,1.2019328696894704,2.5210860055127804,-0.05685587822371608,0
0.32562451177807455,-0.0861314969254981,0.09483981629698163,0.12823639943111714,0.41161140178792566,0
1.4602354691031931,-0.28438316810828057,-0.8090141704740537,-1.0125927435038484,-0.6321644809649725,0
0.7255374685136283,-1.417281172737615,0.05921704213976905,0.5544680029230697,0.828316458111718,1
-1.8390154004563506,-1.2851496137218423,1.8821371217017686,0.5751294514692523,1.0442581721765851,1
0.8064660815051841,1.8341117530148778,0.5772376865594586,0.07417293133824855,-0.019999738588915874,0
0.08556214538768345,-0.800856980342078,-0.6128363202095976,-0.5489506351447706,0.14279288067334725,0
-1.1299197840144557,-1.1311550503853862,0.6158552863601287,0.5338446073540584,1.5222027699603082,0
0.19640762747530774,-1.0811498590634587,-1.5341344838630844,-1.237706668548061,0.09922717286164967,0
0.6529565610412648,0.7977680813936736,-0.5100607360300843,-0.21947770689341842,1.8111557209933071,0
0.09164150370396074,-1.210244936046632,2.1204551726981737,1.1246943739097397,0.7663759590484481,1
0.5818150844966493,-0.8700556994351413,0.3811596319870563,0.9794813411709123,1.2549471416795823,0
-1.075529371358049,-1.3362486877178403,-1.0863556047746439,0.12326324483515973,0.6930972753673202,0
0.5478166168797187,-1.126247208120383,-0.6392397598443442,-0.27218876407889464,0.17410747145144426,0
-0.4035205105910134,1.1461106196066926,0.8270481841835906,-0.8680467532199977,0.21386855435305377,1
0.6426943726459093,-0.0960622271807624,0.6157286936368854,-0.5348132949163997,-1.1341821351131895,0
1.3770996518105705,-0.33340246388849776,-1.3028793980293065,0.9627103387206094,1.639588707962256,0
-0.8638807105242408,1.5323521879607636,1.480724108007522,-0.5178958230328137,1.7544082656118365,0
1.1438043932763555,0.6626091954188279,0.11217269921387871,-0.6672221138126471,1.872988765904095,0
0.6228791092298791,0.24533285851153833,0.8286316098687924,-1.7774173924438632,-0.5313404399801563,0
1.1234758174541892,-2.528917407548695,0.7141326099559449,0.670955434786676,-0.6748294014779432,0
0.6505242037974581,0.7453344418597202,2.192731290040363,0.022522903351038633,-0.3309123244338816,1
-1.2584868262711983,-0.8277481312467744,0.5939134892185496,0.3445586385833724,-0.9851582817309062,0
0.8970534313843361,0.830340909012968,-0.17694880516710115,0.6224177553327322,-0.7827135781434601,0
-0.7523043527315778,0.35274687453504733,-0.028473925728104928,-0.09096395945755884,1.2750115222659157,0
-0.21190610013454195,-0.9621336988919251,-0.03135002390242497,2.3279865818006216,-0.3302013529401626,0
0.4534624757086512,-1.4995643577911029,-0.6644777887857944,-3.2086418925966216,0.1476300875718114,0
0.8387004986808767,0.26719565040124343,1.9123028091463936,-0.7862481237753411,0.751125478545145,1
-1.7797177611832067,1.5671134641444842,-2.507825152262605,-0.9278613551659141,-1.6883546695013285,1
-0.502351428635497,-1.1757277207008823,2.0393936575399385,-1.1618063756372474,0.6932383203319279,0
0.5064024473890357,0.7714991496937188,-0.45012500929097804,-0.36569274298920484,-1.0597682331385752,0
-0.0670278661261661,-1.047081752804676,0.8915215075504427,0.004949923087272979,-0.996802452898701,0
-0.6855008566691779,1.3021720359524092,0.45215455994055576,0.38393784792881297,2.9294688884258084,0
1.025531237508164,0.2120435899857925,0.4427157629896625,-0.5741243804346517,-1.2318073179697322,0
0.3975447813421539,1.3686225967345809,-1.234917892334189,0.41934829133730595,0.6645804025636887,1
2.9858449290682088,0.9394823514059746,1.589495913524509,0.7683992172928259,0.8253932862342377,1
0.30691058608536315,1.1557286679195604,-0.33025310838608435,-0.11599175622027957,0.6815703222563418,1
0.7876457652501089,1.7260346104238835,-0.5091640054005976,0.360239553441164,-1.5973642701862694,1
-1.7545642504178085,0.45478944454502274,-0.8326734526678631,-1.3790991415986593,-1.0833221349855535,0
-0.4334542595244762,-0.8635357173928031,0.12735345266392598,-1.2350897192805828,-0.7538788195996535,0
-0.6020691569812788,2.5645516744092145,-1.3899827667883773,-0.5027241656012891,-0.8505970848425926,0
-1.12862084383311,0.05247467755440001,-0.12977625461746406,-1.3401073727632515,-1.3495294416147379,0
0.673825837374869,1.1749097479602821,-2.695813125884059,0.18116501235800112,-0.6989183863683938,1
0.15773902438670262,-0.7994628894895794,1.3386300597902177,-0.36138310538491214,-0.862388671147919,1
-0.7734049367154605,1.2211983536542048,0.5030942112426845,-0.2593546110734727,-0.7420067523089737,0
-0.4420171847460216,-1.55523016231281,0.2725021536724483,0.5674318395460998,1.3030761806673528,0
-2.2950526893024805,0.3496181449072036,-0.6005713295707857,0.06322009042304542,-1.9672216936123033,0
0.14118062135369458,0.5105928149609611,0.495270063073967,0.8671944225422132,-0.14544291584477081,0
2.047202298771743,2.860482367450625,0.8202695571461261,0.29702833527880756,1.1246929462526711,1
0.7812758296035971,-0.9555652789415894,1.2769474520369328,1.4476374670412127,-0.6259051401453024,0
-1.3524822368893374,0.9954779964315504,1.6783631822101694,1.8260027227566704,1.5156333119601673,0
0.8566164726996393,-1.0649073048696895,-0.6146797875285842,0.8588107492129995,-1.4934412528819034,0
0.39477540394510097,0.8602193005344902,-1.7457005336556568,1.662432096316769,0.8183773121982824,1
0.7754482520022535,-0.868901427093841,-1.3326677023941425,0.36825363018654955,0.0008380505198654169,1
-0.058739789005512834,-0.9502244120603093,-0.8870524546807125,0.8391404532414417,1.3239535771741493,0
-0.20262966925155396,1.8423510479274572,-0.05575926544889596,1.4688987996557805,1.0316027618188357,0
0.4719180362525204,-0.089042247960609,-1.1402055412735297,-0.6456249935248226,-1.1088846375762431,0
-0.3308433861080053,-0.26073770374428623,-1.4434453477441327,-0.8668078748569736,-1.9103063023254883,0
0.8381068052973815,0.3817053210674302,-0.1535515340795856,0.3962127577637464,0.06264021598795769,0
-0.4424151975031828,-0.6615622103975735,-0.4689257200115049,-0.23062803678626495,0.7393715819271496,0
-1.598555834794337,-0.6187109732192108,-0.27926034619837464,-0.3227300959957931,-0.3976452558426437,0
-0.5060065211031638,0.6126358096436966,-0.28259939628982883,-0.7305722847450761,0.17332890319053357,0
-0.41472404349176845,-1.713335871797256,0.7676711912629366,0.9798418155102117,0.6855074268370621,0
-0.2752653195661403,0.810735991028701,-0.11483955642212457,-0.2662731059197255,-1.3862122129109673,0
0.6037457625040812,-0.6000244131483543,0.0561615331750617,-1.0667074870604922,0.28084240216591416,0
-1.5839761936904337,-0.17335953394929604,-2.241074345552906,1.6249904921321612,-1.399946783937543,0
-0.3941568750433316,0.9302724516844473,1.3385886926198354,0.5197487464648816,-0.12169335405294629,0
0.4383274116413733,0.7336892222981833,-0.533440484479525,-0.2430901162566127,-1.0707018103915913,1
1.0912674744443729,0.4407148702093112,1.0159006354360203,-1.3171472963594373,-1.4811484386879799,0
-1.7448260490846892,1.4685440210259206,-0.7382389854750165,0.6688945208680123,-0.7871523711747199,0
0.6727255323941183,0.0033359470014308053,-0.6106126528034798,-0.6226757346987006,2.324939477648183,0
1.5388886211593014,0.3236884538489072,0.8895432081390245,0.7814650656755978,-1.1503651055764919,1
-0.9242970652216432,1.0909146050572813,0.0426577961826882,1.1413655852895677,-0.24252055897184416,0
-1.161186869645553,0.004981872274837865,-0.4924283758565552,0.34489488731424156,-1.39005761701476,0
2.568945028020357,-0.2837494531532027,0.5034363094291646,0.7749715490722734,0.9524561070693179,1
-2.096472084303412,-0.4243004700896323,-0.7320490996909164,-1.9001843718290004,-0.9629371732374599,1
1.3056648201800127,0.9403559217021217,0.4086515780513756,0.9633821877067963,-0.01569328008037297,0
0.3132941564169748,1.3445420432044088,0.8393956872993477,-2.2965866925201293,0.30106894764296543,1
1.0077676050534234,0.4448804289406576,-1.696370868035682,0.769407443192307,2.0118921771725726,1
-0.9817359165758448,1.0074624405576964,-1.0047675542072245,0.41774761498686835,1.378554933942053,1
0.11826255383907625,0.5159992653066726,0.5107058368402437,-0.5969669393182655,0.04534908968567158,0
-1.7713804997096112,-0.0037243736349037953,-1.293059561824222,0.019246334499151647,-1.79601651021386,0
1.1952361774362785,0.5938243801555461,-0.49835559584157657,-0.7835486132876543,-0.856778193543845,0
0.5564352658472327,-0.6136417710931478,-1.5632910495008523,-0.406030632149082,0.03857804233896787,1
0.4961918893805639,-1.911919670796338,0.9646832337609352,1.4849096096586178,0.6180962311629431,0
0.26676341131323916,-0.12993336523819743,0.3001663401938759,0.6704058747734061,-0.33672798678584387,0
-2.9269659346586354,-0.2879743767703117,0.4758294178762958,-1.4680172997266385,-0.12059470462453115,1
0.7530724233777257,-0.5888937342538243,0.47231241197400947,0.7004518329064863,-1.3833346843289465,0
0.7842012848525662,1.2567196891882488,0.05362050220139791,-0.05418210789315763,0.03973193288082085,0
-1.637891937399783,0.44441696274152914,-1.3513115296342462,-1.4941698899599694,0.5243791083495046,0
1.4745410694508652,0.5614638499906598,0.7502213512435112,0.6076315408011428,0.7597187626221483,0
0.000682213507788634,1.6426562597800574,-0.6704804659440031,0.1938390795140382,0.2191720146508442,0
-0.6849022814352893,0.5068472555833482,0.6062401996827181,-1.5554765691487626,0.26604966552448617,0
-1.2671982167600049,-0.8419882456892783,0.22917215066933158,0.26432432557787583,0.10146575131828295,0
-0.3194670830789649,-0.5105078603795553,0.171536021286377,2.6423459882348355,0.33072673614055453,0
-0.2717793001930875,0.07091322784596438,-0.3107193203223683,-0.4987565360244445,-0.6652089768627244,1
-0.21789684410811164,0.6417323290398588,2.9061804616162004,1.15256803094078,-0.006780291322417561,1
-1.2074210351432646,1.4317822431125002,-0.4505110276044579,0.9752621055328973,0.7813443545881368,0
-0.19762167293906702,-0.22834429198250147,0.7137369532764013,0.11427294658940998,1.3557495795783692,1
0.11432824574909088,1.453990689872062,0.4803456481378007,0.3985235537866253,-1.2939655872253935,0
2.1350797148479432,-1.9962864516355718,-0.3567371606579867,-0.23155420202087673,0.8301327639930437,0
0.5848647624826318,0.4100294981010779,0.922930099328336,-0.25589340391011306,0.8937619861767937,0
0.05708276681665338,1.1874384818945816,1.075106422703424,0.7551749895788198,-1.2153818288139806,0
0.4515443276341172,1.2962890846076827,-1.525695950962636,-2.028033685265987,0.13664139519774338,1
-1.3839812047596247,1.103014705082833,1.7933988276535084,-0.34888102080929184,-1.3458736529917508,0
0.8982962193150533,-0.7510197261479697,0.8310499622594588,1.0448417724053993,0.8464095404603211,0
0.47459617097722195,0.7786299442684954,0.2581200157820053,0.2529877607708795,1.2447849886433708,0
-0.3431483468899198,0.3449946266490994,-0.049231230197828414,-0.3140412517782138,-1.4408772225943656,0
0.8593692075707992,0.3429449129027151,-1.1578187289664346,0.147564857823162,1.4311182168143268,0
0.22822705125522771,0.7059260384281313,1.8408347269484455,1.223774384792689,0.6459977345843615,1
1.174228433819887,0.9133657500466833,-0.10030213367394655,-0.7129077810428227,0.31353409472329613,1
-0.4563603384798657,0.015138406322179453,0.0250254204800609,0.09160965850644837,-0.4287567458375478,0
-0.0066083977470561325,-0.05354330063084235,0.23192600111672912,-1.1788346564718564,-0.6446896778447724,0
0.19458435360386178,0.9497786133071366,1.5053862453208375,1.050695119073359,-0.7335719874980526,1
-0.21190004897369724,0.9911712496761551,-0.9059074605143357,-0.09135541197276673,0.36880701523516385,0
-0.7177475646366325,1.9652422169895856,1.4708055165330824,-1.514658616101682,1.4578264934107532,0
0.4383086632710373,0.4838840660235963,0.3375578434836267,-0.06919111351987242,0.25672100074227755,0
0.44779668823844093,-0.6259659248046527,-0.2583665897200149,2.635980540326789,0.04244041431111053,0
-0.2859322959159747,-2.5453835695366127,0.9920829142736746,-0.8098313668078088,1.9703099909052864,0
-1.6402555670429786,0.705354039852944,-0.08847317436897799,1.1553450295910852,-0.6009780860187016,0
-0.5230875165563935,-0.5229009495536658,2.041310746975361,-0.5472238598905947,0.5101916212381162,0
-0.11519441638668272,-2.2172416296439557,-0.09617194591920318,0.06768171038352483,-0.11888943802646715,0
-0.4439823170726464,1.3160163168077228,1.0460763413007788,-0.6360451263030269,-0.02524404646011743,0
0.5233879031581535,0.451057449066531,1.0730093468057469,-0.2353404860823187,0.3651192058637165,0
-0.799278620120567,1.2131808070331267,2.662914668203089,-0.8584697042033027,-0.26600267047473175,1
-2.614324344896296,0.4124135145491541,-0.3987177770859962,1.3889403845356842,1.328353648235618,0
-0.0012521616147230946,-1.910023749121885,1.0138793836401019,-1.3972770938757562,-1.212354677284486,0
0.6831536269956806,-0.805361711209864,-1.3603585894035155,0.8682486378620595,0.3413177771668185,1
-1.8331350610558104,-0.38001751306570236,0.4253422782023609,0.19075826611705263,0.2142247182343276,0
-1.4412430428704097,-0.18695156674069288,-0.35143263913973055,0.8631999678757208,-0.5401037375613426,0
0.3106282142782281,-0.587432438666795,-1.020554876788939,0.5107541790840759,0.5831172176540649,0
0.17247005411662444,1.3616014568257129,1.1529451474055992,-0.5064979364663227,-0.6475051480597265,1
1.1049326423220833,-0.8976106620676841,1.245204292141733,-0.091319627075578,-0.26880295054476544,0
1.6520435334629937,1.2833469444741148,0.5544424110613333,0.8094632832815194,0.14451689666043435,1
-1.1082243263001403,-2.2392543853083007,0.8956288922069218,-1.1787026615792129,1.0501837534649638,1
-1.4002542892245988,-0.13445889819391202,-0.7440554992589332,0.7000763240774353,-0.18955590317773593,0
-0.4026963900579552,0.38517495791040335,-0.26689717282710673,0.34323171293238913,0.38389134606687797,0
0.33531718855714854,0.30591637862044674,1.258965652446732,-1.5523056843249792,-0.14507029344109496,0
0.6218113955374285,1.2185545106079827,-1.075404103746107,0.3387398128742431,-1.1492782319904535,1
0.9292051226603365,1.6024850424010812,-0.6718662783289839,-0.20233509507731995,0.25714412394149766,0
0.21059333540608544,-0.5864501751622464,-1.6839494295812076,0.1842086638760247,-0.24773828205180612,1
0.7532926589001137,-0.18979939005534618,-0.3719223928979842,1.488707688098061,1.6232405191904447,0
-0.08907724973303466,0.5752703938769929,-1.0103135974260309,-0.8939261014745706,-0.5021417732587673,0
-0.26834989801898934,0.8455817641304431,-1.1997172555879274,-0.3698081031140087,-0.9144474148174189,0
0.9618555378244785,-0.35860579306585705,2.289145485623332,0.8198270064216296,-0.11921500648856137,1
-1.4297354107059923,-0.983284120843128,1.65080247958994,0.005521068686431979,-0.09826099605523408,0
0.9580449392813402,1.3018670322251038,0.803282191914441,0.1128833081409833,-1.40077931018839,1
-1.8799219908178395,-0.23883944928059894,-0.5219232000312798,-0.34618189395321003,1.4300298496928483,0
2.0741349149020176,-0.5465769396721648,0.24184124632211135,-1.2016233141324677,0.33070928470293337,0
1.6050802279196343,-0.8024870482279882,1.0130534998194076,0.5554322854126236,1.1658551032803819,0
0.9631815254127715,-0.6695194307305263,0.8915370335710449,0.8879023339328778,-1.7539832533296933,0
-0.2695267545053268,-0.15952455299633067,-1.8927039848033815,0.47357738159800505,0.28960987217648204,0
2.7074124145915888,-1.1675324552054072,1.5414942103766383,-1.2286706843538284,0.04915455435012435,0
-0.008734692147796767,-1.6225425722030158,-0.21573096146651555,0.26887387245869554,1.347994181695801,0
-0.751721806853827,0.44955054707390135,0.4452912192780201,0.0668517914542359,-0.8324156637105652,0
1.0357458021644392,1.5708818328639333,-1.3387135306310953,-0.677508763567682,-0.010603542163953997,0
0.06232547314315002,-0.5036203673328864,0.2635630358359717,-0.4901896409421719,-0.19823666218810995,0
-1.471342327277588,0.946484264087956,-0.8781251454538365,-1.0378486417017923,0.1439840797262094,0
-0.2680835001522249,1.1864514041438372,1.1858391259368393,-0.5438126459497991,-0.22918250968387116,1
1.678987201257547,-0.16491540625715032,0.9288913942398889,0.20955850116274882,0.7698572419178668,0
-1.3139643755023924,0.24241054764168835,0.14216393007430744,-1.6225422989542966,-0.6445496709029714,0
1.8459294109946955,-0.424145173966398,1.5919268647681502,-0.5132432228667767,-0.23750554541732882,0
0.6454718310163272,-0.9439894220312814,-0.15693859889966058,-0.048522698247430135,-0.9543627558117435,0
0.0592144567584249,0.40097165091144016,-1.5283863891252376,1.4557844193176446,0.6361720466809152,1
-0.17550548657042164,-0.037876449857599234,-0.11739626462147726,-2.351980450430759,0.20520770117690407,0
-0.7969474449613411,1.1059600615572147,-1.670918849052487,1.2353249751299185,0.2904767438004084,1
1.1564609490861915,0.22843970180624795,1.4156013521926563,-0.3093961554248499,0.8295966801137469,1
0.2743813701396576,-0.6729395151338566,-1.1440626053164815,-0.040397213556579686,1.4414807836732817,0
-2.2775432165485237,-0.767070026668662,0.4552933246652999,0.9931334000492996,0.3416782841160762,0
1.207918497543711,2.5147754082078904,1.4895731671816228,-0.0005878090530792896,-0.8074719829861109,1
-0.35316501760711283,-1.8213895917325453,1.6065023660272655,-0.20734266868487405,-0.13959236451396462,0
-0.12765427770723745,-1.4798022439173106,0.4453385354609752,-1.2618556412881097,-1.5630049298043551,0
-1.6355751351963221,-1.1382021468694894,0.9695903213688977,-0.7911091405343559,-0.5873807887852227,0
-0.060626638020470545,-0.8723922819738025,0.11387722073266125,0.0006229856580507088,1.0361096075775538,0
-1.6092337109464738,-0.7164988676008405,0.9689180128241581,-1.5796882986518452,-0.32124485791373125,1
0.587195578321167,1.798381463705063,-1.8037670803080699,-1.1047651548699868,-0.2247586573294256,0
1.4349904359511372,-1.3941074563806457,-0.9126046903390219,0.2018674915590276,-1.0429772423018033,0
1.3289572946267674,0.9574998292588786,-1.0560162922859286,0.1890304853166568,-0.31830101695382884,0
0.7878267294396977,-0.009956466529786408,0.24641975775056463,0.5269292438783125,0.22953466797354835,0
0.3414478244242362,-1.049099709499666,0.14470643709345973,1.8104275745313358,-2.1081924658102427,0
0.19422252385453484,-1.484456449321158,0.36757708039467846,1.0146045961054664,0.6797665466888145,0
0.0066279449971519,0.2277252939087557,0.5391305747897277,0.23481533399846247,0.3910121372990753,0
-1.1759836297890938,-0.9987806323880102,-0.8209178691799974,0.019757309329361192,0.08148410665936529,0
0.00861879358100419,0.26994116983551747,-0.10247384471589885,1.9503300658079736,-0.09371132381949411,0
0.44133794150739236,-0.9699747669339257,-0.07323334769293376,1.03821626744775,-0.5281957486774675,0
0.7222735071599603,1.7546887631640187,-0.9336407150674584,-1.5611614073679123,0.40947135890846487,0
-0.9338861902341382,0.8092796668891356,-0.44388997200964747,0.9917035911150982,0.8845971286725711,0
0.2216549724708827,-0.2184927347159706,1.679805456117359,-1.4058139899291726,-0.9224779999098824,0
-0.00421752534809275,0.6382652894855342,-1.062445927589157,0.2893350822997082,0.800685921114452,0
-0.662252635448339,1.262703326217133,0.9474902932662507,0.33171865177705884,0.15058925297418252,0
0.9521095707841284,-0.8955974650471907,0.708051019969512,1.6289298452026626,-0.7147701634520924,0
0.06529511984358399,-0.43781758695831896,-0.7433918975306846,-0.5026754516130609,0.3693821484544567,0
1.793240487360748,0.09359485217140015,1.5839512954934831,0.2598585237629294,-1.2352510864728898,1
1.0352658294853514,0.46634706647839835,-1.6572184712780405,-1.1720828930964204,-0.5842237875599264,1
-0.4505995987498079,-0.7694030499540139,-1.2825671433704033,0.009126586351302354,-0.6343008422778208,0
0.6278552516789888,-0.960242463475156,-0.36626833250877217,-2.0421117153864676,0.39141668051373957,0
0.042042033724215194,0.3953038363349766,-1.8402034246838388,1.6793568038471844,-0.6198822502749584,1
0.18308679549365575,0.306607550634568,0.5984697420948039,0.7549023139774281,0.5895335500338139,0
-0.5039728758742348,-0.1435368235058706,1.556429088872883,-0.26824357853927205,0.35701466458363207,0
-0.6668497452704594,-0.24970695491307993,-0.2229644574743193,0.8065829209886201,1.4085244403398018,0
1.5241967504924023,-0.694123013532477,-0.771959592081671,-0.7070972407885464,0.2307719886926385,0
-1.2727776856615367,3.111941361912466,-0.1343563754921811,0.9120238751060677,-1.0165685017779296,0
-1.8751450162405112,-0.11693323702020661,-0.5171731272081713,0.6204779376976153,1.924328016599223,0
-1.3249961464746474,-0.11394657997942344,0.38698613861081343,-0.42942330261653205,2.2029600569173438,0
-0.22617645027778893,1.0041626613657866,-0.4693945176341188,0.010189185664823387,-2.7586328872943464,0
-0.40700441650243346,1.6567248275442916,0.05410659933411196,-1.8883529899074178,-1.3262695759122478,0
-0.5328016682630772,1.0536852023437173,0.7129439554339938,0.8511639032704806,0.6455427853649155,1
-1.0437159727796403,-0.4257065696637747,0.3908372308337674,-0.1735120169586653,0.3550857995087639,0
-0.7859306383888273,-0.8302359242316152,1.6255471218377346,-1.222646181690664,-0.933909693462456,0
0.912562797334557,-0.15939896476956958,0.1463283906261009,1.5569125572583469,2.301572721803077,0
-0.9599238771540266,1.427586239714345,-0.7722236284770368,0.5994690728091253,-1.0681884583241614,0
-0.5821489811366286,0.2362675186381129,0.6138978547980191,-0.6259930203507115,1.1941616462312201,0
1.0103007543868248,-0.8866533614448715,1.1184127320597,1.369592313131456,-1.1925449856050256,1
1.9106433539064394,0.56610641735201,0.5714620289822078,0.5347518654326852,-0.22821851883313862,0
1.1147742030879253,-1.0273251863199073,-2.3688245639211543,-0.7860164078991927,-0.7302543301579746,1
-1.146975006648441,0.09326610278256621,0.1218200115903808,0.6826251179593391,-1.256804341176161,0
2.065121752138712,-0.011732834153587264,0.4218639886970861,1.4929910764437289,-1.4720693717602138,0
-0.5850526025117126,-1.58560996430319,1.467244763152185,-0.5196811093439798,0.012220430519948384,0
0.5712365159799034,0.8580901887776808,-0.09838964347179523,-0.6669588742479692,0.8929317204817004,0
-0.33377545765434774,-0.6644886481728348,1.3146004216285427,-0.975267375357374,-0.09461198767968405,0
0.2975822126424662,-0.6971672484570332,-0.6770353085192943,1.850360342087898,0.3407453614197355,0
-0.42896275464263184,-0.9744598163615522,0.2964285352089248,-0.6904539428983051,-1.2642883660594946,0
1.8941154394164248,-0.6518771664163521,-1.2537245736029252,-2.006012572897968,-0.7505643997383762,0
-1.2601960240512675,-0.41339753948447255,0.10912851170702631,-0.3706047943297716,-0.03865698204382495,0
-1.0195346579971176,0.64403551422937,0.06529360538773427,0.2655699896355701,0.7386516240363659,0
-1.5313808293352211,-0.7939288580729451,-2.5417211202945453,0.19666693002653662,0.38087161025349403,0
-0.02692924522934914,-0.9733766087866453,-0.36527044090193156,1.665271729494771,1.8123432266038453,0
-0.9243918760243035,0.8690329703716194,0.5579064742131823,1.2830328344919357,-0.06837864404266915,0
0.06414830037202698,-0.4136875567366693,-0.13485866507646416,0.2787875003815767,-0.7981254012081412,0
0.6653889364678918,-0.8271906028902966,0.3538471480394916,-1.9800766744988647,-0.7656536068714109,0
0.22742031499018414,1.0759017392127692,1.0131364517753447,0.7009382416273127,-1.2029317184412989,0
-0.6344768595958148,0.22028355375485553,0.10932627583226136,-1.6201970287475953,-1.4462779543375923,0
-1.953177477107138,-0.4461079334651324,-1.0158312065298907,-0.8352468294616905,-1.4444555545594748,0
-0.5881854571429459,-0.3566005790227532,0.2112241907316928,-0.04149232371907541,0.6664466591931979,0
0.41644342259411443,0.23932490075199833,-0.44834094925338736,-0.3456391555206039,0.8263950876335896,1
-0.33963546117861093,1.3606129630166086,0.02694470188069133,-0.43857762163229663,-0.7863415906588778,0
-1.5249205832966002,0.4192873356012334,0.1471758057816158,-0.6677142359313325,1.3596356597660595,0
-1.2721229355264179,1.3488621971729415,0.3291101578086137,0.8881580289477444,-1.221709419934572,0
-0.9831213298287458,-1.665838674776637,0.07438901745327864,-2.0640518977059337,0.9918492311593451,0
-0.6381889154748743,-1.685689471928663,-1.496684603227501,0.9512697907712249,-1.7702997714724165,0
0.8293653114780187,0.2502259450379564,-0.0013487609357740154,-0.469825654292737,1.104531234136281,0
0.11737963486560081,-1.3146759876704848,0.09945140564570648,0.9556026566422057,0.24168225040380964,0
0.024517183295368103,0.9112619967606943,1.8929522974114779,1.095664277223594,0.028133484529504416,1
-0.6933702804969262,1.514874604927797,-1.1933575815159758,-1.2333034996867742,-0.23163333224325494,1
0.33695405373843834,0.21734352822680886,0.22081302598506616,-0.03363256357137662,-0.904243499980554,0
-1.2534226961173112,0.05353390752031425,-1.4390358228579032,0.5765028089979229,1.0193803809281008,1
1.667344897720368,-1.2232119656920681,-0.7241880170403591,-0.11598176517231899,-0.5179930151603978,0
0.6507918559717132,0.2999824643394118,-2.2845845157955282,1.082982901540286,0.04973243402279664,1
-0.9164154577200824,-0.688915202227973,-1.6142718708287092,-1.350565416448565,0.4302177671340997,1
-0.40922336954697514,1.1059613063629221,0.3607363938729192,0.909037617133488,0.01102279752081208,0
-1.7167444845497641,0.5739396757377535,0.341654555980974,0.556949168728044,-0.4104900951057505,0
1.6096498961237695,-0.624268544774097,0.6711866183927464,1.4368328022875636,0.9384293129442804,0
0.6651055859580937,-0.39853834862325677,-0.9488164917526348,0.46089775581872194,-0.13471154311258726,0
-1.3635832467769413,-0.42741974190223636,2.1007052846756933,-0.8551657299915488,0.8176027437122575,1
0.46122925205990234,0.9262626938945406,0.6770677204147909,0.194659991145823,-0.5907044619024612,0
-0.15992897435814943,-1.976103574337035,0.9956405255679283,-0.7027693479723066,0.023988659936290173,0
2.146872267671915,-0.03533932022852627,0.016694121086433457,-0.22049769596393579,-0.2753944264227759,0
-1.1228105454560489,-0.06286148645984528,0.1792743891314369,0.8471150061399648,-1.7346796354865517,0
-0.571745676762936,-0.4703564826426228,1.514377606333443,0.20523065844938007,-0.7011427328872907,0
-0.12632582797706324,0.9739059800632701,-0.4702335070644179,0.12810693435310627,-0.9237147294865146,0
-0.44885018666296383,1.3086734815876815,-0.7849394394832041,-2.11990370709075,1.78470289655797,0
-1.273882478322091,1.1531228846935233,0.23369363419571856,-1.5553715655143106,-1.244160167444126,0
0.40444627435666547,-1.8907613707114788,1.914884176559502,0.40528912771026604,0.026422248284661946,0
-0.08375867567500517,0.7512552197341436,0.09291049979665261,2.9731974156588974,0.2841621573096978,0
-0.27428935256061604,0.7527861017313053,0.25050891718175683,-1.2017073736213113,1.3086374435312749,0
-0.5910003649494733,-0.3848520557045778,-0.3321241714028746,1.2952882170631448,1.5284715123975328,0
-1.01949260060654,-0.046629222136381765,-2.0111138730062343,0.4565955795342362,-1.5076953214384772,0
0.7321985749595719,1.2962228628140124,-0.22604720126557662,-0.4621550269912643,-0.08025404863682414,0
-1.288162187226307,1.5936422482435306,1.0341464624739618,0.2129561727818054,0.44489849502503725,1
-1.884046480468172,-0.7233901597338456,1.350073300783914,-0.6086186721556716,-0.6428092426142661,0
-0.4197279234305476,-0.05691076791496,1.0560549726307082,0.3394572276369483,-0.3459985175610041,0
-0.3272543157843564,-0.7708265750565841,1.7240415663205375,0.3254635424501528,0.699048566857799,1
0.7365471401283952,-2.123247738506144,-0.6997478959788067,0.5133839428503703,-0.5135256980884851,0
0.6421187671552717,0.3086357735222714,-1.0962981098306854,0.102675325188558,1.9452948487787782,0
-0.08705323427427973,-0.5492416771098823,0.12235048536400492,-0.8669948701463746,-0.6897471189291351,0
0.5656216416981167,0.49891829645026997,0.774642290082049,-2.030338390490854,0.4299008533578546,0
0.07028607697495255,0.3089797332345446,-0.6045566386249878,0.4235451157808448,0.2613143020361096,0
-1.2135430725712104,1.4583332229055137,-1.203725910477447,0.007563658974262959,-0.6998299547763706,0
-0.48969390475805336,0.3399840951688806,0.4521101236617773,1.5624879884502518,1.2907044622275914,0
-0.22808746174773353,-1.930010796558234,-0.729565934592309,-1.1581363788820753,0.25517786500952433,0
0.7306849867629115,-0.7783822448547576,-0.858743807003949,1.5425607085741175,0.9274953732849041,0
-0.12068941100118058,-0.3153973248329296,1.9397788598085006,-1.3330587697245513,-0.48746105381503385,1
-1.0767396529804214,0.4909445635460474,0.4106074731462126,0.4707480057085936,-0.6872527355785334,0
-0.30822574185733187,-1.5533324784723967,-0.6608177652709082,-0.7247901383281036,-0.9861708639731457,0
0.2551757585254886,-0.2687705869504327,-0.22704408665054948,1.2290444578616073,-0.1714425830080838,0
-0.37780944025419066,0.7478231068301379,0.009694999212815789,1.1452916931350967,0.14045622732590643,0
1.4152693009769988,1.4784585794122547,1.8068652177577669,-1.171113618166473,-0.08104662692199793,1
-1.3891530897758624,0.5415428870621404,2.4674980985711725,-1.4118080091272065,0.4479465216488627,1
-0.3000916893623582,0.11295400649663044,-0.5719107656292638,1.765824425410102,-1.8702845377143056,0
1.5525346676863687,-0.8861690944606773,-0.5246834676849622,0.7571132855365008,-1.1508428554151822,0
1.822397574091354,-1.2474559744877454,-1.1015104176526511,-0.04649352458183713,1.9033469339312803,1
-1.7730350939855264,0.8714325738511056,-0.43194697709917557,-0.7491400061791019,-1.2099773475325681,0
-0.6598855194812052,-0.2768945718858892,-0.8484321759476144,0.5181747494925473,1.5317161078547832,0
0.5414864369561126,0.9997322916574295,0.7540400652141587,-0.3629519192337268,-1.0092357185425809,0
-0.7270447710331986,-0.2156977254511801,-0.3644999018696293,-0.08163949427445587,0.5769917036095584,0
0.3951447387370471,-0.8228866484099302,-1.0231419269449906,0.616950471330481,0.1560610442324986,0
0.03111274320472081,0.3693814278921372,-0.0739694527397446,0.46637261135783253,0.07834679100237887,0
0.9259434041146122,-0.02957166484591747,1.1410030162573515,-2.236362397746228,-0.4600225633861694,0
0.6970794453267434,0.06464082270721207,-0.29234597366418963,-0.08819553605099464,0.10920346186321608,0
-0.9767291531124993,0.07330785613178205,0.08494629781338055,-1.4618814114314806,0.5962543160451061,1
-0.19045583147621956,0.49841045141535206,-1.293866298246435,-0.2614683435902195,0.2405614919715739,0
0.49837240106500297,-0.6297008570022368,-2.297570543703663,1.0985575576512643,-1.8311581335664873,1
1.3891532584538309,-1.0387901352087914,-0.29084036129172125,0.5053521649034773,-0.9383019753629029,0
0.8012677781524987,-1.31760523029999,0.642368394250231,0.5743738472073884,0.9194133537313074,1
-0.5118000483311917,-1.1305314574685905,0.18434432451085964,0.4877624214601626,-0.0026198027233653573,0
-0.19386802453746227,2.1222126344061656,1.4429109598247114,-0.13689460488024052,-0.8528084188454532,0
0.2481169122254596,0.887723598331346,1.1381389648875402,-1.032061561307221,-0.1853509048846756,0
1.2168549816820344,-0.9196178536759542,-2.1318667715119193,-0.024063449986094332,0.8703450828683176,1
-0.36787736036346314,-1.6474889827439427,-0.6829349310362703,0.2764498922926678,-0.25904429078327207,0
-0.46557503703889985,-2.6728633431179563,1.4984844686665575,1.1903144557705287,-0.5939036806790268,1
-1.4317777321350533,-0.8094215392984949,-0.7405506845486369,0.4351469526581435,1.359349949708805,0
0.1408754513751521,0.345727350027441,-1.0692504582655324,-1.8247440901703231,-0.8871972944872932,0
1.5645494310027261,-0.9049952141339036,-0.15455848703087985,0.2647651486434994,-0.6402661593835501,0
0.5808580353235878,0.6992664699180078,-0.03268198002846942,0.5343299617759241,1.171000760244985,1
-0.23492188766377542,-0.14623588430575155,-0.6885476568186718,-0.5360458789355863,-1.068139885776883,0
0.06754667390151575,0.17749905853876718,-0.021475036079628123,-0.08972977404370062,-0.692529573110182,0
-0.09421941771815007,0.5280295576105831,0.5190695163891037,-0.06153652188629152,0.0012510793319045295,0
0.5596043264959764,0.36874366385064694,0.9033762338115835,-1.2192955789300934,-1.0600297735839892,0
-1.1027017605944354,-1.3795736512424648,-0.7095881294627014,-0.43060563606383306,2.2521912939998696,0
-1.5489625653086665,0.2294252566494989,-0.913440297065755,0.7662919403431282,3.1401834522226695,0
1.4541621334721164,-1.620340960257663,-0.3779767283575521,-0.4644751610383558,0.9145182448780762,0
-1.1713327037508228,0.16275443621923236,-0.6394322045508086,2.4707421708167097,0.9792276172126337,0
0.061694246931606384,-1.6290923193001772,-0.5247217125135049,-0.18165579840901258,0.6206668143229488,0
-0.4950527676980682,0.6680791339785691,1.665937868381223,-2.13226252640631,-0.6248595485177377,0
1.3197560512668045,-0.7567972194093959,0.050877166595238686,0.5916983937824583,-1.1991792084921489,0
-0.0671139029663266,-0.9127018756436297,-1.1653152946706065,1.4528185235528315,-0.22572811389599134,0
0.44514881764978437,0.03773409630954318,1.0207688932459928,-1.3855905675300852,-0.10330901065927203,0
0.18220695533177153,-0.054530043699248326,0.11868405933244328,-0.05062876830510177,0.7937461064004329,0
-0.534031673674185,-0.3330728038370518,-0.3177643998196148,0.24413605080510487,-0.7125768741145155,1
-0.479295715261895,1.3181602118679452,-0.5752242556225707,1.4064096062146603,0.3816671509219178,0
-0.9332427388393948,0.15530171974602922,-1.7474166378548912,3.3832522602519584,1.4906647506573198,0
0.2821930322846256,-0.8615263371205172,0.44069514359838613,1.1036141338954186,-2.077125117684017,0
1.2829578933635537,1.0723156799296878,1.2329571301845446,0.7217034707294928,-0.13604578437127576,1
0.7656535474560433,0.6050637423844618,-1.3159760315320366,2.097496334200765,-0.8240783712994791,0
0.8197330071543442,-0.47380908836224717,0.4616654347421958,-0.9401513362185445,-1.1307363125098715,1
-0.8063007217728859,0.31235819970432066,1.4354315436862526,0.544889462134144,0.3112171505023572,0
-0.6158828115888365,-0.8214138061767585,-0.8305035903684677,-0.8612872363025059,-1.7179702524013698,0
2.0131820482618528,0.7953260039422902,-0.6906528112882948,2.042614743541259,0.5343066182045618,0
-0.9669043900884332,0.7126336394148811,-0.2727647469111589,-0.7503500917176995,0.73101483010821,0
-0.1545945417107757,0.9919604015862272,-1.152075411589451,1.0604239398036173,0.5908259685812758,1
-0.3614367124023553,-0.8315338025906005,1.0175455827582964,0.30865530302747984,1.9496372128051147,0
1.256872189029937,0.673181239260276,0.6265992004885105,2.4830249199136425,-0.3284843916489362,0
-2.077238020510047,-0.7219752679225326,-0.7885076431189691,-0.3220579089934889,1.7845597418562484,0
1.0272653531048919,-0.3807715658681898,-1.0079136897658327,0.4289599008760312,-0.15664548268601455,0
0.3758701480839132,-0.9254718473270594,-0.9592624356240478,1.1624907293642415,-1.9508774075163258,0
0.4240936132429684,1.007467979128274,0.3246090506418383,1.0798784836627398,-0.7871731641646396,0
0.8842101600154381,0.7254524721471861,0.3270914238000466,-0.46528952555794845,0.03917324851540663,0
-1.0686730559247575,0.9431753079149222,1.3485438068202824,0.347915854840118,0.6753987778132433,0
0.3516126034525145,-1.4548511284841903,-3.4330542013154512,-1.0073451894473315,1.6221310212070956,1
-0.49958784929428607,-1.5733965064117423,-1.6350723848592497,-1.3619851603762854,0.5841082810530034,1
-0.32764702355890235,-0.28890434543927634,1.0065850216639949,1.067559001678539,1.3702345511587848,1
1.3614639827265869,0.1506021093192604,-1.0580078845163652,0.3491845064003431,-0.7330259771785349,0
-0.23161716024225856,-2.5587470347689285,0.17728005970480543,-2.0844560178502625,0.06795495760493249,0
0.9062577419050704,-1.962105287651163,-0.006335160005445516,-0.725945744342505,-0.33866002751853663,0
-0.2938820025767967,-0.17955937907913852,1.7503679475730824,0.08771994011459482,1.2290570805429182,1
-0.815243864746963,-1.0989797317303527,0.43915667135438335,-1.9132570861787688,0.8058737136765451,0
-0.28506509780175493,-0.004252305555434287,-0.4066888369610244,-0.19204974643394793,-0.6895722989154305,0
1.3715931439477935,-0.37055761585827146,-1.1014191353787812,1.4002280197041639,-0.44567314765860055,0
1.26580572208615,1.5415057372604526,-0.25517541994771253,-0.17823671156098872,0.6828330028334726,0
-0.7398822862814652,0.3503441542918715,-0.27878903430455687,0.5910328151806511,0.5867639576369293,1
-0.2493206192773916,-0.32987332534068553,-0.21211265779948382,0.40875109415044975,-1.4675302718627872,0
0.012948670228689195,-0.2842511203331543,1.6479754081679143,-0.2667683824001943,-0.8779424829728777,0
-0.23394243201949547,-0.9863225122667977,-1.2465959615831488,1.7852383685762074,0.29476385319464404,0
-0.9398583662208387,-0.6190890311725961,-1.1167746585237757,-1.0161779993681073,-1.1196549268445153,1
-0.5118836385775554,0.13595185242625898,1.1681472127496169,1.341851083126605,0.4056392312584036,0
0.95413323339215,-2.116991763609146,-0.20973850628645127,-1.3963101275545748,1.3696079759503825,0
0.07928592948687482,-0.23408584253393191,1.0405180459098393,-0.5159663357818307,0.5941762990290217,1
0.4196099711099865,0.5103167261807848,-0.0526110737886519,-1.2344929220248608,1.8977065985350083,0
0.604656376214343,-0.7035978637622837,-1.2854713946740375,0.8020404120335533,1.370932591326273,0
0.19579440185521751,0.9937894312619975,0.557839786565462,-1.0516258657448319,0.07750071376378405,0
-0.19437025919616366,0.17200552367740138,-1.9805638059302386,-0.20905780036143234,0.7884079980581351,1
-0.23535445417864656,-0.6339442298538235,0.8036896085957536,1.0322938425629207,-0.8216054285232242,0
0.20315155254841455,0.8720069812487725,0.10596011264343252,-0.20809084909885184,0.18687101998110361,0
0.5874094658956555,0.18570905128353038,0.024120614819911613,0.16076104818091905,-0.3190759635726817,0
-0.6930665478182485,2.053053869789215,0.09499631541097904,0.4766717795808308,1.2897366663562186,0
-0.4054711271164062,-0.7241479156501837,1.5584044789262947,1.64990527424286,0.3980436022309329,0
-0.09470274895291385,0.38775122681886187,0.7146633200029769,-0.7677167635096138,-1.3852031515360657,0
0.8685389562634324,1.7797184133227013,-0.13676962768631382,-1.4195417329946722,-0.7344241798512745,0
-0.12969624720201145,-1.430825169593452,-0.6913956562022768,-1.5743477910139105,-1.6605577849936082,0
0.1561412662971629,1.1943137752417217,0.32854156317790256,1.3316174032900574,2.9729120171655476,1
0.8561290049661585,0.047110979502741866,-1.687439909105652,-0.23673760860313872,-0.33729824833042255,0
0.7537285353112492,1.570185098728866,-0.6984892014113595,-0.12654587376442192,-1.4518426648523115,0
0.19175017976732467,-2.1777440203156977,-1.017530632984015,-0.12264787923739406,0.1088345292055897,0
2.2940237464923796,1.3078084352946067,1.3450499538281404,-0.9458435096841475,0.5090754757356881,1
0.312247710832351,-0.8951250640199447,-0.46249151542765055,0.2571847456523344,0.32754272205936746,1
1.9280100482704676,0.836976363460561,0.0875529199858088,-1.0820105952087506,0.2870283788174199,1
0.32809850568406246,0.07332744205612134,-1.0086349118749083,-1.029730937491336,1.035780897007782,1
-0.35325493280064224,-1.9885828701362547,-1.1940661856697405,-0.9416140341193778,-0.11295792110134376,0
-0.2210229653874112,1.5062101130555838,-0.7168474140572338,-0.7184598903945443,-2.1271423722652734,0
-1.9009345292173019,-0.0503239027245893,-0.27011846374538123,-0.4286075329957763,-0.2795186749607203,0
-0.14741383965466698,-0.9659411350053205,1.4674134445024094,-0.18201326268495213,1.7160983970904014,0
0.847397849914271,-0.4213145882906892,-1.1376196618728205,-0.518084192143912,-0.11472348935238895,0
-2.569953862093187,0.5963360120933712,-0.7659388727195141,-1.7254490288716025,0.062221389919809834,0
-2.3747546568977245,0.07116448587935799,1.8069426369239776,0.04173826213875897,-1.1525125507024898,1
0.9687799495059937,1.0621520924207493,-0.9638155044143174,0.717258426249455,-0.8743882404744057,0
-1.605321943123412,-0.2106750312677065,0.9799571139598208,0.09852349160824572,0.36751291820332327,0
1.226585339222724,1.315509548190614,-0.5237789403014739,1.0805160076483697,1.4607138716768286,1
-1.215921043334,0.2024073147399011,-0.14167997768906712,-0.5997666801461637,-0.04972720724046141,0
0.45505953280674555,-0.9680736659770717,1.069625718982069,-0.14450803205528154,-0.1602516233651027,0
0.973681793178103,-1.4337252855456322,-0.7499929065810665,1.5134600135933067,-0.31671391516733277,0
-0.09672514322330776,0.8071173532932974,0.4988646204429187,-1.2550161391753663,-0.5338689932297281,0
-0.23563684347368574,-0.3687776791908062,0.8245111848205823,-0.8517363133351483,0.1427458676582775,0
0.56289002457116,-0.7655304495547136,0.1955475384905099,-0.6153759348544156,1.7596717111650044,0
0.59140198848292,0.9695756058946451,1.070981693391138,1.4609435990879598,-0.5325221615486299,1
1.7787535084383137,0.11565879537098807,-1.2311178824949163,-0.17138307735217595,0.581061568173776,1
-0.05789783330800514,-1.9307458157296116,-0.2592428880363927,-1.2561640530069706,0.6316823446826568,0
0.6083122288306821,-0.2204537191650053,-0.5699372021016772,-0.08154851996521628,0.8302664763723617,0
-0.7945572055546134,1.5318641573286966,-0.4977136251242755,0.14058464789641653,0.3263090424285715,0
2.7776069610743583,-2.39434790539602,-0.5522019476404633,-0.3664904860745143,-1.3315487957729781,0
-0.0858520436620254,0.5314763533430671,0.1871816633372684,2.230858223555876,-0.17803828545236713,0
0.2844495002176312,0.007252253714101142,0.1505638739367141,-0.3098281207154884,-1.4774594972351205,0
0.3903387274648419,-0.4674747836878392,0.20049315510315294,0.38835659637155434,-0.3068165916400164,1
0.29696355228677745,0.28736635891975937,0.7120835941924418,1.6049232076938638,-0.4737219886470675,0
0.03979302296365176,-0.8193984078527877,-0.4561866008625989,-0.4208634175003027,-1.480470309870117,0
-0.7615574267001782,-0.9148432552273164,1.0934268372860934,0.8506816696934287,0.2639315250233716,0
1.2963287948236903,0.5735442564628828,0.9678924625687169,-0.15496273243289718,1.5634902718996038,0
-0.12508293799686596,-0.6166119196829132,-0.48959791900835875,0.18515261418161635,-0.14797780020204157,1
-0.11604169826095467,0.3752702784273301,1.569145600941816,-1.2987769524550334,1.1525572551625884,1
-0.17670742399047457,1.5059029542341469,1.3334895922308816,1.7654150841338037,1.0155289773833787,0
1.703697052183718,0.8851909286381576,1.602241857089501,-0.10906527880928503,-0.7242372699924609,1
1.1490150879422432,-0.5855807968114229,-0.5360549232501475,1.3471825542284914,2.284846240890044,0
1.1737420398394824,0.06316495358405942,0.8062300245742348,-0.2564748278563703,2.1963105115237815,1
-0.8842183896046786,0.7510756983702098,0.7581020021607805,0.011786491032197848,0.42296710592809394,1
1.0602487689809612,-0.40716070624900863,-0.05524842419757641,-1.007947476794767,-0.5872400882381561,0
0.3801439164209564,-0.16912489600920366,-0.5127339462112815,-1.0920569197535115,0.2818083141454939,0
1.3457898195254268,0.21036164134466823,0.9755054986092501,-1.1586019062893895,1.649394477940196,0
0.510112484449517,0.44874562093640336,-1.043161477537105,-0.29477934977940307,-1.2579212941810807,0
-1.5780100523610294,-0.40065542504134616,-1.7263115226733183,-1.2573866111478622,0.8106434381960904,0
0.20323162666745137,1.0704352550436014,0.42814067047813803,-0.33445458560898145,-1.9265558129127818,0
-0.7091600135168413,1.2958140935052085,-0.34872149979798506,0.4391111367171942,1.4519856854227144,0
-0.7823101122478713,1.217196050774719,1.5010102466780666,-0.6019573737704726,-0.19974321841899184,0
0.7259673863496702,0.8005875793660924,1.831159828766247,0.18802684126464608,1.531444661837778,0
-2.010724944384383,0.7694662151471084,0.12245861594108519,-0.39499452506588517,-1.1326858240737436,0
-1.036491318021387,1.0329189893999406,-0.774575513425469,-1.6283998787327627,-0.279283509376107,0
-0.30560634483455296,0.22258083589754388,1.437606412792524,-0.08050708490425687,-1.93838224445323,1
1.0567912192636693,1.0423331734576478,0.7634620311929619,0.3266106303341926,0.17392872683617094,1
0.20791607561382106,0.45001063710728767,-0.5015505252734668,1.1005216688693527,-1.0636263967876678,0
-1.2611685415146168,1.7858170510757747,1.5398292492744645,0.0467586436351376,0.2618058713626886,0
-0.7554262236853665,-0.7769910262846452,0.8552830505081265,0.2768330301189253,-0.607776546365078,0
0.14319640745338227,0.3004684594039852,-0.7818039317392415,0.042656068147215176,0.9805836618255765,0
-1.085774629014186,-0.02833298817552586,0.6399754409779211,-0.13670277444475099,0.1429530642962679,1
0.41183725380727404,0.5297391940665354,0.3413682084082663,-0.2913024563759502,-0.15344567831191397,0
-0.37110364235298265,0.21290390017159286,1.6015599102321327,-0.35485001002789,-1.7578430337161912,1
-1.2892865606730797,0.31227562232441713,-0.30141245694453456,0.8880392601950329,0.6443970909284986,0
-0.3751066017562637,0.37295194035775764,-1.7327367869480135,0.23018015610953432,-0.46934027094779773,0
0.0461633096176098,0.8661763345610397,0.710697730340464,1.1731907848106076,-0.03971077369565782,0
0.4449908632198647,-1.084949469977112,0.9901420948112074,1.4255374154823375,0.446495996332333,0
1.0309854438900228,-0.05811384279647397,0.7784645790815508,1.1485020965885124,-1.596170127928953,0
-0.5565734220477736,-0.32497192938876646,-0.22854893124954112,1.6399376590972772,0.3948478979272352,0
0.1295414352135744,1.3924315868961492,-2.416344579282809,1.6151659933067732,0.07986548402470624,1
0.14165096459289475,0.461887340166507,-0.6035070525206643,-0.8780749923353,-0.057769728486049464,0
0.10038121081144909,0.473067022274617,-0.5035200269220362,-0.7974219962980654,0.34274259161901705,0
0.5798732594797098,-1.1243277115838566,-1.1653507601891662,-1.0137288618598501,-1.2533110516875459,0
-0.31659370860987307,-0.8806368095937069,0.26286730324647023,0.18769197033157828,0.9701580716920357,0
-0.26255535859999324,0.41791562824368506,0.12231395168065656,0.8824017198067385,-0.4924699299924514,0
0.24527397837736642,0.01941847645822002,-0.18009191951862727,2.4110269142055776,1.2325393632809607,0
0.3404128527350757,1.493780025615831,-0.2506302185629157,0.753803775174712,1.2130556792046483,0
-0.7960303348965486,-0.3208164058902636,-0.3454582894339885,-2.099936195865358,-1.3759456340488174,0
-0.8024837194430001,0.7879904456571821,0.9304825257722151,0.4184787215582619,-2.170578350274345,0
-1.5457699663899578,1.1180542661666983,0.35230742281687916,-0.31949432909527925,2.2286513716402654,1
0.026787527990995656,0.2429081097177987,0.31984211132427237,-1.1488484900975995,-0.13008296164163005,0
1.2002898134088689,-0.22738234711750951,1.8966343355019086,1.135972357482015,0.09889566575633633,1
0.9461897873681254,0.6982150625679119,-0.6424062711431199,-1.1647075592203222,-0.4487293162094531,0
-0.06770161191093131,-0.8219341168544393,0.9332664220745346,-0.09351465468551327,0.528499002068026,0
-1.5228469135531777,0.8868707068723205,-0.8978553113286919,1.2603595472779519,-1.5956210891687097,0
-0.6325333469254844,0.918145422685889,-1.259346327493378,-1.0625650011506833,-0.5166961484496161,0
0.45995394281504276,0.0002109619443378256,-0.6447421503907818,-0.5840480797295851,0.707217830723716,0
0.19087820422638502,1.893390743994593,-0.2726035533748814,0.44996128347424574,-0.765904896939284,0
0.9810687411066248,0.5188466958873732,0.331970188305186,-1.1597332384798273,0.004820299557326633,1
-0.00028489881633448976,-0.5337965722573345,0.8295876222012153,1.1847191413195188,0.05770366103059732,0
0.17069114039163985,-0.18172892160040208,-0.7544675353769444,-1.1280497855055958,-0.15201375313706159,0
0.17401495180915666,0.42228556347741536,-0.4725162058511371,0.16028295209439128,0.3702395655740966,0
1.0633125151632585,-0.10007589914452283,-1.1252144700527948,2.0042563307073875,1.327705966853426,1
0.4519904490775405,-0.6436738170849267,-1.0765012225033783,-0.8009475808136334,0.40094682447448443,0
-1.131110464342238,0.4629913860713296,-0.8806155741627603,-0.21652460926614944,-1.0481796429470231,0
-1.1999229587000826,-0.9724296007741997,2.0340957294742497,0.3718815129544039,-0.19125184428123881,0
-0.6921875601011555,-1.1032181351676476,0.26051187505201134,0.5946042366732666,1.119018529036538,1
1.0620230324924327,-0.9349109356705587,0.4524702295894776,0.9497562973585714,-1.3698940458509004,0
-0.8704778312554045,0.19048882117717858,-1.657400473073612,-1.6444495101370167,-1.7570781205243453,0
0.9962023536957313,0.887721001174824,0.4926902742950494,0.09426971563760313,0.4838856091342708,0
-0.9643778168193562,1.4838071240900945,-0.4825527264772181,-1.3560457707227174,-0.6619571123893468,0
-0.24884956190362717,-0.22939398798760033,-1.0267737062240836,-2.2730853259426533,-0.8137153548922301,0
0.6364412649796429,-0.8713861636873361,-0.729179015521296,-0.4902948207727586,-0.06536082579569667,1
-0.015134055901523079,-0.044705752217376014,-0.31699645572906926,-0.6484038391622258,-0.3137345596088037,0
0.012405333971827078,-1.3501879593314867,1.0191851294496215,-0.9922137140605057,0.9257501328739602,0
-1.0567050246519758,0.45881049990877,-0.6102558919091797,0.3259126465530466,0.8519084993320905,0
-0.8599709689891514,0.14933045154124278,-0.38399141690342314,0.26756632262212954,0.39487386906857147,0
-0.31389545222571713,-0.6032002045711466,1.384659608458231,2.0614843620425605,-0.8146449201492031,0
0.5677552667832207,-0.95181933739881,-1.2624908595041358,-1.558682160815471,0.41369613604991573,0
1.225673802399143,-1.6425200890596348,0.6932787301431936,0.2036237252279981,1.0850966500427504,0
0.6648637928966656,-0.09902244645352556,2.299574602430677,-1.320421930398525,-0.7719529915183907,1
0.20988236622579287,0.4787608557179478,-0.20236406152912634,0.48064463131431956,1.1634160694682711,1
-1.5497189619437977,-3.2953352391513997,-0.5455191843942412,-0.2931961559561833,-0.5144431961095678,1
-0.9346289672450664,-1.162432546548803,0.2649940399990913,1.1656108666346867,-0.14615648214685756,0
0.4294204091809424,0.6443364466562114,-0.12980749485611334,0.19403739588378247,0.43064510277643786,0
-0.20290821316999813,-1.5702929136227686,2.3324335034230206,-0.868919026346824,-1.286041139330104,0
0.416610611136661,-0.1086455536641849,-0.19993254097378838,0.8785387450317932,0.5584967617759594,0
0.8481095499621609,2.0303841187946294,0.9932382456601837,0.511212249809806,0.2166535585606231,1
-0.6613463919401801,-0.022911938216123428,0.16618240119776875,1.1046016427335532,0.2937502879426499,0
-0.7580704916254309,-1.7635621974232905,-0.5083436355480931,0.6851346856326335,-0.42884273780908616,0
-0.5016504650197265,-0.4686658564694871,-1.1647953381583305,0.0921255071634659,-0.8014343595555987,0
1.2899994371820858,-0.618442953516018,0.21541042532537988,0.3796826488616108,-0.6643026792341943,0
1.4262941391974764,-0.5950855842132384,0.78623170471258,1.4910119329498044,0.6324381074289419,0
0.43652746321214064,-0.9820228039093104,-0.4185317906613661,1.9139908072224752,-0.48686146064117364,1
-0.8881326168054541,-0.018784955351582058,-1.018047128403815,0.37695323646441825,-1.5351414450415388,0
1.0373517746876852,-0.09044566745204838,0.708297563629193,-0.38704841061069234,-1.1409657255834171,0
-0.25240829870614323,-1.2776081604406297,0.0036724253117898834,-0.1222813375241747,1.604752626502186,0
-0.9273288575164678,-0.9452500720197853,-0.6901424032218655,0.17591211030389836,0.42125572188554294,0
-1.11087081202135,-0.9099433940306357,-0.17058189862315298,-1.336179552633537,0.5797941867448692,0
-0.6831269711729312,1.3726634670830522,-0.7157050993865642,-1.2086489087828143,-0.23480472783393339,0
-1.7528863809899338,0.7667861464336084,0.1215023710587149,1.0132628248735651,0.723793073444667,0
-0.6018320921663866,1.5585712816399333,0.7472599345373567,-0.5043393221368809,-0.08612512813835707,0
0.2096384471158714,1.763614022743612,1.3377891814007388,-0.2849466466779595,-1.7419078284781029,1
0.4044292538330393,1.8822156580067346,-0.17062325452158814,-0.6130589243877234,-0.3196922030370903,1
1.22272326828591,0.4868826617361753,0.6659010877037903,-0.44688500166315837,0.19991960466045525,0
-0.6200126059081472,-0.39164030632033325,0.3210362864539708,0.547075313901409,-1.2129775829878036,1
0.28825904108313904,0.11615728417399039,-0.0543470245842806,-0.4088092585792099,0.37994846529257736,0
-0.9392115850915123,-0.2176679188039423,1.1632264005491764,0.6957637632041713,0.1748714689383521,1
-0.45969906374635017,0.24215341437742316,-0.5418739809078224,-0.6911919103039535,-1.1613321517862742,0
0.18448503525273588,-0.6375125685955401,-0.5408992530282402,-0.14685905742485647,1.1025307649185447,0
-0.1039907363116295,-0.14073400083033594,1.3315921990309894,1.6259816882333011,-0.5410523672223193,0
2.481346659671346,0.7809536047522913,-1.3594110819940424,0.33173545595795717,-0.20453412773645885,1
0.9756808437678961,-0.29861358461244686,0.48065891546679107,-0.397066743139156,0.3120882432635055,0
-0.48930947775606326,0.09913673114636094,0.9118058684021174,-0.5531248175153253,-0.5974044791583991,0
0.6983679459881915,1.4959552977304655,-0.5101205908687292,-1.6855613142890677,-0.7188238660541578,0
1.1047243672507954,0.7449805304323887,0.2099199148443666,1.5850233250817478,-1.4469793802231923,0
0.17741002118625118,-0.794770834676348,-0.6016108993979468,0.5029036531780429,-0.5410103177049947,0
1.0182598744098685,0.7767710719374626,0.43648449445955034,-1.2856090879751585,-1.137831472272868,0
-0.9138080312291087,-0.6404998516963983,0.18404780651373337,0.07202696725149303,-0.9287528646216447,0
-0.30827780807700933,0.19186084917854723,0.7540541277373108,-0.7437081492536588,-0.8591838988857773,0
-1.846715800566031,-0.16320586350890656,2.616153204692097,0.2310317606886035,-0.18397817151108434,1
1.0543804917162733,-0.2678741356139408,-0.7067031392252283,1.1105683069452315,-1.1993900928531658,1
-0.8645395457857186,-0.59814422580589,1.0502050022448217,-0.3210275344338676,1.0260922869348648,1
-1.7990533284173715,1.33715934913722,0.3828049251950704,-0.4477797946640268,0.489579513790765,0
0.8259361075816544,-1.8240263618325026,-0.7281926390144501,0.25030811732810504,0.34143562077653195,0
-1.3094980126690137,1.902309808210664,0.350700791096538,1.7734460562344887,-0.853577731698681,0
-0.04617957688227727,0.9228438175127436,-1.5340605187149856,0.38461705909328414,-2.504493630049121,0
-1.8293564182565265,-0.6843765595769323,0.3008868033617376,-1.0127754447528792,0.11934694058410403,0
0.047655653967159074,2.022107716551738,-0.18460816581626735,0.7060255478008065,0.42788537129516585,1
1.9179321866060925,0.024176429072103163,1.3260951082328005,-0.6354239271833725,-0.6444136779363645,0
0.9975466203862005,-0.17214336200106028,-0.5089118105469925,1.4850979702306206,-0.3720907238792637,0
2.04355185609342,-1.0560572783741908,1.1897003062935958,-0.5396060025577762,-2.4074221899238935,0
-1.2134037066082215,0.03371203292421812,0.783857995683881,-0.6569553485463179,1.0760213362862288,0
0.38528440787359486,0.9662600373726797,0.5644995577899975,0.5530700744627736,1.0096316399769731,0
0.18884582815424877,-0.5312618392906465,-0.9977703174334345,-0.9107183484829572,1.704382466839545,1
-0.21277405023762805,-0.05105073476170368,-0.31347908824174686,0.3706454549170399,-1.642079651761123,0
-0.4969817742365447,0.6116236591982129,-0.6656695352084062,0.48271517791273033,-0.30804677327288255,0
0.10771512934015179,-1.17317947543762,0.6440547596953389,-0.396303015873932,2.0886828264883044,0
0.248278460029941,0.03937428483663214,-1.3834745711929708,-0.3286497396066901,0.7401470544963471,0
-1.443834069235639,0.9116592013016475,0.018555104015270996,-0.3509189696216378,0.7531301190750032,0
0.5129242006532924,0.913638741896855,1.3081639186344645,0.269677910065543,-0.7656360585756982,0
0.12288319805494763,-0.1594940497859942,1.5249235913467043,0.06692125350029776,0.6339422929542347,0
-0.14641357510845834,0.8722963818325202,-0.4051854866768529,0.6708262693457108,-0.9305910979306753,0
0.40845668658666723,1.2228932678546236,-0.12493399149229381,0.3530730765663457,0.37986379930651876,0
0.7107266168363419,0.4470897443192562,-0.8110293867171235,0.40099320989533205,1.0567907241204548,0
0.22166357825596672,-0.45896232582626434,0.03156007633067944,1.1011284640485206,-1.1921110639437118,0
1.3084005486686574,0.9387655890877046,0.0034136033360163444,0.31969607081493207,0.5661395249894989,1
-0.3906807610569113,-1.4441196165804535,-1.3963637571774143,0.7604134042435481,0.041459815977510396,0
0.5293631804090216,-1.1166792315032277,0.026384365040433965,0.32101358095596877,0.5015757112221799,0
0.5773313879014698,0.3089393129435945,1.7924200370548842,-1.9493657544075524,-0.9506909467171101,0
0.7331075490755345,2.073732804809724,-0.19843315213141388,-0.405336597186739,-1.0113044614622295,0
-0.917053516376542,1.3958047142728132,-0.9859080675254295,0.8224512276501904,-0.6027651848644431,0
2.017576947734181,0.5927781174066103,1.3385524322753426,1.124567631626699,-1.8923521477001084,0
2.3168993959308604,-1.0017699330625556,0.49762985292767176,-0.7895904090545272,1.4638962374221274,0
-0.4187706621955707,1.9201919117744466,0.3326648332338409,1.0681935745068387,0.2534053574551669,0
-0.24942556056071033,0.8084192775342224,0.3396361060178047,-2.491021723988574,1.2560283170447142,0
0.3360896269953602,-0.7402437367766993,2.0541893056385447,1.0326367884885241,1.128057029563908,0
0.559659251908535,1.6452705068413729,-0.35613986160709227,-0.07421781893841231,-0.46189199387182167,0
1.1718218912416625,0.9595326289052465,-0.8287046390003999,-2.578436503279798,-1.1219972611407003,0
1.1680508456784278,-1.3057045859972005,0.051608206438307595,0.04502585422509135,1.316641013119854,0
-1.5267781620596597,-1.408270934289618,-1.5766265706554206,-0.8061291074091511,0.7251914232930322,1
0.3773941918547428,1.2958712036135005,1.1046453109943122,-0.29108195398986425,0.44753664529255033,0
0.5246736816426938,-1.8789362712101212,0.4658135994109445,1.7742842982247444,-0.24556082622759057,0
0.6109471203667015,1.8501365557164497,-0.3654713146651194,0.736456336201655,-0.320055642091828,1
0.662472715886983,0.9602839538531619,-0.3931328394597711,-1.4295515887476005,-0.8906958764625308,0
-0.8896855691107117,-0.5494396425942765,-0.4464889481185835,-0.2835226012443278,0.4733620693042152,0
-0.9755587611053017,0.07063444424164281,-1.0414075956113291,-0.15126032099936873,0.7391691524150937,0
-1.780708600323966,0.6413788558055363,1.7018859358554033,-0.3812200693677618,-1.3699414831503502,0
-0.24820180776652795,-1.3350285534239803,-1.8531307289072472,1.626172645895286,-1.606469251150898,0
1.0235700147123388,-1.0980003747500862,-0.903729344611285,-0.45263678078450686,-0.2657359457016297,1
-0.6916183860621485,0.9463284489478738,0.8702882192520588,0.0038991483769875036,1.221407411528115,0
0.6539071623594335,1.2991533936566613,0.11695766840677599,-0.13837725321788027,1.6731788182196352,0
-0.1210839160732112,-0.5661483898654159,0.9032024660129848,0.219897231405604,0.6004243215072017,0
-0.8805686831547385,0.3199055761750472,-0.13636913633365852,-0.5163018037609151,0.7878900641912601,0
0.307343933201552,1.230737591575783,1.1117102902858824,-1.036895160318358,-1.5297947670684937,0
0.14741454915943725,-0.603026912393566,-2.1644748240829137,-1.9178710016678309,-0.6374109421625663,1
-0.11468848253485203,-0.8452868386442629,2.9314290384626966,-1.1244457085069333,1.5680992954240713,1
-0.6160249541666123,-1.6166761894932673,-0.044250183428141965,-0.0806722844750184,0.08056202663346568,0
-0.10328834189151265,0.26678368210583014,-0.23994189267756352,-0.16619134403841435,1.4488700351720047,0
1.285983133262575,0.2558902099306259,0.9535959654279424,-0.6093266381092918,0.85938360458467,1
1.2010679922719312,-1.1798604473871206,-0.4530807645494093,1.090484520275669,-0.22240376777687743,0
2.0117213957225286,-1.0412846917382381,-0.47372505655136127,1.9279526658261374,-0.7878174171061435,1
0.39918423282567383,1.2988202480723399,0.3306519059337158,1.039189725812604,1.6232926601606497,1
0.8303784346716323,-0.4846953848725853,0.5254721501146526,0.3756663785047347,1.3939787926965996,0
-0.6943677203930878,-0.3165360544414745,0.21868023128336278,-0.3682029807270604,0.9581126077894718,0
-0.5613296883618423,0.1211864976483789,0.11719608009573625,-1.3185768831711093,0.37609874323168163,0
-0.8998886851628791,0.3154958496372197,-2.0899995711302704,-0.14817889939550427,-0.443161591286572,1
-0.3633327684446944,0.29714053969554133,-0.4918301284561957,-0.4763882148485922,-0.4113570073055751,0
0.5146771461779001,-1.0655153682230591,0.59486667264425,0.7799872482667165,-0.9402190309088959,0
1.536708776936373,-0.04462152858292105,0.18819166189034822,2.1489191883695535,-1.3274676958734974,1
1.024735662619568,-0.4925293017009543,-1.3551144072046848,-0.10564141661068041,-0.7595623299792282,0
1.787881370653813,0.033678490562347514,0.26207419562128204,-2.0723928100617783,1.4958903844033578,0
-0.39995229647066693,1.6881771247980137,1.1773927409733647,0.16531559485485584,0.0749142990612061,0
0.9167442582834336,-1.0740197608627855,-0.053023002240013745,1.2903256361172635,-1.2803784513015606,0
0.48429362516448443,-0.7417112850211042,-1.43617035465452,-2.1836364677495563,1.3587653517210332,0
0.5578144478345458,-1.634765865874565,-0.2660413131338352,1.236761219431554,0.915382520232169,0
0.4198870759474534,1.2824671770226963,-1.540836036085013,-1.0375252130008945,-0.08342229185426918,0
0.7086850369792582,-0.054050215977554,0.05832487131302302,0.49963977041511826,-0.34122417253687487,0
0.8122891168479592,-0.1124103729285151,-1.1952557662227958,0.14549061627008833,-2.507163689011266,0
0.728631820677496,1.4511383408668816,0.15977274259156388,1.2261358231837745,-0.6066061135147802,1
-0.4157549166269159,-0.39701504009756344,-0.21507041146771128,0.5508962413362946,1.2292604336219077,0
-0.49344956826908976,1.0972883962228408,0.44823564747196964,-0.9038708947681753,-1.2431328896779938,0
0.9116427294590506,1.1700889118453184,1.925753037099041,-0.1568298427647318,0.1252486528596452,1
-0.09328392667786622,-0.28614642741969964,0.5887171461482842,-1.0845897187246751,0.7543886354825223,1
-1.2214247724710825,0.3232910068404831,1.2226199385919376,-0.468881690903365,-1.0954202223441158,0
0.9944279552983388,-0.03306535978778919,-0.7920862313762418,-0.05749724821477661,-0.512040905451948,0
-0.138880211850243,0.3231532101655321,-0.8324762094764392,0.20533338491220213,0.6232141279530549,0
-0.7317186655232769,-0.5228533404611685,0.09570327150803759,0.9127165118748426,0.10391153014584821,0
-0.8832507701015754,0.6834034514289322,1.3391195847446902,1.0746786004246185,-0.10014528069580024,1
0.5041602353351199,0.3034581568479875,-0.5406026922398791,0.25753914310334375,-0.3204601345122999,1
1.2631677780120518,0.18197042067205757,-0.8942722280734497,0.7684861296043728,1.368563458035341,0
1.2074000590666703,0.6682811440131724,-0.8279739160550041,2.0821385033832587,0.10952074546656893,0
1.4234118941978957,-1.5554901298610224,-0.5357326886478876,-1.2999690315412795,1.8067985174970036,0
0.5469466200870232,0.460201368063187,-1.1588565045911141,-0.8215543967247906,-2.4982188206909335,0
0.723185697177097,0.1947189755039224,0.24964002950543177,0.9306402806937999,-0.039024917623740676,0
-1.9167858048626687,0.01813040533437115,1.1774886708787429,0.11591053464170611,-1.2413530105264454,0
1.222974825944991,2.6058077940035895,0.18482351425007032,2.237649622027812,0.2076531763211495,1
0.7117909336200594,-0.5024519352843438,-0.15573736560303053,-0.25149713923362343,0.2308191539329599,0
-0.8398338944820747,1.7927677400506028,-1.4966791774388588,1.1338497373039023,-1.039094872373651,0
-0.30301496762465435,1.567103347498621,0.44927223564074853,1.5189834666957474,-1.8682599781320033,1
-0.483520492243021,-0.028635718114021363,0.9907162913215237,-0.6732073956973658,0.8677221264531734,0
-1.1510662504003009,1.1257223190920258,-1.0857357780533272,1.278038293270204,-0.15277365628304862,0
-0.12007071328478158,0.27875250791923406,1.067778637676499,-2.0003651449393143,-1.046750266756457,0
-0.769769835542573,-1.780688656439767,-0.22288875349760187,-1.212993085612462,1.0112910035109384,0
-2.3742797531817192,0.68182932653655,-0.6081779546926994,0.22956705453732018,2.8208379309679827,0
-0.7065346894335999,-1.09929810165666,-1.1107359123921041,2.235483970882578,-0.025984243184050196,0
0.5204004418524772,0.1702006541932384,-0.2718326741539777,0.10986691134844592,2.436571206439379,1
0.8638235575691176,0.4424664856667746,-0.8209850527375236,1.3186193691658514,1.3267102601751077,1
-0.10977092294860198,-0.36136023042912324,0.17877683390278204,3.2587931120589286,1.2432674298288202,0
0.4026871872158481,0.32337033545777,-1.0109625054948748,-1.604322248046399,1.862331538570247,0
-1.109587928218397,-0.21646018295055,0.7510042053783385,-0.9770042902599462,0.95303151106644,0
-0.6293399550778798,0.7983801869187565,0.07820594506302524,1.4348720268222181,-0.3473261918092908,0
-0.13018342609096153,0.8832856763390751,1.0514472047251062,1.0519250370014173,-0.02137361836135069,0
0.07922860876988605,1.5689493942899737,-1.179198828931877,0.35769865370349374,-1.3699810342155478,1
0.8874841884145842,0.042663970328893915,1.1206338743294042,0.04052610157883874,-0.6389314735679074,0
-0.4837432056353537,0.9356392874904406,1.3606265443793508,-0.6171834398510093,-1.3626263542434716,0
-0.6582712405402793,-0.6090896673465317,2.968278875624559,-1.0566149393545885,-0.07934228679437422,1
0.6697722833638299,-0.20249071592675175,-0.16821733251815968,-0.3024090172154714,-0.37631604123438933,0
0.7623519475534662,0.03249592853754454,-2.1142122833738224,0.46175891952126663,-0.29575479594839527,0
0.8214788789072306,-1.082018597491734,-0.2797725105905813,0.6126725757876065,-0.5013967404055117,0
0.6917227398473342,0.3020231765775221,-0.014972882547339552,1.590697670943878,-1.0747292645379423,0
0.6140984308596223,-0.6856755134111937,-0.35668332736348973,0.05460974074765391,1.1440339144398979,0
0.520722464378512,-0.8289202766388682,-0.3094975520416892,-0.7259836752354816,-0.7073381491902063,0
0.23518585819963447,-0.2867424087647571,0.901672402799767,-0.17655606667773555,0.6237273926211396,0
-2.026037210940593,-0.1237465464612064,-0.2006845120509924,-2.3185604114031118,-0.32366464624374847,0
0.3617314481100569,0.5550591148050988,-1.7621377122666817,-0.9980597371600753,0.9004259507917851,1
0.7118465910946633,-0.6300803978262205,1.874266636076511,1.6468818343458875,-0.015537530823006372,1
-0.22048837241469893,1.8576072213221315,0.29268514654652816,-0.4227833584502239,0.8835561497054726,0
0.9357671075879528,-2.590353719015882,-0.6540437027293521,0.5927777487095021,0.03873027234371181,0
-0.40072202816801217,-0.6376023556216152,2.3483595948165426,-0.9553718332711946,-0.953365509382862,1
2.3665697870836984,-0.10027061806075273,0.08932784746033741,0.052809254922980546,-0.6600289934982687,0
-1.1492776916255036,0.6708932873891627,0.2955805249307011,0.020322040363777633,0.7990477467622698,0
-0.41485714763570436,0.05131768570051773,-2.0382902978429263,-0.5401381690622844,-0.6854208730919074,0
-0.13115352933661384,0.7629721473436712,0.5606542361758833,1.7604043813308128,1.8659452001536878,1
1.2016390210563017,-0.14513093557429238,-0.4231478721588446,-1.376704031452119,-0.4146210210060715,0
-0.5138199179183792,0.40860132526550996,0.45433276607448003,0.2819069144757638,-0.049173323724192815,0
1.1572987721459398,1.7938018494141983,1.3822378430698339,1.1575345424987167,1.615682769682699,1
-1.3909921259341607,0.4114585358651672,1.4113950790087415,-0.28601922088836695,-0.5439246755284343,0
1.0273407820198914,1.7285888148046875,0.0032045693132873366,3.291203307755559,0.1964351727565114,0
0.2626543020513858,0.06983646636437947,0.23012669175187928,-1.4531270592996557,-1.4495829451096398,0
1.5078075122439194,-1.6887983799933635,-0.3270002564889973,0.45130275304729606,-0.7667843449498026,0
-2.011618644493985,-0.9732366747638249,1.0528885115975946,0.24864322445688794,1.0426709333330426,0
0.5308089584593798,1.1573369519187087,1.0319842788666922,-1.1255991561131102,-0.4006649272378655,0
0.10937400688029207,0.37488759244181863,1.2547085429939142,1.2512592830870308,0.3258182613645878,0
-0.24252375258924577,-0.013350466776315675,0.6535358078372759,0.08039632786532133,-0.760637576517913,0
0.14907494298300358,0.544148735735581,-0.3522990098841846,-1.1075497723857801,0.39986721070748504,0
0.8356338064739959,-1.403650080242294,0.29700877868426434,-0.051917589432099995,-0.9873192714845872,0
0.5164471691456185,-0.4067630125042576,-1.1876253914877466,-0.5356876703670159,-0.012036460087435502,1
-0.3661685796762201,-0.16398565523591205,1.2302461020912407,-0.37870527863418124,-1.1468565174512508,0
-0.1453163735278931,0.6086073860717405,-0.33890016317895916,0.834939519659758,0.3240812827983015,0
-0.9791484043738008,0.05281796211145447,-0.6105305909357319,-1.164671035308508,0.5309683472196077,0
1.1884744165164336,1.0532481527686421,-0.4136767022398108,-1.4829101885326947,0.8189819756805707,1
-1.3236852433672517,-1.675846739641926,0.9977080938759406,-0.9954913958060805,1.1951417652593201,0
0.18933692960983495,0.6821560374439839,0.46171683546423575,-1.5764491533840281,-0.062877696449034,0
-1.7370628443236653,-0.7082964747225253,-0.8691684902495133,-1.2084913828810169,0.6922245256405586,0
0.5796622097909763,1.5961220897675827,0.3094742029949724,0.23226919499031218,0.11144141608095447,1
0.15476085540089457,1.4178349019274081,-0.8708976609537543,-0.07478912744667243,1.2391287847827852,0
-0.6752577365353295,-0.10254640052215072,-0.46858475112549863,-0.11147371237216838,-0.9045721961117292,0
0.16265454922113226,0.3019729832067401,-0.3798546577497032,1.8369554998596642,0.07618691213221493,0
1.3122795315997124,-0.03374195116948834,2.033484761288556,-0.49178190883619943,0.7114741044214018,1
1.3376728182313862,1.0953724400175122,1.3138289129818082,-0.5335971054935214,-1.5227091927942173,0
-0.35451114632583075,-1.621135562280374,-2.171921628871071,-1.2731790683928397,-0.34703058087884875,1
0.403540304846219,1.059999251975427,-0.4319588722307757,-1.8226057124810209,-0.1257695947413284,0
0.05529520534843615,0.06169507888387419,-1.1043126153226699,-1.357523483610391,-1.220602809924134,0
0.5227510634538108,-0.6105424000264451,0.08079293521482585,-0.4127286509791891,-1.3424055962141084,0
0.17814477462369924,-0.6494494541652962,-0.9119765788205118,-0.41798680105441033,-0.8082995264289604,0
0.7057353121326747,2.023619884728229,0.36022568639481256,0.4782968576434237,0.003241679157356818,0
-0.8437404500680586,0.9755366847149688,0.7143653501259436,-0.4702164357912938,1.540969814540939,0
-0.6780528285760755,-0.1830977604744163,-0.1168259269361147,-1.5961126921712712,1.4206666370546923,0
0.36359038583689307,1.7592220782492665,0.31042736755794015,2.9472571219494457,0.9471495547422862,0
-0.3908811539350606,1.2793965732999175,0.12563186406199572,0.010260378366565048,0.49524255726052663,0
0.2381494886763387,0.11026924736439182,-1.7942200055296063,1.50091425133222,0.30468953335042886,0
-0.7689533870273887,-0.8489096929346701,1.173064082686029,0.040269637212669136,-0.6359436237143965,0
0.009456941183312143,1.1697193937402195,-1.768613766923131,0.014110663832668976,-2.1258958673032606,0
-1.1499050374440807,-0.18096927116332176,0.017479172394729972,-0.8522066246353809,-1.6856043361569621,0
-1.1757550017695209,-1.3397531670057379,0.258226902093066,0.07011849530316115,-0.19354880558457996,0
1.5504780929303692,1.4426993362779807,-0.5449686345672393,3.1019579430969033,-0.5621864968144856,1
-0.27770888249929654,-1.1299905537467108,-0.056258056683649846,1.1895888651437663,0.287813110463739,0
-0.36402302891334715,-1.11920787685126,-0.6743185256084073,-0.2709128693403402,-0.5024753146124085,0
-0.7203021350374966,-1.139411813865717,1.6547301792255416,-1.1937160791934947,-2.2599932218398546,0
-1.6661881966076693,-0.7366301663543934,-0.06491386030704081,0.1254626828742639,1.1300432951563002,0
0.597951917626752,-0.5274315342970143,-1.1169982430542522,-0.5240276430279651,-1.580887125623109,0
-2.041360161020206,-2.097136940015054,-0.38890830527135395,2.6433259343838893,-0.4743157714400325,0
0.3197573007394517,0.3493907656031906,2.173873875891194,-0.7243631021164573,-0.45625256517773655,1
2.9141870122377918,2.046406638163564,-1.9977654636159607,0.9441281939230826,0.887184564377489,1
0.16723230396570923,-0.5471874561342734,0.4453878714372437,0.4062722497017735,0.4943337632468946,0
0.23579431385290267,-1.2491215070736428,0.28052510274962583,-0.08526752502919495,0.5553050822501794,0
-0.5223529558178844,-0.30952682577209384,-0.5233823541943696,0.7948228153688224,2.0289941179289364,0
1.8140219405047333,0.12974538215437212,-0.014106751732341709,-1.2184667814070327,-1.3742993516236877,0
0.6859915980872743,1.2424019410020737,-0.2432604211150735,-0.06448757237840005,1.0791460280579979,0
0.29560316399353936,-0.5478920879763601,-0.17456277681915303,0.3934758638221768,0.2859244700548964,1
-1.5973721344754872,1.1375527726755608,0.3286685722924064,-0.5784102524699392,-2.0069108726885387,0
-0.2775917655823114,-0.27926790818394753,0.8681730295513552,-0.07874020260375798,0.20339992934805146,0
-0.7106121552217104,-0.14463263435051427,0.17541447519401143,-1.159337689372276,0.5836660508303542,0
0.6106369320786637,1.1245956728088264,-0.18057001235254957,1.571689256937426,-2.1837586170354877,0
-0.32181400440411806,0.6943155684439932,-1.3492075599954803,0.8904139547868705,-0.1564873485251138,1
-0.26280069801797906,0.5092503536498922,1.2040629237409173,0.5400265509571719,-1.6062039807265982,0
-0.72954475549316,1.0436198115470465,2.033056150962739,1.0603990365338773,-0.689025396665018,1
0.4886912305874733,-0.009544095015835488,1.1019869730402883,0.039419994599624204,-0.8952003495078124,0
-0.7723757714242397,1.0213199353723963,0.3812348015145003,0.1733687401899584,0.2609495986427842,0
0.5613328307639815,-2.1179508118155437,0.27540507355557514,0.5745524214736922,1.6709258925424666,0
-0.1994183952340068,-1.0636759094588333,1.1273902715739992,0.8946602769406725,-1.819434891170496,0
-0.30670570103338124,-1.6173303844314357,-1.3327076798808484,0.9329625565675035,1.0246830550419708,0
-0.21800868503217533,0.17334421051212567,0.20743447182348929,0.18175020548168788,-0.5233372102251839,0
2.747437226546876,-0.35162418296025166,-0.5453896628100668,-0.651252117091667,0.1413335795098125,1
0.7069969453884885,-0.4720306204471996,-0.4721976415790692,1.127082542484638,-1.4480495366698873,0
0.26940197330546867,1.2676904883986364,0.6075441620052648,-1.3584627120922321,-2.1486514827840417,1
0.45768960005055237,-0.0884907390837953,-1.0084612239131328,-0.1885911313753958,-0.42255592723645063,0
2.127626643446466,-1.7341746252223762,2.1692384731046412,0.165900893079687,-0.026705322061209995,0
2.3606553758321276,-0.8758383871393477,-0.733301138432778,-0.697097310792448,-1.114492136454651,0
0.41465912296734575,0.19418964041557082,0.9299306005888216,0.13421093851871924,0.06398111341041025,0
-0.5483175500997046,-0.8445133137524895,-0.8643980761609569,-0.14991369579504418,-0.8763624140462248,0
-0.914955578192048,0.10860340556849246,1.6964370999542802,1.068202161332537,-0.15490389771097401,0
0.24242009045223933,0.8121838102904192,0.8659460433910845,-0.3174481017546733,-1.651072887576566,0
-0.040280843449342754,2.0071519861979277,-1.574113841312475,-0.6272210219302622,-0.008946340423819405,0
1.0257453374824679,1.717092581461193,0.23054004889338597,-0.3311029416029523,-0.002510530650329952,0
0.5603544280468694,1.084644291277787,1.268541138031186,1.7712484712133598,-0.696646935567937,0
-0.49631878289725656,-0.044105496603309625,1.094867231432094,0.2639521880932132,0.7439090286977234,0
0.8952308222571866,0.8380514088101221,-1.2984961347504724,0.062171611090336615,-0.4882898760869273,0
0.09909590050756364,0.5750747097141697,1.120141085645369,-1.534032634661365,0.7261550176732758,0
0.35915455328117185,0.9073600374716284,1.5206498077480362,-0.029793708979198936,-0.9602913973996233,0
0.45949908401070244,0.7368811895848113,-0.07205977532294473,0.6913677633757019,1.136371104439029,1
1.2734446613902097,1.038957951789139,0.8545770742546438,0.044657487091697,0.4833792030525443,0
0.0997582342866999,0.23473779113061397,1.1476310058034451,0.1339793503340062,-0.11686154327073277,0
0.676452650894046,0.6087969032962667,0.8676909671779354,-0.3179929198126369,1.7572134706159581,0
0.12895671058118263,0.47956179478955263,-0.15071259022172517,-1.0925156191270575,-0.24403853337110706,0
0.7815050017641575,-0.7702514487709777,0.856734616237493,0.3907280868206362,-1.037895491316388,1
-0.5767801356479068,0.5246086572369877,-1.3269652669690295,0.4912765278658352,1.9177300476830819,0
1.2479887401530911,1.3769120946161364,0.5434050050645485,-0.06039032493651577,-2.354860152773665,1
-0.01947687906350724,-0.6716429191540313,-1.4631297420216247,-0.11193736101994245,-1.0860291457135862,0
-1.2091130987961525,-0.9324715532750603,-0.0642732067864839,-0.20889835664765027,-0.24229344007960005,0
-0.1402940316224642,0.8051989113819961,-0.5329896396678429,-0.10127979243412678,-0.6050517807891868,0
0.4340300133853555,0.3863052589779776,0.9603550584131276,-0.08286431648084915,-0.6850899069234883,0
-0.5996203770446449,1.0231595881084004,-1.0650619813547664,0.4616700341878749,-0.7834246988941104,0
1.2823564921294124,-0.7286322587332987,0.7899394971459678,0.7008650649456667,-0.13786200173522312,0
0.8542733396745293,0.961035931867681,-0.46467310662116057,-1.2000973660147514,-0.30303625722237326,0
0.6956600417826971,0.10934306881144223,-0.06644083633182245,-1.0247125233182668,0.763594068750879,0
0.8462144455814313,0.06757942869463872,-0.8438682415799015,1.8811918059996353,-1.8388538095918097,0
-0.5494475692324469,-0.6345460741990365,-0.4092808692996809,1.3496129483585828,-0.0706497501240118,0
1.009189586436168,2.0903819207497776,-1.5906933428427896,1.0622897404892924,0.3919874505868382,0
-0.6296728942327328,-1.0951134311067527,-1.016934520174782,-0.31743446497199307,-0.12916873410842453,0
0.2301983328499303,-0.3499982082564177,-0.4879760911935142,-1.6514288387116973,-0.16409735824669489,0
-1.7096964813747244,-0.22019270033227595,-0.33443383901965373,-1.3817193004899992,-0.35552376380032424,0
0.2684831789801714,-0.7538104511639659,-1.0904147651732703,0.6777746649663439,0.40851153663374157,0
-0.852936871016061,0.6190473674873769,-1.5741167290319213,-1.5763026965484375,-0.8783577046438102,0
1.1737373101839397,-0.5951142892939016,-0.479079570273198,0.7944532741174066,-0.28413312095528,0
-0.09064562387989532,-1.1090031067704538,-0.6914955828776329,0.9253762596958948,0.11076094733367566,0
-0.2426000769136292,0.17366115989544206,-0.37029787653574503,-1.6954228478808098,-1.0381101476099448,0
0.48377657492920706,0.27250149249636185,1.123159789231371,0.27010765070364956,-0.6998033378537123,1
0.3544319850516773,0.19562053949556416,-0.4381417306307469,0.010084191293721683,-1.1570250906280315,0
-0.39099422631542086,-0.29182074750680276,-1.6457607136336272,-0.21868600521626508,-1.38073623739187,0
-0.5014516311391005,0.10655063112228338,0.12476430237882341,0.6395560325138572,-0.25756836603243494,0
-1.4599909121192178,0.8843361950292371,-0.6692215454440077,0.27548304095250303,1.8492772731144964,0
0.4873838682406107,-1.374399907664849,1.410204384630412,1.7628869438001509,-0.9085757279135944,0
-0.6725952329964853,0.8780957223619446,-0.01626235171414411,0.4893419455724526,-0.08147338776824369,0
0.32619992072281057,-0.3827801895585608,-1.0924964724940012,0.48378368718589015,0.10307847328805529,1
0.12960669801537836,-1.0800519590164022,-0.4451941477493372,-0.8337110190643378,1.1700702973540604,0
2.0056668107588513,-1.0124027747787063,-0.24653974783203328,-1.1589442023900998,0.162397664916789,0
0.10061792788992052,-0.7902323972704537,-0.01351828911822792,-0.3670091354187339,0.7107677489079819,1
0.44134596619916405,0.09894772124520905,0.5804470914620802,0.5674742153754241,2.273222517088324,0
-0.574453941003053,0.10885495293943515,0.24376927605748294,0.10808945863487392,-1.2419556635770845,1
0.3922862544849574,1.8298598974187292,-0.8630416191249528,1.111093481158917,-0.0880790703096457,1
0.021677473088465876,-0.10995758452326515,1.3254986966184577,0.24542746459080442,-1.2276336170711029,0
0.2433405355886976,-1.4902116880835492,0.1282781502924908,-0.36806478301891493,1.3201068906858016,0
-1.2377650137819582,-0.24756502582994339,-0.8389964722641768,0.1037959204669631,0.3696254732830438,0
1.2772361738492073,0.6690510837585006,0.25582467254643343,-2.1086100820576124,2.25390498372147,0
-0.48327724791964666,0.3254081345087611,1.0529287416315196,-0.9674357512492232,0.16756031227520451,0
0.4064235424982771,-0.7576206584370785,0.4726455245906778,-0.9817096390561637,-0.890074101386326,0
0.9933015208879482,-0.25508283375996016,0.4773108749783863,1.3911072466759775,-0.40351774718683386,0
-0.6352450078356627,0.056051980810319424,1.6195186831416324,0.5766949429137919,-0.9114800386758191,0
-0.948659424292769,0.45538826655899695,0.9677012182035212,-0.22509315815645692,-0.16277570778169442,0
-0.38557115085456173,0.1479818970040924,0.7375060438052397,-0.08707599020560305,-2.172032264533887,0
-2.4821460154199397,-0.32138061086256264,-0.7580715444451456,0.335731204124975,0.4589425342855195,1
-1.8097669993912073,0.6396748643144305,1.7630184527262802,-1.3721790249679062,1.6298968531704965,1
0.3520759981203435,0.393344954871627,-0.9041494088357085,0.744538184804819,0.43288545031443687,0
0.7440004462914765,0.9645711607880727,0.0007031996842916995,0.430542462127668,-0.520350367593706,1
-0.15615509337778832,-0.5803918581565894,-1.2521911222226456,-0.18889201303844147,1.2858473460301376,1
-1.3116158715585997,-1.7841390581247896,0.7052738242497802,-0.7108872247174626,-0.3491421018389445,1
-0.2735026807763585,-0.028323324285528643,0.3994903121491568,0.5371691462767606,-2.0584728105181624,0
-1.2387599891608359,-0.8890079968409359,-1.0180832895439964,0.9050069186073411,-1.4771569149630337,0
0.5536831457401229,-1.3079853309599159,0.4664860985313054,-0.2708995082129907,1.2718897176303388,0
0.04851235009649784,0.4189565623996396,-0.6541125175887861,0.46952519835080786,-0.006598235041487988,0
0.5956243616492317,-0.13472058606841772,0.36951451370058735,1.4292190120681147,0.20904825418337722,0
-0.31278060854960965,0.8179274448361963,0.328556755048119,-0.22367269320329716,0.8380015182521114,0
-1.03102293207824,-2.540073495989407,-0.2951395934520803,0.10257455028697975,-0.05725642119440561,0
0.509560822256062,-0.10474803257340673,1.3633488555606719,-1.6175351357214953,-1.1852463045911206,1
1.1819595570262085,-0.2076514764143292,1.5898792141614542,0.12051378735391816,0.2788305255010079,0
-0.14137365014099806,0.8798449393638006,-0.09089650008783291,-0.48486335258073765,-1.10586188534003,0
-0.9409536242988481,-1.561137799267986,-0.2726686099263289,0.03885267656077237,1.6886724942045832,0
-0.6093784468122821,0.17513621720621578,1.1765719590436043,0.870683832607767,-0.26221609853976485,0
-0.72517351940222,0.6449598225135641,1.3543333374236186,0.41797424677781814,-0.016994438189349915,0
-0.18239839266185157,1.6912179216084837,-0.8618499562845888,1.1287876274241526,-2.067893455561357,0
0.5187992212821267,0.963406325936051,-0.6193081451745749,0.6274495654525891,-0.14783064434447787,0
0.6470231929526915,1.6015449962192736,-1.1157873695716525,-1.198530279257447,-1.3854637242917827,1
-0.798868972827865,1.0917744370880988,0.9896559591954722,0.2436397370971795,-0.2892899916231603,1
-1.567040120031338,-0.61849678301923,1.382054391358076,1.9463520306724638,-1.7191810030051684,0
3.222968822563615,-0.2124025435446713,-0.5394408431359808,1.6119914769775463,0.1544516268259707,0
2.3367124283407996,-0.0026893278131409223,0.006711329065692391,1.445560281294271,1.3048172916506495,1
-0.5220132908186911,1.515620654464313,1.7207313020985078,0.8533551858390397,1.7391834401542223,1
2.3723631425257548,1.0240039954948863,-0.40534133842305,0.6335043979564972,0.2917455372381608,1
-1.207473616946722,-0.4487297230274239,1.6706894117170852,-0.32073836666540545,0.32581554060218143,0
-0.10026820234365942,-0.9937050870571299,0.38810763144289223,-2.1838950063769187,1.8998817105464747,0
-0.16266716404332118,-1.2266241042461918,-1.2450965184151424,-0.3373825950818004,0.33788284530339047,1
-1.3527901351944691,-0.21559405292213443,1.4412737774098383,-0.7817847181701022,-0.2607614033061697,0
0.9682771640106932,0.32748085371192387,1.1510366206453466,0.3478737288808848,1.9002349710987476,1
0.2700154281601396,-0.8708124344645206,0.4192838581771831,0.4922816314197316,-0.8588720055403274,0
-0.6200343129396576,1.2067735563412993,-0.9340879236451233,-0.4988803200457953,0.287986914070929,0
0.19519759278290408,-0.3520012452094854,0.21501037412151186,-0.497052599330855,1.5064903199524857,0
-0.5794394577893303,-0.2518833293847878,-0.7944129024071788,0.26105282485850134,0.7697741986242829,0
-0.6394547169408975,0.6513588033108408,-0.3907116996273881,-0.9523799791496778,0.7240196620556812,0
-0.053859642953820445,-0.5428927171321831,0.36611144159095177,0.9749532691564551,0.27560528553912794,0
-1.264194951304299,0.5342547690057567,-0.3994837426216776,-0.7186234479672745,-0.08982982499689948,0
-1.4639669545473772,-1.4530865988322799,1.0560132300685428,-1.1714270679164385,-0.7187358963491934,0
0.26850747291024,1.6445383645952123,0.7253761257945113,0.2653557024639507,0.4082054732207919,0
-1.3746276482217907,0.9626174261643508,1.5555496921997949,-0.5452165592587874,-0.6899729301902395,0
-0.5094709591910042,-0.39516437344811,0.3059869605617926,-0.7358790313095706,0.8705697038491294,0
-1.2445203661514206,1.1512983447367278,0.8084851176762786,0.3081011404227779,-0.24410511321434036,0
1.0737940400756205,0.6980422674372182,0.34954997401392346,-1.8570560448233664,0.6808156509078965,0
-0.020748945358117776,-1.2345069245065914,-0.7564420218260723,-0.7681106024485715,1.845307061942766,0
0.22841329983305977,-0.07756520451390087,-0.4209476306580576,0.40107066431727667,1.902934698647447,1
-0.4825716758730042,1.0707614213782168,0.9469563251167721,0.41079184569683364,-0.7178385037993271,0
1.1961233232418358,1.2448593796677783,-0.10955489010848177,-1.6333915819753055,-0.2762072070110961,0
-0.07313335441419926,-0.947969617683837,0.8202716780920348,-0.3654501343824713,-0.2854614423915551,1
0.8389114899738552,-2.048243623949959,-0.7550048619010348,-1.5907581855851187,-0.24194127541609842,0
-2.2510727412084854,-1.0519915125460972,-1.296992084229797,-0.299057329918009,-0.011989290389097807,1
0.7600334281000388,0.9685705465791896,0.7928773497374626,-0.4446579337183009,-0.38463656816860187,0
-0.3371220455243409,-1.3173134736898129,0.060418849479865595,-0.7333890341693474,-0.721089342158074,0
-1.40689874892213,0.6060896797627529,0.5737732759426538,1.261350375976009,0.5020661465902693,1
-2.0112489967525367,0.0015016467276195015,1.1890858982118886,-0.3998604268292837,-1.4763437686936367,0
-1.5755297923789784,-0.15339241815243201,-0.8360407275971106,1.8336703099899518,-1.3140112404996838,0
2.0127110871841767,0.14007967955038939,0.5004895486932159,0.9249847609999464,-0.43508697243065064,0
-0.6259633285438175,-0.2596185020430428,0.7616433945638756,-1.2594369108435364,-1.5212794881230918,0
0.7830120115121075,-1.010165649754598,0.9046187265152508,-0.19000636307745158,-0.2129549086687101,0
-0.4494589889458137,1.2257508717255081,0.12521531230330546,1.6509120096495389,0.7324219230217195,0
0.3548809481597518,-2.497733515760085,1.5075007950499861,-1.392101332937127,0.4181396107366701,0
0.06634660369386232,-1.740789052109915,0.6535863732858236,-1.9175474194887432,0.03224567118336177,0
0.5927756519919013,0.4288877371034486,1.4174479376831732,-0.6791459273751687,0.6504807014935768,1
0.49845393622115397,-1.2094340672544033,1.270012857390078,-0.3110046482993269,1.1777460290437778,0
-0.5375183629050552,-0.7290971317998064,-0.17675169196493232,0.04011706862517461,0.43967647366958074,1
0.5508173187030493,-0.9706688057256636,0.7033336738251266,-0.5331825956544848,-0.03870391865285052,0
0.7589775592095818,-0.7072535374257853,-0.8243940513783985,-0.93373624071841,-0.5883034901853598,0
-0.10036870407050434,1.2145423975119194,-0.8055945859010893,1.440214488004119,0.3270026050929586,1
-1.5116979715304992,0.09022675652842803,-1.7412169029908122,0.18976852122537935,0.3164076630052494,0
-1.6039587241744995,-0.1164671894211337,0.7357546125580896,-0.1585997056638907,-0.7512703682843968,0
-0.45667652061940955,-0.730577379406247,1.329110299077075,1.2113043722469974,-0.5981258306503512,0
0.6413238496751397,0.09204096995488116,-0.2527565714242777,0.15954397720171204,1.173624964732853,0
2.106425406512448,-1.0839356437034455,-1.4383665990178278,0.31848409126377764,0.09714659476157464,1
-1.6881421352332486,-1.640264377377012,-0.7665429635245781,-1.0921711262183995,1.2354715726669643,0
1.0056242141706733,1.338836940073653,0.9842930293086453,-0.24083672832065944,0.20853186790763453,1
-1.2476695464793972,-0.029414666633041164,-0.6751114530308602,0.3306914956805629,1.3468328927720916,0
-1.8330223568442625,0.7438252758774125,2.2492962464240103,-1.0352047166535223,-0.6264622750340066,0
1.0729691774017671,-0.6657585657605607,-0.581068463849497,-0.6303115807419116,-1.755547722226693,0
-1.7796690929545782,1.1402615691751852,0.3984799536955523,-1.6644438428363564,-0.663389133372683,0
0.06613928369757771,-0.6195290215604681,0.25102186418163946,0.49624719087673497,0.03698820564139679,0
-1.5305954838313771,0.7822559428346115,0.06860041451178697,0.28436446877871346,0.2956224438847609,0
0.5528955537546189,-0.24576810338083607,0.44669762240236155,-0.12973600718316566,1.2047893531016072,0
-0.5616925143903079,0.9413945113937188,0.03527308566290763,-0.2973045016797749,-0.25962664781203215,0
-0.7272550211833746,-0.07517891762082908,0.6976669145851703,0.9616274423090332,0.16183600372688228,0
-1.734086382300381,-0.6929661137567349,-0.046605553910963125,0.651010997129618,0.7602433251389399,0
0.64300411589316,0.7982473538797088,-0.8897657080099061,-0.21976077355414061,0.6144768724126807,0
0.9899277723056615,1.9832890642044243,0.9389794393864849,0.04759933165658946,-1.0679664495523133,1
-0.626822885631586,0.46124795140950964,0.8163292773384869,-1.1491228585018987,1.4890377205173757,0
-0.2189342116979062,0.890042410450256,-0.9692442581625631,0.18653012718930487,-0.26089610848020417,0
1.3972432250240798,-0.7989930817681995,-0.061116309868467965,1.0621713337066272,0.9521490628646675,0
0.7165484041677318,0.7263939502443123,-0.3007321904017116,0.12630711238981157,-0.1985429258503835,0
-1.1730052818880956,-1.7447235805438666,0.045621640326359715,1.0285467456719097,-0.5939618557651039,0
0.4169434220650705,-0.3866654305196169,-1.7096342735884618,0.8117703769270079,0.9514340673141721,0
1.4861268480500747,0.06269951224978149,2.057414889705744,0.4724605572466159,0.15795056529690477,1
-0.12112654412206063,0.8805326904095371,0.35265751191186495,-2.3584367082113,-0.3847879813163871,0
1.2004564792069572,-0.8081571015068322,0.2979178518114981,-0.9292996209160561,-1.711190893855366,0
-0.8980402835870441,0.5933572992903002,1.0478960175846086,-0.3796438780474993,-0.48292937482192017,0
-0.8020561604258815,0.11830195642929742,-0.3738198693104753,-1.3261177611474424,0.03970764887059082,0
-0.35950360903103823,-0.5258096531300747,-0.2000185689197275,2.1514329258250777,0.537984432643165,0
-0.7585282986470464,0.10095672434305665,1.5045393082854137,-0.5985526828946236,1.5322638106081243,0
-2.571551526992302,0.09678261705741363,-0.753321593834761,1.773183122105527,1.4472652493125948,0
-0.8804665583955888,-0.8135691390502047,-0.5209614275553859,-1.052554209284541,-0.5589596280778897,1
-1.0885293220749888,1.0464936491673449,0.4870936137512665,-0.34728948347316657,2.0352886564331065,0
-0.9459215042104464,-0.20992462951204852,0.295489497567239,1.9545619809371721,-0.19016694598033246,0
-0.4565078517746924,-1.2600845833087984,0.1223608326232675,-0.24980350420203698,-0.47568052261875,0
-0.8912873268938977,-0.6235696173562952,0.2827045413114952,-0.06928147141894068,0.45469686255015823,0
-0.3246828605880205,-0.20094057859335612,0.10249511434403417,1.12805310877461,-0.31368065031230585,0
-0.11243537024071078,-0.9753046995704745,-0.2744481148414477,-0.5377520367640902,-1.139224729678023,0
-0.30799347389636905,-0.729429013036833,0.3222983869863278,0.430844250314706,1.5954689408501608,0
0.20328873833132335,-0.6128131139283577,0.18988770108957273,-0.7800518690034431,1.2107405385829977,0
0.4647487853448584,-1.0970483177492991,-0.28552413590800657,-1.8022069770882112,0.7893027091838376,0
0.2406411445754405,-0.2558028798446739,-1.366682673875644,-0.43311747878595647,0.7694754139188656,0
0.12390548156548808,0.4278267873093581,1.7118167674574856,-1.8925740591315208,0.7902147365356922,0
-0.43542925051965803,0.3966292084651486,0.49978550236439556,-0.11506412354191531,-0.8539112972426525,0
-1.1052039693916025,0.41083361921037953,0.11610423929862008,0.30935219203890724,0.6363167487007035,0
0.42058992980324544,-0.5881996174293637,-1.3784551614635139,1.4446431380625135,-2.510581374735548,1
-1.26930599755674,-0.3027774685737688,0.3810915584984099,-0.848905991933821,-0.2937182558283385,0
-1.806857487048773,1.8335253153992057,-1.2116583235311953,-0.910714172788597,0.9675138659075069,0
-0.20498876728824725,-1.082632457137931,-1.446299642868368,-0.8308517589192489,-0.5877585863589423,0
0.7112467632208702,-0.10686667469799105,1.1281028091637377,0.43345617842597933,0.9616708575731743,0
0.6257724704134673,0.7422992971382742,-0.38607885045009116,0.08932026178687794,-0.08706607832376803,1
0.8670093873363854,-0.8318009303439621,2.698695153227771,-0.20928483490948724,-2.5310190811732514,1
-0.13392245913816314,-0.8431111222468168,1.4480942531611716,0.5398067388156151,-0.5677665808447309,0
0.4962153393593864,-0.37610488338393083,1.726317962851137,-0.08014825752767733,0.23188066581678093,0
-0.3595012943390253,-0.07314410153714315,0.10266651530679641,0.48244284532811793,-0.30371848962935927,0
-1.6419157335561962,-1.0075144193898626,-0.6881872821240922,0.7076828070361225,-2.149905299765925,0
1.924856768916136,0.22397185542426434,-0.6916749054714559,-0.10386895001024628,0.5214583685646283,1
0.6950615978696724,-0.9880484740786984,1.580738513642162,0.5017521094703234,-0.700159145089798,0
0.23320287576794624,0.853615846205597,-0.46145237852678783,2.2056866710503225,-0.25943697436516583,0
0.5279025374277195,-0.11222051209974554,-0.2944023620699101,-0.8245514175314386,-0.1751923503314204,0
1.7165458620800726,1.7991257844282322,-1.1984064818963969,0.38115753089658705,2.0533472012070666,1
-1.0688660177339866,1.483216116979204,-0.5714434708540822,-0.5402651464338692,1.6059477712345118,0
-0.48149131945330254,-0.47328392370849515,0.8747736454709161,-0.23425523728789147,0.26246290991543964,0
-0.3535143996832711,1.6510474661454615,-0.7308899168117339,1.3921394156788964,0.10562887029184398,0
0.23534437138091482,0.8860659679714143,-0.7316355958915678,-0.30893441553233547,0.987970864542476,0
-0.28418130526450047,0.24450059790805195,-0.07083885491337036,-0.9750292924235794,-0.27619230107662657,0
-0.8602819131865013,1.0341713441380167,-1.0576810338244904,0.8871817492849219,0.01096018128783224,0
0.19561848075897303,-0.9582602901741932,-0.9371068258037419,0.3812041130646275,-0.6670484978327229,0
-0.022864885023375144,0.9625929138438293,-0.3477902483511899,-0.49812050962987237,-0.46920621555607056,0
-1.3942732282961776,-0.8305926921232679,1.4882527766321951,0.7884540919051268,-0.24456871283362136,0
-1.0515312207493128,0.11696862729858337,0.3969033577994783,0.4764800591229622,-0.14759561465890925,1
0.14858061646912651,0.18366595061549457,-0.3257058426198865,0.04888507291290551,0.5620954060106175,0
-0.29856076699911904,-0.8802910193648916,-1.0526476715031703,-1.215857271204234,-0.1992633076103374,0
1.2195109424270978,0.03866337676035572,-0.591072593213739,-0.520237201748878,0.022241550448319762,0
0.754022394487051,-0.687139685723381,0.9683871185095378,0.7289760015076829,-0.52798643185267,1
-0.3325356414716834,1.751179763048142,-0.5563391000025543,-1.2551676457653784,-0.14393684147686436,0
0.13406364974022378,-0.04538028510224627,0.634871052386804,0.4436255205113009,0.8743789216311649,1
-0.7199168745821628,-1.3537267388689322,-0.9874292174778919,-1.4383929571591985,-0.7213973323722137,0
0.4858276567501063,-0.7107390033844495,-0.5076839334249387,-2.1271312576421315,0.004851519232539668,0
-0.34184840393111654,0.5749412478826456,2.1383781038508407,0.7306051348066543,0.7662346575556374,0
0.03404751804686863,-0.7729405277969256,0.13249629556019646,-0.5840309878668257,1.0802739870382945,0
1.0480518098604257,-0.5569347274021307,0.060553307587612036,0.6909233681778988,-0.10888835021740918,0
-0.7428513238024445,-0.05076090785469975,-0.9338080599495487,0.006126199995551905,-0.5922626305062126,0
-0.2512743149130379,0.48518433286996177,2.738141395472963,0.17747481256186515,-0.03271645852287482,1
-2.451958265896809,-0.6233977224252658,1.4586943785416344,-0.8345710963811058,0.0660574561914947,0
1.30522674062898,-1.9344609642718535,-0.22525257658032224,-1.347736000542148,0.20168065643013502,0
1.0173830828403552,-1.3327285581381432,-0.8336365724823211,0.23093866467454052,-0.5488047926987901,0
1.3608458599831115,-0.5488372402514544,1.0594215373931704,1.787639826417367,-1.380346177136169,0
-0.09310678507675334,-1.165697228533269,0.6036899110905836,-1.0137102811461667,0.6026203432502787,0
-2.1833722391823396,-0.12189907090938325,1.648105113178421,0.32498984341281256,-0.08242686758073048,0
0.72774726000675,-0.7741533840652428,0.12225540738418986,0.768988869301557,-1.5834934550244812,0
0.3612878222994513,0.9026866903773514,-0.2644212739356008,-0.4404295297979572,-0.7898000244812393,1
0.9726142462355415,0.7115601341575556,0.9983323445280006,1.5217710169045602,1.4850501334471233,1
1.0882042990834297,-0.4896118370144856,-0.2142162325323721,-1.0731984908613112,0.2514378122962936,0
0.7770680231228323,1.3310269827811487,-1.2850016968379563,-2.2045469385393788,0.388131176867344,0
0.2709356205153088,1.6470887601333863,-0.171862006555923,-0.4183668442681015,-1.1226832069327901,1
-0.024731401841827386,-0.1100090270801203,0.18183603523553005,-0.010351863480079021,1.296369368719671,0
-1.6301247687511122,1.1679628648631848,-0.3337512429481584,-0.06198527997933725,0.13095684189744303,0
-0.640396941831657,-0.10108914326868838,-0.9952419872705224,-0.7144393864602845,0.5341083445389648,0
-2.396952412162745,-0.10527678798431117,0.3920533469188446,0.6788039222886985,-1.1012454153301803,0
-0.7454406752921485,-0.5546623702968007,0.33886010628431856,1.149139048159542,-0.10287331246947166,0
0.7435373538560283,-1.5016231207530077,-1.1176456421468326,0.18083480382590927,0.9198092377972075,0
-0.06768745573280865,-0.396611877842696,0.09816084555710287,0.2981292031773018,-1.0773189041636302,1
0.2618848193485705,0.958636429957961,0.18460507474684323,1.1743719304621407,-1.4979905455561024,0
1.419176027129007,-1.0787091426597073,-0.2944799514405691,-1.1964892804244687,0.7128896872039168,0
0.7029171654393044,0.43599555055142436,1.1070188535832588,-0.2077324627007672,-0.939958772713715,0
-0.6391875391844183,-0.16383852919985797,2.383770969236927,-0.7368139433160091,-2.0447316691117035,1
1.2508004225777243,0.053490914418947315,-1.151284712615275,0.9570626239444505,-2.369878965294936,1
-0.18963667675479068,0.3280953169942598,-1.0431640232606587,-0.6389959012885713,0.2968078383360244,0
0.059500185275647856,0.5610204212502502,-0.5584571952655617,-0.25772736170305455,-1.3025543177157293,0
1.134995097392859,0.37363997558427076,-0.379960405042498,0.9417808615990209,0.8141313317680275,0
-0.28572912674857137,1.8297646037372652,2.9144944051320665,1.5477781518655056,0.6043632975701865,1
1.2359740827816421,-0.09020396158264996,0.7195022514977317,0.8313235784678997,-1.5530378002472058,0
0.9846181904145784,0.3368228845215102,-0.041509649886825234,-0.6883732542565967,-1.1274447603971585,0
-0.9780093669674103,0.5980284553660721,-0.017749058315271356,-2.3640032508113955,0.07183572458913072,0
-1.0994172632641779,0.3155018297284785,-0.5014325617145112,-1.3621764300658883,0.9090758211930964,1
-1.6235612371302623,-0.3218993192132646,-1.3974521841029628,-0.7237610145176523,-0.18458667293496828,0
-0.4927157844074635,-0.9716884388747624,-0.19575578363860624,0.7766928509808756,-0.39159713718250805,0
1.1175880748833746,-0.05523918082335886,-0.8558390919907779,1.1474559549498708,0.008253199048174013,0
0.7676305120539262,-0.4333017379486697,2.6485912185161697,-1.3791968312173335,0.1568742392951532,1
0.41329300697107857,0.3551558170306817,-0.6298157577958707,0.6451750712123473,0.2686581329167684,1
-0.10868882845593629,-0.8259411980243917,0.5811587000267201,-1.1090000062783016,-1.0343453735466126,0
1.5531992639247476,-0.734381334910723,-2.0285604004572395,-0.6977272580680649,1.5775746269383657,1
0.23711026320353867,-0.21433312072643682,2.3929323908998112,0.7125047709737337,0.9470555274167871,1
-0.07272735756212287,-0.7713136548649806,0.47933347543415333,-0.2297092874074357,0.8592961203159774,0
-0.23176709221604658,1.4447970450383112,-1.0802464719707812,-1.1061724553834291,-0.15297607561910573,0
0.7474177021044655,0.6248406571258729,0.49417587954081726,-0.9992458332877885,-0.04416554944845951,0
1.0996208716145524,1.5602912287737636,-0.8736771017909142,1.3877267374092366,-0.30616287462647923,1
1.542861700649957,0.9272807113744729,-0.7073245455341373,-1.0834997256257826,-0.6233800098939193,1
-0.38884157039097816,0.67077549709001,0.1801700645016636,-1.304737645438875,0.02691389096961037,0
-0.11687728310762124,0.7259181038128187,-0.06096612931279875,0.3721499987082308,0.8934500322662555,0
0.896187523128322,-1.6415005949126278,0.29831913824448275,1.303507460806224,-2.1442644942071065,0
1.5186316910234257,1.1609720224386035,-0.7546989323021517,-0.9601692149585882,-0.007962982521422678,0
-0.2114440537778293,0.7054235129374071,1.90789787039424,-1.3995994573488126,-0.14493638290555763,1
-0.4970079311233023,-0.20179713146402778,-0.08282076703896464,2.433513504448345,-0.875962103830611,0
0.396840350551949,-1.4441370222358558,1.01354379955113,0.09196652757807701,-0.2836853775638861,0
-1.091346742615009,-2.257874499666427,0.7404453500910936,0.028542475717152013,-0.2803837222609375,0
-0.7269760656171309,-0.3240292521626912,1.325047099684861,1.8351794196670073,-1.5085031758493392,1
-0.841507102948873,1.965377334008926,-0.7691783986492043,-0.38752133201499955,-0.11240093532168283,0
-1.5792127874868487,1.019546375645159,0.18237859614903637,0.08989320539045481,-0.19708129956135376,0
0.1697278561960556,-1.1812235415457086,-1.1448093227428007,-2.031238587298812,-1.2796691917015477,0
-1.0930894808176637,1.2542366483066354,0.3871848723437483,0.3103833410437197,0.460619837766339,0
1.2944624226287558,0.14497651749168858,1.193642083065533,0.712723716046179,-1.2218965105806414,0
1.6790962912188536,0.9801266824452599,-0.24999190360960022,-0.03335133415657689,-1.0406380892696412,0
-1.3582525200549975,-0.31306255588934123,-1.0105050811417153,-0.0004776582440872994,-2.15177605688846,0
-1.576793031638989,0.9671507293435794,-1.1850359927336835,-0.8074057121569479,-1.3913359377092112,0
0.2328079352764226,-1.3340774385852239,0.3153076759323847,1.1019887903487144,0.9897164204423521,1
-0.3025614756833427,0.35858302247121,-2.526354485826194,1.4080760712123497,0.24323106394562077,1
1.1853615047908976,2.2936775035140213,-0.7902712734545312,-0.09312114735069431,-1.6770120723045028,1
-0.05600526082832576,1.5483881078238237,-0.39510054022145064,0.9856563046590175,-0.6829357338607561,0
-0.3492245872802344,-0.5481230379610381,-2.0576511485977047,0.297882814285504,-0.0641835900077334,1
-0.6066698233216525,0.35566834319943197,-1.1190496777584207,-0.5728643440282817,0.4817753765270706,0
-0.21377214666709343,-0.7997483848654182,-0.3853014566589912,0.13604887851600359,-1.2047104988165798,0
0.22785140482842778,-0.0858821929175427,0.3020598670395608,-0.22572246160477466,1.292932097632099,0
0.001647283968448275,-0.6919379151664373,1.1805542955606136,-0.97033435066352,0.16114370315451365,1
-0.8695185965526185,0.5367004135050213,-1.948421175768481,-0.27866117904288956,1.4963943770706483,1
0.31004439793778277,-0.5139977199341106,0.43111456704543744,0.052679766541686074,-1.2733002033918657,0
-1.015534639809826,0.6332421638390601,1.0550979699903669,1.7446786219440555,-0.030945651167460574,0
1.0483206426119316,-0.2280896736338105,-0.3774280206585604,1.18644329378225,1.2687584102029776,0
-0.42111485330339327,-0.6316807378234329,0.04737018309920352,0.8410054107124318,0.15586891802702943,0
-0.32378969010993186,1.8619958925935967,1.2206260609694515,0.31032530691981924,0.5815097485462992,0
-1.638853821137311,0.9984668860245507,-0.11660148253431432,0.6336255426706716,-2.8106391448099215,0
0.12691559149668197,0.6873925112179465,-0.9998361296465013,0.002219028856069125,-0.12226655332713779,1
-0.589483213574145,-0.5026979380731864,2.2468240191877493,1.3849234578957852,-0.43728152893988526,0
0.5701397446886362,-1.0517587984674572,-0.2012830660574019,0.6310115179822464,-0.32108943197338813,0
-0.4903548800001443,0.046655124564792746,0.12391412846849184,1.5418412091776632,-1.9853785185972836,0
-0.6424949164412906,-1.083644952133511,-0.2815062682979663,0.8940312391338266,0.6875081101236173,0
-0.5372084621342669,-2.1875662857675304,-2.240900884718868,-1.616841222315821,-1.2914557047422726,0
-0.09849769730347448,-1.248998632382323,-0.6868381586524949,0.875184145412012,0.558014325424413,1
1.0078959537456964,-0.6515086858203988,-0.4415355453741702,-1.039257387904655,0.2530770856611151,0
-0.31760247880166625,-0.1692102789364989,0.47946405244331214,-2.121579689398521,-0.8066012694027915,1
-0.17038389221643996,0.7663916614349962,0.19745074473061755,0.09691652307752076,0.37002869964768015,1
1.4763520678085456,-1.0912180232230675,0.4295591919337492,1.1363361866493231,0.44147120853163685,0
-1.3428041517716,1.359995052437917,0.9596012548284677,-0.8279162983493095,0.26305204721054704,0
-0.31219724937287024,-1.3004828083270614,0.5580056293807357,0.8173730126830798,-1.7919571821567497,0
1.7709657379005705,-1.9156564840034187,-0.0639089912041492,2.0741365000634273,-0.5173538449773366,0
0.8461260007604219,1.4076014769682068,1.382290909515573,0.4023844501774497,-1.5588862600003526,0
2.229028034154865,0.7627431856889644,0.05414100505983944,-0.3842164303585335,0.8824483206854805,1
-1.45957284700399,-0.1150895654504864,-0.17315979356876549,-0.06028561567174281,0.6375794328423497,0
0.39043693481261416,0.047882015308044465,-0.8637506696975973,0.10653462037486418,-0.04015394528491067,0
-0.3958310451336112,-0.6796829145780108,1.2034147186391908,-0.47301528808464466,0.3060618891792468,0
-1.442299468014818,-0.552085341329542,0.0987513764011166,-1.2822178695610162,-0.4785127505688572,0
-1.3845609043484612,0.6162401293571133,-1.2349749931841034,0.29535953797159664,1.1631372566176474,0
0.720014588688807,-0.3040148430038142,0.44802867660808665,-1.0245326422182006,0.033680850384836265,0
1.7501707222727256,-0.14251038536736035,0.07910168542638082,-0.5907705887851721,1.0069168480105548,0
-1.5382043406601174,1.5293427799218542,0.6706551461351598,0.19776885748904974,0.7852365301651117,0
1.911376300633334,1.006168568186725,-0.5246285782148173,-1.027535248627893,-0.5544531840383051,0
-0.5288365163426828,-1.0158881651478238,-0.39590890718793,1.8603589752948475,0.7860675365702241,0
-2.3761396531027357,-1.0473433745353944,-1.501403676910134,1.641465844226457,0.01802765196876274,0
0.4182567723359874,1.1693435979454814,-0.3329457429502959,-0.1717823861657893,0.28167539334940805,0
0.1254237698443936,-0.24562445765842436,-0.19170765662654113,-0.23582910775317428,-0.10926839635319886,0
0.3061931527729231,-0.11615230692603931,1.179727801629239,-2.9592976495486507,-0.032099691975024235,1
-1.2693361357614652,-0.07174200067138264,0.8696260821345921,-1.0680175885084078,2.006732326103091,0
1.622310933822233,0.3932319598117108,0.5860322287694391,-0.9289978249395737,-0.3326987567855866,1
-1.046494978535088,-1.690432010336553,-0.5036999380737561,0.2581329340546493,-0.2960816225122618,0
-1.162490918503924,0.5992953103804923,-0.14105406597911868,-0.9864694370944584,-0.09906770591711551,0
-0.13866703404833614,0.9443110658390578,-1.1790088050802094,-0.35965477773766075,-2.5306171159319266,0
-0.6227732388231338,1.1522843060123606,0.5471728419933405,-0.8419511840329313,-0.1482183870105488,0
-0.1502229279118403,-0.6019924630746747,1.271745143744647,1.1044990738684275,0.6898111112350147,1
0.6517955693736306,0.42363929574801695,-1.65300955844213,0.1975934020889579,2.1987085012982406,1
-0.2707412574686003,0.48816602746588944,-0.59212524160334,-0.40662452892543643,-0.9744874129569973,0
1.2849021390379787,0.5525010701339104,-0.3328567029711101,-1.2337406313661703,1.5065001966476255,0
0.2873932193549877,-0.08255989043217757,1.232459783776189,1.2433613198755797,-1.534711913838071,0
-0.48291564647836815,-0.5151547084918726,-1.4669939912176793,-0.2699333522399856,1.2217447767349752,0
-0.18962963079687287,0.22994356678679595,1.0270521665281351,0.838515097006251,1.3500013534112052,0
0.6760682283472257,-2.189483435263519,0.6827875166153891,-0.14334278172768994,-0.7059601992256558,0
-0.3967933284665072,0.5668871384638506,0.5620465477471703,0.6299533090117905,1.584929156215335,0
-1.3830204832442423,1.6585721208109285,-0.1854479109893715,-0.35922743624109243,-0.5809394379206262,0
-0.33327161621287715,-0.4933725319131356,0.4890194145872522,0.29697527862564405,-1.0853898703424432,0
0.23451599208251492,-0.2740184102916324,-0.19543961053934297,-1.0167003221486262,0.5407019164798147,0
-1.6913127571444329,-1.2224888283291508,0.014156703051213724,-0.8543458894915326,0.835568862818378,0
-0.9833197050363269,0.3016817680950983,1.4139406377460297,-0.7884695887798691,0.508381292259305,0
0.16793429941968072,-1.603353374126271,-0.14858281392066458,0.13016455182073766,-0.12917721975725988,0
-0.6226467931341877,0.1226266728447546,1.6681928811682898,0.14440089309554657,1.062917688839061,0
-0.1402849327466209,-0.8823096472577179,-0.7534893372969073,2.2038539181361223,-0.502659504440179,0
1.0508071313792557,0.5804942948547114,-0.4085635188320628,0.9000498905108648,-0.1360363721987082,0
0.3615238862887558,-0.2855490505284844,-0.8032913060927485,-0.1883759030314077,0.19915145464445522,1
-0.8176535834229307,0.18783761295998216,-1.6571254684507313,1.1772982981407438,-0.046115157135580676,1
-0.26910465306687587,0.21482664843107138,0.4888214732418738,-0.6553695406791628,0.8039930906964756,0
-1.1051200646067132,0.9253734934766721,1.1042644790134608,1.5171085772586632,-0.117113237010254,0
1.5086263383550553,-1.2689077592278801,-0.6032106084895712,-2.020815095428831,0.6250678412667883,0
0.04601274374332177,1.0945809528185066,-1.0534337739297521,-1.9601138581774464,0.5845045035564513,0
0.5361331541243719,0.931462588823094,0.8199164110631999,0.7500242185859001,-1.5489581006640758,0
0.6247871445749843,0.21192404513367752,-0.12121690383585594,-0.6266134757663876,1.0889705599915036,0
-1.0960692486882508,0.3324613300033878,0.4340321100650923,0.9870148267573804,-1.0748158212616747,0
1.2203671266495173,1.0428317325015155,-2.5301868059559443,1.5621575557407017,-0.21744477042360855,1
-0.33025824944042054,-0.4409860603800007,-1.5650075864203281,-0.9511389163662238,1.0943012829038767,0
0.3374682317960067,-0.7116723572678944,-1.066451620948937,-0.9116698787213613,-0.24533820122083533,1
-0.722710323358981,-0.0754441323001701,-0.17228590487334328,1.8816922563005836,-0.5634952831117822,1
-1.4193118222713912,-0.34291285078786005,0.9879901134834661,0.8143212631187061,-0.03002366187882551,0
1.3295089834567864,-0.10195262843901286,0.02345103316714042,-0.46512479486829145,-0.4441188888748691,0
0.9230883533341655,-0.9555973605445158,-0.5547722133644378,0.5937626205534733,-0.08947408111671369,0
0.23317633177975536,0.33164088287113924,0.6781706694076508,0.5468690127608442,1.0361594750607706,0
-1.4507952663996664,1.8748259458190148,0.037017570997737004,-2.1483270578431446,-0.42978708389701326,0
-0.5976998856840421,-2.038651371039134,0.3087829178435723,0.9245173598241966,-0.12673481916445203,0
0.04250401062956967,-0.37245989197853374,1.674155559927328,0.7674974689889512,-1.2699573187055466,1
-0.9029753123437859,0.1102884066070594,1.1826296340739213,0.19879493338852786,0.45641447852433065,1
0.8151297381580466,-0.5912823504577815,0.2626306572669258,-4.353434941488422,-1.0154209459783978,1
-1.0926449236879543,-0.9887179532694416,-0.18244890816867484,-0.2574209713649617,-0.08161111173660278,0
-0.11118722470615773,0.38424477608911384,1.4247621312693015,1.9982758031274024,-0.5420992857830559,0
1.323514424560454,0.2981158958759498,-0.538919047809669,-0.7694853297819755,-0.8297669639438062,0
-0.6107305009292381,1.3298255204500262,0.19305636830201048,0.6444674079396092,1.2624643743638668,0
-0.024808217308743028,0.061035495578767744,-1.6875014285877983,0.3384670334083065,0.6612017259484531,1
-2.5884252901053406,-1.0702027559455842,-1.2669423751141617,0.06060671306589548,1.1457412501055841,0
0.2116679913208537,1.2447197250963433,-0.3270881051088227,-1.0424350690327995,0.09690090934810466,0
0.22603269806647266,0.48278448744968333,0.6951324184203327,0.22709205589695813,1.5779597352213204,1
-0.7329292077582378,0.5810844424215369,0.28406464993251856,-2.068259484178515,-0.8052320375747924,0
0.15104933445179283,1.9408915065115697,1.2714306095613799,-0.32542754164530224,1.033401225114262,0
-0.2765015727824914,0.05294724579779633,-0.5716419019457918,1.2240061591800195,0.05950760196618524,0
-0.18815200597588258,-1.3245692910652864,0.5541970335776772,0.5509555287436545,1.0126373353809344,0
0.32388937231083953,-0.16039885416752517,-0.4103418877577473,-0.2731435401401796,-1.1321726567247334,1
0.11635514808525703,-0.6994175202317124,-1.4674786525732773,-0.27652967623739544,1.7508342554235798,1
-0.3320527305266065,0.07226954017015176,1.7993371768590725,1.7975428809419813,-0.22559221206067784,1
0.30968302307790563,0.4481199660151643,-0.1581099348532172,0.08600077915656483,1.0201852993156362,0
0.6766772053242655,0.5958686403381949,0.24910270566137166,2.5857070843125918,-1.7442248905389073,0
-1.4622889876618834,0.25547839050118326,-0.8697263118554511,-0.1676061125817043,0.7492910394511906,0
-0.23517138055909068,-0.33777973653617444,-1.3155033002003684,0.715520112997615,-0.9577289447190046,1
-1.8457279141564686,-2.0222485704342192,-0.8092592045774077,0.7281591555878099,0.4580276187813981,0
-1.022928342907315,0.09478367736882753,0.19571126197862967,1.7859945841467448,-1.0884068570105339,0
0.6141840651505424,-1.0215507542813005,-0.17849104581072123,1.0073780369832992,2.1812632963703886,0
-0.528531676391629,0.3962918125503617,1.475455124684557,-1.4942125649022533,1.2717620307828073,1
0.9430130365768952,2.0163016272686978,-0.5248781413545026,-0.5179781978687968,1.5288984797962861,1
0.5387505584836196,2.473469107079207,0.2649865522630903,-0.6519359700503633,0.13049706867232683,0
-0.2449433921157532,1.1593066111710508,1.110272585383964,0.5407742538091888,-0.33710383067470306,0
0.14814365405301164,-1.5558124265041378,-0.38053232736730647,-0.7547569295640527,0.7858238373285492,0
1.329759911895725,0.4596530093485108,1.2282997139912584,0.6513623567789589,0.15369369058195925,1
-0.3388128744652119,-0.18575741678058091,0.06181393165392443,-1.2988137439999279,0.6672217838716031,0
-0.7416802959029508,0.38062204932392507,-0.2605499274580144,-1.680378939111117,-0.6572146980300935,0
0.7221108755387864,1.3602743245453806,-0.3071184645932821,1.3027921475573891,0.24236349140384192,0
0.294652536954678,0.8466712068320654,-1.9214490002109272,-1.3278619877914264,-0.7485740007162214,1
0.019914518533118094,-0.03587759002172359,1.3993098629983491,-0.481683245253231,2.030523188581561,1
0.22777441249550018,-0.7670118839174538,-0.09940738396100124,1.0032627536171848,-0.7609303383328226,0
-0.09797830794199364,2.129853216019492,0.7424093344216255,-0.36636758655057894,0.5389696465180894,0
-1.564300936655395,0.5981527123442231,0.34322211289329374,-0.6207909687455171,-0.2700984350450792,0
1.1178105350089396,1.457796358928205,2.129551452689781,0.05382858410651165,0.6484786473846603,1
-0.23001955541200486,-0.5583688329269346,1.814950248050048,-0.1458503410000453,1.593656367554696,0
-0.6734042653950516,-0.06813015966197221,1.234727102298814,-0.38876294430634234,-0.6299380303450837,0
-0.2628261423223878,0.4144550006908527,0.6202264017784122,1.0693739329018872,-0.41901969978537706,0
-0.4554868175376293,0.005635603656583979,1.06575641840755,1.7964355944419494,-0.6705742517928617,1
1.8893178298904143,2.577964526959857,-0.31674954017815504,-0.734225647378945,2.1920862274809365,1
-0.8835285001282972,-1.6781106839449709,-0.7721233332684878,0.1593578454508163,0.0217495778370639,0
-1.3297394956099395,0.2629609178752063,1.4288272999968907,-0.6844520258085074,1.0162963806431242,0
1.060305486007657,0.08923136758999341,0.08259006070912436,-0.118741549853463,-0.928552044713716,0
0.47447538923162225,-0.6035883984370951,-0.7292211209369914,-0.21317719236951244,0.10636772645251891,1
-2.4486964662964907,0.9432479725873256,0.13964528964506112,1.7316948301103423,0.8943182907727241,0
-0.670181002893002,1.149197559335165,-0.6761821268104363,-0.24838773335658135,1.9377032461939159,0
0.6527393068174977,0.11698346722434329,0.20366655673415598,0.23407669776725148,-0.9052829678883687,0
1.3597956531466069,-0.9393570119417464,0.0860551675492884,0.12077855260860679,0.437848458219309,0
1.3788592866933465,-0.14725124205787823,-0.6395485738337298,0.2684172238885368,-0.2219243876301285,0
-0.597569182201961,0.2949940748826127,1.1101327235658143,1.0353533767211032,-2.029848653914422,0
1.436208576351797,0.34661333598492594,-0.013297718413486563,-0.00701308675204895,1.100262860650389,0
0.41907376298530774,-1.1722622648623595,0.848867928843817,0.07778003889822686,0.8528113549090718,0
-0.7846493740027599,-0.13569744658059102,0.23840994475453264,0.93036672727825,2.512603406322367,0
-1.1339111658465424,-1.0887971636265834,-0.8686015858234694,1.0158319100867619,-0.6052400968019778,0
1.1130394849545329,0.010850136096614013,-0.06661562633666089,1.8263720021746006,-2.100458342190769,0
1.618872905298296,-2.194418990207196,-0.9190262255861594,0.6675467991529617,0.9233716555817213,0
-0.8525099007874362,0.45326896819588025,-0.2940504203142141,0.8979205941335567,-0.015011127824339577,1
1.562919852335803,-1.578631063945105,-0.008344253531611326,-1.1289658609209858,0.805626723013395,0
0.8392360327647864,1.164914714973137,-1.0948235048410146,0.3730539069092666,0.17258360245482052,0
-1.7029504297905618,0.6524098804719836,0.22647874099983775,-0.4720549592742102,-0.48590834074309985,0
0.13521840723177672,-1.9666438904406132,-0.8806640331526806,0.5009582543854391,0.6622289326752532,0
-2.5066855629685794,-0.545093418845251,1.8031055995988485,1.661581095102517,1.227022167085265,0
1.450128887966283,1.519301713940923,-1.7357377434368921,1.1392866675033368,-0.21025163234729638,1
-0.16909999809392567,-0.52850580353505,-2.425618510067776,-0.5561624437487146,0.37957945468655635,1
1.7365302723149727,3.850604472835967,-0.6678415807802147,1.1698627752411737,-0.10204307375983433,1
-1.2533432078618802,0.5518433154016961,-0.5772574080113426,0.022468726863850225,0.7965602747644068,0
-0.8404071655792532,-0.873162280095878,-0.9881506322093175,0.4531635436081933,-1.3147751246897559,1
-0.8262205144140146,-0.13419985008923238,0.3940091275958846,-0.45564643090787255,0.1441648431693206,0
-1.8285384275275511,1.5586800086240955,0.6159258029742447,-1.9379595393748308,0.5435173592991914,0
0.8780758444467117,-0.2637787074921603,-0.6255717114708187,0.5616343639150418,-0.2576701294594772,0
0.7859124487022209,-1.4499530221343888,-0.610854762708955,-0.3709296838861312,0.9300257825026451,0
0.14595280378559874,0.6342611530763099,-1.4225996191200814,0.748750877523816,-0.8004551176313188,0
0.44423153035553026,1.6974597796681832,-1.196018365185973,-1.2141824072105565,-0.5439546115666306,1
-0.6166446776541943,0.1748575124302248,0.557200813318291,-0.6217521836672655,0.024902764924902676,0
-0.6901050922339107,0.021200349369044063,0.3297391248458065,-1.1525348876532595,-0.5567628282775983,0
-0.7962140083021498,1.7025272703572383,1.1364196148657635,0.14313254034374487,0.5044635503029471,0
-0.7834765852280952,-0.7298783274985027,-0.14571417309863588,0.2206004872964928,1.4631276554643298,0
2.4477028532420713,0.3729360627681359,-0.9037284725879907,-1.00431925964761,-1.304453121189233,1
0.13570132933533674,0.43796052664169494,1.2110164886214136,-0.33461043876580754,-0.24382618397209604,0
0.8438054973725052,1.0838616003628294,0.5974366820333293,1.7322088209403492,-2.8430432850155,1
0.04234040791428631,-1.6776627851107206,-0.5124014292802852,-0.252802226269482,-1.1951001364235159,0
-0.6733773077367187,-1.5613578057712094,-0.8868544590334512,-0.879311415802776,1.5028711548370006,0
-2.702065863012482,1.0117204073269992,0.3121122560544639,-1.004664311668839,-1.048843463827825,0
-0.3207910807617234,0.22354853139130532,-0.7160231662294978,0.15504500011457428,0.3645951003394311,0
0.7046444794821531,9.170351651397512e-06,-0.1897593363507551,2.189987222793311,0.6783224926300857,0
0.1707453979275832,1.3783024615745638,-1.1374658758815324,-0.7041934647321456,1.115482979390909,0
0.5771937303395557,2.1393278985751336,-1.7345848608921115,0.9856290615647805,1.4723452994569037,1
-0.45714270740820057,0.9361681348099143,0.04463125856270244,0.40282756544110615,-0.3534190774119342,0
-0.28670127703492504,-0.9800378025166716,-0.4345940657512633,0.04655413042796849,-0.8363730409331733,0
1.420369951077041,-1.4130305719223053,0.6481418327041135,-1.7538956097494691,-2.255293618901871,0
-2.3094652156490145,-0.024799944786046496,0.3426826204099864,-2.1414438716570676,0.6096726248020594,0
-1.240333141752892,0.1664422527998179,2.853716323338199,0.11009568248504645,-1.203485221221337,1
1.120420298019701,0.6397810644365449,-0.2444149001571254,0.09366381856524693,0.6032084299443762,1
0.2704588737520079,0.3779002810001865,1.071161045785715,-1.2365011177448155,0.8206642156310754,0
0.339233934691535,-0.8294042225167894,-1.101301619171689,-0.12748796394866935,-1.1413890934980722,0
-1.172165428074608,-0.1007389191291103,0.39310408631979676,-0.5760878262627805,-1.0027511713990096,0
0.0378611833573663,-0.08167180997101521,0.19147279518142526,0.49944692675649216,0.32800741888015733,0
-0.35080991000586464,2.4101491297979605,-0.5043566496795886,-0.7246174401774581,2.3341258194780226,1
-1.3338383263976468,0.5654997644763922,0.8451556752577336,-0.32860471090101223,-0.7459128983466888,0
1.7191742321007462,0.38267723612335075,-0.13540150590945166,0.4834320278459448,0.4341745496036552,0
-0.31611601453838223,1.4921823622702206,0.03454358069023104,0.33373201622751747,-0.7104050502810396,0
-0.8193021586903184,-0.6287770253191952,1.066643104670251,-0.8349252733709679,-0.3513734294638176,0
0.7392960089439161,-0.8493915865143441,1.9451634177503314,-0.7176806708220401,0.7230793027359218,0
-1.8155629918316551,-1.50626924116532,1.944116112851903,-0.8497909677940342,2.102136391924302,1
-0.6930493230026983,-0.583598346395262,-0.26937834295071283,-2.1598686041044783,-0.39172880664641785,0
0.7494457582813135,0.401462588830348,-0.6735515749214648,0.34514947989103817,-0.12638970123989393,1
2.5337653538040343,-0.8613873235906851,-0.9838064682122881,1.2255735782018773,-1.1063956324549449,0
0.1695344049077123,0.3853818367023289,0.31269461039138075,0.10094974303871068,-1.2571792713878827,0
-1.3436545221443899,-0.8155466701628573,-0.3095810011603916,-1.4662864282640875,0.4240068344883358,0
-1.8156952139683729,-0.7472050258725568,-0.30337416805735923,-1.1548281250320833,-0.3714062170041765,0
0.5591761477411453,1.758087935702015,0.11686003320297846,-0.6394538445239963,-0.09265192328074374,1
0.13707676893862,0.6344143259043888,0.7882821701871771,0.913390676612708,-0.5009930068812327,0
-0.29716203746909686,0.35262022389953723,0.2531817380377764,1.1913452065026964,1.2147894782538928,1
0.8095429508857496,-0.498649662504318,0.548042794517452,0.3650810853597676,-0.784918138809177,0
-0.7435854599158183,2.1164891303340987,-0.9385194845356104,-0.9360540964111566,2.4553505685799055,1
0.3134274874454732,-2.7813153846149112,0.3518060158509427,0.2512131199903613,0.9871577260716485,0
0.021134083634998177,0.9942837167312693,1.0622754346957768,-1.5083288666751413,-1.1028060938170476,0
-0.6188866738635667,-0.7186209129282168,-1.876002757058878,0.7247725775721526,-1.8757193806171504,0
-0.5286568288019582,0.21041996645708247,0.35583074734596676,0.2002466510794665,-1.3952294937774934,0
-0.27679637785466327,0.5484936386245803,1.3874930882781418,1.7973824938080891,0.4740934491470384,0
-0.058115042895799246,-0.1569536170712469,0.21532797965275696,0.3359990287901074,1.2481559214699993,0
1.9500579117152905,-0.4214644353086648,-0.8029144238260354,0.5257729732660253,1.8597538801927942,1
0.47059815491003315,0.7155324070161111,0.08994778241956798,-0.22034642785120545,0.2703398422108893,1
-0.05328640538254546,-0.26723013807930107,1.34412475010129,-1.0313453552241396,-0.8581718293046279,0
-0.5171426477595027,-0.01449854704920171,-0.9883731286493382,1.4831297024461214,0.1956541732242726,0
0.6093369983427138,1.4240290459066616,-0.07388477245028548,0.8738948686830578,-0.016153333968924943,0
1.2261728414253708,0.19739392834030348,0.22831761864017988,0.279445061403065,-0.006688530542563746,1
1.10940254283938,-0.08404681677816246,0.11776011536199377,0.13208121989487273,-0.3211724600788452,0
0.37494181221113754,0.03478862175139287,-1.4213061853236288,0.6723484037278208,0.665727207027566,1
-1.3571907132634202,0.032116482959800886,-0.4031686235996803,0.5545111374918739,-0.8707923699040233,0
-0.8142818625490018,1.8661311025930336,0.24403176499405455,-0.7120206453185176,0.016986767560845314,1
1.2258076724865252,-0.6182564379649296,-0.0757358445068263,1.1697435183976879,-0.1087127609092856,0
-0.32520762246822604,0.23543904571811916,0.7918689435741425,0.9649972193175753,0.2995683037721072,0
0.9420662809103504,0.6225023400617865,-1.5487546158073273,1.8436463823671172,0.021351439115623455,1
0.7927407457726745,-0.20300263355498963,0.1704904731881387,-1.6526717814175473,0.24483341247793522,0
0.12088367096255521,-0.47752396244539647,0.6391919166473613,-1.347628919872759,-0.0316955788548692,0
1.1581762390973092,0.4807264025175555,-0.22780097534934377,-1.1464297259250755,0.6589744660277272,0
-0.3309443189676359,-0.049759450703379386,-1.0039564408696375,1.8210442903668886,-0.6198415151194049,1
-2.452794991446776,0.10507727780291892,0.08829886210156301,-0.04596970337376893,0.5561540478063779,0
-0.14232116856487603,-2.245580834211799,0.11401278080496363,1.9180719758892557,-0.39375560478810656,0
-1.2177677518812333,0.35918007724517464,0.14994544303871188,0.6317480528642726,-2.617882606471265,0
0.5815707568953288,0.2921186869845897,1.0542389080960746,0.7362214094043438,-0.5241893493814331,0
-0.06803382514059177,0.4278099265370405,-1.0585078453232526,-0.3319979151466161,-0.10536126462636644,0
2.622010455718033,1.1121011650140862,1.3135738904561975,2.0759699405815972,0.45758787827214553,1
-1.1458959269567135,-0.5565034785148351,0.6661477854548906,0.5760823528082202,1.0602333534493615,0
0.5120459312848653,-1.6572831569997284,-0.32095954788403297,0.268922620047673,0.9025809709226745,0
0.34548634155304214,-0.21312963779631555,-1.6273367493330426,-2.1731672713425696,1.0738351014780183,0
1.0476383072583872,0.6558041618956234,-1.3350336616732519,0.02311735789669393,-1.1972452183006541,1
0.5010686083093079,-1.8202008789280006,-0.2514726505339167,-0.7445154608004109,-0.1604083702940357,0
0.8018083186453377,-0.5894903024110995,-1.6099812559450464,1.4912094806683047,-0.16168137753757625,0
0.4646578539366667,0.7057848027003358,0.6853426624335616,0.9051882094234872,-0.0685524348045783,0
-1.9362114252583544,-1.034149420488641,-0.17219064538060525,-0.5470412896575356,0.9902583061296402,0
0.654645691719995,-0.7412292797199134,0.24151429735771898,-0.45190793406320723,-0.4066472844586165,1
1.491247463549543,0.25440232047607897,-0.6953633628648704,-0.03257587272392569,0.455151285210891,1
-2.1678939002911015,0.5596411494789444,-0.35314852857373974,0.4515851731823196,1.2286508534799663,0
-0.5257224920241123,-2.571427432073263,1.145510303191305,1.100465231459304,-0.08088003942686511,0
-1.281393502201643,-1.023678390519866,0.9365297339446171,2.03348840118516,-0.7085726320412272,0
-0.21086573442458262,-0.24589989377115265,0.2000757939055653,0.5567005580528666,0.4599373781143929,0
-1.3477899716318114,0.6403344619185342,-0.6639803119027247,0.26675596512925764,1.8637612730903599,0
1.5347565807716177,-0.2000703068941278,-0.6959713157497047,1.4149631465089931,-0.624763468417163,0
-1.0972945981732376,0.7381318127615417,-0.9034791755522765,0.39749675711696797,0.8711093623004911,0
-0.9495413786880751,-1.2089815684113119,0.16497989838124613,-0.9074183433759424,-0.15842749541426437,0
0.6972660844678894,0.8445447706167808,0.6746310833418322,-1.759353929966987,1.8420916908774778,0
0.5558095232004018,0.5549718855855508,0.9892007966813333,-0.9762417738234573,-0.8127841136679979,0
-1.584351806785958,-1.5603437463303615,-1.7297137884430451,-0.8635628770978949,-0.40205204280315526,0
-0.5411589993392142,-1.2393820234932988,-0.5060172664345828,0.25040115635859334,-0.010230850239726206,0
0.5012158430826864,1.7133160029832104,-0.7284842078300983,0.7930638142588884,-1.6949796513510957,0
0.2384533814025794,-1.0588010724910342,0.42781523483824485,-1.6413105866577373,-0.8214387812121742,0
0.11725426836758171,-0.20836784087379712,0.6119807998043907,-0.397461013804326,-0.7476378920932207,0
-0.6716818795865434,2.7844446100973888,0.785848896502767,0.35043507784807243,0.6383230546116445,0
0.015992445927022005,1.2381998444487208,0.2642065685797315,1.2106045178165679,0.32675371855799573,0
0.13023055445570103,0.5925944457756903,1.8837113941218646,0.07470967604084122,-1.395248901383638,0
-0.6695846730153749,-0.35226282985807017,-0.40028320375459703,0.19392327218557837,-0.6989827774940836,0
0.707821250412151,-0.38898186327627277,-0.7387637658537937,0.7818182212696777,0.7175184458402835,0
0.12097399971780036,-0.39050129627170527,0.9597987025030943,2.125165716162994,-0.13616963510204358,0
1.2619570834682747,0.13396740853320052,-0.29096278727269587,-0.5017738259202018,0.7507259214140486,0
-0.8990207104752822,-0.7649235055106617,0.5956212318135131,-0.680095019739303,0.7819441136261598,0
-2.1379028497939445,-1.1372456231435186,1.102646199730198,-0.5028417543710098,-1.1109699178017056,0
0.40141020642502334,-1.2117511546336883,0.33522181849886995,-0.035986524994205606,0.9101684466049206,0
0.3914972385271269,-0.8453254690345766,0.8966418348568851,-0.1312834501723673,-1.1028211034798716,0
0.15191197292796035,-0.6609199277512644,-2.71726532907251,-0.5072604249522434,0.9178890184507164,1
1.8268348657948186,1.470957139447192,-0.04121236318869607,-0.2824402457245201,0.11234438253213656,0
0.5410617579335131,-1.1760073653289114,1.121971280334885,-0.494832596848606,-0.8629218196421283,0
-1.0132763288905238,-0.606255062466371,-1.124681033940736,-0.4890517079905795,0.5527552195438878,0
-0.956558268279924,-0.42834745403489255,1.8824041015737003,-0.45559552082319893,1.0162649738242369,0
-0.8487906603913449,1.0860103128579726,-1.5972428475279126,-1.6852068000319897,-1.650174037953002,0
-0.19621399645100296,1.6591641321494386,0.30853946139026484,-1.296210854949245,-0.981971410416033,0
0.7669697632550728,-0.43564018063352833,-0.05906866645577323,-0.8159105276814242,1.8813028165452599,0
0.08665962712714807,-0.46702465964054724,0.9212078965423695,0.1740744101399284,0.39604065221868484,1
-1.1837795709372112,2.5687687981115985,0.9876610226833815,0.73452322967247,-0.814021013589361,0
1.332392755870204,-0.7655594313755187,-0.29879236153602723,0.18188913752141825,0.098570683014134,0
0.26415016875340663,1.5889576167062143,1.0580967300684692,-0.32025032708654766,0.3423641485042599,1
-0.9487344438773005,-1.5574361124422442,-0.9264085221355719,-1.3647263866537298,1.5903028814091962,0
0.3489224214510277,-0.9498346868776334,0.856593195316191,1.260557224673638,0.37656598384166523,0
-1.06426481390245,1.6713925428124343,1.8446587661511666,-1.6241954015998452,-0.39188959721351924,0
-0.6579949939445752,0.5913158451215654,0.5009341316830644,0.7945155301902841,-1.4787605507329307,0
1.2115763957742536,-0.12277405213788903,-0.25445013385491305,-0.014171637183539356,-0.2140526884146491,0
0.5973059473896508,0.6769079880709731,-0.20664188998077335,-0.5852588189185539,1.4072141624908872,0
-1.0326143067454625,0.030085256952244437,0.07822762167410124,0.4528788307555994,-1.6289612769349109,0
0.6495884234954897,0.12958245589170628,1.025628918580548,0.1867509867909721,0.13031876400082767,0
1.0520446401974048,-0.6020354826125792,-0.5622374136916671,-0.32722127182859123,0.760042732201265,0
-0.11133588827781371,-1.0463273468831353,0.6419707738467871,-0.7808345744305918,-1.3548378656564726,0
0.03794023196936877,0.6224925977722879,0.5727052017877853,1.942133589136761,-0.9037824042559564,0
-1.3865668338779478,0.06855766585017019,-1.6250098674067803,0.9248711771236123,-0.26395113975136214,1
-0.5590813995730027,2.499492213475526,-1.1551024712953104,0.36138020011698263,-1.791560738553607,0
0.3670470059575116,-0.744060854342891,0.18925785538602047,-0.7117402257758751,1.6013675012380433,0
-1.023399795510365,-0.2564979949145302,0.22942091939540293,0.1573013612092762,0.5563262456926806,1
1.1516810862580142,1.0395311324923213,1.1901749129281178,-0.6612879814095082,-0.9566489589056503,0
2.7083268625905053,0.8704125340392649,0.035343730443018764,-0.9946104506497413,0.15837194868571672,0
-1.490810598300543,0.9320257166415565,-1.2890423467031125,-0.05847912100175258,1.9409159588902778,0
0.8859773306297061,-0.4162025505946397,-1.0901111653913274,0.0908963343002388,0.5601202907110325,0
-0.004734657478144925,-0.3848490821924987,-1.0354630814984909,-0.8514950804535221,0.2706917994323952,0
-0.5135705282271474,0.21362774884268654,-0.8416642800103633,0.5119574750179143,-1.2471630731755972,0
1.2545838510928577,-0.7661065618402714,-0.4336580963215041,-0.24276910767064372,-0.03694551459294543,0
-1.092978373302776,-0.5808850362670824,-0.15748136291643097,-2.6271015880259267,1.330378602231495,0
-1.126995592964121,-1.4528942692172264,0.6031695296274927,-0.4220168817167976,0.34342583386359726,0
-0.0013506315934402378,-0.016715844355865792,0.30673116564822955,-2.1440987722195204,0.4484125005734985,0
-1.1981863623121003,-0.9192289385000919,0.6023648929793561,-0.26572171735483313,0.6119400163922422,0
-0.670908438942002,0.6666878582181007,-1.4916685984833087,2.8469837042688906,-0.38795907725451567,0
1.1751047563116241,0.02082518878426735,1.0305987472763,-1.7167580125002908,-1.8379616003264698,0
0.37345744033760403,-1.2221377485889502,0.4259304507844449,-1.6278521875041223,-0.4786007736224936,0
-0.2547419355845524,-0.7132017084182822,0.6979865691297571,1.6097221338571166,-0.15972203253876494,0
-1.5573891612737973,0.6721267222979096,-0.38167363194677195,-1.413209193751633,-3.1856137750651894,0
-0.2906590430296996,0.5846698612780417,0.11361204919834475,-1.0887132223073712,0.09419183637414276,0
-1.208999483160756,1.050987483064724,-0.09039743582684015,0.7733072069861087,1.231672316528862,0
-1.936484777282948,1.7926635414757117,-0.5835212209432288,2.161539433241311,0.42226934296163326,0
0.7431151553470542,-0.6484724731554611,-0.05323482335724828,-0.6287400446106524,1.3105054379316536,0
-0.4890963484421358,1.0904130289795004,1.4541546870136919,0.8652731003574031,-0.3083344192063418,0
1.5938250670169714,1.0946859322377251,-1.5596562584963016,-0.11496895212144369,-0.7712867885623523,1
1.9502647573517773,1.500579164839676,-1.093771842055522,-0.8287494169145871,0.2781640961275788,1
-1.2790923066505686,0.7600019706389863,-1.9956685487013406,1.1136543436922788,0.11707983776429402,1
-0.8170017223177796,-2.4963739960224527,-0.10134757721846994,0.3474406095818269,0.9193111089133867,0
0.7266081832415423,-2.620236440670154,-0.3798183538750124,-2.103281343306817,-0.9719854610709155,0
-0.03453065304557758,0.23028751826607474,0.1577218262990552,0.7657115107689073,1.6336376567617599,0
0.5058288790660299,1.9051482624566456,-1.0658064822001978,1.579345372578678,-0.1967407700616554,1
1.368405085699174,0.11718555061483117,1.9759753138906062,1.1087808146657736,-1.8635798229461906,0
0.9479850266048703,-0.9081508610100306,-0.48291880350214494,-2.0292454778936038,1.3268836799410402,0
-0.376794697580478,-0.1063365110423058,0.3269689986562542,-0.028500015523409,1.1434453196826833,0
0.5165618148717062,-1.3766835753634221,-1.2675142862127182,-0.005936528135455753,-0.4249609260817425,0
0.9463100554823678,0.8836074827044352,-0.2109331875674861,1.150800154642088,0.20736680157777215,1
-0.4945964992032379,0.4845716238779703,-1.371179205032597,0.5433795127694218,-0.16799691830796548,0
-1.5054101347946656,-0.8745765018962965,1.3853789582612124,-0.32153403581949186,-0.3496201606584617,1
0.0526193813297967,0.754281971660866,0.017286164144841725,-0.6449224098821003,-0.013534222979853162,0
0.9986364221964725,-0.2974546049177081,-2.6989743806615984,-2.5503317501268588,0.04278869619998354,1
0.7872755800555484,1.0554919385788444,-0.22990960985239964,0.25396439459702885,0.3378768626049887,0
1.9961181185285803,0.61841233468545,-0.3433757980815747,0.4002900534719011,1.7957132328638723,0
-1.3052121715921425,-1.2134439891345368,0.08858119465959809,-0.36209309808874224,0.9999064800768961,0
-0.9714421986951456,-1.4561532470916119,-0.17663708328095154,-1.5763957367197217,-0.5387956048128106,0
-1.1184978701455741,-0.699322909596488,0.5824097309712709,-0.24475050646338628,0.387473690148114,0
0.3075667556063404,-0.7480534246073356,0.9094456853910646,0.4301299967337479,0.39935997530368983,0
-0.8076601960374121,-0.7708772667549656,-1.618200235038292,-1.4229556062532254,1.57698858411429,0
0.3520297479181425,-0.07253951023672676,0.5836909327184165,-0.3686726083567668,-0.7713694249249765,0
0.3592944423366578,-1.6216075995225887,-0.127304255021256,1.6661851562281378,0.5857887807697096,0
0.8161853200738561,-0.1915279761300597,2.1801135702743535,0.8088590805689511,0.9853072548836831,1
-0.6420682315630837,-0.4397292355033038,-0.6791817019668065,1.78960246736218,-0.36205082535556576,1
1.9536449616334428,-0.11292934498128944,-0.7815341256823316,-0.7461540504964008,-0.16730982196765193,0
0.5401679980814041,0.8229904689058831,0.238726101558399,-1.2252154163238946,-1.318592319429354,1
2.448830722523403,-0.7909602237186237,1.2443325422189488,-2.26084931527117,-1.7109879940224055,0
0.6821160718339154,0.31221765956361297,0.12194219087939105,0.26681512337678065,-0.2296629470950345,0
-0.050512967906057325,0.19686911530438592,2.166245978093628,-0.5317256150326078,0.565779259730053,1
-1.4079782613054568,1.454390099823855,0.9283605688275305,0.7596027322243443,-1.3918107455811015,0
-0.33782368290556564,-1.0517336959947188,0.3733725528422207,0.4726731078869583,1.6029006420211875,0
1.2846329561161878,-0.6247951066665182,1.0531752768815,2.2326339056091804,0.9783925391225693,0
-1.1691842345029297,0.3334526990843664,-0.3610001186826437,-0.511837905638067,-0.059529066743241724,0
0.6121388611103579,0.4997513402445946,-0.1548592493000267,1.762581102371559,1.2403926922900004,0
0.6088457929179415,-1.7357701345214611,-0.9906988938705434,3.5157308231281257,0.4744840760722599,0
-1.209075026201233,0.44533937541032687,0.230657240601304,-0.0462002394778932,-0.22215408310304646,0
0.32056786318510094,1.6233243333958183,-1.1365069770782665,-1.3866833541234724,0.09375111283498448,0
-1.8085755473127751,1.2565973430237791,-0.8163495623765691,-1.409836733783293,1.1526016564654158,0
0.5257183163364364,0.8345184503579949,-0.9681501936426667,-2.155356585618126,-0.14618298304640967,1
-0.6075847885082041,0.0663106239622782,-0.292874816270188,0.8514313595418915,0.9379953334676527,0
1.0411024490588703,-1.5338597903771152,1.491085901161851,0.7362531656040692,-0.5703496994667058,0
-1.4963636710001331,0.7487557391083933,-1.703129115826331,1.693364574183297,-1.0527772439720853,0
0.6934121452345839,0.8384524900333066,-0.038131279394027294,-0.4251385961907744,-0.8597193254716963,1
-0.37191447038921555,0.24133412745986924,0.9859665267091325,-0.5181659455090517,1.1705064339743674,0
0.8262838424513094,1.1841964583778544,0.5927956038809319,-0.9418557377905212,-1.3073631931142355,0
0.3555391663216055,-0.8811796995636403,-0.572301973561311,-0.03474341668096025,-0.27933280590009985,0
0.42874647857148807,-0.24375213599308598,0.8121684522414174,0.7955382440674655,-2.1104403575979536,0
-0.21173430417782557,-1.2399846007664028,-1.2531761439763558,-0.29467057049758594,-0.8923066015462862,0
-0.965073010643266,-1.000741422177884,0.9516500981666239,-0.22082522032472865,0.8099847147060388,0
-0.5858554444030282,-0.3360523554418166,-0.29384143937796053,0.24179491992788624,1.0862580671800648,0
-0.3054789273504849,-1.400672891493115,0.39816759674841046,1.6649835589361834,-2.710554569769576,0
0.000709015213910565,-1.1169898652153034,-0.37185471078484716,0.9448830952187836,0.6865846853684784,0
0.21960035663693162,-1.0813535183132035,0.7793846468159237,-0.40940505948614764,-0.6164356412298727,0
0.37049554721444017,0.8323105207226955,-0.4696434296553501,-0.6974092254024179,0.020517672585566634,0
-0.014735422281762922,-0.42764376542201277,0.6999008832691204,-0.7218573458196956,-1.374906966497807,0
0.4645622784228046,1.7903178490249583,-0.718137421756591,0.6298238417041049,-2.0411045964758396,0
-0.7835271005683448,-1.3945245909386885,0.217825698536377,-0.05871833759254402,2.793890291292439,1
0.16955670894037994,-0.9199602220731901,-0.3731547276438302,0.7958601937251581,-1.5511215404620242,0
-2.087125651268317,1.556920017787798,1.8028761170350012,0.3937034669478422,-0.7455900510582274,0
-1.515238207938693,-2.5992630610589624,0.9929555986580292,0.12868224922171775,-0.36495623156231927,0
0.09237892087050899,1.8426126796539841,0.5215855598171468,1.0873008921420582,0.9541663625964175,0
0.7054704892679295,-0.9679309115147084,-0.23841657114114984,-0.5678164086872144,1.3229438789505648,0
0.9226912423732379,0.1171351309386619,0.7228402880063831,-0.4532839270357107,0.6274610765169109,0
0.184527448341857,0.762955883262897,0.7918096035988749,-0.4765527609805894,0.7916690798588614,1
0.9020507071457433,0.7301869771273145,0.17277445983877257,0.7621096079377839,-0.5292534828235904,0
0.7109403815692492,0.17206159500389473,0.3655033520186563,0.14243601484120771,-2.4383028745360105,0
-0.33877867084375074,0.21167438870056482,-0.20028740833525444,1.3048733628509972,-1.062982779538363,0
0.6523656735997911,2.5714744723155345,1.1280140203569768,0.18787064073137813,-0.03948986823986802,1
-0.4340492703263778,1.3667963198788018,0.04411733558047859,0.44790980325554663,-1.10259826905797,0
-1.5818515236371529,-1.1556149020422444,-0.7911878852645156,0.8744959090432091,0.7592440031836717,0
-0.5715017781712369,-1.3271049235676748,-0.15222655760636955,-0.1756080551379447,0.4997358917028518,0
0.07125052809327301,-0.33805184643116226,0.04337844625629882,0.03478883610977914,-0.9086625680213769,0
1.0079539475594568,-0.42890934070275266,0.141519596140343,-0.31314338198418484,1.9953493042739308,0
1.2552519448714046,0.8857071291627585,0.5634080549123522,-1.266014714666861,-1.9552121493769934,0
0.8031520039822873,0.16843398628699355,-1.109628121477072,1.8127124368202678,2.5571626454607217,1
-0.7838170163226238,-1.7355313657419538,-0.9850760376017342,1.6613439993454873,0.14761752344855633,1
1.4679478406531221,1.2352066960581878,1.6444239879851863,-0.38412704139120873,0.8455383704801944,1
1.0785748819412133,0.34433576544169764,-1.1714853734768724,-1.9661429345110188,-0.7575267779226171,0
-0.28880512893151294,-0.15095291332280317,-0.5066249709390271,-0.2060556882673569,-0.749711489158021,0
1.4286850989265474,1.5690788206976665,1.3378762931672417,-1.3022120478372947,0.0258409320890903,1
0.9130120449710285,-1.5618107253200553,0.6437344564668501,-0.20823025442885099,-0.04480951410197726,0
-0.19199244317990827,-0.7276016892000905,-1.0141962342056723,-0.19873341023430216,1.325661365510263,1
-0.48458133231191375,0.7816304675444916,0.9981494109959488,0.5373028635825872,0.4894671354383906,0
-1.0904220299061524,1.1235298788707506,-1.4197136764101361,1.456434671703339,-0.19077460324542897,0
0.9409449528651825,-0.9258895750254648,-1.0176459295830487,-0.2480317126486435,-1.4030373727478314,0
